tick,timestamp,channel_total_generated_packets,channel_total_data_packet_sent,channel_total_sent_packets,channel_total_loss_packets,channel_total_timeout_nodes,channel_avg_packet_loss_percentage,channel_total_throughput,channel_avg_recent_packet_loss,nodes_avg_data_packet_sent,nodes_avg_control_packet_sent,nodes_avg_total_packet_sent,nodes_avg_data_packet_generated,nodes_avg_control_packet_generated,nodes_avg_total_packet_generated,nodes_avg_data_packet_loss,nodes_avg_control_packet_loss,nodes_avg_total_packet_loss,nodes_avg_packet_loss_percentage,nodes_avg_success_sent_bits,nodes_avg_throughput_per_node,nodes_avg_timeout_retry,nodes_avg_cw_enters,nodes_avg_cw_increase,nodes_avg_recent_packet_loss_pct,nodes_total_data_packet_sent,nodes_total_control_packet_sent,nodes_total_packet_sent,nodes_total_packet_loss,nodes_total_success_bits,nodes_avg_epsilon,nodes_min_epsilon,nodes_max_epsilon,nodes_nodes_in_IDLE,nodes_nodes_in_WAITING_UNTIL_CHANNEL_IS_CLEAR,nodes_nodes_in_SENDING_RTS,nodes_nodes_in_SENDING_CTS,nodes_nodes_in_WAITING_CTS,nodes_nodes_in_SENDING_DATA,nodes_nodes_in_WAITING_DATA,nodes_nodes_in_SENDING_ACK,nodes_nodes_in_WAITING_ACK,nodes_nodes_in_TIMEOUT,nodes_nodes_in_END_BACKOFF_TIMEOUT,nodes_avg_nav_seconds,nodes_max_nav_seconds,nodes_nodes_with_active_nav
0,2026-01-19T16:43:24.713549,0,0,0,0,0,0.0,0.0,0.0,0.0,0.0,0.0,0.0,0.0,0.0,0.0,0.0,0.0,0.0,0.0,0.0,0.0,0.0,0.0,0.0,0,0,0,0,0,0.03,0.03,0.03,500,0,0,0,0,0,0,0,0,0,0,0.0,0,0
10000,2026-01-19T16:43:31.083962,1221,96,780,440,840,0.38157749443538913,0.0009024,0.3003773199023199,0.192,1.368,1.56,0.282,2.16,2.442,0.09,0.79,0.88,0.38157749443538913,18.048,1.8048e-06,1.68,0.0,0.0,0.3003773199023199,96,684,780,440,9024,0.03,0.03,0.03,0,93,386,0,7,0,12,0,2,0,0,57.188,103,490
20000,2026-01-19T16:43:35.391158,2392,197,1535,856,1644,0.6525238019061549,0.0018297,0.32484038257480613,0.394,2.676,3.07,0.566,4.218,4.784,0.172,1.54,1.712,0.6525238019061549,36.594,3.6594e-06,3.288,0.0,0.0,0.32484038257480613,197,1338,1535,856,18297,0.03,0.03,0.03,0,46,433,0,3,0,12,0,6,0,0,83.794,177,487
30000,2026-01-19T16:43:39.420798,3516,284,2265,1250,2444,0.726732420662838,0.0027207,0.33018599345187727,0.568,3.962,4.53,0.846,6.186,7.032,0.276,2.224,2.5,0.726732420662838,54.414,5.4414e-06,4.888,0.0,0.0,0.33018599345187727,284,1981,2265,1250,27207,0.03,0.03,0.03,0,33,452,0,4,0,7,0,4,0,0,85.726,127,461
40000,2026-01-19T16:43:43.643764,4679,377,3030,1648,3242,0.7751987652872155,0.0036133,0.3353147905214033,0.754,5.306,6.06,1.164,8.194,9.358,0.408,2.888,3.296,0.7751987652872155,72.266,7.2265999999999996e-06,6.484,0.0,0.0,0.3353147905214033,377,2653,3030,1648,36133,0.03,0.03,0.03,0,32,449,0,7,0,8,0,4,0,0,115.032,145,489
50000,2026-01-19T16:43:47.601307,5830,470,3782,2047,4042,0.7989505721633834,0.0045079,0.3458985653269659,0.94,6.624,7.564,1.456,10.204,11.66,0.514,3.58,4.094,0.7989505721633834,90.158,9.0158e-06,8.084,0.0,0.0,0.3458985653269659,470,3312,3782,2047,45079,0.03,0.03,0.03,0,34,450,0,3,0,9,0,4,0,0,76.762,123,411
60000,2026-01-19T16:43:51.533582,6942,570,4500,2441,4799,0.7917692241033519,0.0054231,0.34917782210795445,1.14,7.86,9.0,1.73,12.154,13.884,0.588,4.294,4.882,0.7917692241033519,108.462,1.08462e-05,9.598,0.0,0.0,0.34917782210795445,570,3930,4500,2441,54231,0.03,0.03,0.03,0,34,446,0,4,0,11,0,5,0,0,89.816,147,492
70000,2026-01-19T16:43:55.442932,8067,667,5230,2836,5575,0.785809492178641,0.0063291,0.3479216608796671,1.334,9.126,10.46,2.014,14.12,16.134,0.678,4.994,5.672,0.785809492178641,126.582,1.26582e-05,11.15,0.0,0.0,0.3479216608796671,667,4563,5230,2836,63291,0.03,0.03,0.03,0,37,448,0,3,0,11,0,1,0,0,50.864,99,366
80000,2026-01-19T16:43:59.312660,9211,762,5976,3235,6359,0.7747668898718911,0.0072649,0.35066113792437165,1.524,10.428,11.952,2.31,16.112,18.422,0.786,5.684,6.47,0.7747668898718911,145.298,1.4529800000000001e-05,12.718,0.0,0.0,0.35066113792437165,762,5214,5976,3235,72649,0.03,0.03,0.03,0,21,460,1,5,0,10,0,3,0,0,141.456,181,488
90000,2026-01-19T16:44:03.604601,10280,848,6686,3593,7092,0.7769945767367873,0.0081486,0.34967264368056794,1.696,11.676,13.372,2.574,17.986,20.56,0.876,6.31,7.186,0.7769945767367873,162.972,1.62972e-05,14.184,0.0,0.0,0.34967264368056794,848,5838,6686,3593,81486,0.03,0.03,0.03,0,28,443,0,8,0,16,0,5,0,0,109.038,137,487
100000,2026-01-19T16:44:07.531409,11434,935,7458,3976,7907,0.7697788091156926,0.0090358,0.352549807884296,1.87,13.046,14.916,2.854,20.014,22.868,0.984,6.968,7.952,0.7697788091156926,180.716,1.80716e-05,15.814,0.0,0.0,0.352549807884296,935,6523,7458,3976,90358,0.03,0.03,0.03,0,24,455,0,6,0,12,0,3,0,0,87.094,133,491
110000,2026-01-19T16:44:11.431883,12627,1026,8243,4383,8732,0.7638059588641033,0.0099326,0.3550424023921384,2.052,14.434,16.486,3.164,22.09,25.254,1.11,7.656,8.766,0.7638059588641033,198.652,1.98652e-05,17.464,0.0,0.0,0.3550424023921384,1026,7217,8243,4383,99326,0.03,0.03,0.03,0,28,446,0,8,0,13,0,5,0,0,143.732,169,488
120000,2026-01-19T16:44:15.353763,13746,1109,8977,4769,9532,0.7684065088137131,0.0108161,0.3559015701234576,2.218,15.736,17.954,3.45,24.042,27.492,1.232,8.306,9.538,0.7684065088137131,216.322,2.16322e-05,19.064,0.0,0.0,0.3559015701234576,1109,7868,8977,4769,108161,0.03,0.03,0.03,0,29,458,1,2,0,9,0,1,0,0,91.124,181,488
130000,2026-01-19T16:44:19.228607,14816,1196,9670,5146,10282,0.7736543749883356,0.0117217,0.3585765584237265,2.392,16.948,19.34,3.7,25.932,29.632,1.308,8.984,10.292,0.7736543749883356,234.434,2.34434e-05,20.564,0.0,0.0,0.3585765584237265,1196,8474,9670,5146,117217,0.03,0.03,0.03,1,30,453,0,6,0,8,0,2,0,0,84.172,143,472
140000,2026-01-19T16:44:23.222627,15880,1290,10362,5517,10999,0.7701905898870954,0.0126275,0.3617925126855375,2.58,18.144,20.724,3.974,27.786,31.76,1.392,9.642,11.034,0.7701905898870954,252.55,2.5255e-05,21.998,0.0,0.0,0.3617925126855375,1290,9072,10362,5517,126275,0.03,0.03,0.03,0,15,463,0,8,0,10,0,4,0,0,86.49,127,489
150000,2026-01-19T16:44:27.059317,17003,1376,11104,5898,11790,0.7755127008660134,0.0135116,0.36343271745418626,2.752,19.456,22.208,4.262,29.744,34.006,1.508,10.288,11.796,0.7755127008660134,270.232,2.70232e-05,23.58,0.0,0.0,0.36343271745418626,1376,9728,11104,5898,135116,0.03,0.03,0.03,0,36,449,0,1,0,9,0,5,0,0,26.238,81,317
160000,2026-01-19T16:44:31.076477,18094,1471,11811,6282,12528,0.7773479817237409,0.014418,0.36575192004258666,2.942,20.68,23.622,4.55,31.638,36.188,1.606,10.958,12.564,0.7773479817237409,288.36,2.8836e-05,25.056,0.0,0.0,0.36575192004258666,1471,10340,11811,6282,144180,0.03,0.03,0.03,0,22,461,0,3,0,9,0,5,0,0,87.29,124,492
170000,2026-01-19T16:44:35.106653,19185,1561,12542,6642,13275,0.7753768102039429,0.0153243,0.36701978182417555,3.122,21.962,25.084,4.826,33.544,38.37,1.702,11.582,13.284,0.7753768102039429,306.486,3.06486e-05,26.55,0.0,0.0,0.36701978182417555,1561,10981,12542,6642,153243,0.03,0.03,0.03,0,26,451,0,7,0,11,0,5,0,0,121.134,159,490
180000,2026-01-19T16:44:39.131608,20255,1651,13240,7014,14030,0.7832774205270585,0.0162313,0.3697037745336372,3.302,23.178,26.48,5.068,35.442,40.51,1.766,12.262,14.028,0.7832774205270585,324.626,3.24626e-05,28.06,0.0,0.0,0.3697037745336372,1651,11589,13240,7014,162313,0.03,0.03,0.03,0,10,473,0,4,0,9,0,4,0,0,101.882,177,433
190000,2026-01-19T16:44:43.179010,21333,1746,13948,7385,14760,0.7807787226950825,0.017137,0.36967636560999384,3.492,24.404,27.896,5.352,37.314,42.666,1.86,12.91,14.77,0.7807787226950825,342.74,3.4274e-05,29.52,0.0,0.0,0.36967636560999384,1746,12202,13948,7385,171370,0.03,0.03,0.03,0,30,452,1,7,0,7,0,3,0,0,148.644,181,486
200000,2026-01-19T16:44:47.217083,22357,1836,14606,7750,15464,0.7866614004952738,0.0180433,0.37233471138230984,3.672,25.54,29.212,5.608,39.106,44.714,1.934,13.566,15.5,0.7866614004952738,360.866,3.6086599999999994e-05,30.928,0.0,0.0,0.37233471138230984,1836,12770,14606,7750,180433,0.03,0.03,0.03,0,25,461,0,2,0,8,0,4,0,0,43.718,105,342
210000,2026-01-19T16:44:51.230607,23430,1930,15316,8113,16194,0.7902606476043691,0.0189597,0.37449909780159635,3.86,26.772,30.632,5.888,40.972,46.86,2.026,14.2,16.226,0.7902606476043691,379.194,3.79194e-05,32.388,0.0,0.0,0.37449909780159635,1930,13386,15316,8113,189597,0.03,0.03,0.03,0,18,474,0,0,0,4,0,4,0,0,60.05,171,471
220000,2026-01-19T16:44:55.253157,24499,2023,16014,8485,16907,0.7886946815835604,0.0198809,0.37479504886442905,4.046,27.982,32.028,6.166,42.832,48.998,2.12,14.85,16.97,0.7886946815835604,397.618,3.97618e-05,33.814,0.0,0.0,0.37479504886442905,2023,13991,16014,8485,198809,0.03,0.03,0.03,0,34,446,0,6,0,11,0,3,0,0,70.086,105,490
230000,2026-01-19T16:44:59.296736,25546,2116,16697,8848,17614,0.7917081319801403,0.0207902,0.3753451988071262,4.232,29.162,33.394,6.464,44.628,51.092,2.23,15.466,17.696,0.7917081319801403,415.804,4.1580400000000006e-05,35.228,0.0,0.0,0.3753451988071262,2116,14581,16697,8848,207902,0.03,0.03,0.03,0,44,444,0,3,0,7,0,2,0,0,45.316,68,418
240000,2026-01-19T16:45:03.326843,26676,2210,17449,9226,18368,0.7931701898696258,0.0216915,0.376123744623505,4.42,30.478,34.898,6.756,46.596,53.352,2.334,16.118,18.452,0.7931701898696258,433.83,4.3383e-05,36.736,0.0,0.0,0.376123744623505,2210,15239,17449,9226,216915,0.03,0.03,0.03,0,25,450,0,8,0,13,0,4,0,0,75.064,113,485
250000,2026-01-19T16:45:07.427895,27723,2305,18129,9593,19090,0.7907541672008719,0.0226199,0.3785654899876709,4.61,31.648,36.258,7.012,48.434,55.446,2.402,16.784,19.186,0.7907541672008719,452.398,4.523979999999999e-05,38.18,0.0,0.0,0.3785654899876709,2305,15824,18129,9593,226199,0.03,0.03,0.03,0,23,459,0,6,0,9,0,3,0,0,95.302,179,386
260000,2026-01-19T16:45:11.241062,28814,2397,18850,9963,19831,0.7882007962860942,0.0235098,0.378948600507979,4.794,32.906,37.7,7.318,50.31,57.628,2.524,17.402,19.926,0.7882007962860942,470.196,4.70196e-05,39.662,0.0,0.0,0.378948600507979,2397,16453,18850,9963,235098,0.03,0.03,0.03,0,22,466,0,3,0,6,0,3,0,0,96.14,179,363
270000,2026-01-19T16:45:15.053827,29881,2484,19548,10332,20559,0.7844554351682121,0.024394,0.3783493400009684,4.968,34.128,39.096,7.606,52.156,59.762,2.636,18.028,20.664,0.7844554351682121,487.88,4.8788e-05,41.118,0.0,0.0,0.3783493400009684,2484,17064,19548,10332,243940,0.03,0.03,0.03,0,36,452,0,2,0,8,0,2,0,0,34.766,99,233
280000,2026-01-19T16:45:18.826528,30992,2581,20277,10714,21292,0.7864835630716014,0.0253181,0.37872045263321824,5.162,35.392,40.554,7.904,54.08,61.984,2.742,18.686,21.428,0.7864835630716014,506.362,5.06362e-05,42.584,0.0,0.0,0.37872045263321824,2581,17696,20277,10714,253181,0.03,0.03,0.03,0,22,455,0,7,0,13,0,3,0,0,148.684,177,489
290000,2026-01-19T16:45:22.625623,32083,2669,20993,11089,22041,0.7871980143339742,0.026219,0.3789463928591596,5.338,36.648,41.986,8.202,55.964,64.166,2.864,19.314,22.178,0.7871980143339742,524.38,5.2438e-05,44.082,0.0,0.0,0.3789463928591596,2669,18324,20993,11089,262190,0.03,0.03,0.03,0,19,461,0,6,0,10,0,4,0,0,102.142,121,486
300000,2026-01-19T16:45:26.427168,33125,2757,21678,11446,22757,0.79023978313199,0.0271079,0.3797648321238812,5.514,37.842,43.356,8.464,57.786,66.25,2.948,19.944,22.892,0.79023978313199,542.158,5.4215800000000004e-05,45.514,0.0,0.0,0.3797648321238812,2757,18921,21678,11446,271079,0.03,0.03,0.03,0,26,455,0,7,0,9,0,3,0,0,96.904,121,482
310000,2026-01-19T16:45:30.136588,34209,2851,22388,11820,23496,0.7941716876819521,0.0280226,0.38118426295435665,5.702,39.074,44.776,8.734,59.684,68.418,3.032,20.608,23.64,0.7941716876819521,560.452,5.6045200000000003e-05,46.992,0.0,0.0,0.38118426295435665,2851,19537,22388,11820,280226,0.03,0.03,0.03,0,39,443,0,5,0,10,0,3,0,0,93.154,177,440
320000,2026-01-19T16:45:33.914111,35278,2945,23090,12187,24210,0.7935375970928772,0.0289318,0.3822484414592485,5.89,40.29,46.18,9.016,61.54,70.556,3.124,21.25,24.374,0.7935375970928772,578.636,5.78636e-05,48.42,0.0,0.0,0.3822484414592485,2945,20145,23090,12187,289318,0.03,0.03,0.03,0,27,448,0,6,0,13,0,6,0,0,130.694,165,492
330000,2026-01-19T16:45:37.983340,36348,3043,23794,12554,24929,0.7946229839384117,0.0298474,0.38257572395448275,6.086,41.502,47.588,9.314,63.382,72.696,3.228,21.88,25.108,0.7946229839384117,596.948,5.9694799999999996e-05,49.858,0.0,0.0,0.38257572395448275,3043,20751,23794,12554,298474,0.03,0.03,0.03,0,39,449,1,2,0,7,0,2,0,0,97.564,181,485
340000,2026-01-19T16:45:41.949156,37438,3140,24499,12939,25656,0.7984677351347691,0.0307798,0.3839863083983836,6.28,42.718,48.998,9.6,65.276,74.876,3.32,22.558,25.878,0.7984677351347691,615.596,6.15596e-05,51.312,0.0,0.0,0.3839863083983836,3140,21359,24499,12939,307798,0.03,0.03,0.03,0,11,468,1,8,0,9,0,3,0,0,155.506,181,485
350000,2026-01-19T16:45:45.855980,38519,3231,25221,13297,26387,0.7937446912901291,0.0316661,0.3842475618397723,6.462,43.98,50.442,9.892,67.146,77.038,3.428,23.166,26.594,0.7937446912901291,633.322,6.333220000000001e-05,52.774,0.0,0.0,0.3842475618397723,3231,21990,25221,13297,316661,0.03,0.03,0.03,0,23,460,0,4,0,10,0,3,0,0,107.21,135,488
360000,2026-01-19T16:45:49.590323,39649,3325,25964,13684,27159,0.7945724338182493,0.0325579,0.3850503690323987,6.65,45.278,51.928,10.192,69.106,79.298,3.54,23.828,27.368,0.7945724338182493,651.158,6.51158e-05,54.318,0.0,0.0,0.3850503690323987,3325,22639,25964,13684,325579,0.03,0.03,0.03,0,34,453,0,1,0,9,0,3,0,0,53.914,133,300
370000,2026-01-19T16:45:53.448053,40742,3425,26686,14055,27862,0.7907583736013379,0.0334669,0.3854431782277644,6.85,46.522,53.372,10.516,70.968,81.484,3.666,24.444,28.11,0.7907583736013379,669.338,6.69338e-05,55.724,0.0,0.0,0.3854431782277644,3425,23261,26686,14055,334669,0.03,0.03,0.03,0,36,449,0,2,0,8,0,5,0,0,86.354,171,424
380000,2026-01-19T16:45:57.212612,41809,3520,27378,14430,28583,0.7898525962703752,0.03438,0.38599034295518914,7.04,47.716,54.756,10.78,72.838,83.618,3.738,25.122,28.86,0.7898525962703752,687.6,6.876e-05,57.166,0.0,0.0,0.38599034295518914,3520,23858,27378,14430,343800,0.03,0.03,0.03,0,28,454,0,5,0,10,0,3,0,0,83.204,157,480
390000,2026-01-19T16:46:00.908920,42932,3617,28117,14814,29323,0.7882527405981187,0.0352968,0.3864758891031565,7.234,49.0,56.234,11.118,74.746,85.864,3.882,25.746,29.628,0.7882527405981187,705.936,7.059360000000001e-05,58.646,0.0,0.0,0.3864758891031565,3617,24500,28117,14814,352968,0.03,0.03,0.03,0,18,464,0,3,0,10,0,5,0,0,109.738,145,487
400000,2026-01-19T16:46:04.696892,44032,3715,28844,15187,30049,0.7867730851165308,0.0362153,0.38702423859716795,7.43,50.258,57.688,11.428,76.636,88.064,3.998,26.376,30.374,0.7867730851165308,724.306,7.24306e-05,60.098,0.0,0.0,0.38702423859716795,3715,25129,28844,15187,362153,0.03,0.03,0.03,0,28,453,0,6,0,10,0,3,0,0,133.436,177,461
410000,2026-01-19T16:46:08.488229,45127,3808,29558,15568,30803,0.7881474278605022,0.0371381,0.38807340659790307,7.616,51.5,59.116,11.708,78.546,90.254,4.092,27.044,31.136,0.7881474278605022,742.762,7.42762e-05,61.606,0.0,0.0,0.38807340659790307,3808,25750,29558,15568,371381,0.03,0.03,0.03,0,8,481,0,2,0,8,0,1,0,0,69.71,179,399
420000,2026-01-19T16:46:12.335089,46212,3901,30268,15943,31532,0.7905141153824302,0.0380506,0.3889596610140581,7.802,52.734,60.536,11.97,80.454,92.424,4.166,27.72,31.886,0.7905141153824302,761.012,7.61012e-05,63.064,0.0,0.0,0.3889596610140581,3901,26367,30268,15943,380506,0.03,0.03,0.03,0,19,455,0,8,0,15,0,3,0,0,139.844,171,483
430000,2026-01-19T16:46:16.106571,47312,3991,30998,16314,32283,0.7865356677831371,0.0389454,0.3885405419576939,7.982,54.014,61.996,12.258,82.366,94.624,4.276,28.352,32.628,0.7865356677831371,778.908,7.789079999999999e-05,64.566,0.0,0.0,0.3885405419576939,3991,27007,30998,16314,389454,0.03,0.03,0.03,0,36,439,1,9,0,12,0,3,0,0,131.098,181,490
440000,2026-01-19T16:46:19.901158,48426,4090,31718,16708,33035,0.7862714986287738,0.0398732,0.388812735222099,8.18,55.256,63.436,12.568,84.284,96.852,4.388,29.028,33.416,0.7862714986287738,797.464,7.974639999999999e-05,66.07,0.0,0.0,0.388812735222099,4090,27628,31718,16708,398732,0.03,0.03,0.03,0,35,445,1,4,0,9,0,6,0,0,129.678,181,490
450000,2026-01-19T16:46:23.584837,49522,4186,32439,17082,33763,0.7849895574418552,0.0407777,0.3888253099194526,8.372,56.506,64.878,12.87,86.174,99.044,4.496,29.668,34.164,0.7849895574418552,815.554,8.15554e-05,67.526,0.0,0.0,0.3888253099194526,4186,28253,32439,17082,407777,0.03,0.03,0.03,0,27,449,0,6,0,13,0,5,0,0,130.592,169,480
460000,2026-01-19T16:46:27.298224,50609,4281,33158,17450,34505,0.7861785528464824,0.041697,0.38951170097239957,8.562,57.754,66.316,13.156,88.062,101.218,4.592,30.308,34.9,0.7861785528464824,833.94,8.3394e-05,69.01,0.0,0.0,0.38951170097239957,4281,28877,33158,17450,416970,0.03,0.03,0.03,0,25,463,0,0,0,8,0,4,0,0,44.522,139,306
470000,2026-01-19T16:46:31.057763,51682,4376,33869,17812,35216,0.7856824827661679,0.0425976,0.38952850501038955,8.752,58.986,67.738,13.44,89.924,103.364,4.686,30.938,35.624,0.7856824827661679,851.952,8.51952e-05,70.432,0.0,0.0,0.38952850501038955,4376,29493,33869,17812,425976,0.03,0.03,0.03,0,29,452,0,6,0,11,0,2,0,0,119.038,145,488
480000,2026-01-19T16:46:34.815921,52740,4473,34569,18170,35909,0.7849852487060412,0.0435079,0.3895231930481018,8.946,60.192,69.138,13.74,91.74,105.48,4.792,31.548,36.34,0.7849852487060412,870.158,8.701580000000001e-05,71.818,0.0,0.0,0.3895231930481018,4473,30096,34569,18170,435079,0.03,0.03,0.03,0,41,442,0,1,0,10,0,6,0,0,49.448,112,372
490000,2026-01-19T16:46:38.436486,53824,4570,35281,18542,36638,0.7844257552073096,0.0444087,0.3895582970353734,9.14,61.422,70.562,14.032,93.616,107.648,4.892,32.192,37.084,0.7844257552073096,888.174,8.88174e-05,73.276,0.0,0.0,0.3895582970353734,4570,30711,35281,18542,444087,0.03,0.03,0.03,0,18,467,0,3,0,7,0,5,0,0,126.954,179,484
500000,2026-01-19T16:46:42.088836,54878,4660,35974,18903,37354,0.7849663254523296,0.0453234,0.389637679139131,9.32,62.628,71.948,14.32,95.436,109.756,4.998,32.808,37.806,0.7849663254523296,906.468,9.06468e-05,74.708,0.0,0.0,0.389637679139131,4660,31314,35974,18903,453234,0.03,0.03,0.03,0,39,453,0,0,0,5,0,3,0,0,54.908,165,489
510000,2026-01-19T16:46:45.753768,55937,4757,36661,19275,38049,0.7840171626675096,0.0462472,0.38962298436252224,9.514,63.808,73.322,14.594,97.28,111.874,5.078,33.472,38.55,0.7840171626675096,924.944,9.24944e-05,76.098,0.0,0.0,0.38962298436252224,4757,31904,36661,19275,462472,0.03,0.03,0.03,0,22,454,0,7,0,14,0,3,0,0,128.476,155,488
520000,2026-01-19T16:46:49.470949,57000,4849,37358,19642,38772,0.7824860214200504,0.0471552,0.3898737756553364,9.698,65.018,74.716,14.884,99.116,114.0,5.186,34.098,39.284,0.7824860214200504,943.104,9.43104e-05,77.544,0.0,0.0,0.3898737756553364,4849,32509,37358,19642,471552,0.03,0.03,0.03,0,39,445,0,3,0,8,1,4,0,0,89.056,131,491
530000,2026-01-19T16:46:53.175158,58089,4941,38070,20018,39515,0.7830349194448368,0.0480736,0.3901923680436781,9.882,66.258,76.14,15.152,101.026,116.178,5.268,34.768,40.036,0.7830349194448368,961.472,9.61472e-05,79.03,0.0,0.0,0.3901923680436781,4941,33129,38070,20018,480736,0.03,0.03,0.03,0,22,461,0,3,0,11,0,3,0,0,98.586,145,492
540000,2026-01-19T16:46:56.913546,59172,5038,38775,20396,40222,0.7799439804458188,0.049002,0.3903974116902739,10.076,67.474,77.55,15.454,102.89,118.344,5.376,35.416,40.792,0.7799439804458188,980.04,9.800399999999999e-05,80.444,0.0,0.0,0.3903974116902739,5038,33737,38775,20396,490020,0.03,0.03,0.03,0,26,448,0,8,0,15,0,3,0,0,136.09,173,490
550000,2026-01-19T16:47:00.585620,60225,5123,39466,20758,40966,0.7804340586934012,0.0498791,0.3903534954604386,10.246,68.686,78.932,15.702,104.748,120.45,5.454,36.062,41.516,0.7804340586934012,997.582,9.97582e-05,81.932,0.0,0.0,0.3903534954604386,5123,34343,39466,20758,498791,0.03,0.03,0.03,0,37,447,0,4,0,8,0,4,0,0,54.95,85,445
560000,2026-01-19T16:47:04.303979,61269,5212,40154,21115,41668,0.7792370495818631,0.0508069,0.3902912909263471,10.424,69.884,80.308,15.982,106.556,122.538,5.558,36.672,42.23,0.7792370495818631,1016.138,0.0001016138,83.336,0.0,0.0,0.3902912909263471,5212,34942,40154,21115,508069,0.03,0.03,0.03,0,17,465,1,6,0,9,0,2,0,0,128.736,181,467
570000,2026-01-19T16:47:07.948338,62315,5304,40842,21472,42358,0.7779372244162894,0.0517226,0.39030727084341277,10.608,71.076,81.684,16.274,108.356,124.63,5.664,37.28,42.944,0.7779372244162894,1034.452,0.0001034452,84.716,0.0,0.0,0.39030727084341277,5304,35538,40842,21472,517226,0.03,0.03,0.03,0,19,455,0,5,0,16,0,5,0,0,82.938,119,484
580000,2026-01-19T16:47:11.663400,63354,5397,41534,21819,43067,0.7789567237121504,0.0526443,0.3907223973446395,10.794,72.274,83.068,16.548,110.16,126.708,5.754,37.884,43.638,0.7789567237121504,1052.886,0.0001052886,86.134,0.0,0.0,0.3907223973446395,5397,36137,41534,21819,526443,0.03,0.03,0.03,0,24,466,0,2,0,6,0,2,0,0,34.54,106,486
590000,2026-01-19T16:47:15.741687,64367,5489,42199,22168,43745,0.7790790344727955,0.0535631,0.391089362130829,10.978,73.42,84.398,16.814,111.92,128.734,5.836,38.5,44.336,0.7790790344727955,1071.262,0.0001071262,87.49,0.0,0.0,0.391089362130829,5489,36710,42199,22168,535631,0.03,0.03,0.03,0,17,469,1,4,0,6,0,3,0,0,105.706,181,437
600000,2026-01-19T16:47:19.978053,65406,5579,42884,22521,44444,0.7809883609871227,0.0544779,0.3918252847952025,11.158,74.61,85.768,17.096,113.716,130.812,5.936,39.106,45.042,0.7809883609871227,1089.558,0.0001089558,88.888,0.0,0.0,0.3918252847952025,5579,37305,42884,22521,544779,0.03,0.03,0.03,0,34,454,0,0,0,8,0,4,0,0,68.082,151,493
610000,2026-01-19T16:47:24.361431,66474,5677,43578,22895,45157,0.7830519856241664,0.0553897,0.3924858021328186,11.354,75.802,87.156,17.372,115.576,132.948,6.016,39.774,45.79,0.7830519856241664,1107.794,0.0001107794,90.314,0.0,0.0,0.3924858021328186,5677,37901,43578,22895,553897,0.03,0.03,0.03,0,29,456,0,5,0,6,0,4,0,0,130.134,167,491
620000,2026-01-19T16:47:28.595999,67530,5769,44271,23258,45861,0.780279185661696,0.0563009,0.3922974545003025,11.538,77.004,88.542,17.666,117.394,135.06,6.126,40.39,46.516,0.780279185661696,1126.018,0.0001126018,91.722,0.0,0.0,0.3922974545003025,5769,38502,44271,23258,563009,0.03,0.03,0.03,0,30,453,0,3,0,12,0,2,0,0,103.76,157,468
630000,2026-01-19T16:47:32.280008,68597,5867,44964,23632,46572,0.7793453585338985,0.0572314,0.3923576476615746,11.734,78.194,89.928,17.948,119.246,137.194,6.212,41.052,47.264,0.7793453585338985,1144.628,0.0001144628,93.144,0.0,0.0,0.3923576476615746,5867,39097,44964,23632,572314,0.03,0.03,0.03,0,24,455,0,5,0,11,0,5,0,0,128.32,157,491
640000,2026-01-19T16:47:36.006485,69656,5963,45645,24011,47287,0.7796428348243717,0.0581626,0.39256426767202357,11.926,79.364,91.29,18.24,121.072,139.312,6.314,41.708,48.022,0.7796428348243717,1163.252,0.00011632520000000001,94.574,0.0,0.0,0.39256426767202357,5963,39682,45645,24011,581626,0.03,0.03,0.03,0,23,462,1,4,0,7,0,3,0,0,130.564,181,430
650000,2026-01-19T16:47:39.687448,70775,6058,46378,24397,48035,0.7804873836424654,0.05907,0.39309777799171053,12.116,80.64,92.756,18.546,123.004,141.55,6.43,42.364,48.794,0.7804873836424654,1181.4,0.00011813999999999999,96.07,0.0,0.0,0.39309777799171053,6058,40320,46378,24397,590700,0.03,0.03,0.03,0,27,455,0,5,0,9,0,4,0,0,141.428,177,490
660000,2026-01-19T16:47:43.357513,71880,6148,47103,24776,48795,0.7806688066820152,0.0599679,0.39324170526388047,12.296,81.91,94.206,18.828,124.932,143.76,6.53,43.022,49.552,0.7806688066820152,1199.358,0.0001199358,97.59,0.0,0.0,0.39324170526388047,6148,40955,47103,24776,599679,0.03,0.03,0.03,0,25,458,0,6,0,9,0,2,0,0,83.938,115,489
670000,2026-01-19T16:47:47.084169,72930,6240,47797,25132,49495,0.7793303747807332,0.0608838,0.3932051279775923,12.48,83.114,95.594,19.12,126.74,145.86,6.638,43.626,50.264,0.7793303747807332,1217.676,0.0001217676,98.99,0.0,0.0,0.3932051279775923,6240,41557,47797,25132,608838,0.03,0.03,0.03,0,21,463,0,4,0,8,0,4,0,0,117.53,157,474
680000,2026-01-19T16:47:50.761586,73994,6334,48499,25494,50188,0.7793579338556768,0.0617935,0.3932741126866004,12.668,84.33,96.998,19.422,128.566,147.988,6.752,44.236,50.988,0.7793579338556768,1235.87,0.000123587,100.376,0.0,0.0,0.3932741126866004,6334,42165,48499,25494,617935,0.03,0.03,0.03,0,25,449,0,7,0,15,0,4,0,0,86.316,107,489
690000,2026-01-19T16:47:54.470399,75055,6432,49193,25861,50908,0.7781931511239933,0.0627219,0.3930946474656939,12.864,85.522,98.386,19.702,130.408,150.11,6.836,44.886,51.722,0.7781931511239933,1254.438,0.00012544379999999999,101.816,0.0,0.0,0.3930946474656939,6432,42761,49193,25861,627219,0.03,0.03,0.03,0,20,468,0,2,0,7,0,3,0,0,79.938,171,491
700000,2026-01-19T16:47:58.586270,76114,6532,49887,26226,51595,0.7778677367580713,0.0636498,0.3931400075501367,13.064,86.71,99.774,20.0,132.228,152.228,6.934,45.518,52.452,0.7778677367580713,1272.996,0.0001272996,103.19,0.0,0.0,0.3931400075501367,6532,43355,49887,26226,636498,0.03,0.03,0.03,0,21,464,0,2,0,8,0,5,0,0,66.844,129,349
710000,2026-01-19T16:48:02.229989,77202,6622,50606,26595,52338,0.777027145732917,0.0645615,0.3933535040195366,13.244,87.968,101.212,20.278,134.126,154.404,7.034,46.156,53.19,0.777027145732917,1291.23,0.00012912299999999998,104.676,0.0,0.0,0.3933535040195366,6622,43984,50606,26595,645615,0.03,0.03,0.03,0,28,455,0,2,0,10,0,5,0,0,60.246,120,491
720000,2026-01-19T16:48:06.039007,78269,6714,51305,26963,53063,0.7768643510614615,0.0654865,0.3934578472630202,13.428,89.182,102.61,20.568,135.97,156.538,7.138,46.788,53.926,0.7768643510614615,1309.73,0.000130973,106.126,0.0,0.0,0.3934578472630202,6714,44591,51305,26963,654865,0.03,0.03,0.03,0,37,448,0,1,0,8,0,6,0,0,52.972,128,367
730000,2026-01-19T16:48:09.833872,79353,6815,52019,27333,53761,0.7768498505516525,0.0664067,0.3935649142118145,13.63,90.408,104.038,20.882,137.824,158.706,7.25,47.416,54.666,0.7768498505516525,1328.134,0.0001328134,107.522,0.0,0.0,0.3935649142118145,6815,45204,52019,27333,664067,0.03,0.03,0.03,0,20,458,0,5,0,13,0,4,0,0,95.59,165,492
740000,2026-01-19T16:48:13.604962,80415,6909,52706,27708,54476,0.774470455093631,0.0673278,0.393462686963998,13.818,91.594,105.412,21.176,139.654,160.83,7.358,48.058,55.416,0.774470455093631,1346.556,0.00013465559999999998,108.952,0.0,0.0,0.393462686963998,6909,45797,52706,27708,673278,0.03,0.03,0.03,0,12,469,0,7,0,10,0,2,0,0,152.604,179,483
750000,2026-01-19T16:48:17.469756,81493,7003,53426,28066,55187,0.7744404733871586,0.0682228,0.39351608219733364,14.006,92.846,106.852,21.496,141.49,162.986,7.488,48.644,56.132,0.7744404733871586,1364.456,0.0001364456,110.374,0.0,0.0,0.39351608219733364,7003,46423,53426,28066,682228,0.03,0.03,0.03,0,43,442,0,4,0,7,0,4,0,0,62.598,105,461
760000,2026-01-19T16:48:21.311629,82567,7099,54129,28437,55897,0.7747620636646199,0.0691366,0.39378499449108445,14.198,94.06,108.258,21.782,143.352,165.134,7.582,49.292,56.874,0.7747620636646199,1382.732,0.00013827320000000002,111.794,0.0,0.0,0.39378499449108445,7099,47030,54129,28437,691366,0.03,0.03,0.03,0,30,447,0,5,0,13,0,5,0,0,99.546,135,490
770000,2026-01-19T16:48:25.022273,83641,7198,54835,28806,56602,0.7749389948599472,0.0700509,0.3939680762946079,14.396,95.274,109.67,22.096,145.186,167.282,7.7,49.912,57.612,0.7749389948599472,1401.018,0.0001401018,113.204,0.0,0.0,0.3939680762946079,7198,47637,54835,28806,700509,0.03,0.03,0.03,0,34,443,0,9,0,11,0,3,0,0,121.78,153,488
780000,2026-01-19T16:48:28.801787,84737,7296,55558,29179,57334,0.7741295458336411,0.0709576,0.39401534201907684,14.592,96.524,111.116,22.406,147.068,169.474,7.814,50.544,58.358,0.7741295458336411,1419.152,0.00014191519999999999,114.668,0.0,0.0,0.39401534201907684,7296,48262,55558,29179,709576,0.03,0.03,0.03,0,18,466,1,3,0,9,0,3,0,0,133.552,181,423
790000,2026-01-19T16:48:32.444291,85780,7390,56235,29544,58018,0.7730856916010995,0.0718788,0.39404627395751823,14.78,97.69,112.47,22.718,148.842,171.56,7.938,51.15,59.088,0.7730856916010995,1437.576,0.00014375760000000001,116.036,0.0,0.0,0.39404627395751823,7390,48845,56235,29544,718788,0.03,0.03,0.03,0,23,462,0,5,0,7,0,3,0,0,107.83,178,419
800000,2026-01-19T16:48:36.247078,86868,7488,56945,29922,58751,0.773248855075803,0.072797,0.3942966485221047,14.976,98.914,113.89,23.008,150.728,173.736,8.032,51.812,59.844,0.773248855075803,1455.94,0.000145594,117.502,0.0,0.0,0.3942966485221047,7488,49457,56945,29922,727970,0.03,0.03,0.03,0,23,467,0,1,0,6,0,3,0,0,50.562,173,483
810000,2026-01-19T16:48:40.394319,87951,7591,57648,30302,59462,0.7740394223839301,0.0737187,0.3946789833864488,15.182,100.114,115.296,23.304,152.598,175.902,8.12,52.484,60.604,0.7740394223839301,1474.374,0.0001474374,118.924,0.0,0.0,0.3946789833864488,7591,50057,57648,30302,737187,0.03,0.03,0.03,0,38,446,0,1,0,8,0,7,0,0,88.22,155,479
820000,2026-01-19T16:48:44.382617,89079,7691,58390,30688,60197,0.7731480636303019,0.0746349,0.39475400159113694,15.382,101.398,116.78,23.622,154.536,178.158,8.238,53.138,61.376,0.7731480636303019,1492.698,0.0001492698,120.394,0.0,0.0,0.39475400159113694,7691,50699,58390,30688,746349,0.03,0.03,0.03,0,14,463,0,6,0,13,0,4,0,0,122.348,151,488
830000,2026-01-19T16:48:48.235508,90128,7785,59085,31043,60897,0.7744043571775516,0.075546,0.3950859385269472,15.57,102.6,118.17,23.908,156.348,180.256,8.338,53.748,62.086,0.7744043571775516,1510.92,0.000151092,121.794,0.0,0.0,0.3950859385269472,7785,51300,59085,31043,755460,0.03,0.03,0.03,0,19,465,1,4,0,7,0,4,0,0,128.68,181,491
840000,2026-01-19T16:48:51.876244,91219,7884,59802,31417,61623,0.7741247892050968,0.0764716,0.3951701861687664,15.768,103.836,119.604,24.212,158.226,182.438,8.444,54.39,62.834,0.7741247892050968,1529.432,0.0001529432,123.246,0.0,0.0,0.3951701861687664,7884,51918,59802,31417,764716,0.03,0.03,0.03,0,17,471,1,2,0,8,0,1,0,0,81.016,181,403
850000,2026-01-19T16:48:55.591722,92301,7982,60511,31789,62337,0.7738178965146651,0.0773897,0.39532351627507456,15.964,105.058,121.022,24.518,160.084,184.602,8.552,55.026,63.578,0.7738178965146651,1547.794,0.00015477940000000002,124.674,0.0,0.0,0.39532351627507456,7982,52529,60511,31789,773897,0.03,0.03,0.03,0,20,469,0,1,0,7,0,3,0,0,48.984,97,420
860000,2026-01-19T16:48:59.249228,93398,8079,61236,32161,63058,0.7731600621674386,0.0783077,0.39534125949539806,16.158,106.314,122.472,24.822,161.974,186.796,8.664,55.658,64.322,0.7731600621674386,1566.154,0.00015661539999999998,126.116,0.0,0.0,0.39534125949539806,8079,53157,61236,32161,783077,0.03,0.03,0.03,0,33,449,0,5,0,10,0,3,0,0,132.334,177,483
870000,2026-01-19T16:49:02.912779,94439,8175,61910,32528,63743,0.7725882650886717,0.0792328,0.3954145045731131,16.35,107.47,123.82,25.116,163.762,188.878,8.764,56.292,65.056,0.7725882650886717,1584.656,0.0001584656,127.486,0.0,0.0,0.3954145045731131,8175,53735,61910,32528,792328,0.03,0.03,0.03,0,15,466,0,3,0,10,0,6,0,0,76.626,129,417
880000,2026-01-19T16:49:06.489143,95539,8271,62629,32909,64487,0.7732015542637277,0.0801605,0.3959175913225015,16.542,108.716,125.258,25.406,165.672,191.078,8.864,56.954,65.818,0.7732015542637277,1603.21,0.000160321,128.974,0.0,0.0,0.3959175913225015,8271,54358,62629,32909,801605,0.03,0.03,0.03,0,27,457,0,5,0,8,0,3,0,0,138.32,179,476
890000,2026-01-19T16:49:10.121088,96627,8371,63342,33284,65205,0.7730636353006998,0.0810792,0.3960792379199606,16.742,109.942,126.684,25.7,167.554,193.254,8.958,57.61,66.568,0.7730636353006998,1621.584,0.0001621584,130.41,0.0,0.0,0.3960792379199606,8371,54971,63342,33284,810792,0.03,0.03,0.03,0,15,467,0,5,0,9,0,4,0,0,130.098,177,437
900000,2026-01-19T16:49:13.739550,97691,8460,64028,33663,65938,0.7743480500148591,0.0819894,0.3964452280231984,16.92,111.136,128.056,25.966,169.416,195.382,9.046,58.28,67.326,0.7743480500148591,1639.788,0.0001639788,131.876,0.0,0.0,0.3964452280231984,8460,55568,64028,33663,819894,0.03,0.03,0.03,0,24,454,0,5,1,13,0,3,0,0,139.212,175,485
910000,2026-01-19T16:49:17.351476,98775,8563,64740,34034,66652,0.7732241624923382,0.0829186,0.39645517923853457,17.126,112.354,129.48,26.268,171.282,197.55,9.142,58.926,68.068,0.7732241624923382,1658.372,0.0001658372,133.304,0.0,0.0,0.39645517923853457,8563,56177,64740,34034,829186,0.03,0.03,0.03,0,31,456,1,3,0,6,0,3,0,0,103.342,180,426
920000,2026-01-19T16:49:20.920827,99777,8661,65388,34388,67313,0.7735774531314107,0.0838541,0.39666165053326846,17.322,113.454,130.776,26.542,173.012,199.554,9.218,59.558,68.776,0.7735774531314107,1677.082,0.00016770820000000001,134.626,0.0,0.0,0.39666165053326846,8661,56727,65388,34388,838541,0.03,0.03,0.03,0,25,463,0,4,0,5,0,3,0,0,78.698,107,450
930000,2026-01-19T16:49:24.482488,100838,8758,66075,34762,68015,0.7736145445261584,0.0847937,0.3968182443532518,17.516,114.634,132.15,26.826,174.85,201.676,9.308,60.216,69.524,0.7736145445261584,1695.874,0.0001695874,136.03,0.0,0.0,0.3968182443532518,8758,57317,66075,34762,847937,0.03,0.03,0.03,0,16,465,0,6,0,8,0,5,0,0,99.056,165,492
940000,2026-01-19T16:49:28.039268,101903,8853,66770,35132,68727,0.7737247332865657,0.0857121,0.3970276049123222,17.706,115.834,133.54,27.126,176.68,203.806,9.418,60.846,70.264,0.7737247332865657,1714.242,0.0001714242,137.454,0.0,0.0,0.3970276049123222,8853,57917,66770,35132,857121,0.03,0.03,0.03,0,33,451,0,4,0,8,0,4,0,0,83.07,141,465
950000,2026-01-19T16:49:31.615226,102929,8946,67432,35496,69425,0.7744341811634537,0.0866285,0.39719142827910275,17.892,116.972,134.864,27.396,178.462,205.858,9.502,61.49,70.992,0.7744341811634537,1732.57,0.00017325699999999998,138.85,0.0,0.0,0.39719142827910275,8946,58486,67432,35496,866285,0.03,0.03,0.03,0,26,464,0,0,0,6,0,4,0,0,48.548,129,330
960000,2026-01-19T16:49:35.225500,103998,9041,68140,35857,70139,0.7740903235913263,0.0875473,0.3972374093765469,18.082,118.198,136.28,27.67,180.326,207.996,9.586,62.128,71.714,0.7740903235913263,1750.946,0.0001750946,140.278,0.0,0.0,0.3972374093765469,9041,59099,68140,35857,875473,0.03,0.03,0.03,0,36,454,0,0,0,7,0,3,0,0,24.712,86,166
970000,2026-01-19T16:49:38.849714,105074,9140,68846,36227,70848,0.7744114657102874,0.0884736,0.39726387625716014,18.28,119.412,137.692,27.958,182.19,210.148,9.676,62.778,72.454,0.7744114657102874,1769.472,0.0001769472,141.696,0.0,0.0,0.39726387625716014,9140,59706,68846,36227,884736,0.03,0.03,0.03,0,26,460,0,1,0,10,0,3,0,0,75.424,149,440
980000,2026-01-19T16:49:42.624175,106157,9236,69556,36600,71575,0.7745904011464174,0.0893725,0.397307757900113,18.472,120.64,139.112,28.252,184.062,212.314,9.778,63.422,73.2,0.7745904011464174,1787.45,0.00017874499999999998,143.15,0.0,0.0,0.397307757900113,9236,60320,69556,36600,893725,0.03,0.03,0.03,0,33,454,0,3,0,7,0,3,0,0,61.516,167,487
990000,2026-01-19T16:49:46.190086,107249,9333,70278,36970,72283,0.7729128316953007,0.0903026,0.39713861766616654,18.666,121.89,140.556,28.596,185.902,214.498,9.93,64.01,73.94,0.7729128316953007,1806.052,0.00018060519999999998,144.566,0.0,0.0,0.39713861766616654,9333,60945,70278,36970,903026,0.03,0.03,0.03,0,23,468,0,1,0,5,0,3,0,0,47.444,121,234
1000000,2026-01-19T16:49:49.742089,108325,9436,70990,37334,72971,0.772156138584582,0.091216,0.39702399884362266,18.872,123.108,141.98,28.902,187.748,216.65,10.028,64.64,74.668,0.772156138584582,1824.32,0.000182432,145.942,0.0,0.0,0.39702399884362266,9436,61554,70990,37334,912160,0.03,0.03,0.03,0,23,460,0,6,0,7,0,4,0,0,81.004,119,484
1010000,2026-01-19T16:49:53.263478,109404,9532,71704,37699,73687,0.7715578036850327,0.0921349,0.3969906994936534,19.064,124.344,143.408,29.22,189.588,218.808,10.154,65.244,75.398,0.7715578036850327,1842.698,0.0001842698,147.374,0.0,0.0,0.3969906994936534,9532,62172,71704,37699,921349,0.03,0.03,0.03,0,34,456,0,1,0,7,0,2,0,0,35.348,117,342
1020000,2026-01-19T16:49:56.811957,110524,9632,72436,38087,74435,0.7717351158117461,0.0930549,0.39721415772956176,19.264,125.608,144.872,29.52,191.528,221.048,10.256,65.918,76.174,0.7717351158117461,1861.098,0.0001861098,148.87,0.0,0.0,0.39721415772956176,9632,62804,72436,38087,930549,0.03,0.03,0.03,0,29,460,0,3,0,5,0,3,0,0,96.236,179,430
1030000,2026-01-19T16:50:00.381338,111597,9725,73141,38456,75140,0.7718568020400483,0.093959,0.39728619089745293,19.45,126.832,146.282,29.844,193.35,223.194,10.394,66.518,76.912,0.7718568020400483,1879.18,0.000187918,150.28,0.0,0.0,0.39728619089745293,9725,63416,73141,38456,939590,0.03,0.03,0.03,0,22,462,0,2,1,9,0,4,0,0,122.436,175,457
1040000,2026-01-19T16:50:03.900880,112676,9818,73855,38820,75839,0.7713681219474195,0.0948862,0.3973763157314973,19.636,128.074,147.71,30.162,195.19,225.352,10.524,67.116,77.64,0.7713681219474195,1897.724,0.0001897724,151.678,0.0,0.0,0.3973763157314973,9818,64037,73855,38820,948862,0.03,0.03,0.03,0,25,449,0,4,0,15,0,7,0,0,108.84,153,488
1050000,2026-01-19T16:50:07.459804,113734,9914,74545,39188,76556,0.7710975466521878,0.0958175,0.397376236778568,19.828,129.262,149.09,30.46,197.008,227.468,10.63,67.746,78.376,0.7710975466521878,1916.35,0.000191635,153.112,0.0,0.0,0.397376236778568,9914,64631,74545,39188,958175,0.03,0.03,0.03,0,21,469,0,0,0,5,0,5,0,0,44.878,129,332
1060000,2026-01-19T16:50:11.030169,114779,10014,75229,39550,77235,0.7712242056899118,0.0967545,0.3973949361149315,20.028,130.43,150.458,30.748,198.81,229.558,10.72,68.38,79.1,0.7712242056899118,1935.09,0.000193509,154.47,0.0,0.0,0.3973949361149315,10014,65215,75229,39550,967545,0.03,0.03,0.03,0,10,477,1,1,0,8,0,3,0,0,44.924,181,276
1070000,2026-01-19T16:50:14.586358,115835,10114,75919,39915,77927,0.7709786963028562,0.0976853,0.3973795081793908,20.228,131.61,151.838,31.056,200.614,231.67,10.826,69.004,79.83,0.7709786963028562,1953.706,0.0001953706,155.854,0.0,0.0,0.3973795081793908,10114,65805,75919,39915,976853,0.03,0.03,0.03,0,36,454,0,1,0,7,0,2,0,0,66.368,125,490
1080000,2026-01-19T16:50:18.135479,116931,10213,76642,40288,78644,0.7700599554500822,0.0985965,0.3973104591659767,20.426,132.858,153.284,31.354,202.508,233.862,10.926,69.65,80.576,0.7700599554500822,1971.93,0.000197193,157.288,0.0,0.0,0.3973104591659767,10213,66429,76642,40288,985965,0.03,0.03,0.03,0,28,456,0,4,0,7,0,5,0,0,67.244,133,447
1090000,2026-01-19T16:50:21.645445,118022,10309,77361,40660,79367,0.769023140022163,0.0995215,0.3972355624925298,20.618,134.104,154.722,31.678,204.366,236.044,11.058,70.262,81.32,0.769023140022163,1990.43,0.00019904299999999998,158.734,0.0,0.0,0.3972355624925298,10309,67052,77361,40660,995215,0.03,0.03,0.03,0,45,444,0,0,0,7,0,4,0,0,28.73,115,290
1100000,2026-01-19T16:50:25.155472,119122,10408,78085,41036,80086,0.7684696861120255,0.1004424,0.39716562555466417,20.816,135.354,156.17,31.98,206.264,238.244,11.162,70.91,82.072,0.7684696861120255,2008.848,0.0002008848,160.172,0.0,0.0,0.39716562555466417,10408,67677,78085,41036,1004424,0.03,0.03,0.03,0,31,450,0,4,0,11,0,4,0,0,118.828,153,490
1110000,2026-01-19T16:50:28.794928,120167,10508,78772,41394,80769,0.7692043918885175,0.101372,0.39740804209897657,21.016,136.528,157.544,32.258,208.076,240.334,11.242,71.546,82.788,0.7692043918885175,2027.44,0.000202744,161.538,0.0,0.0,0.39740804209897657,10508,68264,78772,41394,1013720,0.03,0.03,0.03,0,16,465,0,7,0,10,0,2,0,0,129.852,179,480
1120000,2026-01-19T16:50:32.333177,121224,10604,79457,41766,81473,0.769432127563758,0.1023025,0.3974264043868725,21.208,137.706,158.914,32.558,209.89,242.448,11.35,72.182,83.532,0.769432127563758,2046.05,0.000204605,162.946,0.0,0.0,0.3974264043868725,10604,68853,79457,41766,1023025,0.03,0.03,0.03,0,32,453,0,1,0,8,0,6,0,0,115.476,173,470
1130000,2026-01-19T16:50:35.872366,122324,10707,80187,42137,82181,0.7690605125989594,0.1032242,0.3973600020726568,21.414,138.96,160.374,32.88,211.768,244.648,11.466,72.808,84.274,0.7690605125989594,2064.484,0.0002064484,164.362,0.0,0.0,0.3973600020726568,10707,69480,80187,42137,1032242,0.03,0.03,0.03,0,25,457,0,4,1,7,0,6,0,0,113.894,175,482
1140000,2026-01-19T16:50:39.385999,123430,10805,80915,42514,82896,0.7686600576630049,0.1041421,0.397266055935266,21.61,140.22,161.83,33.218,213.642,246.86,11.606,73.422,85.028,0.7686600576630049,2082.842,0.0002082842,165.792,0.0,0.0,0.397266055935266,10805,70110,80915,42514,1041421,0.03,0.03,0.03,0,28,448,0,6,0,13,0,5,0,0,106.162,127,492
1150000,2026-01-19T16:50:42.877517,124511,10906,81623,42887,83618,0.7691993356773127,0.105067,0.397355297645839,21.812,141.434,163.246,33.522,215.5,249.022,11.71,74.064,85.774,0.7691993356773127,2101.34,0.00021013399999999998,167.236,0.0,0.0,0.397355297645839,10906,70717,81623,42887,1050670,0.03,0.03,0.03,0,15,470,0,4,0,10,0,1,0,0,91.452,177,440
1160000,2026-01-19T16:50:46.347734,125638,11001,82372,43265,84372,0.7690860335415725,0.1059631,0.397375808787934,22.002,142.742,164.744,33.842,217.434,251.276,11.838,74.692,86.53,0.7690860335415725,2119.262,0.00021192620000000002,168.744,0.0,0.0,0.397375808787934,11001,71371,82372,43265,1059631,0.03,0.03,0.03,0,26,463,0,1,0,7,0,3,0,0,19.048,100,142
1170000,2026-01-19T16:50:49.816268,126725,11099,83090,43634,85079,0.768483679709152,0.1068735,0.39735021698110756,22.198,143.982,166.18,34.136,219.314,253.45,11.936,75.332,87.268,0.768483679709152,2137.47,0.000213747,170.158,0.0,0.0,0.39735021698110756,11099,71991,83090,43634,1068735,0.03,0.03,0.03,0,29,446,0,6,0,14,0,5,0,0,124.58,161,476
1180000,2026-01-19T16:50:53.284825,127795,11192,83799,43995,85800,0.7674132957908286,0.1077788,0.3971870077158174,22.384,145.214,167.598,34.438,221.152,255.59,12.052,75.938,87.99,0.7674132957908286,2155.576,0.0002155576,171.6,0.0,0.0,0.3971870077158174,11192,72607,83799,43995,1077788,0.03,0.03,0.03,0,22,460,0,4,0,9,0,5,0,0,99.452,141,483
1190000,2026-01-19T16:50:56.753906,128841,11290,84481,44359,86491,0.7671353017588687,0.1087069,0.39720098051930064,22.58,146.382,168.962,34.736,222.946,257.682,12.156,76.562,88.718,0.7671353017588687,2174.138,0.0002174138,172.982,0.0,0.0,0.39720098051930064,11290,73191,84481,44359,1087069,0.03,0.03,0.03,0,42,446,0,2,0,7,0,3,0,0,43.2,121,369
1200000,2026-01-19T16:51:00.191832,129904,11387,85183,44720,87184,0.7675627578976556,0.109627,0.3973147997820593,22.774,147.592,170.366,35.042,224.766,259.808,12.266,77.174,89.44,0.7675627578976556,2192.54,0.000219254,174.368,0.0,0.0,0.3973147997820593,11387,73796,85183,44720,1096270,0.03,0.03,0.03,0,33,447,0,3,0,10,0,7,0,0,64.092,107,486
1210000,2026-01-19T16:51:04.165208,131012,11484,85911,45100,87913,0.7669694496364204,0.1105463,0.3972240286086061,22.968,148.854,171.822,35.368,226.656,262.024,12.4,77.8,90.2,0.7669694496364204,2210.926,0.0002210926,175.826,0.0,0.0,0.3972240286086061,11484,74427,85911,45100,1105463,0.03,0.03,0.03,0,19,460,0,7,0,11,0,3,0,0,135.148,179,482
1220000,2026-01-19T16:51:08.474439,132088,11582,86614,45473,88628,0.7665279187095655,0.1114616,0.3972284468049352,23.164,150.064,173.228,35.664,228.512,264.176,12.498,78.448,90.946,0.7665279187095655,2229.232,0.0002229232,177.256,0.0,0.0,0.3972284468049352,11582,75032,86614,45473,1114616,0.03,0.03,0.03,0,34,447,0,4,0,9,0,6,0,0,96.172,161,485
1230000,2026-01-19T16:51:12.338137,133156,11687,87324,45831,89310,0.765698360589053,0.1123971,0.3971181010954766,23.374,151.274,174.648,35.972,230.34,266.312,12.598,79.064,91.662,0.765698360589053,2247.942,0.0002247942,178.62,0.0,0.0,0.3971181010954766,11687,75637,87324,45831,1123971,0.03,0.03,0.03,0,17,466,0,6,0,10,0,1,0,0,141.412,178,426
1240000,2026-01-19T16:51:15.810501,134222,11780,88027,46194,90023,0.7658893322578101,0.113301,0.3971892086632699,23.56,152.494,176.054,36.26,232.184,268.444,12.698,79.69,92.388,0.7658893322578101,2266.02,0.000226602,180.046,0.0,0.0,0.3971892086632699,11780,76247,88027,46194,1133010,0.03,0.03,0.03,0,21,461,0,5,0,9,0,4,0,0,78.348,149,483
1250000,2026-01-19T16:51:19.251335,135302,11880,88739,46563,90729,0.7651584396122769,0.114225,0.39714311804593677,23.76,153.718,177.478,36.568,234.036,270.604,12.808,80.318,93.126,0.7651584396122769,2284.5,0.00022845,181.458,0.0,0.0,0.39714311804593677,11880,76859,88739,46563,1142250,0.03,0.03,0.03,0,26,453,1,4,0,10,0,6,0,0,136.398,181,489
1260000,2026-01-19T16:51:22.700810,136352,11977,89424,46927,91424,0.7646198133825478,0.1151279,0.3970583470832444,23.954,154.894,178.848,36.842,235.862,272.704,12.886,80.968,93.854,0.7646198133825478,2302.558,0.0002302558,182.848,0.0,0.0,0.3970583470832444,11977,77447,89424,46927,1151279,0.03,0.03,0.03,0,21,454,0,8,0,14,0,3,0,0,119.972,145,484
1270000,2026-01-19T16:51:26.098458,137420,12072,90126,47293,92143,0.7642152874674244,0.116031,0.397021380580749,24.144,156.108,180.252,37.138,237.702,274.84,12.992,81.594,94.586,0.7642152874674244,2320.62,0.000232062,184.286,0.0,0.0,0.397021380580749,12072,78054,90126,47293,1160310,0.03,0.03,0.03,0,33,449,0,4,0,9,0,5,0,0,115.266,151,490
1280000,2026-01-19T16:51:29.532828,138463,12172,90814,47648,92818,0.76395782749382,0.1169591,0.3969454883503372,24.344,157.284,181.628,37.452,239.474,276.926,13.106,82.19,95.296,0.76395782749382,2339.182,0.0002339182,185.636,0.0,0.0,0.3969454883503372,12172,78642,90814,47648,1169591,0.03,0.03,0.03,0,33,456,0,0,0,7,0,4,0,0,17.156,93,139
1290000,2026-01-19T16:51:32.949580,139529,12269,91502,48026,93510,0.7640922323491958,0.1179008,0.39710548519968664,24.538,158.466,183.004,37.762,241.296,279.058,13.222,82.83,96.052,0.7640922323491958,2358.016,0.0002358016,187.02,0.0,0.0,0.39710548519968664,12269,79233,91502,48026,1179008,0.03,0.03,0.03,0,31,446,0,6,0,13,0,4,0,0,120.986,153,492
1300000,2026-01-19T16:51:36.391897,140560,12367,92175,48385,94176,0.7634654245909793,0.1188283,0.3970405895153638,24.734,159.616,184.35,38.09,243.03,281.12,13.356,83.414,96.77,0.7634654245909793,2376.566,0.0002376566,188.352,0.0,0.0,0.3970405895153638,12367,79808,92175,48385,1188283,0.03,0.03,0.03,0,33,450,1,4,0,8,0,4,0,0,108.67,181,410
1310000,2026-01-19T16:51:39.815531,141641,12461,92884,48756,94892,0.7629582906885827,0.119745,0.3970143842653594,24.922,160.846,185.768,38.402,244.88,283.282,13.478,84.034,97.512,0.7629582906885827,2394.9,0.00023949,189.784,0.0,0.0,0.3970143842653594,12461,80423,92884,48756,1197450,0.03,0.03,0.03,0,41,442,0,5,0,7,0,5,0,0,106.368,139,488
1320000,2026-01-19T16:51:43.263429,142698,12562,93570,49127,95593,0.7639287727504134,0.1206717,0.3972186102856148,25.124,162.016,187.14,38.68,246.716,285.396,13.554,84.7,98.254,0.7639287727504134,2413.434,0.00024134339999999998,191.186,0.0,0.0,0.3972186102856148,12562,81008,93570,49127,1206717,0.03,0.03,0.03,0,22,467,0,1,0,6,0,4,0,0,59.556,145,430
1330000,2026-01-19T16:51:46.706090,143757,12658,94270,49487,96280,0.7642745171477645,0.1215779,0.3971969206003293,25.316,163.224,188.54,38.992,248.522,287.514,13.676,85.298,98.974,0.7642745171477645,2431.558,0.0002431558,192.56,0.0,0.0,0.3971969206003293,12658,81612,94270,49487,1215779,0.03,0.03,0.03,0,29,454,0,7,0,9,0,1,0,0,73.228,91,488
1340000,2026-01-19T16:51:50.158588,144777,12751,94946,49830,96954,0.763893599318881,0.1224819,0.39715524990972334,25.502,164.39,189.892,39.272,250.282,289.554,13.768,85.892,99.66,0.763893599318881,2449.638,0.0002449638,193.908,0.0,0.0,0.39715524990972334,12751,82195,94946,49830,1224819,0.03,0.03,0.03,0,27,457,0,4,0,8,0,4,0,0,91.974,133,435
1350000,2026-01-19T16:51:53.604492,145855,12849,95652,50202,97662,0.7645321292293894,0.1234041,0.39732702604259434,25.698,165.606,191.304,39.584,252.126,291.71,13.884,86.52,100.404,0.7645321292293894,2468.082,0.0002468082,195.324,0.0,0.0,0.39732702604259434,12849,82803,95652,50202,1234041,0.03,0.03,0.03,0,31,454,0,2,0,8,0,5,0,0,74.302,133,429
1360000,2026-01-19T16:51:57.020967,146907,12942,96345,50561,98365,0.7647008116249773,0.1243175,0.3973717090364961,25.884,166.806,192.69,39.878,253.936,293.814,13.992,87.13,101.122,0.7647008116249773,2486.35,0.000248635,196.73,0.0,0.0,0.3973717090364961,12942,83403,96345,50561,1243175,0.03,0.03,0.03,0,33,454,0,1,0,8,0,4,0,0,46.884,110,345
1370000,2026-01-19T16:52:00.435440,147985,13040,97053,50931,99075,0.7653681231041032,0.1252343,0.39753260895359926,26.08,168.026,194.106,40.172,255.798,295.97,14.09,87.772,101.862,0.7653681231041032,2504.686,0.0002504686,198.15,0.0,0.0,0.39753260895359926,13040,84013,97053,50931,1252343,0.03,0.03,0.03,0,39,443,0,3,0,10,0,5,0,0,71.294,139,397
1380000,2026-01-19T16:52:03.895643,149063,13135,97769,51293,99775,0.764997203136727,0.126153,0.39743786543401616,26.27,169.268,195.538,40.502,257.624,298.126,14.23,88.356,102.586,0.764997203136727,2523.06,0.000252306,199.55,0.0,0.0,0.39743786543401616,13135,84634,97769,51293,1261530,0.03,0.03,0.03,0,23,457,0,6,0,11,0,3,0,0,109.108,139,476
1390000,2026-01-19T16:52:07.336940,150091,13231,98438,51652,100453,0.7653549463478722,0.1270872,0.3975388968912369,26.462,170.414,196.876,40.786,259.396,300.182,14.322,88.982,103.304,0.7653549463478722,2541.744,0.0002541744,200.906,0.0,0.0,0.3975388968912369,13231,85207,98438,51652,1270872,0.03,0.03,0.03,0,19,458,0,6,0,12,0,5,0,0,116.358,143,476
1400000,2026-01-19T16:52:10.842358,151113,13327,99105,52007,101137,0.7650019640183445,0.1280094,0.39752234180820945,26.654,171.556,198.21,41.072,261.154,302.226,14.416,89.598,104.014,0.7650019640183445,2560.188,0.0002560188,202.274,0.0,0.0,0.39752234180820945,13327,85778,99105,52007,1280094,0.03,0.03,0.03,0,29,460,0,0,0,7,0,4,0,0,64.094,145,491
1410000,2026-01-19T16:52:14.290095,152145,13421,99787,52358,101821,0.7648370035791139,0.1289194,0.3975028791705027,26.842,172.732,199.574,41.346,262.944,304.29,14.504,90.212,104.716,0.7648370035791139,2578.388,0.0002578388,203.642,0.0,0.0,0.3975028791705027,13421,86366,99787,52358,1289194,0.03,0.03,0.03,0,31,455,1,4,0,7,0,2,0,0,120.862,181,486
1420000,2026-01-19T16:52:17.745668,153167,13509,100453,52713,102515,0.7645085433931577,0.1298444,0.3975532468642896,27.018,173.888,200.906,41.618,264.716,306.334,14.598,90.828,105.426,0.7645085433931577,2596.888,0.0002596888,205.03,0.0,0.0,0.3975532468642896,13509,86944,100453,52713,1298444,0.03,0.03,0.03,0,28,459,0,3,0,8,0,2,0,0,55.176,101,357
1430000,2026-01-19T16:52:21.165785,154238,13606,101156,53081,103230,0.7655293996623577,0.1307671,0.39771354939182146,27.212,175.1,202.312,41.896,266.58,308.476,14.682,91.48,106.162,0.7655293996623577,2615.342,0.0002615342,206.46,0.0,0.0,0.39771354939182146,13606,87550,101156,53081,1307671,0.03,0.03,0.03,0,35,449,0,5,0,8,0,3,0,0,64.584,97,477
1440000,2026-01-19T16:52:25.362302,155284,13699,101843,53440,103915,0.7649622890355477,0.1317057,0.39762665661171503,27.398,176.288,203.686,42.206,268.362,310.568,14.806,92.074,106.88,0.7649622890355477,2634.114,0.00026341140000000004,207.83,0.0,0.0,0.39762665661171503,13699,88144,101843,53440,1317057,0.03,0.03,0.03,0,21,459,0,4,0,10,0,6,0,0,82.976,123,486
1450000,2026-01-19T16:52:29.423465,156324,13799,102529,53794,104588,0.7650747446920174,0.1326393,0.3976431398374387,27.598,177.46,205.058,42.502,270.146,312.648,14.902,92.686,107.588,0.7650747446920174,2652.786,0.00026527859999999996,209.176,0.0,0.0,0.3976431398374387,13799,88730,102529,53794,1326393,0.03,0.03,0.03,0,29,451,0,4,0,10,0,6,0,0,74.202,119,428
1460000,2026-01-19T16:52:32.911365,157421,13893,103256,54164,105313,0.7640849141321557,0.1335483,0.3975299995180711,27.786,178.726,206.512,42.836,272.006,314.842,15.048,93.28,108.328,0.7640849141321557,2670.966,0.0002670966,210.626,0.0,0.0,0.3975299995180711,13893,89363,103256,54164,1335483,0.03,0.03,0.03,0,22,461,0,3,0,8,0,6,0,0,85.314,157,492
1470000,2026-01-19T16:52:36.408405,158469,13984,103938,54530,106010,0.7639173413030732,0.1344675,0.3975192235728936,27.968,179.908,207.876,43.118,273.82,316.938,15.15,93.91,109.06,0.7639173413030732,2689.35,0.000268935,212.02,0.0,0.0,0.3975192235728936,13984,89954,103938,54530,1344675,0.03,0.03,0.03,0,6,469,0,7,0,14,0,4,0,0,141.656,177,480
1480000,2026-01-19T16:52:39.924839,159530,14069,104642,54887,106734,0.7630605702244336,0.1353758,0.3973869910806302,28.138,181.146,209.284,43.414,275.646,319.06,15.276,94.498,109.774,0.7630605702244336,2707.516,0.0002707516,213.468,0.0,0.0,0.3973869910806302,14069,90573,104642,54887,1353758,0.03,0.03,0.03,0,28,452,0,6,0,11,0,3,0,0,150.166,178,486
1490000,2026-01-19T16:52:43.565261,160613,14168,105356,55256,107447,0.7624265125598492,0.1362907,0.3973133501565763,28.336,182.376,210.712,43.726,277.5,321.226,15.388,95.124,110.512,0.7624265125598492,2725.814,0.00027258139999999996,214.894,0.0,0.0,0.3973133501565763,14168,91188,105356,55256,1362907,0.03,0.03,0.03,0,24,458,0,6,0,9,0,3,0,0,74.966,99,488
1500000,2026-01-19T16:52:46.987872,161645,14267,106029,55615,108128,0.7626594743579671,0.1372324,0.39737455935363775,28.534,183.524,212.058,44.016,279.274,323.29,15.48,95.75,111.23,0.7626594743579671,2744.648,0.00027446480000000004,216.256,0.0,0.0,0.39737455935363775,14267,91762,106029,55615,1372324,0.03,0.03,0.03,0,25,463,0,1,0,7,0,4,0,0,86.418,157,485
1510000,2026-01-19T16:52:50.580664,162677,14366,106696,55980,108799,0.7631254425330732,0.1381655,0.39751613307929956,28.732,184.66,213.392,44.322,281.032,325.354,15.588,96.372,111.96,0.7631254425330732,2763.31,0.000276331,217.598,0.0,0.0,0.39751613307929956,14366,92330,106696,55980,1381655,0.03,0.03,0.03,0,28,459,0,1,0,8,0,4,0,0,63.76,129,427
1520000,2026-01-19T16:52:54.036661,163739,14459,107396,56342,109507,0.7626734710164632,0.139086,0.39747102781114396,28.918,185.874,214.792,44.626,282.852,327.478,15.706,96.978,112.684,0.7626734710164632,2781.72,0.000278172,219.014,0.0,0.0,0.39747102781114396,14459,92937,107396,56342,1390860,0.03,0.03,0.03,0,33,456,0,0,0,7,0,4,0,0,54.54,137,484
1530000,2026-01-19T16:52:57.488496,164806,14551,108098,56707,110213,0.7631284883778546,0.1399889,0.3974873958943344,29.102,187.094,216.196,44.918,284.694,329.612,15.816,97.598,113.414,0.7631284883778546,2799.778,0.0002799778,220.426,0.0,0.0,0.3974873958943344,14551,93547,108098,56707,1399889,0.03,0.03,0.03,0,26,454,0,4,0,11,0,5,0,0,125.19,173,487
1540000,2026-01-19T16:53:00.983744,165933,14649,108846,57086,110950,0.7634375546081464,0.1409056,0.3974868292530313,29.298,188.394,217.692,45.264,286.602,331.866,15.964,98.208,114.172,0.7634375546081464,2818.112,0.0002818112,221.9,0.0,0.0,0.3974868292530313,14649,94197,108846,57086,1409056,0.03,0.03,0.03,0,27,457,0,2,0,9,0,5,0,0,79.714,139,460
1550000,2026-01-19T16:53:04.836355,167013,14749,109553,57459,111655,0.7627756766115119,0.1418322,0.3974999000520567,29.498,189.608,219.106,45.558,288.468,334.026,16.058,98.86,114.918,0.7627756766115119,2836.644,0.00028366439999999996,223.31,0.0,0.0,0.3974999000520567,14749,94804,109553,57459,1418322,0.03,0.03,0.03,0,24,455,0,6,0,11,0,4,0,0,101.2,153,489
1560000,2026-01-19T16:53:08.276144,168103,14850,110279,57823,112372,0.7623262918675411,0.1427532,0.3974961748427108,29.7,190.858,220.558,45.862,290.344,336.206,16.162,99.484,115.646,0.7623262918675411,2855.064,0.0002855064,224.744,0.0,0.0,0.3974961748427108,14850,95429,110279,57823,1427532,0.03,0.03,0.03,0,19,465,0,6,0,8,0,2,0,0,148.09,177,489
1570000,2026-01-19T16:53:11.724212,169171,14951,110980,58190,113045,0.7620856875577676,0.1436877,0.3974841507202209,29.902,192.058,221.96,46.194,292.148,338.342,16.292,100.088,116.38,0.7620856875577676,2873.754,0.0002873754,226.09,0.0,0.0,0.3974841507202209,14951,96029,110980,58190,1436877,0.03,0.03,0.03,0,17,456,0,4,0,15,0,8,0,0,141.55,179,490
1580000,2026-01-19T16:53:15.151597,170204,15044,111655,58548,113735,0.7620831330736756,0.1446152,0.3974747288112589,30.088,193.222,223.31,46.5,293.908,340.408,16.41,100.686,117.096,0.7620831330736756,2892.304,0.0002892304,227.47,0.0,0.0,0.3974747288112589,15044,96611,111655,58548,1446152,0.03,0.03,0.03,0,30,454,0,3,0,9,0,4,0,0,106.704,165,489
1590000,2026-01-19T16:53:18.604170,171269,15138,112354,58915,114436,0.7618085406449165,0.145536,0.3974930101395908,30.276,194.432,224.708,46.814,295.724,342.538,16.538,101.292,117.83,0.7618085406449165,2910.72,0.000291072,228.872,0.0,0.0,0.3974930101395908,15138,97216,112354,58915,1455360,0.03,0.03,0.03,0,35,450,1,5,0,6,0,3,0,0,82.144,181,451
1600000,2026-01-19T16:53:22.009295,172349,15235,113064,59284,115155,0.7620136213672419,0.1464382,0.3975472276933281,30.47,195.658,226.128,47.13,297.568,344.698,16.658,101.91,118.568,0.7620136213672419,2928.764,0.0002928764,230.31,0.0,0.0,0.3975472276933281,15235,97829,113064,59284,1464382,0.03,0.03,0.03,0,48,445,0,0,0,3,0,4,0,0,49.022,159,306
1610000,2026-01-19T16:53:25.445913,173433,15332,113787,59645,115860,0.7615959518751512,0.1473627,0.3975218066865249,30.664,196.91,227.574,47.44,299.426,346.866,16.776,102.514,119.29,0.7615959518751512,2947.254,0.00029472540000000005,231.72,0.0,0.0,0.3975218066865249,15332,98455,113787,59645,1473627,0.03,0.03,0.03,0,33,456,0,3,0,7,0,1,0,0,102.238,178,349
1620000,2026-01-19T16:53:28.903195,174504,15428,114494,60009,116555,0.7611556012557448,0.1482834,0.39748481691318005,30.856,198.132,228.988,47.744,301.264,349.008,16.888,103.13,120.018,0.7611556012557448,2965.668,0.0002965668,233.11,0.0,0.0,0.39748481691318005,15428,99066,114494,60009,1482834,0.03,0.03,0.03,0,19,464,0,4,0,11,0,2,0,0,31.814,105,489
1630000,2026-01-19T16:53:32.342934,175592,15523,115216,60375,117288,0.7613071760738886,0.149192,0.3975382879090679,31.046,199.386,230.432,48.048,303.136,351.184,17.0,103.75,120.75,0.7613071760738886,2983.84,0.000298384,234.576,0.0,0.0,0.3975382879090679,15523,99693,115216,60375,1491920,0.03,0.03,0.03,0,35,457,0,0,0,5,0,3,0,0,75.316,149,475
1640000,2026-01-19T16:53:36.415506,176642,15612,115897,60744,117996,0.7614419060431251,0.1501177,0.3976159144870142,31.224,200.57,231.794,48.324,304.96,353.284,17.098,104.39,121.488,0.7614419060431251,3002.354,0.00030023539999999996,235.992,0.0,0.0,0.3976159144870142,15612,100285,115897,60744,1501177,0.03,0.03,0.03,0,22,461,0,4,0,8,0,5,0,0,96.6,129,449
1650000,2026-01-19T16:53:40.345414,177701,15711,116583,61117,118691,0.7613038460457795,0.1510489,0.3977036088159876,31.422,201.744,233.166,48.624,306.778,355.402,17.2,105.034,122.234,0.7613038460457795,3020.978,0.00030209780000000003,237.382,0.0,0.0,0.3977036088159876,15711,100872,116583,61117,1510489,0.03,0.03,0.03,0,30,452,0,1,0,12,0,5,0,0,66.27,153,414
1660000,2026-01-19T16:53:43.984448,178743,15809,117269,61473,119372,0.7608680315805935,0.1519659,0.39761326109031664,31.618,202.92,234.538,48.908,308.578,357.486,17.288,105.658,122.946,0.7608680315805935,3039.318,0.00030393179999999996,238.744,0.0,0.0,0.39761326109031664,15809,101460,117269,61473,1519659,0.03,0.03,0.03,0,21,458,0,5,0,13,0,3,0,0,126.716,163,485
1670000,2026-01-19T16:53:47.442885,179801,15903,117963,61837,120083,0.7610836667123589,0.152882,0.3976701342306373,31.806,204.12,235.926,49.208,310.394,359.602,17.4,106.274,123.674,0.7610836667123589,3057.64,0.000305764,240.166,0.0,0.0,0.3976701342306373,15903,102060,117963,61837,1528820,0.03,0.03,0.03,0,23,466,0,1,0,6,0,4,0,0,93.628,147,490
1680000,2026-01-19T16:53:51.004535,180879,16000,118675,62203,120781,0.7608505435072174,0.1537998,0.3977085458798394,32.0,205.35,237.35,49.536,312.222,361.758,17.534,106.872,124.406,0.7608505435072174,3075.996,0.00030759959999999997,241.562,0.0,0.0,0.3977085458798394,16000,102675,118675,62203,1537998,0.03,0.03,0.03,0,33,454,0,2,0,8,0,3,0,0,48.06,120,287
1690000,2026-01-19T16:53:54.483020,181971,16086,119392,62578,121525,0.7602132221864807,0.1547064,0.39766188666057833,32.172,206.612,238.784,49.828,314.114,363.942,17.654,107.502,125.156,0.7602132221864807,3094.128,0.0003094128,243.05,0.0,0.0,0.39766188666057833,16086,103306,119392,62578,1547064,0.03,0.03,0.03,0,39,443,0,3,0,12,0,3,0,0,78.382,153,341
1700000,2026-01-19T16:53:57.906420,183032,16176,120082,62949,122240,0.7597787497924909,0.1556289,0.3976365555411563,32.352,207.812,240.164,50.132,315.932,366.064,17.778,108.12,125.898,0.7597787497924909,3112.578,0.00031125779999999995,244.48,0.0,0.0,0.3976365555411563,16176,103906,120082,62949,1556289,0.03,0.03,0.03,0,36,447,0,2,0,9,0,6,0,0,63.114,113,468
1710000,2026-01-19T16:54:01.395849,184079,16270,120767,63311,122941,0.7594266613098309,0.1565335,0.39771773552504636,32.54,208.994,241.534,50.416,317.742,368.158,17.876,108.746,126.622,0.7594266613098309,3130.67,0.000313067,245.882,0.0,0.0,0.39771773552504636,16270,104497,120767,63311,1565335,0.03,0.03,0.03,0,19,462,0,6,0,9,0,4,0,0,137.08,179,468
1720000,2026-01-19T16:54:04.867181,185140,16363,121459,63680,123639,0.7589655801454055,0.1574551,0.3976973986201386,32.726,210.192,242.918,50.736,319.544,370.28,18.008,109.352,127.36,0.7589655801454055,3149.102,0.00031491019999999997,247.278,0.0,0.0,0.3976973986201386,16363,105096,121459,63680,1574551,0.03,0.03,0.03,0,20,460,0,4,0,12,0,4,0,0,101.0,137,491
1730000,2026-01-19T16:54:08.344802,186181,16460,122135,64045,124326,0.7586020413199527,0.1583823,0.39771266342979295,32.92,211.35,244.27,51.024,321.338,372.362,18.102,109.988,128.09,0.7586020413199527,3167.646,0.0003167646,248.652,0.0,0.0,0.39771266342979295,16460,105675,122135,64045,1583823,0.03,0.03,0.03,0,24,457,0,6,0,9,0,4,0,0,91.228,165,484
1740000,2026-01-19T16:54:11.920906,187219,16545,122818,64400,125043,0.7592652068222288,0.1592637,0.39792035220932925,33.09,212.546,245.636,51.274,323.164,374.438,18.182,110.618,128.8,0.7592652068222288,3185.274,0.0003185274,250.086,0.0,0.0,0.39792035220932925,16545,106273,122818,64400,1592637,0.03,0.03,0.03,0,20,457,0,6,0,13,0,4,0,0,98.364,127,460
1750000,2026-01-19T16:54:15.503455,188243,16637,123486,64756,125750,0.7595157844714933,0.1601792,0.39808256239496814,33.274,213.698,246.972,51.542,324.944,376.486,18.268,111.244,129.512,0.7595157844714933,3203.584,0.0003203584,251.5,0.0,0.0,0.39808256239496814,16637,106849,123486,64756,1601792,0.03,0.03,0.03,0,31,458,0,4,0,5,0,2,0,0,102.964,179,388
1760000,2026-01-19T16:54:18.995227,189314,16734,124199,65115,126446,0.7593642721343012,0.1610989,0.39809147794222294,33.468,214.93,248.398,51.838,326.79,378.628,18.37,111.86,130.23,0.7593642721343012,3221.978,0.0003221978,252.892,0.0,0.0,0.39809147794222294,16734,107465,124199,65115,1610989,0.03,0.03,0.03,0,32,444,0,10,1,13,0,0,0,0,129.73,175,490
1770000,2026-01-19T16:54:22.450621,190378,16834,124895,65482,127158,0.7591591231881243,0.1620225,0.398127500834181,33.668,216.122,249.79,52.138,328.618,380.756,18.468,112.496,130.964,0.7591591231881243,3240.45,0.000324045,254.316,0.0,0.0,0.398127500834181,16834,108061,124895,65482,1620225,0.03,0.03,0.03,0,31,456,0,4,0,6,0,3,0,0,55.95,97,349
1780000,2026-01-19T16:54:25.918227,191423,16931,125573,65849,127853,0.7593115607029474,0.1629683,0.39823290850452336,33.862,217.284,251.146,52.418,330.428,382.846,18.556,113.142,131.698,0.7593115607029474,3259.366,0.0003259366,255.706,0.0,0.0,0.39823290850452336,16931,108642,125573,65849,1629683,0.03,0.03,0.03,0,21,467,0,3,0,8,0,1,0,0,90.822,178,386
1790000,2026-01-19T16:54:29.409305,192491,17021,126285,66205,128565,0.7588482640284111,0.163881,0.3982277572103157,34.042,218.528,252.57,52.736,332.246,384.982,18.692,113.718,132.41,0.7588482640284111,3277.62,0.000327762,257.13,0.0,0.0,0.3982277572103157,17021,109264,126285,66205,1638810,0.03,0.03,0.03,0,41,451,0,0,0,6,0,2,0,0,37.978,106,457
1800000,2026-01-19T16:54:32.867462,193609,17118,127023,66585,129297,0.7585800064149472,0.1647815,0.3982614497255675,34.236,219.81,254.046,53.042,334.176,387.218,18.804,114.366,133.17,0.7585800064149472,3295.63,0.000329563,258.594,0.0,0.0,0.3982614497255675,17118,109905,127023,66585,1647815,0.03,0.03,0.03,0,36,445,0,7,0,9,0,3,0,0,72.334,109,467
1810000,2026-01-19T16:54:36.339536,194733,17220,127771,66961,130029,0.7584530891172564,0.1656857,0.3983389416753566,34.44,221.102,255.542,53.374,336.092,389.466,18.934,114.988,133.922,0.7584530891172564,3313.714,0.0003313714,260.058,0.0,0.0,0.3983389416753566,17220,110551,127771,66961,1656857,0.03,0.03,0.03,0,20,464,0,4,0,7,0,5,0,0,94.936,177,473
1820000,2026-01-19T16:54:39.856199,195786,17323,128464,67321,130708,0.7583881858198533,0.1666056,0.3983914740264272,34.646,222.282,256.928,53.674,337.898,391.572,19.026,115.616,134.642,0.7583881858198533,3332.112,0.0003332112,261.416,0.0,0.0,0.3983914740264272,17323,111141,128464,67321,1666056,0.03,0.03,0.03,0,26,455,0,5,0,9,0,5,0,0,86.498,113,488
1830000,2026-01-19T16:54:43.344566,196869,17416,129185,67683,131420,0.7583926648713101,0.1675064,0.3984396714959649,34.832,223.538,258.37,53.98,339.758,393.738,19.146,116.22,135.366,0.7583926648713101,3350.128,0.0003350128,262.84,0.0,0.0,0.3984396714959649,17416,111769,129185,67683,1675064,0.03,0.03,0.03,0,27,448,0,7,0,15,0,3,0,0,141.99,161,490
1840000,2026-01-19T16:54:46.828674,197918,17505,129874,68043,132130,0.7581953164616201,0.1684136,0.3984551607346638,35.01,224.738,259.748,54.268,341.568,395.836,19.256,116.83,136.086,0.7581953164616201,3368.272,0.0003368272,264.26,0.0,0.0,0.3984551607346638,17505,112369,129874,68043,1684136,0.03,0.03,0.03,0,22,460,0,4,0,11,0,3,0,0,90.346,115,481
1850000,2026-01-19T16:54:50.329058,198960,17604,130552,68407,132807,0.7578284086294553,0.1693513,0.39848710680848276,35.208,225.896,261.104,54.556,343.364,397.92,19.346,117.468,136.814,0.7578284086294553,3387.026,0.0003387026,265.614,0.0,0.0,0.39848710680848276,17604,112948,130552,68407,1693513,0.03,0.03,0.03,0,16,463,0,5,0,11,0,5,0,0,109.706,143,467
1860000,2026-01-19T16:54:53.824547,200029,17701,131267,68762,133510,0.757453104392849,0.1702828,0.3984363824921741,35.402,227.132,262.534,54.868,345.19,400.058,19.466,118.058,137.524,0.757453104392849,3405.656,0.0003405656,267.02,0.0,0.0,0.3984363824921741,17701,113566,131267,68762,1702828,0.03,0.03,0.03,0,34,453,0,0,0,6,1,6,0,0,67.624,124,464
1870000,2026-01-19T16:54:57.276646,201077,17792,131946,69130,134198,0.7575183846953774,0.1712055,0.3985108471827724,35.584,228.308,263.892,55.184,346.97,402.154,19.598,118.662,138.26,0.7575183846953774,3424.11,0.00034241100000000004,268.396,0.0,0.0,0.3985108471827724,17792,114154,131946,69130,1712055,0.03,0.03,0.03,0,27,450,0,6,0,12,0,5,0,0,97.068,163,487
1880000,2026-01-19T16:55:00.730292,202180,17887,132675,69504,134935,0.7578469529143836,0.1721289,0.3986158506650614,35.774,229.576,265.35,55.494,348.866,404.36,19.718,119.29,139.008,0.7578469529143836,3442.578,0.0003442578,269.87,0.0,0.0,0.3986158506650614,17887,114788,132675,69504,1721289,0.03,0.03,0.03,0,24,454,0,5,0,12,0,5,0,0,114.182,159,490
1890000,2026-01-19T16:55:04.204687,203248,17981,133368,69880,135660,0.7581396149943559,0.1730392,0.398684839421097,35.962,230.774,266.736,55.774,350.722,406.496,19.812,119.948,139.76,0.7581396149943559,3460.784,0.0003460784,271.32,0.0,0.0,0.398684839421097,17981,115387,133368,69880,1730392,0.03,0.03,0.03,0,22,456,1,7,0,12,0,2,0,0,127.302,181,488
1900000,2026-01-19T16:55:07.678396,204327,18082,134074,70253,136356,0.7576573555420326,0.173963,0.39862248507137976,36.164,231.984,268.148,56.088,352.566,408.654,19.924,120.582,140.506,0.7576573555420326,3479.26,0.00034792600000000003,272.712,0.0,0.0,0.39862248507137976,18082,115992,134074,70253,1739630,0.03,0.03,0.03,0,17,454,0,8,1,16,0,4,0,0,139.9,175,490
1910000,2026-01-19T16:55:11.145039,205390,18179,134779,70610,137073,0.7572671920386216,0.1748696,0.39854734586379637,36.358,233.2,269.558,56.388,354.392,410.78,20.028,121.192,141.22,0.7572671920386216,3497.392,0.0003497392,274.146,0.0,0.0,0.39854734586379637,18179,116600,134779,70610,1748696,0.03,0.03,0.03,0,19,471,0,0,0,6,0,4,0,0,51.822,133,443
1920000,2026-01-19T16:55:14.660162,206462,18278,135484,70977,137753,0.7571434398819089,0.1758053,0.39857682550584156,36.556,234.412,270.968,56.71,356.214,412.924,20.152,121.802,141.954,0.7571434398819089,3516.106,0.0003516106,275.506,0.0,0.0,0.39857682550584156,18278,117206,135484,70977,1758053,0.03,0.03,0.03,0,29,447,0,6,0,13,0,5,0,0,133.904,163,490
1930000,2026-01-19T16:55:18.153633,207492,18370,136147,71344,138456,0.7572696484468373,0.1767258,0.3986829536896204,36.74,235.554,272.294,56.988,357.996,414.984,20.246,122.442,142.688,0.7572696484468373,3534.516,0.0003534516,276.912,0.0,0.0,0.3986829536896204,18370,117777,136147,71344,1767258,0.03,0.03,0.03,0,21,466,0,2,0,6,0,5,0,0,74.722,141,447
1940000,2026-01-19T16:55:21.616485,208538,18465,136832,71705,139138,0.7567640693289845,0.1776552,0.39866522484927264,36.93,236.734,273.664,57.294,359.782,417.076,20.364,123.046,143.41,0.7567640693289845,3553.104,0.00035531040000000004,278.276,0.0,0.0,0.39866522484927264,18465,118367,136832,71705,1776552,0.03,0.03,0.03,0,27,457,0,6,0,8,0,2,0,0,137.566,179,485
1950000,2026-01-19T16:55:25.094472,209577,18560,137517,72060,139820,0.756655283612939,0.178582,0.39873403108386574,37.12,237.914,275.034,57.59,361.564,419.154,20.47,123.65,144.12,0.756655283612939,3571.64,0.000357164,279.64,0.0,0.0,0.39873403108386574,18560,118957,137517,72060,1785820,0.03,0.03,0.03,0,24,462,0,5,0,6,0,3,0,0,89.634,121,490
1960000,2026-01-19T16:55:28.542256,210656,18658,138219,72436,140534,0.756661514072042,0.1795091,0.39877498103748277,37.316,239.122,276.438,57.894,363.418,421.312,20.578,124.294,144.872,0.756661514072042,3590.182,0.0003590182,281.068,0.0,0.0,0.39877498103748277,18658,119561,138219,72436,1795091,0.03,0.03,0.03,1,46,441,0,1,0,7,0,4,0,0,40.586,121,338
1970000,2026-01-19T16:55:31.971146,211662,18753,138886,72775,141181,0.7561758621338672,0.1804351,0.3986996159863796,37.506,240.266,277.772,58.188,365.136,423.324,20.68,124.87,145.55,0.7561758621338672,3608.702,0.00036087019999999997,282.362,0.0,0.0,0.3986996159863796,18753,120133,138886,72775,1804351,0.03,0.03,0.03,0,11,473,0,3,0,10,0,3,0,0,78.824,125,406
1980000,2026-01-19T16:55:35.423360,212699,18847,139560,73138,141867,0.7560864433302417,0.1813684,0.3987693330821784,37.694,241.426,279.12,58.484,366.914,425.398,20.788,125.488,146.276,0.7560864433302417,3627.368,0.0003627368,283.734,0.0,0.0,0.3987693330821784,18847,120713,139560,73138,1813684,0.03,0.03,0.03,0,20,463,0,5,0,8,0,4,0,0,127.168,165,489
1990000,2026-01-19T16:55:38.874271,213754,18949,140253,73500,142553,0.7558646282679131,0.1823032,0.39878690357751184,37.898,242.608,280.506,58.79,368.718,427.508,20.89,126.11,147.0,0.7558646282679131,3646.064,0.0003646064,285.106,0.0,0.0,0.39878690357751184,18949,121304,140253,73500,1823032,0.03,0.03,0.03,0,17,470,0,4,0,6,0,3,0,0,98.144,140,480
2000000,2026-01-19T16:55:42.327984,214817,19046,140953,73864,143252,0.7557610445616343,0.183227,0.39875716947124873,38.092,243.814,281.906,59.086,370.548,429.634,20.994,126.734,147.728,0.7557610445616343,3664.54,0.000366454,286.504,0.0,0.0,0.39875716947124873,19046,121907,140953,73864,1832270,0.03,0.03,0.03,0,30,459,0,2,0,7,0,2,0,0,37.424,111,489
2010000,2026-01-19T16:55:45.809364,215876,19145,141643,74233,143948,0.755424717487907,0.1841566,0.3987380589756341,38.29,244.996,283.286,59.384,372.368,431.752,21.094,127.372,148.466,0.755424717487907,3683.132,0.0003683132,287.896,0.0,0.0,0.3987380589756341,19145,122498,141643,74233,1841566,0.03,0.03,0.03,0,19,466,1,4,0,8,0,2,0,0,141.142,181,418
2020000,2026-01-19T16:55:49.247152,216918,19239,142322,74595,144639,0.7558120811793694,0.1850696,0.3988614954640917,38.478,246.166,284.644,59.686,374.15,433.836,21.208,127.982,149.19,0.7558120811793694,3701.392,0.0003701392,289.278,0.0,0.0,0.3988614954640917,19239,123083,142322,74595,1850696,0.03,0.03,0.03,0,15,475,0,4,0,4,0,2,0,0,86.324,177,373
2030000,2026-01-19T16:55:52.714646,217954,19333,143004,74949,145327,0.7558903875774402,0.1859774,0.39888931769505376,38.666,247.342,286.008,59.964,375.944,435.908,21.296,128.602,149.898,0.7558903875774402,3719.548,0.00037195479999999997,290.654,0.0,0.0,0.39888931769505376,19333,123671,143004,74949,1859774,0.03,0.03,0.03,0,24,466,0,0,0,7,0,3,0,0,49.13,133,432
2040000,2026-01-19T16:55:56.160974,219007,19433,143690,75316,146004,0.7559742840797954,0.1869125,0.39896628021391595,38.866,248.514,287.38,60.276,377.738,438.014,21.41,129.222,150.632,0.7559742840797954,3738.25,0.000373825,292.008,0.0,0.0,0.39896628021391595,19433,124257,143690,75316,1869125,0.03,0.03,0.03,0,28,457,0,1,0,8,0,6,0,0,78.598,171,480
2050000,2026-01-19T16:55:59.610389,220066,19527,144392,75673,146697,0.7556314837165271,0.1878319,0.3989551143363039,39.054,249.73,288.784,60.59,379.542,440.132,21.534,129.812,151.346,0.7556314837165271,3756.638,0.0003756638,293.394,0.0,0.0,0.3989551143363039,19527,124865,144392,75673,1878319,0.03,0.03,0.03,0,21,467,0,1,0,7,0,4,0,0,57.006,121,397
2060000,2026-01-19T16:56:03.035409,221131,19625,145088,76042,147389,0.7556870392913813,0.1887616,0.39904609872407804,39.25,250.926,290.176,60.894,381.368,442.262,21.642,130.442,152.084,0.7556870392913813,3775.232,0.0003775232,294.778,0.0,0.0,0.39904609872407804,19625,125463,145088,76042,1887616,0.03,0.03,0.03,0,18,460,0,5,0,11,0,6,0,0,82.506,119,432
2070000,2026-01-19T16:56:06.458954,222200,19718,145802,76397,148101,0.7554875717762398,0.1896813,0.3990415331904935,39.436,252.168,291.604,61.204,383.196,444.4,21.768,131.026,152.794,0.7554875717762398,3793.626,0.0003793626,296.202,0.0,0.0,0.3990415331904935,19718,126084,145802,76397,1896813,0.03,0.03,0.03,0,27,457,0,3,0,9,0,4,0,0,95.582,179,452
2080000,2026-01-19T16:56:09.868005,223271,19817,146500,76770,148808,0.7552196357070475,0.1905897,0.3990421024785044,39.634,253.366,293.0,61.494,385.048,446.542,21.858,131.682,153.54,0.7552196357070475,3811.794,0.0003811794,297.616,0.0,0.0,0.3990421024785044,19817,126683,146500,76770,1905897,0.03,0.03,0.03,0,31,450,0,4,0,11,0,4,0,0,69.526,121,486
2090000,2026-01-19T16:56:13.290435,224304,19908,147171,77132,149504,0.7552814290319494,0.1915158,0.3990856323236124,39.816,254.526,294.342,61.782,386.826,448.608,21.966,132.298,154.264,0.7552814290319494,3830.316,0.0003830316,299.008,0.0,0.0,0.3990856323236124,19908,127263,147171,77132,1915158,0.03,0.03,0.03,0,8,477,0,6,0,7,0,2,0,0,57.646,93,481
2100000,2026-01-19T16:56:16.729984,225386,20002,147889,77496,150215,0.7549097785300688,0.1924257,0.39907776219137414,40.004,255.774,295.778,62.09,388.682,450.772,22.084,132.908,154.992,0.7549097785300688,3848.514,0.0003848514,300.43,0.0,0.0,0.39907776219137414,20002,127887,147889,77496,1924257,0.03,0.03,0.03,0,8,474,0,4,0,8,0,6,0,0,123.364,153,492
2110000,2026-01-19T16:56:20.160574,226427,20101,148571,77855,150890,0.7547245124344805,0.1933521,0.39909077580190666,40.202,256.94,297.142,62.392,390.462,452.854,22.188,133.522,155.71,0.7547245124344805,3867.042,0.0003867042,301.78,0.0,0.0,0.39909077580190666,20101,128470,148571,77855,1933521,0.03,0.03,0.03,0,22,457,0,5,0,12,0,4,0,0,98.346,139,487
2120000,2026-01-19T16:56:23.521156,227466,20199,149247,78218,151585,0.7547611026424114,0.1942863,0.3990994596184834,40.398,258.096,298.494,62.67,392.262,454.932,22.272,134.164,156.436,0.7547611026424114,3885.726,0.0003885726,303.17,0.0,0.0,0.3990994596184834,20199,129048,149247,78218,1942863,0.03,0.03,0.03,0,31,458,0,4,0,4,0,3,0,0,112.332,177,470
2130000,2026-01-19T16:56:26.871975,228532,20292,149946,78585,152289,0.754397677103351,0.1952032,0.39908571988242014,40.584,259.308,299.892,62.97,394.094,457.064,22.386,134.784,157.17,0.754397677103351,3904.064,0.00039040639999999996,304.578,0.0,0.0,0.39908571988242014,20292,129654,149946,78585,1952032,0.03,0.03,0.03,0,31,449,0,5,0,10,0,5,0,0,127.158,179,465
2140000,2026-01-19T16:56:30.261027,229591,20386,150652,78938,152985,0.7538141714299282,0.1961277,0.3990031064505628,40.772,260.532,301.304,63.274,395.908,459.182,22.502,135.374,157.876,0.7538141714299282,3922.554,0.00039225539999999996,305.97,0.0,0.0,0.3990031064505628,20386,130266,150652,78938,1961277,0.03,0.03,0.03,0,26,461,0,3,0,8,0,2,0,0,75.634,179,486
2150000,2026-01-19T16:56:33.653540,230662,20482,151366,79295,153681,0.7533342379870341,0.1970438,0.3988986586546143,40.964,261.768,302.732,63.582,397.742,461.324,22.616,135.974,158.59,0.7533342379870341,3940.876,0.0003940876,307.362,0.0,0.0,0.3988986586546143,20482,130884,151366,79295,1970438,0.03,0.03,0.03,0,14,470,0,2,0,9,0,5,0,0,93.52,171,483
2160000,2026-01-19T16:56:37.047132,231655,20577,152015,79639,154337,0.7533699402709113,0.1979747,0.3989453786623829,41.154,262.876,304.03,63.848,399.462,463.31,22.692,136.586,159.278,0.7533699402709113,3959.494,0.0003959494,308.674,0.0,0.0,0.3989453786623829,20577,131438,152015,79639,1979747,0.03,0.03,0.03,0,17,467,0,3,0,10,0,3,0,0,98.672,149,442
2170000,2026-01-19T16:56:40.441197,232674,20666,152681,79992,155016,0.7531715295481968,0.1988955,0.3989581283080415,41.332,264.03,305.362,64.128,401.22,465.348,22.796,137.188,159.984,0.7531715295481968,3977.91,0.000397791,310.032,0.0,0.0,0.3989581283080415,20666,132015,152681,79992,1988955,0.03,0.03,0.03,0,21,459,0,5,0,11,0,4,0,0,127.912,177,461
2180000,2026-01-19T16:56:43.828536,233688,20755,153360,80327,155676,0.7525692166692437,0.1997923,0.39889330767022135,41.51,265.21,306.72,64.436,402.94,467.376,22.924,137.73,160.654,0.7525692166692437,3995.846,0.0003995846,311.352,0.0,0.0,0.39889330767022135,20755,132605,153360,80327,1997923,0.03,0.03,0.03,0,18,464,0,3,0,11,0,4,0,0,103.18,149,490
2190000,2026-01-19T16:56:47.175671,234719,20845,154040,80679,156379,0.7523819664381715,0.2007129,0.39884077353413966,41.69,266.39,308.08,64.71,404.728,469.438,23.02,138.338,161.358,0.7523819664381715,4014.258,0.0004014258,312.758,0.0,0.0,0.39884077353413966,20845,133195,154040,80679,2007129,0.03,0.03,0.03,0,17,473,1,2,0,5,0,2,0,0,75.724,181,317
2200000,2026-01-19T16:56:50.553214,235749,20938,154718,81030,157040,0.7520008713103363,0.2016351,0.39878905321431507,41.876,267.56,309.436,65.004,406.494,471.498,23.126,138.934,162.06,0.7520008713103363,4032.702,0.0004032702,314.08,0.0,0.0,0.39878905321431507,20938,133780,154718,81030,2016351,0.03,0.03,0.03,0,16,459,0,5,0,14,0,6,0,0,124.334,171,488
2210000,2026-01-19T16:56:53.901246,236789,21033,155399,81389,157733,0.7515343657587596,0.2025626,0.3987337647729833,42.066,268.732,310.798,65.306,408.272,473.578,23.238,139.54,162.778,0.7515343657587596,4051.252,0.0004051252,315.466,0.0,0.0,0.3987337647729833,21033,134366,155399,81389,2025626,0.03,0.03,0.03,0,34,452,0,1,0,7,0,6,0,0,115.45,163,492
2220000,2026-01-19T16:56:57.257232,237843,21125,156092,81750,158406,0.7511889020450901,0.2034959,0.39869523579019833,42.25,269.934,312.184,65.638,410.048,475.686,23.388,140.112,163.5,0.7511889020450901,4069.918,0.0004069918,316.812,0.0,0.0,0.39869523579019833,21125,134967,156092,81750,2034959,0.03,0.03,0.03,0,17,455,0,8,0,14,0,6,0,0,150.462,179,486
2230000,2026-01-19T16:57:00.605886,238879,21221,156771,82107,159105,0.7514073090199586,0.2044185,0.3987263034292832,42.442,271.1,313.542,65.926,411.832,477.758,23.482,140.732,164.214,0.7514073090199586,4088.37,0.000408837,318.21,0.0,0.0,0.3987263034292832,21221,135550,156771,82107,2044185,0.03,0.03,0.03,0,42,450,0,0,0,5,0,3,0,0,60.398,123,435
2240000,2026-01-19T16:57:03.969794,239945,21314,157469,82475,159810,0.7514668990577291,0.2053285,0.39877533563533124,42.628,272.31,314.938,66.222,413.668,479.89,23.592,141.358,164.95,0.7514668990577291,4106.57,0.000410657,319.62,0.0,0.0,0.39877533563533124,21314,136155,157469,82475,2053285,0.03,0.03,0.03,0,42,443,0,2,0,8,0,5,0,0,111.216,165,489
2250000,2026-01-19T16:57:07.307120,241039,21418,158194,82844,160508,0.7514123040254398,0.2062438,0.3987451212572164,42.836,273.552,316.388,66.548,415.53,482.078,23.71,141.978,165.688,0.7514123040254398,4124.876,0.0004124876,321.016,0.0,0.0,0.3987451212572164,21418,136776,158194,82844,2062438,0.03,0.03,0.03,0,33,446,0,6,0,11,0,4,0,0,126.1,169,490
2260000,2026-01-19T16:57:10.689457,242097,21513,158895,83201,161203,0.7509967707746338,0.2071611,0.39868616713738436,43.026,274.764,317.79,66.862,417.332,484.194,23.834,142.568,166.402,0.7509967707746338,4143.222,0.0004143222,322.406,0.0,0.0,0.39868616713738436,21513,137382,158895,83201,2071611,0.03,0.03,0.03,0,34,450,0,3,0,7,0,6,0,0,70.696,141,466
2270000,2026-01-19T16:57:14.055529,243160,21611,159585,83574,161909,0.7511168036623203,0.2080921,0.3987183372649882,43.222,275.948,319.17,67.164,419.156,486.32,23.94,143.208,167.148,0.7511168036623203,4161.842,0.0004161842,323.818,0.0,0.0,0.3987183372649882,21611,137974,159585,83574,2080921,0.03,0.03,0.03,0,43,448,0,0,0,5,0,4,0,0,56.846,119,469
2280000,2026-01-19T16:57:17.411648,244239,21707,160301,83937,162619,0.7508495708867278,0.2089755,0.39867584908807624,43.414,277.188,320.602,67.468,421.01,488.478,24.052,143.822,167.874,0.7508495708867278,4179.51,0.000417951,325.238,0.0,0.0,0.39867584908807624,21707,138594,160301,83937,2089755,0.03,0.03,0.03,0,24,464,0,2,0,7,0,3,0,0,49.878,79,485
2290000,2026-01-19T16:57:20.785365,245286,21806,160999,84287,163279,0.7511043845776312,0.2099033,0.3987182563334414,43.612,278.386,321.998,67.782,422.79,490.572,24.17,144.404,168.574,0.7511043845776312,4198.066,0.0004198066,326.558,0.0,0.0,0.3987182563334414,21806,139193,160999,84287,2099033,0.03,0.03,0.03,0,18,461,1,6,0,11,0,3,0,0,135.794,181,461
2300000,2026-01-19T16:57:24.128066,246305,21904,161668,84637,163947,0.7510797604359783,0.2108231,0.39873153181458976,43.808,279.528,323.336,68.076,424.534,492.61,24.268,145.006,169.274,0.7510797604359783,4216.462,0.00042164620000000004,327.894,0.0,0.0,0.39873153181458976,21904,139764,161668,84637,2108231,0.03,0.03,0.03,0,26,462,1,1,0,6,0,4,0,0,46.256,181,187
2310000,2026-01-19T16:57:27.502368,247363,21997,162360,85002,164637,0.751414846580226,0.2117367,0.39879572306300826,43.994,280.726,324.72,68.374,426.352,494.726,24.378,145.626,170.004,0.751414846580226,4234.734,0.0004234734,329.274,0.0,0.0,0.39879572306300826,21997,140363,162360,85002,2117367,0.03,0.03,0.03,0,33,444,0,5,0,12,0,6,0,0,92.888,135,487
2320000,2026-01-19T16:57:30.921693,248468,22089,163097,85370,165360,0.7507318108593278,0.212645,0.3986724775007552,44.178,282.016,326.194,68.708,428.228,496.936,24.528,146.212,170.74,0.7507318108593278,4252.9,0.00042529,330.72,0.0,0.0,0.3986724775007552,22089,141008,163097,85370,2126450,0.03,0.03,0.03,0,13,463,0,8,0,13,0,3,0,0,128.64,159,489
2330000,2026-01-19T16:57:34.327274,249533,22189,163792,85740,166054,0.7509880787289998,0.2135759,0.39875120551525334,44.378,283.206,327.584,69.018,430.048,499.066,24.638,146.842,171.48,0.7509880787289998,4271.518,0.0004271518,332.108,0.0,0.0,0.39875120551525334,22189,141603,163792,85740,2135759,0.03,0.03,0.03,0,28,451,0,3,0,10,0,8,0,0,98.546,163,485
2340000,2026-01-19T16:57:37.735323,250585,22289,164490,86094,166736,0.7507470557355749,0.2144956,0.3986773254657516,44.578,284.402,328.98,69.318,431.852,501.17,24.738,147.45,172.188,0.7507470557355749,4289.912,0.0004289912,333.472,0.0,0.0,0.3986773254657516,22289,142201,164490,86094,2144956,0.03,0.03,0.03,0,25,458,0,3,0,9,0,5,0,0,47.696,87,363
2350000,2026-01-19T16:57:41.129364,251619,22381,165168,86450,167419,0.7510639876237254,0.2154057,0.3987342193283861,44.762,285.574,330.336,69.6,433.638,503.238,24.836,148.064,172.9,0.7510639876237254,4308.114,0.0004308114,334.838,0.0,0.0,0.3987342193283861,22381,142787,165168,86450,2154057,0.03,0.03,0.03,0,22,453,0,7,0,15,0,3,0,0,128.35,157,487
2360000,2026-01-19T16:57:44.510974,252668,22472,165858,86809,168127,0.7511644670952254,0.2163202,0.3987390002434741,44.944,286.772,331.716,69.902,435.434,505.336,24.958,148.66,173.618,0.7511644670952254,4326.404,0.0004326404,336.254,0.0,0.0,0.3987390002434741,22472,143386,165858,86809,2163202,0.03,0.03,0.03,0,18,465,0,3,0,9,0,5,0,0,94.04,157,487
2370000,2026-01-19T16:57:47.904659,253698,22572,166539,87159,168785,0.7506945685164711,0.217258,0.3986388696918935,45.144,287.934,333.078,70.206,437.19,507.396,25.062,149.256,174.318,0.7506945685164711,4345.16,0.000434516,337.57,0.0,0.0,0.3986388696918935,22572,143967,166539,87159,2172580,0.03,0.03,0.03,0,25,457,0,4,1,9,0,4,0,0,125.85,175,492
2380000,2026-01-19T16:57:51.303661,254752,22664,167239,87512,169487,0.7507327002014247,0.2181486,0.3986280899194342,45.328,289.15,334.478,70.5,439.004,509.504,25.17,149.854,175.024,0.7507327002014247,4362.972,0.0004362972,338.974,0.0,0.0,0.3986280899194342,22664,144575,167239,87512,2181486,0.03,0.03,0.03,0,26,461,0,0,0,8,0,5,0,0,50.536,103,488
2390000,2026-01-19T16:57:54.705933,255816,22765,167943,87872,170162,0.7501633848137914,0.2190793,0.39847856159074174,45.53,290.356,335.886,70.824,440.808,511.632,25.294,150.45,175.744,0.7501633848137914,4381.586,0.0004381586,340.324,0.0,0.0,0.39847856159074174,22765,145178,167943,87872,2190793,0.03,0.03,0.03,0,18,461,0,6,0,12,0,3,0,0,130.782,179,430
2400000,2026-01-19T16:57:58.081492,256876,22865,168639,88237,170872,0.7501926220847552,0.2199803,0.39849469112072355,45.73,291.548,337.278,71.108,442.644,513.752,25.378,151.096,176.474,0.7501926220847552,4399.606,0.00043996059999999997,341.744,0.0,0.0,0.39849469112072355,22865,145774,168639,88237,2199803,0.03,0.03,0.03,0,39,450,1,4,0,4,0,2,0,0,114.64,181,473
2410000,2026-01-19T16:58:01.455015,257984,22968,169379,88605,171566,0.7498662186204005,0.2209003,0.3984202938495182,45.936,292.822,338.758,71.454,444.514,515.968,25.518,151.692,177.21,0.7498662186204005,4418.006,0.0004418006,343.132,0.0,0.0,0.3984202938495182,22968,146411,169379,88605,2209003,0.03,0.03,0.03,0,18,465,0,3,1,9,0,4,0,0,118.526,175,491
2420000,2026-01-19T16:58:04.835425,259048,23066,170068,88979,172261,0.7498444435955167,0.2218246,0.3984554619007359,46.132,294.004,340.136,71.77,446.326,518.096,25.636,152.322,177.958,0.7498444435955167,4436.492,0.0004436492,344.522,0.0,0.0,0.3984554619007359,23066,147002,170068,88979,2218246,0.03,0.03,0.03,0,20,463,0,3,0,11,0,3,0,0,105.584,153,492
2430000,2026-01-19T16:58:08.196996,260107,23159,170766,89340,172955,0.7495731966386645,0.2227409,0.3984032068664611,46.318,295.214,341.532,72.08,448.134,520.214,25.76,152.92,178.68,0.7495731966386645,4454.818,0.00044548179999999996,345.91,0.0,0.0,0.3984032068664611,23159,147607,170766,89340,2227409,0.03,0.03,0.03,0,36,444,0,7,0,9,0,4,0,0,107.236,131,483
2440000,2026-01-19T16:58:11.551246,261165,23254,171458,89706,173654,0.7493721164089648,0.2236711,0.3983797537363906,46.508,296.408,342.916,72.378,449.952,522.33,25.868,153.544,179.412,0.7493721164089648,4473.422,0.0004473422,347.308,0.0,0.0,0.3983797537363906,23254,148204,171458,89706,2236711,0.03,0.03,0.03,0,29,448,0,6,0,11,0,6,0,0,95.728,122,491
2450000,2026-01-19T16:58:14.940996,262243,23356,172170,90072,174374,0.7493567015651156,0.2245889,0.3983951292913148,46.712,297.628,344.34,72.686,451.8,524.486,25.974,154.17,180.144,0.7493567015651156,4491.778,0.00044917780000000004,348.748,0.0,0.0,0.3983951292913148,23356,148814,172170,90072,2245889,0.03,0.03,0.03,0,29,465,0,1,0,2,0,3,0,0,46.472,121,368
2460000,2026-01-19T16:58:18.316086,263320,23457,172880,90439,175057,0.7490116869475323,0.225498,0.39834263870580766,46.914,298.846,345.76,72.992,453.648,526.64,26.076,154.802,180.878,0.7490116869475323,4509.96,0.000450996,350.114,0.0,0.0,0.39834263870580766,23457,149423,172880,90439,2254980,0.03,0.03,0.03,0,44,435,0,6,0,12,0,3,0,0,94.812,127,454
2470000,2026-01-19T16:58:21.698274,264371,23552,173571,90799,175751,0.748818185075105,0.2264261,0.39833145981530144,47.104,300.038,347.142,73.288,455.454,528.742,26.182,155.416,181.598,0.748818185075105,4528.522,0.00045285219999999997,351.502,0.0,0.0,0.39833145981530144,23552,150019,173571,90799,2264261,0.03,0.03,0.03,0,23,459,0,4,0,9,0,5,0,0,112.54,145,476
2480000,2026-01-19T16:58:25.097108,265405,23651,174258,91146,176426,0.7488308639508521,0.2273503,0.39836325128676014,47.302,301.214,348.516,73.576,457.234,530.81,26.272,156.02,182.292,0.7488308639508521,4547.006,0.00045470060000000004,352.852,0.0,0.0,0.39836325128676014,23651,150607,174258,91146,2273503,0.03,0.03,0.03,0,27,460,0,1,0,7,0,5,0,0,53.076,122,382
2490000,2026-01-19T16:58:28.532833,266489,23751,174972,91516,177118,0.748411911718224,0.2282849,0.39832268660802195,47.502,302.442,349.944,73.892,459.086,532.978,26.388,156.644,183.032,0.748411911718224,4565.698,0.00045656980000000004,354.236,0.0,0.0,0.39832268660802195,23751,151221,174972,91516,2282849,0.03,0.03,0.03,0,7,469,0,6,0,13,0,5,0,0,145.308,171,491
2500000,2026-01-19T16:58:31.857907,267549,23846,175671,91877,177818,0.7486849064614832,0.2291955,0.39838716533656576,47.692,303.65,351.342,74.196,460.902,535.098,26.502,157.252,183.754,0.7486849064614832,4583.91,0.000458391,355.636,0.0,0.0,0.39838716533656576,23846,151825,175671,91877,2291955,0.03,0.03,0.03,0,15,462,0,5,0,14,0,4,0,0,130.806,169,487
2510000,2026-01-19T16:58:35.178945,268610,23944,176378,92232,178506,0.7487485935682648,0.2301224,0.3984113609332995,47.888,304.868,352.756,74.51,462.71,537.22,26.622,157.842,184.464,0.7487485935682648,4602.448,0.0004602448,357.012,0.0,0.0,0.3984113609332995,23944,152434,176378,92232,2301224,0.03,0.03,0.03,0,9,471,1,4,0,10,0,5,0,0,138.6,181,462
2520000,2026-01-19T16:58:38.504403,269654,24040,177061,92592,179191,0.7487766410113758,0.2310458,0.3984168936743946,48.08,306.042,354.122,74.788,464.52,539.308,26.706,158.478,185.184,0.7487766410113758,4620.916,0.00046209159999999997,358.382,0.0,0.0,0.3984168936743946,24040,153021,177061,92592,2310458,0.03,0.03,0.03,0,32,445,0,7,0,11,0,5,0,0,119.31,169,488
2530000,2026-01-19T16:58:41.801066,270705,24127,177758,92946,179913,0.7483881062561014,0.2319664,0.3983962137867073,48.254,307.262,355.516,75.074,466.336,541.41,26.82,159.072,185.892,0.7483881062561014,4639.328,0.00046393279999999996,359.826,0.0,0.0,0.3983962137867073,24127,153631,177758,92946,2319664,0.03,0.03,0.03,0,42,445,0,1,0,7,0,5,0,0,94.16,179,494
2540000,2026-01-19T16:58:45.121234,271801,24224,178489,93311,180612,0.7481493976858619,0.2328732,0.3983438932366653,48.448,308.53,356.978,75.4,468.202,543.602,26.95,159.672,186.622,0.7481493976858619,4657.464,0.0004657464,361.224,0.0,0.0,0.3983438932366653,24224,154265,178489,93311,2328732,0.03,0.03,0.03,0,28,445,0,6,0,15,0,6,0,0,109.532,153,487
2550000,2026-01-19T16:58:48.453400,272811,24315,179152,93658,181307,0.7483508286630658,0.23378,0.3984104186221702,48.63,309.674,358.304,75.648,469.974,545.622,27.016,160.3,187.316,0.7483508286630658,4675.6,0.00046756,362.614,0.0,0.0,0.3984104186221702,24315,154837,179152,93658,2337800,0.03,0.03,0.03,0,31,453,0,3,0,8,0,5,0,0,47.644,87,425
2560000,2026-01-19T16:58:51.733324,273845,24407,179840,94004,181970,0.7479412317923099,0.2347037,0.39835527988282293,48.814,310.866,359.68,75.976,471.714,547.69,27.16,160.848,188.008,0.7479412317923099,4694.074,0.00046940740000000006,363.94,0.0,0.0,0.39835527988282293,24407,155433,179840,94004,2347037,0.03,0.03,0.03,0,21,460,0,6,0,9,0,4,0,0,117.546,139,485
2570000,2026-01-19T16:58:55.009539,274915,24504,180540,94374,182676,0.7477255851791466,0.2356312,0.3983708615929114,49.008,312.072,361.08,76.294,473.536,549.83,27.284,161.464,188.748,0.7477255851791466,4712.624,0.00047126240000000004,365.352,0.0,0.0,0.3983708615929114,24504,156036,180540,94374,2356312,0.03,0.03,0.03,0,38,445,0,5,0,8,0,4,0,0,99.376,151,440
2580000,2026-01-19T16:58:58.343425,275931,24601,181214,94717,183337,0.7477031707895025,0.2365498,0.39839205006629685,49.202,313.226,362.428,76.588,475.274,551.862,27.386,162.048,189.434,0.7477031707895025,4730.996,0.00047309960000000003,366.674,0.0,0.0,0.39839205006629685,24601,156613,181214,94717,2365498,0.03,0.03,0.03,0,12,473,1,4,0,7,0,3,0,0,125.392,181,413
2590000,2026-01-19T16:59:01.735355,276961,24692,181888,95072,184016,0.7478033169889916,0.2374626,0.3984538267750485,49.384,314.392,363.776,76.88,477.042,553.922,27.494,162.65,190.144,0.7478033169889916,4749.252,0.00047492519999999997,368.032,0.0,0.0,0.3984538267750485,24692,157196,181888,95072,2374626,0.03,0.03,0.03,0,28,452,0,6,0,9,0,5,0,0,109.14,164,487
2600000,2026-01-19T16:59:05.100591,278019,24788,182586,95432,184708,0.7479051373635047,0.238385,0.3985030762901066,49.576,315.596,365.172,77.186,478.852,556.038,27.608,163.256,190.864,0.7479051373635047,4767.7,0.00047677,369.416,0.0,0.0,0.3985030762901066,24788,157798,182586,95432,2383850,0.03,0.03,0.03,0,30,451,0,1,0,10,0,8,0,0,113.176,157,480
2610000,2026-01-19T16:59:08.457445,279046,24886,183264,95781,185372,0.747610489562103,0.2393168,0.3984834249825885,49.772,316.756,366.528,77.478,480.614,558.092,27.704,163.858,191.562,0.747610489562103,4786.336,0.0004786336,370.744,0.0,0.0,0.3984834249825885,24886,158378,183264,95781,2393168,0.03,0.03,0.03,0,14,471,0,3,0,8,0,4,0,0,117.744,167,454
2620000,2026-01-19T16:59:11.839035,280093,24978,183947,96145,186055,0.7475798471919426,0.2402413,0.3985195253186553,49.956,317.938,367.894,77.77,482.416,560.186,27.812,164.478,192.29,0.7475798471919426,4804.826,0.0004804826,372.11,0.0,0.0,0.3985195253186553,24978,158969,183947,96145,2402413,0.03,0.03,0.03,0,19,453,0,6,0,16,0,6,0,0,119.964,163,490
2630000,2026-01-19T16:59:15.219261,281179,25069,184665,96513,186796,0.7473438391379646,0.2411435,0.39848146333765955,50.138,319.192,369.33,78.07,484.288,562.358,27.932,165.094,193.026,0.7473438391379646,4822.87,0.000482287,373.592,0.0,0.0,0.39848146333765955,25069,159596,184665,96513,2411435,0.03,0.03,0.03,0,18,469,0,2,0,8,0,3,0,0,85.602,179,486
2640000,2026-01-19T16:59:18.608864,282243,25162,185354,96888,187506,0.7473460060216403,0.2420592,0.3985087492017123,50.324,320.384,370.708,78.374,486.112,564.486,28.048,165.728,193.776,0.7473460060216403,4841.184,0.0004841184,375.012,0.0,0.0,0.3985087492017123,25162,160192,185354,96888,2420592,0.03,0.03,0.03,0,39,446,0,3,0,9,0,3,0,0,104.558,165,489
2650000,2026-01-19T16:59:22.003558,283294,25255,186047,97246,188202,0.7473891438586538,0.2429841,0.39850624691172704,50.51,321.584,372.094,78.678,487.91,566.588,28.166,166.326,194.492,0.7473891438586538,4859.682,0.0004859682,376.404,0.0,0.0,0.39850624691172704,25255,160792,186047,97246,2429841,0.03,0.03,0.03,0,32,456,0,1,0,6,0,5,0,0,56.352,119,440
2660000,2026-01-19T16:59:25.389909,284348,25350,186733,97614,188893,0.7475867718960735,0.2439066,0.3985457413124889,50.7,322.766,373.466,78.978,489.718,568.696,28.278,166.95,195.228,0.7475867718960735,4878.132,0.0004878132,377.786,0.0,0.0,0.3985457413124889,25350,161383,186733,97614,2439066,0.03,0.03,0.03,0,31,448,0,6,0,11,0,4,0,0,126.274,179,489
2670000,2026-01-19T16:59:28.768134,285424,25446,187446,97977,189608,0.7477590793320796,0.2448073,0.398591015826671,50.892,324.0,374.892,79.284,491.564,570.848,28.392,167.562,195.954,0.7477590793320796,4896.146,0.0004896146,379.216,0.0,0.0,0.398591015826671,25446,162000,187446,97977,2448073,0.03,0.03,0.03,0,31,456,0,2,0,8,0,3,0,0,65.036,177,489
2680000,2026-01-19T16:59:32.118985,286466,25542,188125,98340,190293,0.7478520654038613,0.2457347,0.39863467243930145,51.084,325.166,376.25,79.58,493.352,572.932,28.494,168.186,196.68,0.7478520654038613,4914.694,0.0004914694,380.586,0.0,0.0,0.39863467243930145,25542,162583,188125,98340,2457347,0.03,0.03,0.03,0,25,458,0,4,0,8,0,5,0,0,111.56,173,491
2690000,2026-01-19T16:59:35.509891,287482,25638,188797,98684,190949,0.7479951240092952,0.2466551,0.3986429885906731,51.276,326.318,377.594,79.87,495.094,574.964,28.594,168.774,197.368,0.7479951240092952,4933.102,0.0004933102,381.898,0.0,0.0,0.3986429885906731,25638,163159,188797,98684,2466551,0.03,0.03,0.03,1,17,461,0,7,0,12,0,2,0,0,81.1,127,485
2700000,2026-01-19T16:59:38.870396,288522,25731,189491,99031,191632,0.7478576519512997,0.2475696,0.39860641482109516,51.462,327.52,378.982,80.164,496.88,577.044,28.702,169.36,198.062,0.7478576519512997,4951.392,0.0004951392,383.264,0.0,0.0,0.39860641482109516,25731,163760,189491,99031,2475696,0.03,0.03,0.03,0,22,459,0,9,0,9,0,1,0,0,70.288,109,489
2710000,2026-01-19T16:59:42.240783,289621,25831,190221,99399,192359,0.7473983203887345,0.2484785,0.3985115049803295,51.662,328.78,380.442,80.486,498.756,579.242,28.822,169.976,198.798,0.7473983203887345,4969.57,0.000496957,384.718,0.0,0.0,0.3985115049803295,25831,164390,190221,99399,2484785,0.03,0.03,0.03,0,43,450,0,1,0,4,0,2,0,0,70.8,139,467
2720000,2026-01-19T16:59:45.638541,290642,25929,190887,99754,193003,0.7473831498570671,0.2494123,0.3985281882060441,51.858,329.916,381.774,80.782,500.502,581.284,28.922,170.586,199.508,0.7473831498570671,4988.246,0.0004988246,386.006,0.0,0.0,0.3985281882060441,25929,164958,190887,99754,2494123,0.03,0.03,0.03,0,18,459,0,8,0,12,0,3,0,0,124.146,157,490
2730000,2026-01-19T16:59:49.043320,291714,26023,191596,100117,193703,0.7471457756646247,0.2503197,0.3984706369230128,52.046,331.146,383.192,81.104,502.324,583.428,29.056,171.178,200.234,0.7471457756646247,5006.394,0.0005006393999999999,387.406,0.0,0.0,0.3984706369230128,26023,165573,191596,100117,2503197,0.03,0.03,0.03,0,18,458,0,6,0,14,0,4,0,0,110.066,147,492
2740000,2026-01-19T16:59:52.413422,292767,26119,192285,100481,194397,0.747161885496933,0.2512421,0.3984753364125079,52.238,332.332,384.57,81.41,504.124,585.534,29.17,171.792,200.962,0.747161885496933,5024.842,0.0005024842,388.794,0.0,0.0,0.3984753364125079,26119,166166,192285,100481,2512421,0.03,0.03,0.03,0,11,467,0,3,0,13,0,6,0,0,89.094,141,435
2750000,2026-01-19T16:59:55.818287,293819,26219,192985,100833,195070,0.7469637084820047,0.2521608,0.39842894220209746,52.438,333.532,385.97,81.728,505.91,587.638,29.288,172.378,201.666,0.7469637084820047,5043.216,0.0005043216,390.14,0.0,0.0,0.39842894220209746,26219,166766,192985,100833,2521608,0.03,0.03,0.03,0,27,450,0,4,0,13,0,6,0,0,109.48,151,487
2760000,2026-01-19T16:59:59.209733,294886,26311,193689,101196,195780,0.7466737315111551,0.2530795,0.3983927346793321,52.622,334.756,387.378,82.04,507.732,589.772,29.416,172.976,202.392,0.7466737315111551,5061.59,0.0005061590000000001,391.56,0.0,0.0,0.3983927346793321,26311,167378,193689,101196,2530795,0.03,0.03,0.03,0,21,460,0,6,0,9,0,4,0,0,123.828,165,493
2770000,2026-01-19T17:00:02.578112,295943,26409,194393,101549,196464,0.7465008969117982,0.253993,0.39837758112485383,52.818,335.968,388.786,82.35,509.536,591.886,29.53,173.568,203.098,0.7465008969117982,5079.86,0.0005079860000000001,392.928,0.0,0.0,0.39837758112485383,26409,167984,194393,101549,2539930,0.03,0.03,0.03,0,26,458,0,5,0,8,0,3,0,0,91.028,110,490
2780000,2026-01-19T17:00:05.943401,297000,26499,195090,101909,197171,0.7462165894749253,0.254898,0.3983216293138686,52.998,337.182,390.18,82.66,511.34,594.0,29.66,174.158,203.818,0.7462165894749253,5097.96,0.0005097960000000001,394.342,0.0,0.0,0.3983216293138686,26499,168591,195090,101909,2548980,0.03,0.03,0.03,0,35,456,0,0,0,6,0,3,0,0,31.35,117,356
2790000,2026-01-19T17:00:09.327045,298066,26591,195799,102266,197863,0.7459478587711504,0.2558122,0.39828753941777983,53.182,338.416,391.598,82.972,513.16,596.132,29.79,174.742,204.532,0.7459478587711504,5116.244,0.0005116243999999999,395.726,0.0,0.0,0.39828753941777983,26591,169208,195799,102266,2558122,0.03,0.03,0.03,0,30,454,0,2,0,8,0,6,0,0,100.924,171,463
2800000,2026-01-19T17:00:12.700138,299118,26690,196491,102626,198546,0.7461231375895212,0.2567414,0.39829313935065397,53.38,339.602,392.982,83.26,514.976,598.236,29.878,175.374,205.252,0.7461231375895212,5134.828,0.0005134828000000001,397.092,0.0,0.0,0.39829313935065397,26690,169801,196491,102626,2567414,0.03,0.03,0.03,0,14,465,0,5,0,12,0,4,0,0,117.436,151,491
2810000,2026-01-19T17:00:16.077756,300113,26785,197139,102974,199203,0.7461925620406907,0.2576852,0.3983336811989309,53.57,340.708,394.278,83.54,516.686,600.226,29.97,175.978,205.948,0.7461925620406907,5153.704,0.0005153704,398.406,0.0,0.0,0.3983336811989309,26785,170354,197139,102974,2576852,0.03,0.03,0.03,0,16,467,1,6,0,8,0,2,0,0,156.008,181,470
2820000,2026-01-19T17:00:19.451258,301173,26887,197838,103334,199890,0.7459007157934082,0.2585847,0.39829192302816974,53.774,341.902,395.676,83.848,518.498,602.346,30.072,176.596,206.668,0.7459007157934082,5171.694,0.0005171694,399.78,0.0,0.0,0.39829192302816974,26887,170951,197838,103334,2585847,0.03,0.03,0.03,0,34,454,0,0,0,8,0,4,0,0,54.238,143,493
2830000,2026-01-19T17:00:22.812067,302220,26983,198532,103688,200571,0.7458704748543242,0.2594963,0.3982717729877967,53.966,343.098,397.064,84.148,520.292,604.44,30.182,177.194,207.376,0.7458704748543242,5189.926,0.0005189926,401.142,0.0,0.0,0.3982717729877967,26983,171549,198532,103688,2594963,0.03,0.03,0.03,0,28,459,0,3,0,7,0,3,0,0,53.472,107,490
2840000,2026-01-19T17:00:26.174123,303305,27078,199254,104050,201280,0.7459022485773242,0.2604053,0.3982684325932106,54.156,344.352,398.508,84.466,522.144,606.61,30.31,177.79,208.1,0.7459022485773242,5208.106,0.0005208106,402.56,0.0,0.0,0.3982684325932106,27078,172176,199254,104050,2604053,0.03,0.03,0.03,0,20,462,0,4,0,10,0,4,0,0,147.078,179,491
2850000,2026-01-19T17:00:29.545964,304386,27174,199965,104420,201996,0.7455576511166637,0.2613139,0.3982175856694272,54.348,345.582,399.93,84.778,523.994,608.772,30.428,178.412,208.84,0.7455576511166637,5226.278,0.0005226278,403.992,0.0,0.0,0.3982175856694272,27174,172791,199965,104420,2613139,0.03,0.03,0.03,0,24,465,0,1,0,5,0,5,0,0,33.782,109,395
2860000,2026-01-19T17:00:32.932520,305427,27278,200656,104770,202657,0.7453759904346992,0.2622439,0.39818167553342043,54.556,346.756,401.312,85.064,525.79,610.854,30.508,179.032,209.54,0.7453759904346992,5244.878,0.0005244878,405.314,0.0,0.0,0.39818167553342043,27278,173378,200656,104770,2622439,0.03,0.03,0.03,0,15,469,0,6,0,6,0,4,0,0,109.014,177,465
2870000,2026-01-19T17:00:36.306053,306505,27371,201366,105138,203371,0.7449847561715126,0.2631581,0.39810196221403715,54.742,347.99,402.732,85.374,527.636,613.01,30.63,179.646,210.276,0.7449847561715126,5263.162,0.0005263162,406.742,0.0,0.0,0.39810196221403715,27371,173995,201366,105138,2631581,0.03,0.03,0.03,0,19,461,0,5,0,12,0,3,0,0,136.938,159,484
2880000,2026-01-19T17:00:39.690166,307508,27462,202018,105489,204054,0.7451220820337568,0.2640666,0.39815904010997494,54.924,349.112,404.036,85.622,529.394,615.016,30.696,180.282,210.978,0.7451220820337568,5281.332,0.0005281331999999999,408.108,0.0,0.0,0.39815904010997494,27462,174556,202018,105489,2640666,0.03,0.03,0.03,0,26,461,0,4,0,7,0,2,0,0,51.808,91,419
2890000,2026-01-19T17:00:43.052264,308574,27554,202721,105853,204764,0.7453419050014576,0.2649957,0.3981869665126553,55.108,350.334,405.442,85.908,531.24,617.148,30.8,180.906,211.706,0.7453419050014576,5299.914,0.0005299914,409.528,0.0,0.0,0.3981869665126553,27554,175167,202721,105853,2649957,0.03,0.03,0.03,0,15,469,0,3,1,10,0,2,0,0,119.036,175,475
2900000,2026-01-19T17:00:46.412961,309623,27640,203407,106215,205466,0.7451307203343662,0.2658965,0.3981527311594416,55.28,351.534,406.814,86.204,533.042,619.246,30.922,181.508,212.43,0.7451307203343662,5317.93,0.0005317929999999999,410.932,0.0,0.0,0.3981527311594416,27640,175767,203407,106215,2658965,0.03,0.03,0.03,0,30,445,0,3,0,14,0,8,0,0,115.51,159,490
2910000,2026-01-19T17:00:49.777162,310674,27730,204097,106576,206174,0.7448501272017383,0.266808,0.3981306029978096,55.46,352.734,408.194,86.496,534.852,621.348,31.034,182.118,213.152,0.7448501272017383,5336.16,0.000533616,412.348,0.0,0.0,0.3981306029978096,27730,176367,204097,106576,2668080,0.03,0.03,0.03,0,24,454,0,3,0,11,0,8,0,0,56.046,95,468
2920000,2026-01-19T17:00:53.144246,311741,27818,204803,106937,206882,0.7447427136069028,0.2677132,0.3981111161454338,55.636,353.97,409.606,86.822,536.66,623.482,31.186,182.688,213.874,0.7447427136069028,5354.264,0.0005354264,413.764,0.0,0.0,0.3981111161454338,27818,176985,204803,106937,2677132,0.03,0.03,0.03,0,16,466,0,6,0,9,0,3,0,0,143.314,177,467
2930000,2026-01-19T17:00:56.496769,312799,27914,205496,107302,207574,0.7442616594840225,0.2686361,0.3980334842910275,55.828,355.164,410.992,87.124,538.474,625.598,31.294,183.31,214.604,0.7442616594840225,5372.722,0.0005372722,415.148,0.0,0.0,0.3980334842910275,27914,177582,205496,107302,2686361,0.03,0.03,0.03,0,22,458,0,5,0,10,0,5,0,0,109.794,155,458
2940000,2026-01-19T17:00:59.865776,313839,28002,206179,107659,208267,0.7441707638378592,0.2695385,0.3980247618451535,56.004,356.354,412.358,87.418,540.26,627.678,31.412,183.906,215.318,0.7441707638378592,5390.77,0.000539077,416.534,0.0,0.0,0.3980247618451535,28002,178177,206179,107659,2695385,0.03,0.03,0.03,0,34,442,0,7,0,12,0,5,0,0,97.692,123,488
2950000,2026-01-19T17:01:03.205997,314875,28097,206852,108022,208962,0.7445246492785491,0.2704739,0.3981082129310743,56.194,357.51,413.704,87.698,542.052,629.75,31.502,184.542,216.044,0.7445246492785491,5409.478,0.0005409478,417.924,0.0,0.0,0.3981082129310743,28097,178755,206852,108022,2704739,0.03,0.03,0.03,0,29,451,0,5,0,9,0,6,0,0,130.902,173,490
2960000,2026-01-19T17:01:06.537761,315934,28192,207545,108388,209659,0.7445960977756397,0.2713999,0.39812231844911783,56.384,358.706,415.09,88.008,543.86,631.868,31.622,185.154,216.776,0.7445960977756397,5427.998,0.0005427997999999999,419.318,0.0,0.0,0.39812231844911783,28192,179353,207545,108388,2713999,0.03,0.03,0.03,0,33,448,0,6,0,9,0,4,0,0,119.558,145,490
2970000,2026-01-19T17:01:09.896667,316972,28288,208228,108743,210345,0.7445623004323677,0.2723199,0.3981354170435275,56.576,359.88,416.456,88.286,545.658,633.944,31.708,185.778,217.486,0.7445623004323677,5446.398,0.0005446398,420.69,0.0,0.0,0.3981354170435275,28288,179940,208228,108743,2723199,0.03,0.03,0.03,0,14,467,0,7,0,9,0,3,0,0,124.018,153,483
2980000,2026-01-19T17:01:13.264289,318061,28384,208939,109121,211074,0.7443345574160475,0.2732451,0.39807912281232577,56.768,361.11,417.878,88.596,547.526,636.122,31.826,186.416,218.242,0.7443345574160475,5464.902,0.0005464902,422.148,0.0,0.0,0.39807912281232577,28384,180555,208939,109121,2732451,0.03,0.03,0.03,0,36,450,0,0,0,8,0,6,0,0,35.922,117,243
2990000,2026-01-19T17:01:16.604792,319137,28484,209643,109493,211779,0.7443795364823881,0.2741747,0.3981072325096898,56.968,362.318,419.286,88.896,549.378,638.274,31.926,187.06,218.986,0.7443795364823881,5483.494,0.0005483494,423.558,0.0,0.0,0.3981072325096898,28484,181159,209643,109493,2741747,0.03,0.03,0.03,0,32,454,0,2,0,8,0,4,0,0,51.822,100,448
3000000,2026-01-19T17:01:19.945371,320153,28575,210309,109843,212455,0.7442953467358903,0.2750919,0.39806961652476447,57.15,363.468,420.618,89.176,551.13,640.306,32.024,187.662,219.686,0.7442953467358903,5501.838,0.0005501838,424.91,0.0,0.0,0.39806961652476447,28575,181734,210309,109843,2750919,0.03,0.03,0.03,0,37,448,0,3,0,9,0,3,0,0,63.294,103,420
3010000,2026-01-19T17:01:23.285306,321203,28674,210995,110207,213135,0.7443330426609678,0.2760052,0.3980768648398998,57.348,364.642,421.99,89.474,552.932,642.406,32.124,188.29,220.414,0.7443330426609678,5520.104,0.0005520104,426.27,0.0,0.0,0.3980768648398998,28674,182321,210995,110207,2760052,0.03,0.03,0.03,0,30,450,0,3,0,11,0,6,0,0,88.888,135,418
3020000,2026-01-19T17:01:26.633338,322261,28775,211700,110560,213817,0.7439623710298193,0.2769246,0.39800473064991193,57.55,365.85,423.4,89.78,554.742,644.522,32.23,188.89,221.12,0.7439623710298193,5538.492,0.0005538492,427.634,0.0,0.0,0.39800473064991193,28775,182925,211700,110560,2769246,0.03,0.03,0.03,0,28,452,0,6,0,12,0,2,0,0,124.294,177,444
3030000,2026-01-19T17:01:29.981756,323334,28872,212414,110920,214519,0.7437336236096194,0.2778423,0.3979516691542575,57.744,367.084,424.828,90.092,556.576,646.668,32.348,189.492,221.84,0.7437336236096194,5556.846,0.0005556846,429.038,0.0,0.0,0.3979516691542575,28872,183542,212414,110920,2778423,0.03,0.03,0.03,0,26,459,0,5,1,7,0,2,0,0,79.678,175,491
3040000,2026-01-19T17:01:33.329864,324400,28970,213120,111279,215214,0.7438060984305422,0.2787439,0.3979566039204849,57.94,368.3,426.24,90.41,558.39,648.8,32.468,190.09,222.558,0.7438060984305422,5574.878,0.0005574878,430.428,0.0,0.0,0.3979566039204849,28970,184150,213120,111279,2787439,0.03,0.03,0.03,0,37,451,0,1,0,8,0,3,0,0,90.186,163,483
3050000,2026-01-19T17:01:36.672978,325475,29068,213827,111647,215905,0.7435253363861983,0.2796781,0.39789330378384763,58.136,369.518,427.654,90.726,560.224,650.95,32.588,190.706,223.294,0.7435253363861983,5593.562,0.0005593562,431.81,0.0,0.0,0.39789330378384763,29068,184759,213827,111647,2796781,0.03,0.03,0.03,0,28,452,0,5,0,12,0,3,0,0,107.204,155,462
3060000,2026-01-19T17:01:40.030671,326460,29160,214468,111991,216556,0.7433182750293256,0.2806043,0.39783780798313356,58.32,370.616,428.936,91.008,561.912,652.92,32.686,191.296,223.982,0.7433182750293256,5612.086,0.0005612086000000001,433.112,0.0,0.0,0.39783780798313356,29160,185308,214468,111991,2806043,0.03,0.03,0.03,0,27,457,0,2,0,10,0,4,0,0,73.72,127,444
3070000,2026-01-19T17:01:43.385883,327476,29252,215124,112351,217223,0.7436293746898276,0.2815228,0.39790105037456586,58.504,371.744,430.248,91.292,563.66,654.952,32.786,191.916,224.702,0.7436293746898276,5630.456,0.0005630456000000001,434.446,0.0,0.0,0.39790105037456586,29252,185872,215124,112351,2815228,0.03,0.03,0.03,0,18,457,0,5,0,13,0,7,0,0,131.328,171,482
3080000,2026-01-19T17:01:46.704039,328490,29345,215790,112699,217904,0.7436710139472986,0.2824444,0.3979116442488627,58.69,372.89,431.58,91.582,565.398,656.98,32.892,192.506,225.398,0.7436710139472986,5648.888,0.0005648888,435.808,0.0,0.0,0.3979116442488627,29345,186445,215790,112699,2824444,0.03,0.03,0.03,0,31,459,0,1,0,5,1,3,0,0,37.92,123,266
3090000,2026-01-19T17:01:50.009378,329582,29445,216512,113069,218593,0.7433536179248639,0.2833651,0.3978553523924132,58.89,374.134,433.024,91.916,567.248,659.164,33.026,193.112,226.138,0.7433536179248639,5667.302,0.0005667302,437.186,0.0,0.0,0.3978553523924132,29445,187067,216512,113069,2833651,0.03,0.03,0.03,0,43,438,0,7,0,9,0,3,0,0,86.2,179,492
3100000,2026-01-19T17:01:53.361390,330658,29548,217221,113436,219281,0.743102813808501,0.2842947,0.39781114356324926,59.096,375.346,434.442,92.226,569.09,661.316,33.128,193.744,226.872,0.743102813808501,5685.894,0.0005685894,438.562,0.0,0.0,0.39781114356324926,29548,187673,217221,113436,2842947,0.03,0.03,0.03,0,28,450,0,3,0,13,0,6,0,0,108.158,143,486
3110000,2026-01-19T17:01:56.703921,331718,29637,217919,113798,220003,0.7434075399380202,0.2852107,0.3978694707954261,59.274,376.564,435.838,92.52,570.916,663.436,33.246,194.35,227.596,0.7434075399380202,5704.214,0.0005704214,440.006,0.0,0.0,0.3978694707954261,29637,188282,217919,113798,2852107,0.03,0.03,0.03,0,37,447,0,5,0,7,0,4,0,0,108.346,172,481
3120000,2026-01-19T17:02:00.083347,332770,29735,218608,114161,220680,0.7433059080190565,0.2861283,0.39784674359523775,59.47,377.746,437.216,92.822,572.718,665.54,33.35,194.972,228.322,0.7433059080190565,5722.566,0.0005722566,441.36,0.0,0.0,0.39784674359523775,29735,188873,218608,114161,2861283,0.03,0.03,0.03,0,14,463,0,6,0,14,0,3,0,0,132.826,163,487
3130000,2026-01-19T17:02:03.432065,333818,29832,219301,114516,221362,0.743002655837491,0.2870494,0.397766787228341,59.664,378.938,438.602,93.13,574.506,667.636,33.466,195.566,229.032,0.743002655837491,5740.988,0.0005740988,442.724,0.0,0.0,0.397766787228341,29832,189469,219301,114516,2870494,0.03,0.03,0.03,0,23,461,0,3,0,9,0,4,0,0,96.274,177,440
3140000,2026-01-19T17:02:06.803772,334843,29929,219974,114868,222033,0.7430803024166427,0.2879683,0.397758349747885,59.858,380.09,439.948,93.42,576.266,669.686,33.56,196.176,229.736,0.7430803024166427,5759.366,0.0005759366,444.066,0.0,0.0,0.397758349747885,29929,190045,219974,114868,2879683,0.03,0.03,0.03,0,16,471,0,3,0,6,0,4,0,0,81.522,117,481
3150000,2026-01-19T17:02:10.157062,335838,30025,220633,115204,222671,0.7428225957634089,0.2888895,0.3976969922848765,60.05,381.216,441.266,93.722,577.954,671.676,33.67,196.738,230.408,0.7428225957634089,5777.79,0.000577779,445.342,0.0,0.0,0.3976969922848765,30025,190608,220633,115204,2888895,0.03,0.03,0.03,0,30,460,0,0,0,6,0,4,0,0,69.934,149,490
3160000,2026-01-19T17:02:13.485692,336890,30126,221320,115569,223352,0.7430215482053973,0.2898059,0.3977361313173057,60.252,382.388,442.64,94.018,579.762,673.78,33.764,197.374,231.138,0.7430215482053973,5796.118,0.0005796118,446.704,0.0,0.0,0.3977361313173057,30126,191194,221320,115569,2898059,0.03,0.03,0.03,0,38,450,0,0,0,6,0,6,0,0,42.046,97,348
3170000,2026-01-19T17:02:16.810324,337950,30223,222027,115922,224027,0.7428803723997797,0.2907291,0.39770037764047006,60.446,383.608,444.054,94.322,581.578,675.9,33.876,197.968,231.844,0.7428803723997797,5814.582,0.0005814582,448.054,0.0,0.0,0.39770037764047006,30223,191804,222027,115922,2907291,0.03,0.03,0.03,0,28,448,0,6,0,14,0,4,0,0,129.87,179,483
3180000,2026-01-19T17:02:20.143046,339019,30316,222725,116293,224757,0.7431509805735618,0.2916424,0.39776177096891613,60.632,384.818,445.45,94.588,583.45,678.038,33.956,198.63,232.586,0.7431509805735618,5832.848,0.0005832848,449.514,0.0,0.0,0.39776177096891613,30316,192409,222725,116293,2916424,0.03,0.03,0.03,0,19,456,0,9,0,13,0,3,0,0,142.954,179,486
3190000,2026-01-19T17:02:23.449312,340063,30416,223406,116656,225445,0.7434650136654442,0.2925795,0.3978422526122248,60.832,385.98,446.812,94.882,585.244,680.126,34.048,199.264,233.312,0.7434650136654442,5851.59,0.000585159,450.89,0.0,0.0,0.3978422526122248,30416,192990,223406,116656,2925795,0.03,0.03,0.03,0,25,459,0,1,0,10,0,5,0,0,97.912,152,489
3200000,2026-01-19T17:02:26.758661,341118,30513,224104,117013,226130,0.7432760406882922,0.2934953,0.3978402474654476,61.026,387.182,448.208,95.206,587.03,682.236,34.18,199.846,234.026,0.7432760406882922,5869.906,0.0005869906,452.26,0.0,0.0,0.3978402474654476,30513,193591,224104,117013,2934953,0.03,0.03,0.03,0,35,451,0,4,0,7,0,3,0,0,126.434,179,486
3210000,2026-01-19T17:02:30.090683,342154,30609,224791,117362,226803,0.7433331403475111,0.2944229,0.3978672344663418,61.218,388.364,449.582,95.516,588.792,684.308,34.296,200.428,234.724,0.7433331403475111,5888.458,0.0005888458,453.606,0.0,0.0,0.3978672344663418,30609,194182,224791,117362,2944229,0.03,0.03,0.03,0,31,457,0,0,0,8,0,4,0,0,39.882,107,331
3220000,2026-01-19T17:02:33.422899,343189,30701,225472,117716,227485,0.7432725116788623,0.2953418,0.39787474888576824,61.402,389.542,450.944,95.814,590.564,686.378,34.41,201.022,235.432,0.7432725116788623,5906.836,0.0005906835999999999,454.97,0.0,0.0,0.39787474888576824,30701,194771,225472,117716,2953418,0.03,0.03,0.03,0,23,460,0,7,0,7,0,3,0,0,91.412,123,475
3230000,2026-01-19T17:02:36.734833,344208,30795,226135,118073,228161,0.7433319579203155,0.2962696,0.39791474252626435,61.59,390.68,452.27,96.09,592.326,688.416,34.5,201.646,236.146,0.7433319579203155,5925.392,0.0005925392000000001,456.322,0.0,0.0,0.39791474252626435,30795,195340,226135,118073,2962696,0.03,0.03,0.03,0,21,461,1,5,0,8,0,4,0,0,116.636,181,470
3240000,2026-01-19T17:02:40.042200,345278,30889,226839,118438,228863,0.7430816430431295,0.2971785,0.3978926201352464,61.778,391.9,453.678,96.396,594.16,690.556,34.618,202.258,236.876,0.7430816430431295,5943.57,0.000594357,457.726,0.0,0.0,0.3978926201352464,30889,195950,226839,118438,2971785,0.03,0.03,0.03,0,23,458,0,4,0,10,0,5,0,0,129.616,177,483
3250000,2026-01-19T17:02:43.362230,346347,30986,227546,118801,229566,0.7429858413256896,0.2980829,0.39787767602698604,61.972,393.12,455.092,96.686,596.008,692.694,34.714,202.888,237.602,0.7429858413256896,5961.658,0.0005961658,459.132,0.0,0.0,0.39787767602698604,30986,196560,227546,118801,2980829,0.03,0.03,0.03,0,14,460,0,6,1,15,0,4,0,0,137.136,175,494
3260000,2026-01-19T17:02:46.668774,347432,31085,228266,119165,230291,0.7430262936246671,0.2989953,0.3978826016579596,62.17,394.362,456.532,96.994,597.87,694.864,34.822,203.508,238.33,0.7430262936246671,5979.906,0.0005979906000000001,460.582,0.0,0.0,0.3978826016579596,31085,197181,228266,119165,2989953,0.03,0.03,0.03,0,40,450,0,1,0,5,0,4,0,0,67.386,127,422
3270000,2026-01-19T17:02:50.020767,348440,31181,228927,119512,230939,0.7430728783782883,0.2999061,0.39787747891901576,62.362,395.492,457.854,97.282,599.598,696.88,34.918,204.106,239.024,0.7430728783782883,5998.122,0.0005998122,461.878,0.0,0.0,0.39787747891901576,31181,197746,228927,119512,2999061,0.03,0.03,0.03,0,22,465,0,1,0,7,0,5,0,0,56.892,103,423
3280000,2026-01-19T17:02:53.348463,349519,31281,229647,119871,231626,0.7428900749214947,0.3008219,0.39781622103484277,62.562,396.732,459.294,97.61,601.428,699.038,35.046,204.696,239.742,0.7428900749214947,6016.438,0.0006016438,463.252,0.0,0.0,0.39781622103484277,31281,198366,229647,119871,3008219,0.03,0.03,0.03,0,18,464,0,8,0,7,0,3,0,0,102.274,125,487
3290000,2026-01-19T17:02:56.683419,350572,31377,230339,120232,232316,0.7427620379758093,0.3017435,0.39777987446354673,62.754,397.924,460.678,97.914,603.23,701.144,35.158,205.306,240.464,0.7427620379758093,6034.87,0.000603487,464.632,0.0,0.0,0.39777987446354673,31377,198962,230339,120232,3017435,0.03,0.03,0.03,0,24,462,0,2,0,9,0,3,0,0,94.058,141,489
3300000,2026-01-19T17:03:00.018672,351607,31474,231019,120587,232982,0.7425072402261931,0.3026742,0.39774647032480587,62.948,399.09,462.038,98.218,604.996,703.214,35.268,205.906,241.174,0.7425072402261931,6053.484,0.0006053484,465.964,0.0,0.0,0.39774647032480587,31474,199545,231019,120587,3026742,0.03,0.03,0.03,0,20,463,0,3,0,9,0,5,0,0,122.526,165,476
3310000,2026-01-19T17:03:03.334425,352659,31573,231708,120950,233659,0.7424714577505527,0.3036063,0.39775444472475185,63.146,400.27,463.416,98.516,606.802,705.318,35.37,206.53,241.9,0.7424714577505527,6072.126,0.0006072126,467.318,0.0,0.0,0.39775444472475185,31573,200135,231708,120950,3036063,0.03,0.03,0.03,0,23,454,0,8,0,11,0,4,0,0,153.286,177,480
3320000,2026-01-19T17:03:06.626584,353686,31667,232383,121302,234333,0.7423217004779823,0.3045305,0.3977337294817232,63.334,401.432,464.766,98.82,608.552,707.372,35.484,207.12,242.604,0.7423217004779823,6090.61,0.0006090609999999999,468.666,0.0,0.0,0.3977337294817232,31667,200716,232383,121302,3045305,0.03,0.03,0.03,0,18,464,0,4,0,9,0,5,0,0,62.18,99,457
3330000,2026-01-19T17:03:09.938059,354738,31760,233078,121659,235024,0.7422148283105802,0.3054449,0.39770863702374465,63.52,402.636,466.156,99.132,610.344,709.476,35.61,207.708,243.318,0.7422148283105802,6108.898,0.0006108898,470.048,0.0,0.0,0.39770863702374465,31760,201318,233078,121659,3054449,0.03,0.03,0.03,0,32,452,0,1,0,10,0,5,0,0,57.652,103,416
3340000,2026-01-19T17:03:13.234877,355755,31846,233743,122011,235717,0.7422544969953544,0.3063521,0.3977141846743763,63.692,403.794,467.486,99.394,612.116,711.51,35.7,208.322,244.022,0.7422544969953544,6127.042,0.0006127042,471.434,0.0,0.0,0.3977141846743763,31846,201897,233743,122011,3063521,0.03,0.03,0.03,0,15,467,0,5,0,10,0,3,0,0,122.636,153,489
3350000,2026-01-19T17:03:16.557594,356799,31942,234432,122366,236398,0.7420467933692078,0.3072781,0.3976926902136044,63.884,404.98,468.864,99.706,613.892,713.598,35.82,208.912,244.732,0.7420467933692078,6145.562,0.0006145562,472.796,0.0,0.0,0.3976926902136044,31942,202490,234432,122366,3072781,0.03,0.03,0.03,0,24,460,0,2,0,8,0,6,0,0,126.038,168,483
3360000,2026-01-19T17:03:20.052641,357868,32038,235139,122728,237082,0.7417714481359952,0.3081853,0.3976450304705671,64.076,406.202,470.278,100.034,615.702,715.736,35.958,209.498,245.456,0.7417714481359952,6163.706,0.0006163706,474.164,0.0,0.0,0.3976450304705671,32038,203101,235139,122728,3081853,0.03,0.03,0.03,0,21,456,0,5,0,12,0,6,0,0,87.952,171,481
3370000,2026-01-19T17:03:23.343783,358911,32132,235832,123078,237769,0.7412777949371016,0.3091087,0.3975610495907405,64.264,407.4,471.664,100.334,617.488,717.822,36.068,210.088,246.156,0.7412777949371016,6182.174,0.0006182174,475.538,0.0,0.0,0.3975610495907405,32132,203700,235832,123078,3091087,0.03,0.03,0.03,0,20,463,0,2,0,8,0,7,0,0,130.072,169,481
3380000,2026-01-19T17:03:26.642942,359948,32232,236514,123433,238439,0.7414033688829617,0.3100272,0.3975825044298453,64.464,408.564,473.028,100.638,619.258,719.896,36.174,210.692,246.866,0.7414033688829617,6200.544,0.0006200544,476.878,0.0,0.0,0.3975825044298453,32232,204282,236514,123433,3100272,0.03,0.03,0.03,0,23,460,0,5,0,9,0,3,0,0,147.192,179,489
3390000,2026-01-19T17:03:29.924851,360987,32327,237196,123790,239115,0.7414178551860471,0.3109493,0.39758602909073787,64.654,409.738,474.392,100.954,621.02,721.974,36.298,211.282,247.58,0.7414178551860471,6218.986,0.0006218986,478.23,0.0,0.0,0.39758602909073787,32327,204869,237196,123790,3109493,0.03,0.03,0.03,0,14,469,0,4,0,9,0,4,0,0,96.792,153,448
3400000,2026-01-19T17:03:33.216465,362009,32424,237866,124142,239792,0.7414016646628735,0.3118644,0.3975998326852473,64.848,410.884,475.732,101.23,622.788,724.018,36.38,211.904,248.284,0.7414016646628735,6237.288,0.0006237288,479.584,0.0,0.0,0.3975998326852473,32424,205442,237866,124142,3118644,0.03,0.03,0.03,0,27,458,0,2,0,8,0,5,0,0,56.102,93,476
3410000,2026-01-19T17:03:36.507318,363002,32522,238519,124482,240436,0.7416406527390272,0.3127904,0.39763835327551517,65.044,411.994,477.038,101.506,624.498,726.004,36.462,212.502,248.964,0.7416406527390272,6255.808,0.0006255808000000001,480.872,0.0,0.0,0.39763835327551517,32522,205997,238519,124482,3127904,0.03,0.03,0.03,0,25,460,0,5,0,6,0,4,0,0,98.764,177,478
3420000,2026-01-19T17:03:39.784458,364045,32619,239206,124838,241121,0.7415127393835479,0.3137226,0.3976308229208738,65.238,413.174,478.412,101.796,626.294,728.09,36.556,213.12,249.676,0.7415127393835479,6274.452,0.0006274452000000001,482.242,0.0,0.0,0.3976308229208738,32619,206587,239206,124838,3137226,0.03,0.03,0.03,0,16,466,0,5,0,9,0,4,0,0,96.008,157,478
3430000,2026-01-19T17:03:43.064890,365106,32716,239907,125198,241810,0.7413594091668358,0.3146353,0.39761478019958035,65.432,414.382,479.814,102.104,628.108,730.212,36.67,213.726,250.396,0.7413594091668358,6292.706,0.0006292706,483.62,0.0,0.0,0.39761478019958035,32716,207191,239907,125198,3146353,0.03,0.03,0.03,0,17,465,0,3,0,10,0,5,0,0,83.374,141,478
3440000,2026-01-19T17:03:46.331100,366176,32813,240614,125561,242515,0.7412889916678618,0.3155469,0.39763331383883666,65.626,415.602,481.228,102.402,629.95,732.352,36.776,214.346,251.122,0.7412889916678618,6310.938,0.0006310938,485.03,0.0,0.0,0.39763331383883666,32813,207801,240614,125561,3155469,0.03,0.03,0.03,0,53,431,0,4,0,8,0,4,0,0,98.158,177,383
3450000,2026-01-19T17:03:49.617702,367204,32906,241286,125917,243188,0.7412759097533875,0.3164787,0.397636915116323,65.812,416.76,482.572,102.706,631.702,734.408,36.894,214.94,251.834,0.7412759097533875,6329.574,0.0006329574,486.376,0.0,0.0,0.397636915116323,32906,208380,241286,125917,3164787,0.03,0.03,0.03,0,27,458,0,3,0,9,0,3,0,0,94.006,178,370
3460000,2026-01-19T17:03:52.891399,368287,33006,241999,126287,243896,0.7410407245550569,0.3174109,0.39762274769963496,66.012,417.986,483.998,103.01,633.564,736.574,36.998,215.576,252.574,0.7410407245550569,6348.218,0.0006348218,487.792,0.0,0.0,0.39762274769963496,33006,208993,241999,126287,3174109,0.03,0.03,0.03,0,22,462,0,5,0,7,0,4,0,0,82.59,120,460
3470000,2026-01-19T17:03:56.169248,369348,33103,242705,126642,244583,0.7408027527528372,0.3183263,0.39758187665236844,66.206,419.204,485.41,103.326,635.37,738.696,37.118,216.166,253.284,0.7408027527528372,6366.526,0.0006366526,489.166,0.0,0.0,0.39758187665236844,33103,209602,242705,126642,3183263,0.03,0.03,0.03,0,18,466,0,5,0,7,0,4,0,0,95.716,131,464
3480000,2026-01-19T17:03:59.444398,370413,33198,243409,127003,245291,0.7406360337464738,0.3192411,0.3975668657466965,66.396,420.422,486.818,103.628,637.198,740.826,37.232,216.774,254.006,0.7406360337464738,6384.822,0.0006384822,490.582,0.0,0.0,0.3975668657466965,33198,210211,243409,127003,3192411,0.03,0.03,0.03,0,37,451,0,2,0,6,0,4,0,0,57.156,120,389
3490000,2026-01-19T17:04:02.717724,371447,33298,244089,127357,245959,0.7406031528688695,0.3201727,0.3975584757644234,66.596,421.582,488.178,103.918,638.976,742.894,37.32,217.394,254.714,0.7406031528688695,6403.454,0.0006403454,491.918,0.0,0.0,0.3975584757644234,33298,210791,244089,127357,3201727,0.03,0.03,0.03,0,28,456,0,2,0,10,0,4,0,0,93.472,161,471
3500000,2026-01-19T17:04:06.005535,372434,33393,244735,127698,246603,0.7405630504057221,0.3210901,0.397560859842252,66.786,422.684,489.47,104.192,640.676,744.868,37.404,217.992,255.396,0.7405630504057221,6421.802,0.0006421802,493.206,0.0,0.0,0.397560859842252,33393,211342,244735,127698,3210901,0.03,0.03,0.03,0,17,466,0,6,0,7,0,4,0,0,92.732,131,457
3510000,2026-01-19T17:04:09.270397,373464,33486,245402,128061,247291,0.7407210736312435,0.3220102,0.3976230751132786,66.972,423.832,490.804,104.49,642.438,746.928,37.516,218.606,256.122,0.7407210736312435,6440.204,0.0006440204000000001,494.582,0.0,0.0,0.3976230751132786,33486,211916,245402,128061,3220102,0.03,0.03,0.03,0,33,455,0,0,0,8,0,4,0,0,25.032,83,236
3520000,2026-01-19T17:04:12.558935,374473,33580,246066,128406,247950,0.7405399144064402,0.3229345,0.3975873014005837,67.16,424.972,492.132,104.778,644.168,748.946,37.616,219.196,256.812,0.7405399144064402,6458.69,0.000645869,495.9,0.0,0.0,0.3975873014005837,33580,212486,246066,128406,3229345,0.03,0.03,0.03,0,17,470,0,2,0,8,0,3,0,0,79.014,153,493
3530000,2026-01-19T17:04:15.857651,375501,33672,246748,128752,248615,0.7404919772939265,0.3238507,0.3975648543027208,67.344,426.152,493.496,105.068,645.934,751.002,37.722,219.782,257.504,0.7404919772939265,6477.014,0.0006477014,497.23,0.0,0.0,0.3975648543027208,33672,213076,246748,128752,3238507,0.03,0.03,0.03,0,22,456,0,3,0,11,0,8,0,0,125.314,169,479
3540000,2026-01-19T17:04:19.161928,376548,33768,247442,129105,249306,0.7403680453818217,0.3247598,0.397539302507218,67.536,427.348,494.884,105.364,647.732,753.096,37.826,220.384,258.21,0.7403680453818217,6495.196,0.0006495196,498.612,0.0,0.0,0.397539302507218,33768,213674,247442,129105,3247598,0.03,0.03,0.03,0,20,466,0,3,0,8,0,3,0,0,77.898,159,434
3550000,2026-01-19T17:04:22.462586,377647,33867,248173,129474,250026,0.740339312177433,0.3256712,0.39753381085601824,67.734,428.612,496.346,105.67,649.624,755.294,37.936,221.012,258.948,0.740339312177433,6513.424,0.0006513424,500.052,0.0,0.0,0.39753381085601824,33867,214306,248173,129474,3256712,0.03,0.03,0.03,0,19,465,1,3,0,9,0,3,0,0,115.696,181,427
3560000,2026-01-19T17:04:25.745333,378704,33959,248870,129833,250727,0.7402639256984298,0.3265674,0.397526214771754,67.918,429.822,497.74,105.97,651.438,757.408,38.05,221.616,259.666,0.7402639256984298,6531.348,0.0006531348,501.454,0.0,0.0,0.397526214771754,33959,214911,248870,129833,3265674,0.03,0.03,0.03,0,35,447,0,4,0,8,0,6,0,0,127.938,159,472
3570000,2026-01-19T17:04:29.054802,379712,34053,249535,130176,251378,0.7401121646406347,0.3274928,0.39750776114003994,68.106,430.964,499.07,106.262,653.162,759.424,38.156,222.196,260.352,0.7401121646406347,6549.856,0.0006549856,502.756,0.0,0.0,0.39750776114003994,34053,215482,249535,130176,3274928,0.03,0.03,0.03,0,22,458,0,5,0,11,0,4,0,0,141.484,179,489
3580000,2026-01-19T17:04:32.336025,380781,34149,250245,130535,252077,0.7399807995778154,0.3284195,0.3974755928751743,68.298,432.192,500.49,106.558,655.004,761.562,38.258,222.812,261.07,0.7399807995778154,6568.39,0.000656839,504.154,0.0,0.0,0.3974755928751743,34149,216096,250245,130535,3284195,0.03,0.03,0.03,0,25,455,0,5,0,11,0,4,0,0,132.026,160,492
3590000,2026-01-19T17:04:35.602537,381859,34248,250956,130902,252774,0.7397791928919231,0.3293373,0.3974459630340348,68.496,433.416,501.912,106.874,656.844,763.718,38.376,223.428,261.804,0.7397791928919231,6586.746,0.0006586746,505.548,0.0,0.0,0.3974459630340348,34248,216708,250956,130902,3293373,0.03,0.03,0.03,0,21,456,0,5,0,12,0,6,0,0,119.904,159,490
3600000,2026-01-19T17:04:38.887531,382911,34341,251647,131263,253472,0.7396654997814149,0.3302607,0.3974270875397511,68.682,434.612,503.294,107.188,658.634,765.822,38.504,224.022,262.526,0.7396654997814149,6605.214,0.0006605214,506.944,0.0,0.0,0.3974270875397511,34341,217306,251647,131263,3302607,0.03,0.03,0.03,0,24,459,0,4,0,10,0,3,0,0,97.82,127,451
3610000,2026-01-19T17:04:42.178937,384008,34438,252374,131633,254198,0.7395128396452355,0.331169,0.3974198117322177,68.876,435.872,504.748,107.476,660.54,768.016,38.6,224.666,263.266,0.7395128396452355,6623.38,0.000662338,508.396,0.0,0.0,0.3974198117322177,34438,217936,252374,131633,3311690,0.03,0.03,0.03,0,24,457,0,5,0,11,0,3,0,0,125.732,179,400
3620000,2026-01-19T17:04:45.471651,385069,34531,253070,131998,254896,0.7394156453332368,0.3320925,0.39738589694918197,69.062,437.078,506.14,107.792,662.346,770.138,38.728,225.268,263.996,0.7394156453332368,6641.85,0.0006641850000000001,509.792,0.0,0.0,0.39738589694918197,34531,218539,253070,131998,3320925,0.03,0.03,0.03,0,21,460,0,5,0,9,0,5,0,0,85.038,117,488
3630000,2026-01-19T17:04:48.760149,386131,34630,253775,132356,255585,0.7393417530912576,0.3330195,0.3973587911591611,69.26,438.29,507.55,108.086,664.176,772.262,38.826,225.886,264.712,0.7393417530912576,6660.39,0.000666039,511.17,0.0,0.0,0.3973587911591611,34630,219145,253775,132356,3330195,0.03,0.03,0.03,0,23,458,1,1,0,9,0,8,0,0,121.234,181,493
3640000,2026-01-19T17:04:52.030183,387179,34725,254465,132714,256279,0.7393146681791045,0.3339246,0.39735574627719505,69.45,439.48,508.93,108.364,665.994,774.358,38.914,226.514,265.428,0.7393146681791045,6678.492,0.0006678492,512.558,0.0,0.0,0.39735574627719505,34725,219740,254465,132714,3339246,0.03,0.03,0.03,0,26,454,1,6,0,11,0,2,0,0,146.436,181,484
3650000,2026-01-19T17:04:55.318446,388257,34828,255185,133071,256971,0.7392239391491048,0.3348459,0.3973033230102627,69.656,440.714,510.37,108.686,667.828,776.514,39.03,227.112,266.142,0.7392239391491048,6696.918,0.0006696918,513.942,0.0,0.0,0.3973033230102627,34828,220357,255185,133071,3348459,0.03,0.03,0.03,0,38,449,0,4,0,7,0,2,0,0,62.054,121,369
3660000,2026-01-19T17:04:58.623243,389332,34925,255896,133435,257666,0.739083800230962,0.3357614,0.39725988051663935,69.85,441.942,511.792,109.0,669.664,778.664,39.148,227.722,266.87,0.739083800230962,6715.228,0.0006715228,515.332,0.0,0.0,0.39725988051663935,34925,220971,255896,133435,3357614,0.03,0.03,0.03,0,19,462,0,4,0,10,0,5,0,0,101.524,167,441
3670000,2026-01-19T17:05:01.904951,390368,35021,256578,133789,258344,0.7390188413028659,0.3366842,0.39723559569238864,70.042,443.114,513.156,109.292,671.444,780.736,39.248,228.33,267.578,0.7390188413028659,6733.684,0.0006733684,516.688,0.0,0.0,0.39723559569238864,35021,221557,256578,133789,3366842,0.03,0.03,0.03,0,25,457,0,2,0,9,0,7,0,0,94.914,167,490
3680000,2026-01-19T17:05:05.212504,391440,35124,257286,134153,259039,0.7386496166280374,0.3376095,0.39716480301718177,70.248,444.324,514.572,109.592,673.288,782.88,39.344,228.962,268.306,0.7386496166280374,6752.19,0.000675219,518.078,0.0,0.0,0.39716480301718177,35124,222162,257286,134153,3376095,0.03,0.03,0.03,0,17,471,0,3,0,7,0,2,0,0,63.19,179,402
3690000,2026-01-19T17:05:08.489285,392465,35221,257956,134508,259696,0.7387604202111531,0.3385388,0.39717499561890673,70.442,445.47,515.912,109.88,675.05,784.93,39.438,229.578,269.016,0.7387604202111531,6770.776,0.0006770776,519.392,0.0,0.0,0.39717499561890673,35221,222735,257956,134508,3385388,0.03,0.03,0.03,0,20,454,0,9,0,12,0,5,0,0,123.646,177,471
3700000,2026-01-19T17:05:11.742734,393495,35316,258626,134868,260377,0.7385414472374731,0.3394533,0.3971319737237218,70.632,446.62,517.252,110.192,676.798,786.99,39.558,230.178,269.736,0.7385414472374731,6789.066,0.0006789066,520.754,0.0,0.0,0.3971319737237218,35316,223310,258626,134868,3394533,0.03,0.03,0.03,0,27,455,0,2,0,9,0,7,0,0,66.254,137,391
3710000,2026-01-19T17:05:14.993918,394547,35419,259317,135229,261051,0.7382910814099594,0.3403844,0.3970780446370029,70.838,447.796,518.634,110.504,678.59,789.094,39.664,230.794,270.458,0.7382910814099594,6807.688,0.0006807687999999999,522.102,0.0,0.0,0.3970780446370029,35419,223898,259317,135229,3403844,0.03,0.03,0.03,0,26,461,0,1,0,7,0,5,0,0,49.466,105,350
3720000,2026-01-19T17:05:18.238526,395644,35518,260041,135602,261762,0.7380722040478411,0.3413096,0.39703250885954494,71.036,449.046,520.082,110.816,680.472,791.288,39.78,231.424,271.204,0.7380722040478411,6826.192,0.0006826191999999999,523.524,0.0,0.0,0.39703250885954494,35518,224523,260041,135602,3413096,0.03,0.03,0.03,0,15,464,0,6,0,12,0,3,0,0,134.278,179,483
3730000,2026-01-19T17:05:21.523532,396638,35617,260684,135953,262412,0.7381021348595014,0.3422424,0.3970524854820174,71.234,450.134,521.368,111.102,682.174,793.276,39.866,232.04,271.906,0.7381021348595014,6844.848,0.0006844848,524.824,0.0,0.0,0.3970524854820174,35617,225067,260684,135953,3422424,0.03,0.03,0.03,0,21,465,0,1,0,9,0,4,0,0,51.748,111,359
3740000,2026-01-19T17:05:24.786092,397693,35718,261382,136310,263080,0.7380615597399008,0.3431768,0.39704777549351944,71.436,451.328,522.764,111.416,683.97,795.386,39.978,232.642,272.62,0.7380615597399008,6863.536,0.0006863536,526.16,0.0,0.0,0.39704777549351944,35718,225664,261382,136310,3431768,0.03,0.03,0.03,0,34,446,0,5,0,11,0,4,0,0,88.172,171,491
3750000,2026-01-19T17:05:28.016455,398762,35823,262082,136680,263764,0.7380284831952021,0.3441048,0.39702137981146757,71.646,452.518,524.164,111.738,685.786,797.524,40.092,233.268,273.36,0.7380284831952021,6882.096,0.0006882095999999999,527.528,0.0,0.0,0.39702137981146757,35823,226259,262082,136680,3441048,0.03,0.03,0.03,0,12,467,0,4,0,11,0,6,0,0,123.092,166,479
3760000,2026-01-19T17:05:31.286550,399839,35927,262790,137048,264451,0.7377234751502849,0.3450333,0.3969716023071826,71.854,453.726,525.58,112.062,687.616,799.678,40.206,233.89,274.096,0.7377234751502849,6900.666,0.0006900666,528.902,0.0,0.0,0.3969716023071826,35927,226863,262790,137048,3450333,0.03,0.03,0.03,0,28,452,0,3,0,12,0,5,0,0,105.294,163,477
3770000,2026-01-19T17:05:34.535731,400892,36028,263483,137408,265132,0.7377687790553547,0.3459557,0.3969848208377544,72.056,454.91,526.966,112.38,689.404,801.784,40.322,234.494,274.816,0.7377687790553547,6919.114,0.0006919113999999999,530.264,0.0,0.0,0.3969848208377544,36028,227455,263483,137408,3459557,0.03,0.03,0.03,0,30,455,0,3,0,8,0,4,0,0,59.114,85,494
3780000,2026-01-19T17:05:37.768113,401969,36121,264197,137771,265829,0.7376510710998844,0.3468768,0.3969585383910182,72.242,456.152,528.394,112.702,691.236,803.938,40.458,235.084,275.542,0.7376510710998844,6937.536,0.0006937536,531.658,0.0,0.0,0.3969585383910182,36121,228076,264197,137771,3468768,0.03,0.03,0.03,0,27,450,0,5,0,11,0,7,0,0,100.656,143,488
3790000,2026-01-19T17:05:41.007695,403062,36223,264913,138148,266538,0.7375661712289401,0.3477993,0.39694586710922547,72.446,457.38,529.826,113.026,693.098,806.124,40.578,235.718,276.296,0.7375661712289401,6955.986,0.0006955986,533.076,0.0,0.0,0.39694586710922547,36223,228690,264913,138148,3477993,0.03,0.03,0.03,0,14,465,0,6,0,11,0,4,0,0,134.636,163,488
3800000,2026-01-19T17:05:44.310533,404067,36320,265574,138492,267196,0.7375256816812051,0.3487229,0.3969321998988733,72.64,458.508,531.148,113.308,694.826,808.134,40.666,236.318,276.984,0.7375256816812051,6974.458,0.0006974458,534.392,0.0,0.0,0.3969321998988733,36320,229254,265574,138492,3487229,0.03,0.03,0.03,0,24,460,0,3,0,10,0,3,0,0,101.596,155,490
3810000,2026-01-19T17:05:47.521362,405127,36413,266281,138845,267891,0.7371871039619462,0.349636,0.3968701989267624,72.826,459.736,532.562,113.616,696.638,810.254,40.79,236.9,277.69,0.7371871039619462,6992.72,0.000699272,535.782,0.0,0.0,0.3968701989267624,36413,229868,266281,138845,3496360,0.03,0.03,0.03,0,25,457,0,4,0,10,0,4,0,0,131.578,177,490
3820000,2026-01-19T17:05:50.744945,406228,36516,267013,139214,268601,0.7371262502756154,0.3505409,0.3968576131735355,73.032,460.994,534.026,113.948,698.508,812.456,40.914,237.514,278.428,0.7371262502756154,7010.818,0.0007010817999999999,537.202,0.0,0.0,0.3968576131735355,36516,230497,267013,139214,3505409,0.03,0.03,0.03,0,23,464,0,2,0,8,0,3,0,0,95.528,163,490
3830000,2026-01-19T17:05:53.973713,407266,36614,267697,139568,269273,0.7370747625838704,0.3514651,0.39686066689644534,73.228,462.166,535.394,114.26,700.272,814.532,41.03,238.106,279.136,0.7370747625838704,7029.302,0.0007029301999999999,538.546,0.0,0.0,0.39686066689644534,36614,231083,267697,139568,3514651,0.03,0.03,0.03,0,31,459,0,0,0,7,0,3,0,0,27.69,123,308
3840000,2026-01-19T17:05:57.206895,408341,36715,268405,139936,269969,0.7371051070090331,0.3523722,0.3968772549426549,73.43,463.38,536.81,114.566,702.116,816.682,41.136,238.736,279.872,0.7371051070090331,7047.444,0.0007047444,539.938,0.0,0.0,0.3968772549426549,36715,231690,268405,139936,3523722,0.03,0.03,0.03,0,21,465,0,3,0,8,0,3,0,0,53.092,103,488
3850000,2026-01-19T17:06:00.463344,409389,36818,269108,140280,270636,0.7369822689367715,0.3532833,0.39681672714195976,73.636,464.58,538.216,114.87,703.908,818.778,41.232,239.328,280.56,0.7369822689367715,7065.666,0.0007065666,541.272,0.0,0.0,0.39681672714195976,36818,232290,269108,140280,3532833,0.03,0.03,0.03,0,35,455,0,0,0,7,0,3,0,0,37.818,154,428
3860000,2026-01-19T17:06:03.679232,410439,36915,269801,140637,271315,0.7370522829485194,0.3542097,0.3968389516846824,73.83,465.772,539.602,115.16,705.718,820.878,41.328,239.946,281.274,0.7370522829485194,7084.194,0.0007084194,542.63,0.0,0.0,0.3968389516846824,36915,232886,269801,140637,3542097,0.03,0.03,0.03,0,37,438,0,8,0,15,0,2,0,0,133.11,159,486
3870000,2026-01-19T17:06:06.924556,411481,37012,270497,140983,271995,0.7370452604182607,0.3551295,0.3968151141706878,74.024,466.97,540.994,115.472,707.49,822.962,41.446,240.52,281.966,0.7370452604182607,7102.59,0.000710259,543.99,0.0,0.0,0.3968151141706878,37012,233485,270497,140983,3551295,0.03,0.03,0.03,0,29,461,0,0,0,9,0,1,0,0,31.42,135,318
3880000,2026-01-19T17:06:10.177049,412525,37111,271184,141341,272648,0.7371514535727094,0.3560632,0.39681708598711674,74.222,468.146,542.368,115.78,709.27,825.05,41.558,241.124,282.682,0.7371514535727094,7121.264,0.0007121264,545.296,0.0,0.0,0.39681708598711674,37111,234073,271184,141341,3560632,0.03,0.03,0.03,0,20,457,0,6,0,11,0,6,0,0,143.098,177,490
3890000,2026-01-19T17:06:13.421301,413549,37210,271855,141693,273312,0.7371790911205992,0.3570016,0.39683499175884845,74.42,469.29,543.71,116.066,711.032,827.098,41.644,241.742,283.386,0.7371790911205992,7140.032,0.0007140031999999999,546.624,0.0,0.0,0.39683499175884845,37210,234645,271855,141693,3570016,0.03,0.03,0.03,0,20,457,0,5,0,12,0,6,0,0,130.992,169,493
3900000,2026-01-19T17:06:16.656435,414570,37306,272528,142041,273976,0.7372495729358511,0.3579137,0.3968481263082116,74.612,470.444,545.056,116.38,712.76,829.14,41.766,242.316,284.082,0.7372495729358511,7158.274,0.0007158274,547.952,0.0,0.0,0.3968481263082116,37306,235222,272528,142041,3579137,0.03,0.03,0.03,0,35,449,0,3,0,10,0,3,0,0,89.72,133,439
3910000,2026-01-19T17:06:19.893520,415635,37404,273233,142401,274670,0.7371839284255849,0.3588337,0.3968430866789957,74.808,471.658,546.466,116.688,714.582,831.27,41.878,242.924,284.802,0.7371839284255849,7176.674,0.0007176674,549.34,0.0,0.0,0.3968430866789957,37404,235829,273233,142401,3588337,0.03,0.03,0.03,0,18,468,0,1,0,7,0,6,0,0,58.164,119,464
3920000,2026-01-19T17:06:23.138980,416700,37509,273934,142765,275343,0.7370569702892614,0.3597773,0.3968439710736096,75.018,472.85,547.868,117.012,716.388,833.4,41.994,243.536,285.53,0.7370569702892614,7195.546,0.0007195546000000001,550.686,0.0,0.0,0.3968439710736096,37509,236425,273934,142765,3597773,0.03,0.03,0.03,0,17,468,0,6,0,7,0,2,0,0,67.57,127,489
3930000,2026-01-19T17:06:26.386179,417784,37604,274648,143135,276046,0.7370129890799725,0.3606997,0.39683124370865486,75.208,474.088,549.296,117.332,718.236,835.568,42.122,244.148,286.27,0.7370129890799725,7213.994,0.0007213994,552.092,0.0,0.0,0.39683124370865486,37604,237044,274648,143135,3606997,0.03,0.03,0.03,0,21,455,0,7,0,12,0,5,0,0,119.776,149,490
3940000,2026-01-19T17:06:29.604071,418853,37702,275366,143487,276747,0.7368036066669444,0.3616133,0.3967892975346834,75.404,475.328,550.732,117.654,720.052,837.706,42.25,244.724,286.974,0.7368036066669444,7232.266,0.0007232266000000001,553.494,0.0,0.0,0.3967892975346834,37702,237664,275366,143487,3616133,0.03,0.03,0.03,0,34,453,0,3,0,6,1,3,0,0,64.552,124,396
3950000,2026-01-19T17:06:32.848673,419923,37799,276069,143853,277438,0.7366770058956547,0.3625319,0.3967832799500097,75.598,476.54,552.138,117.972,721.874,839.846,42.372,245.334,287.706,0.7366770058956547,7250.638,0.0007250638,554.876,0.0,0.0,0.3967832799500097,37799,238270,276069,143853,3625319,0.03,0.03,0.03,0,24,458,0,7,0,8,0,3,0,0,79.048,101,488
3960000,2026-01-19T17:06:36.054331,421004,37899,276776,144227,278150,0.7366592730337977,0.3634573,0.3968011190722444,75.798,477.754,553.552,118.272,723.736,842.008,42.472,245.982,288.454,0.7366592730337977,7269.146,0.0007269145999999999,556.3,0.0,0.0,0.3968011190722444,37899,238877,276776,144227,3634573,0.03,0.03,0.03,0,15,467,0,5,0,9,0,4,0,0,123.986,157,490
3970000,2026-01-19T17:06:39.285702,422021,38002,277450,144570,278802,0.7364888783537189,0.36438,0.3967765233112342,76.004,478.896,554.9,118.568,725.474,844.042,42.562,246.578,289.14,0.7364888783537189,7287.6,0.00072876,557.604,0.0,0.0,0.3967765233112342,38002,239448,277450,144570,3643800,0.03,0.03,0.03,0,12,476,0,1,0,7,0,4,0,0,73.408,161,435
3980000,2026-01-19T17:06:42.521250,423047,38099,278121,144925,279469,0.7363927525919621,0.365303,0.3967721259495866,76.198,480.044,556.242,118.87,727.224,846.094,42.67,247.18,289.85,0.7363927525919621,7306.06,0.000730606,558.938,0.0,0.0,0.3967721259495866,38099,240022,278121,144925,3653030,0.03,0.03,0.03,0,22,468,0,1,0,5,0,4,0,0,87.054,151,377
3990000,2026-01-19T17:06:45.770199,424084,38194,278794,145289,280142,0.7363385625915567,0.3662359,0.3967713020339504,76.388,481.2,557.588,119.172,728.996,848.168,42.782,247.796,290.578,0.7363385625915567,7324.718,0.0007324718,560.284,0.0,0.0,0.3967713020339504,38194,240600,278794,145289,3662359,0.03,0.03,0.03,0,30,452,0,2,0,11,0,5,0,0,91.344,139,482
4000000,2026-01-19T17:06:48.992924,425147,38293,279492,145654,280830,0.7363397481962073,0.3671586,0.39676337855939053,76.586,482.398,558.984,119.48,730.814,850.294,42.892,248.416,291.308,0.7363397481962073,7343.172,0.0007343172,561.66,0.0,0.0,0.39676337855939053,38293,241199,279492,145654,3671586,0.03,0.03,0.03,0,30,452,0,6,0,8,0,4,0,0,90.778,122,486
4010000,2026-01-19T17:06:52.191388,426189,38392,280178,146011,281510,0.7364203372712125,0.3680817,0.3967709194663818,76.784,483.572,560.356,119.762,732.616,852.378,42.978,249.044,292.022,0.7364203372712125,7361.634,0.0007361634,563.02,0.0,0.0,0.3967709194663818,38392,241786,280178,146011,3680817,0.03,0.03,0.03,0,20,459,1,7,0,11,0,2,0,0,158.736,181,466
4020000,2026-01-19T17:06:55.391919,427222,38491,280854,146368,282183,0.7364667223218611,0.3690094,0.3967861541885,76.982,484.726,561.708,120.066,734.378,854.444,43.084,249.652,292.736,0.7364667223218611,7380.188,0.0007380188,564.366,0.0,0.0,0.3967861541885,38491,242363,280854,146368,3690094,0.03,0.03,0.03,0,29,459,0,2,0,6,1,3,0,0,88.856,124,452
4030000,2026-01-19T17:06:58.618822,428323,38588,281587,146736,282895,0.7362982922946063,0.3699309,0.3967488757775729,77.176,485.998,563.174,120.39,736.256,856.646,43.214,250.258,293.472,0.7362982922946063,7398.618,0.0007398618,565.79,0.0,0.0,0.3967488757775729,38588,242999,281587,146736,3699309,0.03,0.03,0.03,0,39,443,0,6,1,10,0,1,0,0,143.494,175,484
4040000,2026-01-19T17:07:01.844860,429344,38684,282257,147086,283548,0.736310715621381,0.3708505,0.3967652344212424,77.368,487.146,564.514,120.704,737.984,858.688,43.334,250.838,294.172,0.736310715621381,7417.01,0.000741701,567.096,0.0,0.0,0.3967652344212424,38684,243573,282257,147086,3708505,0.03,0.03,0.03,0,21,455,0,9,0,13,0,2,0,0,100.804,123,488
4050000,2026-01-19T17:07:05.158945,430408,38786,282955,147452,284239,0.7362235807625448,0.3717841,0.39675162456556146,77.572,488.338,565.91,121.022,739.794,860.816,43.448,251.456,294.904,0.7362235807625448,7435.682,0.0007435682,568.478,0.0,0.0,0.39675162456556146,38786,244169,282955,147452,3717841,0.03,0.03,0.03,0,26,459,0,2,0,8,0,5,0,0,66.616,121,466
4060000,2026-01-19T17:07:08.395236,431492,38884,283667,147824,284937,0.7358925801846903,0.3727172,0.39669178595313226,77.768,489.566,567.334,121.372,741.612,862.984,43.602,252.046,295.648,0.7358925801846903,7454.344,0.0007454344,569.874,0.0,0.0,0.39669178595313226,38884,244783,283667,147824,3727172,0.03,0.03,0.03,0,32,455,0,3,0,6,0,4,0,0,74.954,109,437
4070000,2026-01-19T17:07:11.647591,432563,38987,284372,148190,285612,0.7358127546097218,0.3736517,0.3966814351633593,77.974,490.77,568.744,121.71,743.416,865.126,43.734,252.646,296.38,0.7358127546097218,7473.034,0.0007473034,571.224,0.0,0.0,0.3966814351633593,38987,245385,284372,148190,3736517,0.03,0.03,0.03,0,34,448,0,4,0,8,0,6,0,0,110.122,159,489
4080000,2026-01-19T17:07:14.874573,433593,39079,285043,148549,286288,0.7357117788011327,0.3745886,0.39669426518243084,78.158,491.928,570.086,122.01,745.176,867.186,43.852,253.246,297.098,0.7357117788011327,7491.772,0.0007491772,572.576,0.0,0.0,0.39669426518243084,39079,245964,285043,148549,3745886,0.03,0.03,0.03,1,35,443,0,3,0,10,0,8,0,0,98.666,131,490
4090000,2026-01-19T17:07:18.136461,434638,39172,285724,148913,286988,0.7357130400291675,0.3755044,0.39670654676552475,78.344,493.104,571.448,122.298,746.978,869.276,43.952,253.874,297.826,0.7357130400291675,7510.088,0.0007510088,573.976,0.0,0.0,0.39670654676552475,39172,246552,285724,148913,3755044,0.03,0.03,0.03,0,27,454,0,5,0,9,0,5,0,0,92.24,135,493
4100000,2026-01-19T17:07:21.356746,435693,39263,286412,149280,287702,0.7356424216006069,0.3764348,0.39670905325172195,78.526,494.298,572.824,122.598,748.788,871.386,44.07,254.49,298.56,0.7356424216006069,7528.696,0.0007528696000000001,575.404,0.0,0.0,0.39670905325172195,39263,247149,286412,149280,3764348,0.03,0.03,0.03,0,32,457,0,1,0,6,0,4,0,0,76.87,163,491
4110000,2026-01-19T17:07:24.576921,436745,39357,287100,149644,288389,0.7355741184445664,0.3773554,0.396723013335923,78.714,495.486,574.2,122.912,750.578,873.49,44.198,255.09,299.288,0.7355741184445664,7547.108,0.0007547108,576.778,0.0,0.0,0.396723013335923,39357,247743,287100,149644,3773554,0.03,0.03,0.03,0,24,459,0,4,0,8,0,5,0,0,103.356,177,439
4120000,2026-01-19T17:07:27.822662,437766,39450,287767,149998,289066,0.7356805278818742,0.3782703,0.3967408429811288,78.9,496.634,575.534,123.196,752.336,875.532,44.294,255.702,299.996,0.7356805278818742,7565.406,0.0007565406,578.132,0.0,0.0,0.3967408429811288,39450,248317,287767,149998,3782703,0.03,0.03,0.03,0,25,454,0,4,0,10,0,7,0,0,124.592,165,491
4130000,2026-01-19T17:07:31.092750,438807,39550,288446,150360,289743,0.7355923573140366,0.379197,0.3967364940822876,79.1,497.792,576.892,123.488,754.126,877.614,44.388,256.332,300.72,0.7355923573140366,7583.94,0.000758394,579.486,0.0,0.0,0.3967364940822876,39550,248896,288446,150360,3791970,0.03,0.03,0.03,0,22,456,0,6,0,10,0,6,0,0,106.572,137,490
4140000,2026-01-19T17:07:34.328232,439864,39645,289147,150716,290438,0.7354669547725992,0.3801201,0.39671324940782127,79.29,499.004,578.294,123.8,755.928,879.728,44.508,256.924,301.432,0.7354669547725992,7602.402,0.0007602402,580.876,0.0,0.0,0.39671324940782127,39645,249502,289147,150716,3801201,0.03,0.03,0.03,0,51,432,0,5,0,8,0,4,0,0,88.0,143,481
4150000,2026-01-19T17:07:37.550466,440948,39745,289861,151086,291145,0.7353954519429223,0.3810562,0.3967172226157601,79.49,500.232,579.722,124.114,757.782,881.896,44.622,257.55,302.172,0.7353954519429223,7621.124,0.0007621124,582.29,0.0,0.0,0.3967172226157601,39745,250116,289861,151086,3810562,0.03,0.03,0.03,0,31,455,0,2,0,7,0,5,0,0,93.63,155,481
4160000,2026-01-19T17:07:40.806216,441997,39838,290550,151446,291839,0.7355280951379668,0.3819784,0.396754782193474,79.676,501.424,581.1,124.392,759.602,883.994,44.714,258.178,302.892,0.7355280951379668,7639.568,0.0007639568,583.678,0.0,0.0,0.396754782193474,39838,250712,290550,151446,3819784,0.03,0.03,0.03,0,21,458,0,5,0,13,0,3,0,0,105.67,147,478
4170000,2026-01-19T17:07:44.034809,442992,39932,291203,151788,292493,0.7354707129031662,0.3829189,0.39675102272150387,79.864,502.542,582.406,124.676,761.308,885.984,44.812,258.764,303.576,0.7354707129031662,7658.378,0.0007658378000000001,584.986,0.0,0.0,0.39675102272150387,39932,251271,291203,151788,3829189,0.03,0.03,0.03,0,26,461,0,2,0,9,0,2,0,0,60.958,144,491
4180000,2026-01-19T17:07:47.267474,444033,40025,291889,152143,293169,0.7355982174675441,0.3838463,0.3967796344001265,80.05,503.728,583.778,125.0,763.066,888.066,44.95,259.336,304.286,0.7355982174675441,7676.926,0.0007676925999999999,586.338,0.0,0.0,0.3967796344001265,40025,251864,291889,152143,3838463,0.03,0.03,0.03,0,19,467,0,4,0,6,0,4,0,0,101.592,177,388
4190000,2026-01-19T17:07:50.504939,445040,40116,292541,152498,293836,0.7357821598377552,0.3847679,0.3968468297007371,80.232,504.85,585.082,125.274,764.806,890.08,45.04,259.956,304.996,0.7357821598377552,7695.358,0.0007695358,587.672,0.0,0.0,0.3968468297007371,40116,252425,292541,152498,3847679,0.03,0.03,0.03,0,32,445,0,7,0,13,0,3,0,0,70.642,91,448
4200000,2026-01-19T17:07:53.744591,446043,40209,293202,152840,294498,0.735672851173675,0.3856987,0.3968391165103316,80.418,505.986,586.404,125.558,766.528,892.086,45.138,260.542,305.68,0.735672851173675,7713.974,0.0007713974,588.996,0.0,0.0,0.3968391165103316,40209,252993,293202,152840,3856987,0.03,0.03,0.03,0,30,454,0,5,0,8,0,3,0,0,66.94,107,378
4210000,2026-01-19T17:07:56.944230,447098,40309,293894,153203,295177,0.7356203313018413,0.386647,0.39683473422627197,80.618,507.17,587.788,125.88,768.316,894.196,45.26,261.146,306.406,0.7356203313018413,7732.94,0.000773294,590.354,0.0,0.0,0.39683473422627197,40309,253585,293894,153203,3866470,0.03,0.03,0.03,0,30,453,0,2,0,9,0,6,0,0,76.662,163,475
4220000,2026-01-19T17:08:00.245114,448094,40406,294554,153539,295815,0.7354760180032462,0.3875809,0.39681565926030216,80.812,508.296,589.108,126.18,770.008,896.188,45.366,261.712,307.078,0.7354760180032462,7751.618,0.0007751618,591.63,0.0,0.0,0.39681565926030216,40406,254148,294554,153539,3875809,0.03,0.03,0.03,0,30,455,0,0,0,8,0,7,0,0,75.21,141,472
4230000,2026-01-19T17:08:03.547130,449104,40502,295226,153877,296464,0.7353953215204196,0.3885198,0.39680455188962854,81.004,509.448,590.452,126.474,771.734,898.208,45.468,262.286,307.754,0.7353953215204196,7770.396,0.0007770396000000001,592.928,0.0,0.0,0.39680455188962854,40502,254724,295226,153877,3885198,0.03,0.03,0.03,0,19,468,0,5,0,5,0,3,0,0,68.642,173,489
4240000,2026-01-19T17:08:06.771280,450132,40597,295903,154228,297131,0.7353321391462125,0.3894432,0.39680983179668683,81.194,510.612,591.806,126.774,773.49,900.264,45.58,262.876,308.456,0.7353321391462125,7788.864,0.0007788863999999999,594.262,0.0,0.0,0.39680983179668683,40597,255306,295903,154228,3894432,0.03,0.03,0.03,0,19,466,0,3,0,8,0,4,0,0,118.414,177,461
4250000,2026-01-19T17:08:10.094743,451148,40698,296566,154581,297784,0.735409303580759,0.3903757,0.39686142799750956,81.396,511.736,593.132,127.058,775.238,902.296,45.66,263.502,309.162,0.735409303580759,7807.514,0.0007807514,595.568,0.0,0.0,0.39686142799750956,40698,255868,296566,154581,3903757,0.03,0.03,0.03,0,12,470,0,5,0,8,0,5,0,0,94.654,137,482
4260000,2026-01-19T17:08:13.325554,452138,40795,297204,154933,298433,0.7354944361166009,0.3913186,0.39690207362290186,81.59,512.818,594.408,127.348,776.928,904.276,45.756,264.11,309.866,0.7354944361166009,7826.372,0.0007826372,596.866,0.0,0.0,0.39690207362290186,40795,256409,297204,154933,3913186,0.03,0.03,0.03,0,20,468,0,2,0,8,0,2,0,0,73.916,167,490
4270000,2026-01-19T17:08:16.550329,453164,40894,297875,155288,299102,0.735589779686745,0.3922319,0.39693266620504486,81.788,513.962,595.75,127.634,778.694,906.328,45.846,264.73,310.576,0.735589779686745,7844.638,0.0007844638000000001,598.204,0.0,0.0,0.39693266620504486,40894,256981,297875,155288,3922319,0.03,0.03,0.03,0,27,461,0,4,0,6,0,2,0,0,107.462,176,426
4280000,2026-01-19T17:08:19.789382,454186,40985,298545,155640,299772,0.7355544301265632,0.393165,0.3969413611649366,81.97,515.12,597.09,127.914,780.458,908.372,45.944,265.336,311.28,0.7355544301265632,7863.3,0.00078633,599.544,0.0,0.0,0.3969413611649366,40985,257560,298545,155640,3931650,0.03,0.03,0.03,0,25,456,0,8,0,9,0,2,0,0,113.012,178,457
4290000,2026-01-19T17:08:22.997424,455216,41088,299221,155994,300431,0.7353255771814626,0.3940925,0.39690968126553194,82.176,516.266,598.442,128.22,782.212,910.432,46.044,265.944,311.988,0.7353255771814626,7881.85,0.0007881850000000001,600.862,0.0,0.0,0.39690968126553194,41088,258133,299221,155994,3940925,0.03,0.03,0.03,1,30,453,0,3,0,9,0,4,0,0,54.034,133,317
4300000,2026-01-19T17:08:26.208986,456247,41180,299905,156341,301106,0.7351948811299294,0.3949833,0.3968813862489836,82.36,517.45,599.81,128.52,783.974,912.494,46.158,266.524,312.682,0.7351948811299294,7899.666,0.0007899666,602.212,0.0,0.0,0.3968813862489836,41180,258725,299905,156341,3949833,0.03,0.03,0.03,0,26,455,0,6,0,11,0,2,0,0,85.874,119,422
4310000,2026-01-19T17:08:29.459159,457271,41277,300577,156693,301774,0.7350384365023427,0.3958853,0.396849081020268,82.554,518.6,601.154,128.814,785.728,914.542,46.258,267.128,313.386,0.7350384365023427,7917.706,0.0007917706,603.548,0.0,0.0,0.396849081020268,41277,259300,300577,156693,3958853,0.03,0.03,0.03,0,17,464,0,5,0,8,0,6,0,0,67.29,95,471
4320000,2026-01-19T17:08:32.682757,458325,41375,301264,157060,302462,0.7349840446579887,0.3968101,0.39684678056925615,82.75,519.778,602.528,129.116,787.534,916.65,46.366,267.754,314.12,0.7349840446579887,7936.202,0.0007936202,604.924,0.0,0.0,0.39684678056925615,41375,259889,301264,157060,3968101,0.03,0.03,0.03,0,27,451,0,7,0,9,0,6,0,0,70.54,171,479
4330000,2026-01-19T17:08:35.909426,459422,41471,302001,157421,303185,0.7348258449513699,0.3977345,0.39681597154466736,82.942,521.06,604.002,129.43,789.414,918.844,46.488,268.354,314.842,0.7348258449513699,7954.69,0.0007954689999999999,606.37,0.0,0.0,0.39681597154466736,41471,260530,302001,157421,3977345,0.03,0.03,0.03,0,28,455,0,4,0,8,0,5,0,0,121.002,176,492
4340000,2026-01-19T17:08:39.133989,460492,41574,302705,157786,303870,0.7346928379550577,0.3986471,0.3968178435997781,83.148,522.262,605.41,129.744,791.24,920.984,46.594,268.978,315.572,0.7346928379550577,7972.942,0.0007972942,607.74,0.0,0.0,0.3968178435997781,41574,261131,302705,157786,3986471,0.03,0.03,0.03,0,24,457,0,4,0,9,0,6,0,0,92.998,155,441
4350000,2026-01-19T17:08:42.357900,461562,41674,303404,158157,304566,0.734675867200667,0.3995645,0.3968343048332894,83.348,523.46,606.808,130.042,793.082,923.124,46.692,269.622,316.314,0.734675867200667,7991.29,0.000799129,609.132,0.0,0.0,0.3968343048332894,41674,261730,303404,158157,3995645,0.03,0.03,0.03,0,21,458,0,5,0,10,0,6,0,0,89.676,141,445
4360000,2026-01-19T17:08:45.588432,462600,41774,304082,158517,305248,0.7347184641662581,0.4005001,0.39684273166459827,83.548,524.616,608.164,130.326,794.874,925.2,46.776,270.258,317.034,0.7347184641662581,8010.002,0.0008010002,610.496,0.0,0.0,0.39684273166459827,41774,262308,304082,158517,4005001,0.03,0.03,0.03,0,27,460,0,1,0,8,0,4,0,0,64.984,149,459
4370000,2026-01-19T17:08:48.797461,463650,41875,304770,158879,305934,0.7346432217456731,0.4014192,0.3968393551070011,83.75,525.79,609.54,130.612,796.688,927.3,46.862,270.896,317.758,0.7346432217456731,8028.384,0.0008028384,611.868,0.0,0.0,0.3968393551070011,41875,262895,304770,158879,4014192,0.03,0.03,0.03,0,44,441,0,6,0,6,0,3,0,0,70.864,122,427
4380000,2026-01-19T17:08:52.012631,464679,41967,305443,159235,306618,0.7344923825421218,0.4023316,0.39681508095445567,83.934,526.952,610.886,130.894,798.464,929.358,46.958,271.512,318.47,0.7344923825421218,8046.632,0.0008046632,613.236,0.0,0.0,0.39681508095445567,41967,263476,305443,159235,4023316,0.03,0.03,0.03,0,24,460,0,2,0,8,0,6,0,0,74.376,143,479
4390000,2026-01-19T17:08:55.228696,465753,42068,306150,159603,307317,0.7345018714218379,0.4032577,0.3968202496272327,84.136,528.164,612.3,131.202,800.304,931.506,47.066,272.14,319.206,0.7345018714218379,8065.154,0.0008065154,614.634,0.0,0.0,0.3968202496272327,42068,264082,306150,159603,4032577,0.03,0.03,0.03,0,30,459,1,2,0,6,0,2,0,0,98.808,181,457
4400000,2026-01-19T17:08:58.442140,466850,42165,306877,159972,308031,0.7345243021141539,0.4041598,0.39683496082304626,84.33,529.424,613.754,131.52,802.18,933.7,47.19,272.754,319.944,0.7345243021141539,8083.196,0.0008083196,616.062,0.0,0.0,0.39683496082304626,42165,264712,306877,159972,4041598,0.03,0.03,0.03,0,24,458,0,7,0,7,0,4,0,0,131.132,173,458
4410000,2026-01-19T17:09:01.639990,467927,42257,307579,160347,308744,0.7345147797007071,0.4050674,0.3968471372663478,84.514,530.644,615.158,131.846,804.008,935.854,47.33,273.364,320.694,0.7345147797007071,8101.348,0.0008101348000000001,617.488,0.0,0.0,0.3968471372663478,42257,265322,307579,160347,4050674,0.03,0.03,0.03,0,37,443,0,4,0,10,0,6,0,0,103.414,157,458
4420000,2026-01-19T17:09:04.836914,469001,42353,308291,160709,309438,0.7344615058365951,0.405994,0.3968401858456677,84.706,531.876,616.582,132.164,805.838,938.002,47.456,273.962,321.418,0.7344615058365951,8119.88,0.000811988,618.876,0.0,0.0,0.3968401858456677,42353,265938,308291,160709,4059940,0.03,0.03,0.03,0,24,450,0,7,0,15,0,4,0,0,111.484,151,488
4430000,2026-01-19T17:09:08.016636,470042,42448,308972,161069,310135,0.7345515115255649,0.4069216,0.3968741264429039,84.896,533.048,617.944,132.476,807.608,940.084,47.578,274.56,322.138,0.7345515115255649,8138.432,0.0008138432,620.27,0.0,0.0,0.3968741264429039,42448,266524,308972,161069,4069216,0.03,0.03,0.03,0,35,455,0,0,0,7,0,3,0,0,62.346,157,491
4440000,2026-01-19T17:09:11.224576,471106,42547,309666,161439,310808,0.7344814649410288,0.4078579,0.3968653355984988,85.094,534.238,619.332,132.802,809.41,942.212,47.706,275.172,322.878,0.7344814649410288,8157.158,0.0008157158,621.616,0.0,0.0,0.3968653355984988,42547,267119,309666,161439,4078579,0.03,0.03,0.03,0,40,437,0,6,0,11,0,6,0,0,119.954,159,489
4450000,2026-01-19T17:09:14.431643,472171,42644,310364,161806,311520,0.7346007154516074,0.408772,0.3968798734240785,85.288,535.44,620.728,133.1,811.242,944.342,47.81,275.802,323.612,0.7346007154516074,8175.44,0.000817544,623.04,0.0,0.0,0.3968798734240785,42644,267720,310364,161806,4087720,0.03,0.03,0.03,0,48,439,0,2,0,7,0,4,0,0,84.842,149,389
4460000,2026-01-19T17:09:17.651604,473220,42745,311062,162157,312196,0.7343889855620922,0.4096993,0.39683717020103426,85.49,536.634,622.124,133.392,813.048,946.44,47.9,276.414,324.314,0.7343889855620922,8193.986,0.0008193985999999999,624.392,0.0,0.0,0.39683717020103426,42745,268317,311062,162157,4096993,0.03,0.03,0.03,0,19,469,0,2,0,7,0,3,0,0,85.158,145,487
4470000,2026-01-19T17:09:20.842633,474276,42843,311757,162518,312865,0.734464082679145,0.4106266,0.3968569898490361,85.686,537.828,623.514,133.71,814.842,948.552,48.022,277.014,325.036,0.734464082679145,8212.532,0.0008212532,625.73,0.0,0.0,0.3968569898490361,42843,268914,311757,162518,4106266,0.03,0.03,0.03,0,23,455,0,6,0,12,0,4,0,0,97.574,125,473
4480000,2026-01-19T17:09:24.046652,475313,42942,312439,162873,313544,0.7343922107144042,0.411551,0.39685926504793867,85.884,538.994,624.878,134.004,816.622,950.626,48.118,277.628,325.746,0.7343922107144042,8231.02,0.000823102,627.088,0.0,0.0,0.39685926504793867,42942,269497,312439,162873,4115510,0.03,0.03,0.03,0,31,455,0,3,0,7,0,4,0,0,69.622,107,411
4490000,2026-01-19T17:09:27.277955,476369,43042,313132,163237,314229,0.7344959299234423,0.4124868,0.39689802355522147,86.084,540.18,626.264,134.286,818.452,952.738,48.202,278.272,326.474,0.7344959299234423,8249.736,0.0008249736,628.458,0.0,0.0,0.39689802355522147,43042,270090,313132,163237,4124868,0.03,0.03,0.03,0,24,456,0,7,1,10,0,2,0,0,138.39,174,483
4500000,2026-01-19T17:09:30.480065,477448,43139,313841,163606,314939,0.7344117748842889,0.4133961,0.3968826158643235,86.278,541.404,627.682,134.606,820.29,954.896,48.326,278.886,327.212,0.7344117748842889,8267.922,0.0008267922,629.878,0.0,0.0,0.3968826158643235,43139,270702,313841,163606,4133961,0.03,0.03,0.03,0,22,461,0,3,0,9,0,5,0,0,127.49,169,491
4510000,2026-01-19T17:09:33.693451,478559,43233,314576,163983,315667,0.73417447523989,0.4143072,0.3968337062885971,86.466,542.686,629.152,134.93,822.188,957.118,48.464,279.502,327.966,0.73417447523989,8286.144,0.0008286144,631.334,0.0,0.0,0.3968337062885971,43233,271343,314576,163983,4143072,0.03,0.03,0.03,0,12,467,0,5,1,10,0,5,0,0,139.828,175,471
4520000,2026-01-19T17:09:36.906158,479599,43323,315265,164333,316357,0.7339428254936233,0.4152045,0.3968012692597724,86.646,543.884,630.53,135.236,823.962,959.198,48.588,280.078,328.666,0.7339428254936233,8304.09,0.0008304089999999999,632.714,0.0,0.0,0.3968012692597724,43323,271942,315265,164333,4152045,0.03,0.03,0.03,0,36,448,0,2,0,8,0,6,0,0,56.734,99,442
4530000,2026-01-19T17:09:40.110126,480656,43420,315956,164699,317049,0.7339871217304261,0.4161415,0.39682259676509357,86.84,545.072,631.912,135.534,825.778,961.312,48.692,280.706,329.398,0.7339871217304261,8322.83,0.000832283,634.098,0.0,0.0,0.39682259676509357,43420,272536,315956,164699,4161415,0.03,0.03,0.03,0,33,452,0,4,0,7,0,4,0,0,114.52,153,489
4540000,2026-01-19T17:09:43.312246,481692,43511,316631,165061,317733,0.7341359199398996,0.4170822,0.3968711572428988,87.022,546.24,633.262,135.826,827.558,963.384,48.804,281.318,330.122,0.7341359199398996,8341.644,0.0008341644,635.466,0.0,0.0,0.3968711572428988,43511,273120,316631,165061,4170822,0.03,0.03,0.03,0,14,463,0,5,1,12,0,5,0,0,137.604,175,491
4550000,2026-01-19T17:09:46.533117,482728,43617,317319,165408,318379,0.7337815551762388,0.4180105,0.39681434277508515,87.234,547.404,634.638,136.156,829.3,965.456,48.92,281.896,330.816,0.7337815551762388,8360.21,0.000836021,636.758,0.0,0.0,0.39681434277508515,43617,273702,317319,165408,4180105,0.03,0.03,0.03,0,15,469,0,3,0,10,0,3,0,0,114.188,161,487
4560000,2026-01-19T17:09:49.746691,483798,43720,318031,165766,319063,0.7337225274572635,0.4189398,0.3968106722508392,87.44,548.622,636.062,136.472,831.124,967.596,49.032,282.5,331.532,0.7337225274572635,8378.796,0.0008378795999999999,638.126,0.0,0.0,0.3968106722508392,43720,274311,318031,165766,4189398,0.03,0.03,0.03,0,26,459,0,3,0,8,0,4,0,0,78.55,177,442
4570000,2026-01-19T17:09:52.956166,484821,43817,318701,166119,319725,0.7338534158961092,0.4198623,0.3968330179252254,87.634,549.768,637.402,136.758,832.884,969.642,49.122,283.116,332.238,0.7338534158961092,8397.246,0.0008397246,639.45,0.0,0.0,0.3968330179252254,43817,274884,318701,166119,4198623,0.03,0.03,0.03,0,46,435,0,2,0,11,0,6,0,0,76.86,119,447
4580000,2026-01-19T17:09:56.151763,485867,43912,319388,166478,320413,0.7338443511345066,0.4207725,0.39683494148074516,87.824,550.952,638.776,137.072,834.662,971.734,49.246,283.71,332.956,0.7338443511345066,8415.45,0.000841545,640.826,0.0,0.0,0.39683494148074516,43912,275476,319388,166478,4207725,0.03,0.03,0.03,0,37,452,0,0,0,6,0,5,0,0,40.476,102,313
4590000,2026-01-19T17:09:59.358087,486900,44007,320069,166831,321074,0.7336563870508879,0.4217106,0.3967818193482646,88.014,552.124,640.138,137.388,836.412,973.8,49.374,284.288,333.662,0.7336563870508879,8434.212,0.0008434212,642.148,0.0,0.0,0.3967818193482646,44007,276062,320069,166831,4217106,0.03,0.03,0.03,0,20,464,1,4,0,6,0,5,0,0,114.84,181,491
4600000,2026-01-19T17:10:02.571478,487919,44098,320733,167185,321753,0.7337126056470549,0.4226437,0.39679921000970453,88.196,553.27,641.466,137.68,838.158,975.838,49.482,284.888,334.37,0.7337126056470549,8452.874,0.0008452874,643.506,0.0,0.0,0.39679921000970453,44098,276635,320733,167185,4226437,0.03,0.03,0.03,0,22,464,0,3,0,7,0,4,0,0,92.024,168,494
4610000,2026-01-19T17:10:05.794439,488890,44199,321371,167519,322366,0.7337310704103445,0.4235832,0.3968040020814698,88.398,554.344,642.742,137.96,839.82,977.78,49.562,285.476,335.038,0.7337310704103445,8471.664,0.0008471664,644.732,0.0,0.0,0.3968040020814698,44199,277172,321371,167519,4235832,0.03,0.03,0.03,0,27,458,0,6,1,7,0,1,0,0,88.372,175,487
4620000,2026-01-19T17:10:08.994459,489959,44298,322080,167878,323055,0.7336402779621533,0.4245115,0.39678247880189915,88.596,555.564,644.16,138.284,841.634,979.918,49.688,286.068,335.756,0.7336402779621533,8490.23,0.000849023,646.11,0.0,0.0,0.39678247880189915,44298,277782,322080,167878,4245115,0.03,0.03,0.03,0,25,465,0,2,0,8,0,0,0,0,45.022,177,486
4630000,2026-01-19T17:10:12.203538,490981,44399,322750,168230,323705,0.7337129190233996,0.4254463,0.39679548308452184,88.798,556.702,645.5,138.572,843.39,981.962,49.772,286.688,336.46,0.7337129190233996,8508.926,0.0008508926,647.41,0.0,0.0,0.39679548308452184,44399,278351,322750,168230,4254463,0.03,0.03,0.03,0,28,453,0,5,0,10,0,4,0,0,88.592,123,488
4640000,2026-01-19T17:10:15.420297,492033,44496,323446,168586,324387,0.7337921204047609,0.4263678,0.3968054476748404,88.992,557.9,646.892,138.866,845.2,984.066,49.872,287.3,337.172,0.7337921204047609,8527.356,0.0008527356000000001,648.774,0.0,0.0,0.3968054476748404,44496,278950,323446,168586,4263678,0.03,0.03,0.03,0,31,448,0,7,0,12,0,2,0,0,84.058,105,487
4650000,2026-01-19T17:10:18.641027,493062,44592,324120,168942,325059,0.7339503240918255,0.427308,0.3968368081760678,89.184,559.056,648.24,139.166,846.958,986.124,49.982,287.902,337.884,0.7339503240918255,8546.16,0.000854616,650.118,0.0,0.0,0.3968368081760678,44592,279528,324120,168942,4273080,0.03,0.03,0.03,0,28,455,1,4,0,8,0,4,0,0,113.16,181,489
4660000,2026-01-19T17:10:21.893325,494100,44691,324797,169302,325729,0.733905221778454,0.4282333,0.39684639346936434,89.382,560.212,649.594,139.458,848.742,988.2,50.076,288.528,338.604,0.733905221778454,8564.666,0.0008564665999999999,651.458,0.0,0.0,0.39684639346936434,44691,280106,324797,169302,4282333,0.03,0.03,0.03,0,23,454,1,6,0,11,0,5,0,0,123.326,180,490
4670000,2026-01-19T17:10:25.114146,495142,44787,325493,169648,326404,0.7337203382714064,0.4291523,0.3968082437415318,89.574,561.412,650.986,139.774,850.51,990.284,50.198,289.098,339.296,0.7337203382714064,8583.046,0.0008583045999999999,652.808,0.0,0.0,0.3968082437415318,44787,280706,325493,169648,4291523,0.03,0.03,0.03,0,26,457,0,4,0,9,0,4,0,0,79.694,127,379
4680000,2026-01-19T17:10:28.345792,496166,44882,326170,169995,327069,0.7336601485596745,0.4300808,0.39679804301974936,89.764,562.576,652.34,140.082,852.25,992.332,50.316,289.674,339.99,0.7336601485596745,8601.616,0.0008601616,654.138,0.0,0.0,0.39679804301974936,44882,281288,326170,169995,4300808,0.03,0.03,0.03,0,23,466,0,1,0,7,0,3,0,0,64.592,147,479
4690000,2026-01-19T17:10:31.670419,497224,44981,326866,170357,327751,0.7335212714851229,0.4310041,0.39679167127604736,89.962,563.77,653.732,140.382,854.066,994.448,50.418,290.296,340.714,0.7335212714851229,8620.082,0.0008620082,655.502,0.0,0.0,0.39679167127604736,44981,281885,326866,170357,4310041,0.03,0.03,0.03,0,16,468,0,3,0,9,0,4,0,0,111.518,167,411
4700000,2026-01-19T17:10:34.884307,498285,45077,327559,170725,328442,0.7334798645896577,0.4319265,0.39678422528507445,90.154,564.964,655.118,140.694,855.876,996.57,50.538,290.912,341.45,0.7334798645896577,8638.53,0.0008638529999999999,656.884,0.0,0.0,0.39678422528507445,45077,282482,327559,170725,4319265,0.03,0.03,0.03,0,25,451,0,4,0,13,0,7,0,0,76.754,143,486
4710000,2026-01-19T17:10:38.086289,499333,45174,328251,171081,329111,0.7333144326882257,0.4328435,0.3967477567671546,90.348,566.154,656.502,141.04,857.626,998.666,50.69,291.472,342.162,0.7333144326882257,8656.87,0.000865687,658.222,0.0,0.0,0.3967477567671546,45174,283077,328251,171081,4328435,0.03,0.03,0.03,0,27,453,0,4,0,9,0,7,0,0,71.37,121,478
4720000,2026-01-19T17:10:41.298493,500357,45274,328913,171443,329777,0.7333323769981771,0.4337784,0.39676949460234456,90.548,567.278,657.826,141.34,859.374,1000.714,50.79,292.096,342.886,0.7333323769981771,8675.568,0.0008675568000000001,659.554,0.0,0.0,0.39676949460234456,45274,283639,328913,171443,4337784,0.03,0.03,0.03,0,25,460,0,3,0,9,0,3,0,0,84.666,143,438
4730000,2026-01-19T17:10:44.516917,501422,45374,329613,171809,330469,0.7332274109769179,0.4347077,0.396757180852967,90.748,568.478,659.226,141.636,861.208,1002.844,50.888,292.73,343.618,0.7332274109769179,8694.154,0.0008694153999999999,660.938,0.0,0.0,0.396757180852967,45374,284239,329613,171809,4347077,0.03,0.03,0.03,0,22,457,0,7,1,11,0,2,0,0,150.96,175,485
4740000,2026-01-19T17:10:47.741364,502482,45468,330310,172171,331171,0.7332018494288548,0.4356383,0.3967641290648217,90.936,569.684,660.62,141.958,863.006,1004.964,51.022,293.32,344.342,0.7332018494288548,8712.766,0.0008712765999999999,662.342,0.0,0.0,0.3967641290648217,45468,284842,330310,172171,4356383,0.03,0.03,0.03,0,26,462,0,1,0,8,0,3,0,0,46.05,122,493
4750000,2026-01-19T17:10:50.958473,503518,45569,330986,172531,331845,0.7332572736833111,0.4365644,0.39678529641987964,91.138,570.834,661.972,142.244,864.792,1007.036,51.104,293.958,345.062,0.7332572736833111,8731.288,0.0008731288000000001,663.69,0.0,0.0,0.39678529641987964,45569,285417,330986,172531,4365644,0.03,0.03,0.03,0,30,460,0,3,0,4,0,3,0,0,44.166,75,386
4760000,2026-01-19T17:10:54.188205,504570,45665,331676,172893,332529,0.733086894585927,0.4374877,0.3967759249697092,91.33,572.022,663.352,142.556,866.584,1009.14,51.224,294.562,345.786,0.733086894585927,8749.754,0.0008749754,665.058,0.0,0.0,0.3967759249697092,45665,286011,331676,172893,4374877,0.03,0.03,0.03,0,27,464,0,0,0,6,0,3,0,0,23.924,95,261
4770000,2026-01-19T17:10:57.390955,505621,45764,332360,173260,333207,0.7330578244740125,0.4384257,0.3967886986951696,91.528,573.192,664.72,142.844,868.398,1011.242,51.314,295.206,346.52,0.7330578244740125,8768.514,0.0008768513999999999,666.414,0.0,0.0,0.3967886986951696,45764,286596,332360,173260,4384257,0.03,0.03,0.03,0,28,455,0,3,0,10,0,4,0,0,73.288,111,407
4780000,2026-01-19T17:11:00.596790,506699,45864,333075,173623,333889,0.7329292726937089,0.4393553,0.39677766193942937,91.728,574.422,666.15,143.18,870.218,1013.398,51.45,295.796,347.246,0.7329292726937089,8787.106,0.0008787106,667.778,0.0,0.0,0.39677766193942937,45864,287211,333075,173623,4393553,0.03,0.03,0.03,0,31,447,0,6,0,11,0,5,0,0,114.006,149,490
4790000,2026-01-19T17:11:03.788393,507718,45963,333747,173970,334548,0.7329262248536159,0.440276,0.3967742260476707,91.926,575.568,667.494,143.466,871.97,1015.436,51.538,296.402,347.94,0.7329262248536159,8805.52,0.000880552,669.096,0.0,0.0,0.3967742260476707,45963,287784,333747,173970,4402760,0.03,0.03,0.03,0,27,454,0,5,0,9,0,5,0,0,71.376,151,370
4800000,2026-01-19T17:11:06.976442,508744,46056,334418,174325,335228,0.7327707347993896,0.441182,0.39676172892940365,92.112,576.724,668.836,143.772,873.716,1017.488,51.658,296.992,348.65,0.7327707347993896,8823.64,0.0008823640000000001,670.456,0.0,0.0,0.39676172892940365,46056,288362,334418,174325,4411820,0.03,0.03,0.03,0,37,450,0,3,0,6,0,4,0,0,41.572,72,438
4810000,2026-01-19T17:11:10.198488,509839,46156,335152,174686,335931,0.7325907827075614,0.4420999,0.3967283866524365,92.312,577.992,670.304,144.084,875.594,1019.678,51.772,297.6,349.372,0.7325907827075614,8841.998,0.0008841998,671.862,0.0,0.0,0.3967283866524365,46156,288996,335152,174686,4420999,0.03,0.03,0.03,0,20,468,0,2,0,5,0,5,0,0,67.562,122,437
4820000,2026-01-19T17:11:13.396634,510873,46252,335834,175038,336588,0.7325049823162307,0.4430262,0.39671208230786925,92.504,579.164,671.668,144.396,877.35,1021.746,51.89,298.186,350.076,0.7325049823162307,8860.524,0.0008860523999999999,673.176,0.0,0.0,0.39671208230786925,46252,289582,335834,175038,4430262,0.03,0.03,0.03,0,25,451,0,2,0,13,0,9,0,0,100.794,151,467
4830000,2026-01-19T17:11:16.587460,511892,46346,336511,175380,337260,0.7324622408226835,0.4439471,0.3967067860410092,92.692,580.33,673.022,144.688,879.096,1023.784,51.994,298.766,350.76,0.7324622408226835,8878.942,0.0008878941999999999,674.52,0.0,0.0,0.3967067860410092,46346,290165,336511,175380,4439471,0.03,0.03,0.03,0,16,469,0,3,0,9,0,3,0,0,109.572,161,445
4840000,2026-01-19T17:11:19.799736,512900,46443,337173,175726,337901,0.7325120827052319,0.4448675,0.3967260394940866,92.886,581.46,674.346,144.976,880.824,1025.8,52.088,299.364,351.452,0.7325120827052319,8897.35,0.000889735,675.802,0.0,0.0,0.3967260394940866,46443,290730,337173,175726,4448675,0.03,0.03,0.03,0,13,465,0,7,0,11,0,4,0,0,88.17,117,488
4850000,2026-01-19T17:11:22.975012,513903,46536,337832,176070,338558,0.7324445853534693,0.4457938,0.3967227571181359,93.072,582.592,675.664,145.276,882.53,1027.806,52.202,299.938,352.14,0.7324445853534693,8915.876,0.0008915876,677.116,0.0,0.0,0.3967227571181359,46536,291296,337832,176070,4457938,0.03,0.03,0.03,0,28,457,0,4,0,7,0,4,0,0,86.354,123,491
4860000,2026-01-19T17:11:26.169004,514960,46636,338534,176425,339233,0.7322578822418271,0.4467279,0.3966935356265298,93.272,583.796,677.068,145.608,884.312,1029.92,52.334,300.516,352.85,0.7322578822418271,8934.558,0.0008934558,678.466,0.0,0.0,0.3966935356265298,46636,291898,338534,176425,4467279,0.03,0.03,0.03,0,22,465,0,4,0,6,0,3,0,0,89.67,125,478
4870000,2026-01-19T17:11:29.382321,515965,46736,339196,176768,339868,0.7321132846382432,0.4476586,0.3966833860203569,93.472,584.92,678.392,145.906,886.024,1031.93,52.432,301.104,353.536,0.7321132846382432,8953.172,0.0008953172,679.736,0.0,0.0,0.3966833860203569,46736,292460,339196,176768,4476586,0.03,0.03,0.03,0,26,460,0,5,0,6,0,3,0,0,92.768,127,471
4880000,2026-01-19T17:11:32.567646,517010,46835,339883,177126,340533,0.7320747650465672,0.4485875,0.3966718185530803,93.67,586.096,679.766,146.218,887.802,1034.02,52.548,301.704,354.252,0.7320747650465672,8971.75,0.000897175,681.066,0.0,0.0,0.3966718185530803,46835,293048,339883,177126,4485875,0.03,0.03,0.03,0,28,451,0,3,0,9,0,9,0,0,63.362,120,429
4890000,2026-01-19T17:11:35.733066,518070,46932,340577,177492,341240,0.7321077190415313,0.449509,0.39667779812691956,93.864,587.29,681.154,146.51,889.63,1036.14,52.646,302.338,354.984,0.7321077190415313,8990.18,0.000899018,682.48,0.0,0.0,0.39667779812691956,46932,293645,340577,177492,4495090,0.03,0.03,0.03,0,25,462,0,4,0,6,0,3,0,0,105.964,179,484
4900000,2026-01-19T17:11:38.912895,519109,47028,341258,177850,341919,0.7320904903693084,0.4504232,0.3966917288559973,94.056,588.46,682.516,146.8,891.418,1038.218,52.742,302.958,355.7,0.7320904903693084,9008.464,0.0009008464000000001,683.838,0.0,0.0,0.3966917288559973,47028,294230,341258,177850,4504232,0.03,0.03,0.03,0,28,457,0,2,0,8,0,5,0,0,97.192,161,479
4910000,2026-01-19T17:11:42.108953,520139,47125,341933,178205,342589,0.7322668861065573,0.4513528,0.39672656694363445,94.25,589.616,683.866,147.074,893.204,1040.278,52.824,303.586,356.41,0.7322668861065573,9027.056,0.0009027055999999999,685.178,0.0,0.0,0.39672656694363445,47125,294808,341933,178205,4513528,0.03,0.03,0.03,0,18,462,0,6,0,13,0,1,0,0,149.844,177,487
4920000,2026-01-19T17:11:45.312305,521145,47222,342596,178548,343230,0.7321857038449698,0.4522822,0.39670973191280745,94.444,590.748,685.192,147.384,894.906,1042.29,52.94,304.156,357.096,0.7321857038449698,9045.644,0.0009045644000000001,686.46,0.0,0.0,0.39670973191280745,47222,295374,342596,178548,4522822,0.03,0.03,0.03,0,29,453,0,7,0,7,0,4,0,0,123.07,179,490
4930000,2026-01-19T17:11:48.464965,522195,47317,343279,178915,343918,0.7320161133056008,0.4532177,0.39669504452753607,94.634,591.924,686.558,147.702,896.688,1044.39,53.068,304.762,357.83,0.7320161133056008,9064.354,0.0009064354,687.836,0.0,0.0,0.39669504452753607,47317,295962,343279,178915,4532177,0.03,0.03,0.03,0,30,456,1,3,0,6,0,4,0,0,96.554,180,462
4940000,2026-01-19T17:11:51.638812,523222,47413,343944,179277,344581,0.7320753641387222,0.4541528,0.3967271630765202,94.826,593.062,687.888,147.994,898.45,1046.444,53.168,305.386,358.554,0.7320753641387222,9083.056,0.0009083056000000001,689.162,0.0,0.0,0.3967271630765202,47413,296531,343944,179277,4541528,0.03,0.03,0.03,0,9,468,0,7,0,13,0,3,0,0,119.448,179,490
4950000,2026-01-19T17:11:54.827986,524237,47506,344615,179621,345237,0.732000566298824,0.4550833,0.39670869186713514,95.012,594.218,689.23,148.308,900.166,1048.474,53.294,305.948,359.242,0.732000566298824,9101.666,0.0009101666,690.474,0.0,0.0,0.39670869186713514,47506,297109,344615,179621,4550833,0.03,0.03,0.03,0,18,465,0,7,0,8,0,2,0,0,117.234,169,485
4960000,2026-01-19T17:11:58.027706,525248,47599,345285,179962,345903,0.7320439952759394,0.4560023,0.3967251311322736,95.198,595.372,690.57,148.596,901.9,1050.496,53.398,306.526,359.924,0.7320439952759394,9120.046,0.0009120046000000001,691.806,0.0,0.0,0.3967251311322736,47599,297686,345285,179962,4560023,0.03,0.03,0.03,0,16,472,0,2,0,6,0,4,0,0,112.106,179,485
4970000,2026-01-19T17:12:01.251368,526312,47705,345991,180320,346578,0.7318940628822501,0.4569216,0.3966943144048094,95.41,596.572,691.982,148.904,903.72,1052.624,53.492,307.148,360.64,0.7318940628822501,9138.432,0.0009138432,693.156,0.0,0.0,0.3966943144048094,47705,298286,345991,180320,4569216,0.03,0.03,0.03,0,34,456,0,0,0,8,0,2,0,0,8.662,50,205
4980000,2026-01-19T17:12:04.478404,527369,47804,346684,180684,347253,0.7319290669903222,0.4578562,0.3967034737196907,95.608,597.76,693.368,149.208,905.53,1054.738,53.598,307.77,361.368,0.7319290669903222,9157.124,0.0009157124,694.506,0.0,0.0,0.3967034737196907,47804,298880,346684,180684,4578562,0.03,0.03,0.03,0,25,453,0,5,0,12,0,5,0,0,95.688,139,459
4990000,2026-01-19T17:12:07.701559,528389,47904,347351,181037,347916,0.731892286201094,0.4587865,0.39670030445527255,95.808,598.894,694.702,149.508,907.27,1056.778,53.698,308.376,362.074,0.731892286201094,9175.73,0.000917573,695.832,0.0,0.0,0.39670030445527255,47904,299447,347351,181037,4587865,0.03,0.03,0.03,0,25,458,0,4,0,9,0,4,0,0,119.74,173,486
5000000,2026-01-19T17:12:10.902509,529423,47998,348020,181403,348601,0.7321134519058535,0.4597034,0.39674735828061136,95.996,600.044,696.04,149.8,909.046,1058.846,53.804,309.002,362.806,0.7321134519058535,9194.068,0.0009194068,697.202,0.0,0.0,0.39674735828061136,47998,300022,348020,181403,4597034,0.03,0.03,0.03,0,28,450,1,7,0,10,0,4,0,0,130.168,181,487
5010000,2026-01-19T17:12:14.105773,530424,48089,348672,181751,349255,0.7319956041488467,0.4606292,0.3967359118969573,96.178,601.166,697.344,150.1,910.748,1060.848,53.922,309.58,363.502,0.7319956041488467,9212.584,0.0009212584,698.51,0.0,0.0,0.3967359118969573,48089,300583,348672,181751,4606292,0.03,0.03,0.03,1,22,456,0,7,0,10,0,4,0,0,91.686,119,490
5020000,2026-01-19T17:12:17.318099,531425,48188,349325,182099,349901,0.7319851868453771,0.4615551,0.396731599160607,96.376,602.274,698.65,150.402,912.448,1062.85,54.024,310.174,364.198,0.7319851868453771,9231.102,0.0009231102,699.802,0.0,0.0,0.396731599160607,48188,301137,349325,182099,4615551,0.03,0.03,0.03,0,32,455,0,1,0,9,0,3,0,0,67.782,152,482
5030000,2026-01-19T17:12:20.523248,532469,48285,350016,182452,350569,0.7320314457856926,0.4624827,0.3967307134781968,96.57,603.462,700.032,150.714,914.224,1064.938,54.142,310.762,364.904,0.7320314457856926,9249.654,0.0009249654000000001,701.138,0.0,0.0,0.3967307134781968,48285,301731,350016,182452,4624827,0.03,0.03,0.03,0,23,459,0,6,0,8,0,4,0,0,103.442,153,491
5040000,2026-01-19T17:12:23.698734,533483,48384,350679,182803,351222,0.7320620430029018,0.4634255,0.39673170195668644,96.768,604.59,701.358,151.028,915.938,1066.966,54.26,311.346,365.606,0.7320620430029018,9268.51,0.000926851,702.444,0.0,0.0,0.39673170195668644,48384,302295,350679,182803,4634255,0.03,0.03,0.03,0,35,454,0,1,0,6,1,3,0,0,39.914,123,304
5050000,2026-01-19T17:12:26.869224,534532,48477,351368,183163,351897,0.7318725276646961,0.4643514,0.39670177112680943,96.954,605.782,702.736,151.338,917.726,1069.064,54.382,311.944,366.326,0.7318725276646961,9287.028,0.0009287028000000001,703.794,0.0,0.0,0.39670177112680943,48477,302891,351368,183163,4643514,0.03,0.03,0.03,0,39,441,0,4,0,10,0,6,0,0,78.556,123,398
5060000,2026-01-19T17:12:30.045919,535580,48582,352056,183523,352557,0.7316964444779154,0.4652872,0.39666119894274166,97.164,606.948,704.112,151.66,919.5,1071.16,54.494,312.552,367.046,0.7316964444779154,9305.744,0.0009305744,705.114,0.0,0.0,0.39666119894274166,48582,303474,352056,183523,4652872,0.03,0.03,0.03,0,5,475,0,5,0,11,0,4,0,0,139.464,171,489
5070000,2026-01-19T17:12:33.209083,536643,48684,352763,183879,353250,0.7315944574276241,0.4662091,0.39662474032262224,97.368,608.158,705.526,151.956,921.33,1073.286,54.586,313.172,367.758,0.7315944574276241,9324.182,0.0009324181999999999,706.5,0.0,0.0,0.39662474032262224,48684,304079,352763,183879,4662091,0.03,0.03,0.03,0,38,451,0,0,0,5,0,6,0,0,42.99,121,321
5080000,2026-01-19T17:12:36.367994,537719,48783,353465,184254,353948,0.7314807757797186,0.4671361,0.39661837855116505,97.566,609.364,706.93,152.274,923.164,1075.438,54.708,313.8,368.508,0.7314807757797186,9342.722,0.0009342722,707.896,0.0,0.0,0.39661837855116505,48783,304682,353465,184254,4671361,0.03,0.03,0.03,0,13,471,1,3,0,8,0,4,0,0,120.264,181,412
5090000,2026-01-19T17:12:39.549219,538745,48883,354145,184599,354587,0.7313507373668231,0.4680707,0.3965999325689434,97.766,610.524,708.29,152.606,924.884,1077.49,54.838,314.36,369.198,0.7313507373668231,9361.414,0.0009361414000000001,709.174,0.0,0.0,0.3965999325689434,48883,305262,354145,184599,4680707,0.03,0.03,0.03,0,25,458,0,3,0,8,0,6,0,0,93.348,151,424
5100000,2026-01-19T17:12:42.731776,539767,48976,354816,184950,355250,0.7313621842426418,0.4689899,0.39659783009081345,97.952,611.68,709.632,152.91,926.624,1079.534,54.956,314.944,369.9,0.7313621842426418,9379.798,0.0009379798000000001,710.5,0.0,0.0,0.39659783009081345,48976,305840,354816,184950,4689899,0.03,0.03,0.03,0,24,458,0,0,0,11,0,7,0,0,85.174,163,477
5110000,2026-01-19T17:12:45.908445,540803,49077,355503,185299,355915,0.7313570430161936,0.4699181,0.39659406282701376,98.154,612.852,711.006,153.216,928.39,1081.606,55.06,315.538,370.598,0.7313570430161936,9398.362,0.0009398362000000001,711.83,0.0,0.0,0.39659406282701376,49077,306426,355503,185299,4699181,0.03,0.03,0.03,0,28,460,0,3,0,7,0,2,0,0,74.202,111,422
5120000,2026-01-19T17:12:49.082722,541827,49175,356182,185644,356562,0.7311754444974606,0.4708452,0.3965732389913865,98.35,614.014,712.364,153.532,930.122,1083.654,55.18,316.108,371.288,0.7311754444974606,9416.904,0.0009416904,713.124,0.0,0.0,0.3965732389913865,49175,307007,356182,185644,4708452,0.03,0.03,0.03,0,19,465,0,2,0,9,0,5,0,0,96.096,149,452
5130000,2026-01-19T17:12:52.248474,542837,49273,356853,185984,357205,0.7310474791387972,0.4717827,0.39654443122501476,98.546,615.16,713.706,153.84,931.834,1085.674,55.294,316.674,371.968,0.7310474791387972,9435.654,0.0009435654,714.41,0.0,0.0,0.39654443122501476,49273,307580,356853,185984,4717827,0.03,0.03,0.03,0,14,473,1,3,0,8,0,1,0,0,101.37,181,342
5140000,2026-01-19T17:12:55.440457,543903,49372,357567,186335,357887,0.7308419165585043,0.4726883,0.3965063796038139,98.744,616.39,715.134,154.15,933.656,1087.806,55.404,317.266,372.67,0.7308419165585043,9453.766,0.0009453766,715.774,0.0,0.0,0.3965063796038139,49372,308195,357567,186335,4726883,0.03,0.03,0.03,0,33,454,0,1,0,7,0,5,0,0,68.066,121,419
5150000,2026-01-19T17:12:58.621998,544961,49477,358266,186694,358550,0.7307516289440293,0.4736211,0.39648376804824753,98.954,617.578,716.532,154.472,935.45,1089.922,55.516,317.872,373.388,0.7307516289440293,9472.422,0.0009472422,717.1,0.0,0.0,0.39648376804824753,49477,308789,358266,186694,4736211,0.03,0.03,0.03,0,28,457,0,2,0,9,0,4,0,0,104.604,158,485
5160000,2026-01-19T17:13:01.891942,546056,49582,358991,187064,359243,0.7305036993124547,0.4745477,0.39643157932402706,99.164,618.818,717.982,154.806,937.306,1092.112,55.64,318.488,374.128,0.7305036993124547,9490.954,0.0009490954,718.486,0.0,0.0,0.39643157932402706,49582,309409,358991,187064,4745477,0.03,0.03,0.03,0,31,455,0,4,0,7,0,3,0,0,101.624,139,480
5170000,2026-01-19T17:13:05.081357,547137,49682,359712,187424,359938,0.7302489963410077,0.4754636,0.3963758904228713,99.364,620.06,719.424,155.118,939.156,1094.274,55.752,319.096,374.848,0.7302489963410077,9509.272,0.0009509272,719.876,0.0,0.0,0.3963758904228713,49682,310030,359712,187424,4754636,0.03,0.03,0.03,0,28,458,0,2,0,7,0,5,0,0,91.088,142,478
5180000,2026-01-19T17:13:08.261700,548161,49780,360387,187773,360590,0.7303128571008668,0.4763977,0.39638798756498267,99.56,621.214,720.774,155.416,940.906,1096.322,55.854,319.692,375.546,0.7303128571008668,9527.954,0.0009527953999999999,721.18,0.0,0.0,0.39638798756498267,49780,310607,360387,187773,4763977,0.03,0.03,0.03,0,20,460,0,5,0,11,0,4,0,0,97.218,151,485
5190000,2026-01-19T17:13:11.448447,549251,49878,361110,188140,361286,0.729969441098034,0.477316,0.3963263905961777,99.756,622.464,722.22,155.754,942.748,1098.502,55.996,320.284,376.28,0.729969441098034,9546.32,0.0009546320000000001,722.572,0.0,0.0,0.3963263905961777,49878,311232,361110,188140,4773160,0.03,0.03,0.03,0,26,452,0,6,0,10,0,6,0,0,105.696,153,491
5200000,2026-01-19T17:13:14.629120,550340,49988,361836,188503,361977,0.72980466439577,0.4782449,0.396284816116163,99.976,623.696,723.672,156.076,944.604,1100.68,56.098,320.908,377.006,0.72980466439577,9564.898,0.0009564898,723.954,0.0,0.0,0.396284816116163,49988,311848,361836,188503,4782449,0.03,0.03,0.03,0,27,459,0,2,0,10,0,2,0,0,86.592,123,450
5210000,2026-01-19T17:13:17.797207,551399,50090,362527,188872,362651,0.7297798600175098,0.4791686,0.3962818068426105,100.18,624.874,725.054,156.378,946.42,1102.798,56.198,321.546,377.744,0.7297798600175098,9583.372,0.0009583372,725.302,0.0,0.0,0.3962818068426105,50090,312437,362527,188872,4791686,0.03,0.03,0.03,0,23,453,1,7,0,14,0,2,0,0,147.304,181,488
5220000,2026-01-19T17:13:20.976754,552489,50190,363247,189241,363364,0.7296326418745642,0.4800777,0.3962454435213565,100.38,626.114,726.494,156.708,948.27,1104.978,56.326,322.156,378.482,0.7296326418745642,9601.554,0.0009601554,726.728,0.0,0.0,0.3962454435213565,50190,313057,363247,189241,4800777,0.03,0.03,0.03,0,17,472,0,0,0,5,0,6,0,0,84.004,153,491
5230000,2026-01-19T17:13:24.157502,553503,50286,363911,189591,364018,0.7295537207017545,0.4810058,0.39623551636312493,100.572,627.25,727.822,157.008,949.998,1107.006,56.436,322.746,379.182,0.7295537207017545,9620.116,0.0009620116,728.036,0.0,0.0,0.39623551636312493,50286,313625,363911,189591,4810058,0.03,0.03,0.03,0,20,468,0,2,0,9,0,1,0,0,76.722,177,278
5240000,2026-01-19T17:13:27.324448,554542,50383,364584,189957,364685,0.7294351708046027,0.481937,0.39621930490505747,100.766,628.402,729.168,157.318,951.766,1109.084,56.552,323.362,379.914,0.7294351708046027,9638.74,0.000963874,729.37,0.0,0.0,0.39621930490505747,50383,314201,364584,189957,4819370,0.03,0.03,0.03,0,15,468,0,6,0,8,0,3,0,0,72.776,136,485
5250000,2026-01-19T17:13:30.515687,555614,50484,365288,190325,365373,0.7293615263784393,0.4828631,0.39620628353007387,100.968,629.608,730.576,157.638,953.59,1111.228,56.67,323.98,380.65,0.7293615263784393,9657.262,0.0009657261999999999,730.746,0.0,0.0,0.39620628353007387,50484,314804,365288,190325,4828631,0.03,0.03,0.03,0,28,449,0,9,0,10,0,4,0,0,105.428,123,486
5260000,2026-01-19T17:13:33.692926,556646,50580,365968,190677,366046,0.7293300070255682,0.4837948,0.39620492964506476,101.16,630.776,731.936,157.94,955.352,1113.292,56.78,324.574,381.354,0.7293300070255682,9675.896,0.0009675896,732.092,0.0,0.0,0.39620492964506476,50580,315388,365968,190677,4837948,0.03,0.03,0.03,0,35,447,0,4,0,10,0,4,0,0,138.468,179,476
5270000,2026-01-19T17:13:36.847566,557720,50678,366673,191046,366745,0.7293516393494521,0.4847211,0.3962256053162337,101.356,631.99,733.346,158.254,957.186,1115.44,56.898,325.194,382.092,0.7293516393494521,9694.422,0.0009694422,733.49,0.0,0.0,0.3962256053162337,50678,315995,366673,191046,4847211,0.03,0.03,0.03,0,39,444,0,5,0,8,0,4,0,0,121.348,177,408
5280000,2026-01-19T17:13:40.024769,558788,50774,367377,191410,367434,0.7292956417624344,0.4856342,0.3962079235913954,101.548,633.206,734.754,158.564,959.012,1117.576,57.014,325.806,382.82,0.7292956417624344,9712.684,0.0009712684,734.868,0.0,0.0,0.3962079235913954,50774,316603,367377,191410,4856342,0.03,0.03,0.03,0,26,452,0,3,0,12,0,7,0,0,83.928,127,493
5290000,2026-01-19T17:13:43.188870,559778,50870,368037,191740,368064,0.7292324247816764,0.4865672,0.3961832733384366,101.74,634.334,736.074,158.868,960.688,1119.556,57.126,326.354,383.48,0.7292324247816764,9731.344,0.0009731344,736.128,0.0,0.0,0.3961832733384366,50870,317167,368037,191740,4865672,0.03,0.03,0.03,0,25,460,0,1,0,10,0,4,0,0,68.736,133,471
5300000,2026-01-19T17:13:46.343094,560797,50965,368701,192095,368739,0.7292392921157433,0.4874869,0.3961855777448696,101.93,635.472,737.402,159.138,962.456,1121.594,57.206,326.984,384.19,0.7292392921157433,9749.738,0.0009749738,737.478,0.0,0.0,0.3961855777448696,50965,317736,368701,192095,4874869,0.03,0.03,0.03,0,30,452,0,1,0,9,0,8,0,0,59.22,101,423
5310000,2026-01-19T17:13:49.508205,561850,51067,369393,192456,369405,0.7291181023571857,0.4884221,0.3961595136654523,102.134,636.652,738.786,159.468,964.232,1123.7,57.334,327.578,384.912,0.7291181023571857,9768.442,0.0009768442,738.81,0.0,0.0,0.3961595136654523,51067,318326,369393,192456,4884221,0.03,0.03,0.03,0,30,453,0,3,0,9,0,5,0,0,114.162,179,475
5320000,2026-01-19T17:13:52.677878,562879,51165,370075,192803,370053,0.7289596068391767,0.4893403,0.39613760447897456,102.33,637.82,740.15,159.778,965.98,1125.758,57.446,328.16,385.606,0.7289596068391767,9786.806,0.0009786806,740.106,0.0,0.0,0.39613760447897456,51165,318910,370075,192803,4893403,0.03,0.03,0.03,0,31,443,0,6,0,13,0,7,0,0,100.758,144,492
5330000,2026-01-19T17:13:55.828332,563906,51267,370746,193159,370716,0.7289050446874806,0.4902721,0.3961324363983503,102.534,638.958,741.492,160.082,967.73,1127.812,57.548,328.77,386.318,0.7289050446874806,9805.442,0.0009805442,741.432,0.0,0.0,0.3961324363983503,51267,319479,370746,193159,4902721,0.03,0.03,0.03,0,32,449,0,6,0,8,0,5,0,0,125.884,173,486
5340000,2026-01-19T17:13:58.991329,564932,51361,371423,193508,371387,0.7286986967999387,0.4911992,0.3961010366157594,102.722,640.124,742.846,160.38,969.484,1129.864,57.656,329.36,387.016,0.7286986967999387,9823.984,0.0009823984,742.774,0.0,0.0,0.3961010366157594,51361,320062,371423,193508,4911992,0.03,0.03,0.03,0,34,450,0,2,0,8,0,6,0,0,99.762,137,425
5350000,2026-01-19T17:14:02.134555,565941,51454,372079,193861,372040,0.728770107169549,0.4921334,0.3961230682830988,102.908,641.25,744.158,160.684,971.198,1131.882,57.774,329.948,387.722,0.728770107169549,9842.668,0.0009842668,744.08,0.0,0.0,0.3961230682830988,51454,320625,372079,193861,4921334,0.03,0.03,0.03,0,19,462,0,4,0,10,0,5,0,0,96.05,135,474
5360000,2026-01-19T17:14:05.300825,566984,51555,372774,194209,372704,0.7286292522353888,0.4930686,0.3960945901800453,103.11,642.438,745.548,160.99,972.978,1133.968,57.878,330.54,388.418,0.7286292522353888,9861.372,0.0009861372,745.408,0.0,0.0,0.3960945901800453,51555,321219,372774,194209,4930686,0.03,0.03,0.03,0,20,464,0,5,0,7,0,4,0,0,137.672,171,488
5370000,2026-01-19T17:14:08.436743,567962,51645,373409,194552,373349,0.72874688323184,0.4940028,0.39612909728945817,103.29,643.528,746.818,161.278,974.646,1135.924,57.986,331.118,389.104,0.72874688323184,9880.056,0.0009880056000000001,746.698,0.0,0.0,0.39612909728945817,51645,321764,373409,194552,4940028,0.03,0.03,0.03,0,31,457,0,0,0,9,0,3,0,0,48.306,129,445
5380000,2026-01-19T17:14:11.565746,569021,51745,374102,194919,374021,0.7287168996767222,0.4949366,0.39613274830995543,103.49,644.714,748.204,161.582,976.46,1138.042,58.092,331.746,389.838,0.7287168996767222,9898.732,0.0009898732,748.042,0.0,0.0,0.39613274830995543,51745,322357,374102,194919,4949366,0.03,0.03,0.03,0,27,450,0,4,1,12,0,6,0,0,107.896,175,493
5390000,2026-01-19T17:14:14.700945,570064,51836,374785,195278,374711,0.728738680365887,0.495859,0.39614188247792476,103.672,645.898,749.57,161.892,978.236,1140.128,58.218,332.338,390.556,0.728738680365887,9917.18,0.000991718,749.422,0.0,0.0,0.39614188247792476,51836,322949,374785,195278,4958590,0.03,0.03,0.03,0,35,445,0,4,0,12,0,4,0,0,109.096,151,472
5400000,2026-01-19T17:14:17.842986,571089,51932,375460,195628,375381,0.7285910964940111,0.496789,0.3961141067990086,103.864,647.056,750.92,162.186,979.992,1142.178,58.322,332.934,391.256,0.7285910964940111,9935.78,0.000993578,750.762,0.0,0.0,0.3961141067990086,51932,323528,375460,195628,4967890,0.03,0.03,0.03,0,16,467,0,4,0,10,0,3,0,0,112.546,179,463
5410000,2026-01-19T17:14:21.007445,572147,52034,376160,195986,376046,0.7283659091003061,0.4977181,0.3960741892950062,104.068,648.252,752.32,162.51,981.784,1144.294,58.44,333.532,391.972,0.7283659091003061,9954.362,0.0009954362,752.092,0.0,0.0,0.3960741892950062,52034,324126,376160,195986,4977181,0.03,0.03,0.03,0,15,465,0,3,0,11,0,6,0,0,111.684,159,493
5420000,2026-01-19T17:14:24.159066,573220,52126,376869,196350,376749,0.7281950897697329,0.4986349,0.3960482837472206,104.252,649.486,753.738,162.84,983.6,1146.44,58.586,334.114,392.7,0.7281950897697329,9972.698,0.0009972698,753.498,0.0,0.0,0.3960482837472206,52126,324743,376869,196350,4986349,0.03,0.03,0.03,0,27,452,0,5,0,10,0,6,0,0,120.464,171,482
5430000,2026-01-19T17:14:27.298963,574261,52224,377554,196706,377427,0.7283144023115268,0.4995557,0.3960637226596189,104.448,650.66,755.108,163.154,985.368,1148.522,58.704,334.708,393.412,0.7283144023115268,9991.114,0.0009991114,754.854,0.0,0.0,0.3960637226596189,52224,325330,377554,196706,4995557,0.03,0.03,0.03,0,34,451,0,5,0,6,0,4,0,0,130.556,165,470
5440000,2026-01-19T17:14:30.498924,575356,52325,378269,197086,378130,0.7282933522960338,0.5004774,0.3960567636813097,104.65,651.888,756.538,163.468,987.244,1150.712,58.816,335.356,394.172,0.7282933522960338,10009.548,0.0010009548,756.26,0.0,0.0,0.3960567636813097,52325,325944,378269,197086,5004774,0.03,0.03,0.03,0,35,443,0,4,0,12,0,6,0,0,112.302,153,491
5450000,2026-01-19T17:14:33.702954,576404,52424,378961,197442,378804,0.7281967878393578,0.5014023,0.39601996439195697,104.848,653.074,757.922,163.79,989.018,1152.808,58.94,335.944,394.884,0.7281967878393578,10028.046,0.0010028046,757.608,0.0,0.0,0.39601996439195697,52424,326537,378961,197442,5014023,0.03,0.03,0.03,0,10,473,0,5,0,7,0,5,0,0,121.06,157,462
5460000,2026-01-19T17:14:36.926373,577420,52519,379641,197778,379447,0.7279420874570084,0.5023263,0.39596297912766526,105.038,654.244,759.282,164.112,990.728,1154.84,59.072,336.484,395.556,0.7279420874570084,10046.526,0.0010046526,758.894,0.0,0.0,0.39596297912766526,52519,327122,379641,197778,5023263,0.03,0.03,0.03,0,31,454,0,3,0,8,0,4,0,0,76.788,129,394
5470000,2026-01-19T17:14:40.123998,578474,52620,380327,198146,380139,0.7279650770255679,0.5032623,0.3959638535311556,105.24,655.414,760.654,164.396,992.552,1156.948,59.154,337.138,396.292,0.7279650770255679,10065.246,0.0010065246000000002,760.278,0.0,0.0,0.3959638535311556,52620,327707,380327,198146,5032623,0.03,0.03,0.03,0,24,462,0,2,0,8,0,4,0,0,105.256,167,464
5480000,2026-01-19T17:14:43.367264,579510,52722,381007,198502,380785,0.7277055331457207,0.5042042,0.39591093197588223,105.444,656.57,762.014,164.722,994.298,1159.02,59.278,337.726,397.004,0.7277055331457207,10084.084,0.0010084084,761.57,0.0,0.0,0.39591093197588223,52722,328285,381007,198502,5042042,0.03,0.03,0.03,0,11,471,0,3,0,10,0,5,0,0,110.156,177,457
5490000,2026-01-19T17:14:46.580572,580560,52830,381708,198851,381440,0.7275371381122573,0.5051291,0.3958739899857764,105.66,657.756,763.416,165.048,996.072,1161.12,59.386,338.316,397.702,0.7275371381122573,10102.582,0.0010102582,762.88,0.0,0.0,0.3958739899857764,52830,328878,381708,198851,5051291,0.03,0.03,0.03,0,39,447,0,1,0,9,0,4,0,0,49.184,105,404
5500000,2026-01-19T17:14:49.800590,581630,52937,382417,199212,382106,0.7273783890376305,0.5060613,0.39584108103531135,105.874,658.96,764.834,165.364,997.896,1163.26,59.488,338.936,398.424,0.7273783890376305,10121.226,0.0010121226,764.212,0.0,0.0,0.39584108103531135,52937,329480,382417,199212,5060613,0.03,0.03,0.03,0,17,461,0,5,0,12,0,5,0,0,89.2,123,485
5510000,2026-01-19T17:14:53.004908,582651,53038,383092,199558,382758,0.7271685073217451,0.5069891,0.3958140017553557,106.076,660.108,766.184,165.678,999.624,1165.302,59.6,339.516,399.116,0.7271685073217451,10139.782,0.0010139781999999999,765.516,0.0,0.0,0.3958140017553557,53038,330054,383092,199558,5069891,0.03,0.03,0.03,0,24,461,0,4,0,8,0,3,0,0,72.756,115,416
5520000,2026-01-19T17:14:56.214373,583673,53133,383770,199902,383410,0.7270895682821765,0.5079114,0.3957997947149292,106.266,661.274,767.54,165.986,1001.36,1167.346,59.718,340.086,399.804,0.7270895682821765,10158.228,0.0010158228,766.82,0.0,0.0,0.3957997947149292,53133,330637,383770,199902,5079114,0.03,0.03,0.03,0,27,455,0,5,0,10,0,3,0,0,128.76,163,492
5530000,2026-01-19T17:14:59.432083,584712,53229,384452,200259,384087,0.7270939485371535,0.5088326,0.3957923022013859,106.458,662.446,768.904,166.296,1003.128,1169.424,59.836,340.682,400.518,0.7270939485371535,10176.652,0.0010176652,768.174,0.0,0.0,0.3957923022013859,53229,331223,384452,200259,5088326,0.03,0.03,0.03,0,31,454,0,2,0,9,0,4,0,0,60.242,115,384
5540000,2026-01-19T17:15:02.649318,585740,53325,385128,200611,384753,0.7270543814715098,0.5097598,0.39578619502442725,106.65,663.606,770.256,166.596,1004.884,1171.48,59.944,341.278,401.222,0.7270543814715098,10195.196,0.0010195196,769.506,0.0,0.0,0.39578619502442725,53325,331803,385128,200611,5097598,0.03,0.03,0.03,0,17,467,0,5,0,7,0,4,0,0,121.472,163,491
5550000,2026-01-19T17:15:05.861467,586771,53430,385805,200965,385396,0.7269785715802133,0.5106992,0.39577490207393723,106.86,664.75,771.61,166.912,1006.63,1173.542,60.05,341.88,401.93,0.7269785715802133,10213.984,0.0010213984,770.792,0.0,0.0,0.39577490207393723,53430,332375,385805,200965,5106992,0.03,0.03,0.03,0,29,455,0,4,0,8,0,4,0,0,102.644,163,491
5560000,2026-01-19T17:15:09.090957,587862,53536,386527,201334,386077,0.7268313348784551,0.5116239,0.3957396058928055,107.072,665.982,773.054,167.246,1008.478,1175.724,60.172,342.496,402.668,0.7268313348784551,10232.478,0.0010232478,772.154,0.0,0.0,0.3957396058928055,53536,332991,386527,201334,5116239,0.03,0.03,0.03,0,18,460,0,1,0,12,0,9,0,0,110.34,173,494
5570000,2026-01-19T17:15:12.271054,588886,53632,387195,201690,386748,0.726884477176705,0.5125413,0.39576690480897136,107.264,667.126,774.39,167.544,1010.228,1177.772,60.278,343.102,403.38,0.726884477176705,10250.826,0.0010250825999999998,773.496,0.0,0.0,0.39576690480897136,53632,333563,387195,201690,5125413,0.03,0.03,0.03,0,41,441,0,5,0,10,0,3,0,0,97.028,139,488
5580000,2026-01-19T17:15:15.471992,589934,53740,387887,202046,387400,0.7268832818024957,0.5134752,0.39576776371733985,107.48,668.294,775.774,167.872,1011.996,1179.868,60.39,343.702,404.092,0.7268832818024957,10269.504,0.0010269504000000001,774.8,0.0,0.0,0.39576776371733985,53740,334147,387887,202046,5134752,0.03,0.03,0.03,0,46,436,0,2,0,8,0,8,0,0,81.402,120,487
5590000,2026-01-19T17:15:18.661166,590995,53840,388580,202414,388089,0.7268927963763174,0.5143979,0.3957763677786466,107.68,669.48,777.16,168.19,1013.8,1181.99,60.508,344.32,404.828,0.7268927963763174,10287.958,0.0010287958,776.178,0.0,0.0,0.3957763677786466,53840,334740,388580,202414,5143979,0.03,0.03,0.03,0,31,456,0,0,0,9,0,4,0,0,30.552,97,470
5600000,2026-01-19T17:15:21.875761,592016,53942,389249,202766,388728,0.7266961698963194,0.5153462,0.39574005670503387,107.884,670.614,778.498,168.512,1015.52,1184.032,60.626,344.906,405.532,0.7266961698963194,10306.924,0.0010306923999999999,777.456,0.0,0.0,0.39574005670503387,53942,335307,389249,202766,5153462,0.03,0.03,0.03,0,35,451,0,4,0,6,0,4,0,0,55.436,141,391
5610000,2026-01-19T17:15:25.069544,593057,54039,389931,203125,389394,0.7266734537124921,0.5162727,0.3957378357908616,108.078,671.784,779.862,168.83,1017.284,1186.114,60.75,345.5,406.25,0.7266734537124921,10325.454,0.0010325454,778.788,0.0,0.0,0.3957378357908616,54039,335892,389931,203125,5162727,0.03,0.03,0.03,0,24,457,0,3,0,11,0,5,0,0,77.268,125,448
5620000,2026-01-19T17:15:28.279810,594059,54138,390590,203468,390032,0.7266509638402774,0.5172008,0.3957376529999185,108.276,672.904,781.18,169.118,1019.0,1188.118,60.842,346.094,406.936,0.7266509638402774,10344.016,0.0010344016,780.064,0.0,0.0,0.3957376529999185,54138,336452,390590,203468,5172008,0.03,0.03,0.03,0,13,467,0,6,0,10,0,4,0,0,77.096,122,472
5630000,2026-01-19T17:15:31.516538,595098,54240,391289,203808,390688,0.726434281091055,0.5181099,0.39569425715799766,108.48,674.098,782.578,169.44,1020.756,1190.196,60.958,346.658,407.616,0.726434281091055,10362.198,0.0010362198,781.376,0.0,0.0,0.39569425715799766,54240,337049,391289,203808,5181099,0.03,0.03,0.03,0,27,461,0,0,0,7,0,5,0,0,37.582,153,337
5640000,2026-01-19T17:15:34.730731,596147,54339,391986,204160,391356,0.7264028510181942,0.5190282,0.3956917552788359,108.678,675.294,783.972,169.754,1022.54,1192.294,61.076,347.244,408.32,0.7264028510181942,10380.564,0.0010380564,782.712,0.0,0.0,0.3956917552788359,54339,337647,391986,204160,5190282,0.03,0.03,0.03,1,24,461,0,5,0,6,0,3,0,0,93.694,131,440
5650000,2026-01-19T17:15:37.935270,597229,54437,392701,204527,392052,0.7262028480194378,0.5199444,0.3956616286354038,108.874,676.528,785.402,170.09,1024.368,1194.458,61.214,347.84,409.054,0.7262028480194378,10398.888,0.0010398888,784.104,0.0,0.0,0.3956616286354038,54437,338264,392701,204527,5199444,0.03,0.03,0.03,0,40,449,0,0,0,7,0,4,0,0,40.006,95,308
5660000,2026-01-19T17:15:41.126090,598285,54537,393401,204884,392726,0.7262516456112846,0.5208725,0.3956609197489211,109.074,677.728,786.802,170.4,1026.17,1196.57,61.326,348.442,409.768,0.7262516456112846,10417.45,0.001041745,785.452,0.0,0.0,0.3956609197489211,54537,338864,393401,204884,5208725,0.03,0.03,0.03,0,30,454,0,3,0,8,0,5,0,0,123.24,171,491
5670000,2026-01-19T17:15:44.343781,599317,54638,394079,205237,393377,0.7263041046235726,0.5218044,0.3956711364073512,109.276,678.882,788.158,170.72,1027.914,1198.634,61.442,349.032,410.474,0.7263041046235726,10436.088,0.0010436088,786.754,0.0,0.0,0.3956711364073512,54638,339441,394079,205237,5218044,0.03,0.03,0.03,0,19,462,0,5,0,10,0,4,0,0,120.92,153,480
5680000,2026-01-19T17:15:47.531946,600357,54741,394771,205586,394031,0.7261849937362133,0.5227247,0.3956403250211882,109.482,680.06,789.542,171.024,1029.69,1200.714,61.542,349.63,411.172,0.7261849937362133,10454.494,0.0010454494,788.062,0.0,0.0,0.3956403250211882,54741,340030,394771,205586,5227247,0.03,0.03,0.03,0,22,455,0,5,1,12,0,5,0,0,106.178,175,492
5690000,2026-01-19T17:15:50.732224,601381,54841,395444,205936,394694,0.7261929521424372,0.5236309,0.3956409690214775,109.682,681.206,790.888,171.314,1031.448,1202.762,61.63,350.242,411.872,0.7261929521424372,10472.618,0.0010472618000000001,789.388,0.0,0.0,0.3956409690214775,54841,340603,395444,205936,5236309,0.03,0.03,0.03,0,25,458,0,5,0,9,0,3,0,0,81.184,117,485
5700000,2026-01-19T17:15:53.912191,602423,54944,396128,206294,395352,0.7259954217168925,0.5245643,0.39560051056462037,109.888,682.368,792.256,171.634,1033.212,1204.846,61.746,350.842,412.588,0.7259954217168925,10491.286,0.0010491286,790.704,0.0,0.0,0.39560051056462037,54944,341184,396128,206294,5245643,0.03,0.03,0.03,0,30,451,0,6,0,12,0,1,0,0,114.676,178,395
5710000,2026-01-19T17:15:57.124149,603480,55050,396827,206652,396016,0.7258075811798377,0.5254963,0.39556024138476364,110.1,683.554,793.654,171.974,1034.986,1206.96,61.872,351.432,413.304,0.7258075811798377,10509.926,0.0010509926000000001,792.032,0.0,0.0,0.39556024138476364,55050,341777,396827,206652,5254963,0.03,0.03,0.03,0,16,473,0,0,0,8,0,3,0,0,83.288,158,486
5720000,2026-01-19T17:16:00.328750,604494,55150,397494,207000,396653,0.7256536049020939,0.526416,0.3955256088338289,110.3,684.688,794.988,172.284,1036.704,1208.988,61.984,352.016,414.0,0.7256536049020939,10528.32,0.001052832,793.306,0.0,0.0,0.3955256088338289,55150,342344,397494,207000,5264160,0.03,0.03,0.03,0,21,463,0,5,0,8,0,3,0,0,83.338,137,491
5730000,2026-01-19T17:16:03.534024,605544,55254,398186,207357,397318,0.725577698984064,0.5273411,0.39551146743208315,110.508,685.864,796.372,172.59,1038.498,1211.088,62.082,352.632,414.714,0.725577698984064,10546.822,0.0010546822,794.636,0.0,0.0,0.39551146743208315,55254,342932,398186,207357,5273411,0.03,0.03,0.03,0,21,462,1,3,0,8,0,5,0,0,127.496,180,465
5740000,2026-01-19T17:16:06.739707,606612,55355,398898,207713,398004,0.7254462202402155,0.5282518,0.3954913088577111,110.71,687.086,797.796,172.888,1040.336,1213.224,62.176,353.25,415.426,0.7254462202402155,10565.036,0.0010565036,796.008,0.0,0.0,0.3954913088577111,55355,343543,398898,207713,5282518,0.03,0.03,0.03,0,23,458,0,5,0,10,0,4,0,0,72.538,107,489
5750000,2026-01-19T17:16:09.960523,607649,55455,399582,208066,398661,0.7252669946064492,0.5291901,0.3954683353241486,110.91,688.254,799.164,173.208,1042.09,1215.298,62.296,353.836,416.132,0.7252669946064492,10583.802,0.0010583802,797.322,0.0,0.0,0.3954683353241486,55455,344127,399582,208066,5291901,0.03,0.03,0.03,0,28,455,0,3,0,8,0,6,0,0,79.436,125,462
5760000,2026-01-19T17:16:13.147843,608727,55557,400282,208445,399351,0.7252352033333666,0.5301236,0.3954681719511865,111.114,689.45,800.564,173.542,1043.912,1217.454,62.428,354.462,416.89,0.7252352033333666,10602.472,0.0010602472000000001,798.702,0.0,0.0,0.3954681719511865,55557,344725,400282,208445,5301236,0.03,0.03,0.03,0,25,455,0,3,1,11,0,5,0,0,130.44,175,492
5770000,2026-01-19T17:16:16.377424,609755,55656,400963,208792,400006,0.7251225886563889,0.531055,0.3954465845278959,111.312,690.614,801.926,173.854,1045.656,1219.51,62.542,355.042,417.584,0.7251225886563889,10621.1,0.00106211,800.012,0.0,0.0,0.3954465845278959,55656,345307,400963,208792,5310550,0.03,0.03,0.03,0,14,470,0,4,1,8,0,3,0,0,107.846,175,490
5780000,2026-01-19T17:16:19.573203,610787,55761,401650,209136,400654,0.7250243416344898,0.5319881,0.3954138910633374,111.522,691.778,803.3,174.162,1047.412,1221.574,62.638,355.634,418.272,0.7250243416344898,10639.762,0.0010639762,801.308,0.0,0.0,0.3954138910633374,55761,345889,401650,209136,5319881,0.03,0.03,0.03,0,31,458,0,0,0,6,0,5,0,0,41.432,147,264
5790000,2026-01-19T17:16:22.767431,611782,55863,402299,209482,401268,0.7249324736931932,0.5329265,0.3954005493406486,111.726,692.872,804.598,174.478,1049.086,1223.564,62.75,356.214,418.964,0.7249324736931932,10658.53,0.0010658529999999999,802.536,0.0,0.0,0.3954005493406486,55863,346436,402299,209482,5329265,0.03,0.03,0.03,0,19,462,0,4,0,10,0,5,0,0,102.922,141,489
5800000,2026-01-19T17:16:25.960463,612829,55961,402987,209841,401944,0.7248355355536688,0.5338506,0.3953917841786987,111.922,694.052,805.974,174.792,1050.866,1225.658,62.868,356.814,419.682,0.7248355355536688,10677.012,0.0010677012,803.888,0.0,0.0,0.3953917841786987,55961,347026,402987,209841,5338506,0.03,0.03,0.03,0,16,468,0,4,0,9,0,3,0,0,77.118,123,448
5810000,2026-01-19T17:16:29.155904,613845,56058,403652,210192,402585,0.7248288040374855,0.5347917,0.3953758816991185,112.116,695.188,807.304,175.106,1052.584,1227.69,62.99,357.394,420.384,0.7248288040374855,10695.834,0.0010695834,805.17,0.0,0.0,0.3953758816991185,56058,347594,403652,210192,5347917,0.03,0.03,0.03,0,22,455,0,4,0,12,0,7,0,0,94.782,173,378
5820000,2026-01-19T17:16:32.337149,614896,56159,404350,210546,403263,0.7247063199878917,0.5357024,0.3953570244442727,112.318,696.382,808.7,175.416,1054.376,1229.792,63.098,357.994,421.092,0.7247063199878917,10714.048,0.0010714048,806.526,0.0,0.0,0.3953570244442727,56159,348191,404350,210546,5357024,0.03,0.03,0.03,0,30,453,1,5,0,7,0,4,0,0,99.258,181,471
5830000,2026-01-19T17:16:35.527337,615945,56255,405035,210909,403932,0.7247781274258133,0.5366347,0.3953761115841601,112.51,697.56,810.07,175.744,1056.146,1231.89,63.234,358.584,421.818,0.7247781274258133,10732.694,0.0010732694,807.864,0.0,0.0,0.3953761115841601,56255,348780,405035,210909,5366347,0.03,0.03,0.03,0,22,453,0,5,0,14,0,6,0,0,137.654,177,486
5840000,2026-01-19T17:16:38.721102,616981,56362,405719,211261,404569,0.7245905418497884,0.5375694,0.39534297447224875,112.724,698.714,811.438,176.082,1057.88,1233.962,63.358,359.164,422.522,0.7245905418497884,10751.388,0.0010751387999999998,809.138,0.0,0.0,0.39534297447224875,56362,349357,405719,211261,5375694,0.03,0.03,0.03,0,17,459,0,8,0,11,0,5,0,0,127.182,179,481
5850000,2026-01-19T17:16:41.920953,618032,56463,406417,211614,405245,0.724548954991463,0.5384674,0.39533526368082345,112.926,699.908,812.834,176.406,1059.658,1236.064,63.478,359.75,423.228,0.724548954991463,10769.348,0.0010769348000000002,810.49,0.0,0.0,0.39533526368082345,56463,349954,406417,211614,5384674,0.03,0.03,0.03,0,23,461,0,2,0,8,0,6,0,0,121.784,159,486
5860000,2026-01-19T17:16:45.135604,619080,56562,407108,211971,405926,0.7246114617738005,0.5393882,0.39535890879881586,113.124,701.092,814.216,176.7,1061.46,1238.16,63.576,360.366,423.942,0.7246114617738005,10787.764,0.0010787764,811.852,0.0,0.0,0.39535890879881586,56562,350546,407108,211971,5393882,0.03,0.03,0.03,0,19,466,0,4,0,7,0,4,0,0,106.122,179,406
5870000,2026-01-19T17:16:48.311367,620163,56660,407831,212331,406621,0.724438196118546,0.5402878,0.39533404965416663,113.32,702.342,815.662,177.032,1063.294,1240.326,63.71,360.952,424.662,0.724438196118546,10805.756,0.0010805756,813.242,0.0,0.0,0.39533404965416663,56660,351171,407831,212331,5402878,0.03,0.03,0.03,0,40,447,0,3,0,7,0,3,0,0,54.518,89,476
5880000,2026-01-19T17:16:51.506903,621185,56759,408510,212674,407263,0.7243355077249507,0.5412224,0.39531239780659405,113.518,703.502,817.02,177.33,1065.04,1242.37,63.81,361.538,425.348,0.7243355077249507,10824.448,0.0010824448,814.526,0.0,0.0,0.39531239780659405,56759,351751,408510,212674,5412224,0.03,0.03,0.03,0,26,450,0,7,0,11,0,6,0,0,108.614,173,486
5890000,2026-01-19T17:16:54.686452,622196,56856,409173,213022,407920,0.7243826837997576,0.5421357,0.3953339406848552,113.712,704.634,818.346,177.608,1066.784,1244.392,63.894,362.15,426.044,0.7243826837997576,10842.714,0.0010842714,815.84,0.0,0.0,0.3953339406848552,56856,352317,409173,213022,5421357,0.03,0.03,0.03,0,12,467,0,7,0,11,0,3,0,0,77.422,95,489
5900000,2026-01-19T17:16:57.888501,623236,56958,409864,213371,408579,0.7243249457754085,0.5430707,0.39532375213666043,113.916,705.812,819.728,177.928,1068.544,1246.472,64.01,362.732,426.742,0.7243249457754085,10861.414,0.0010861414,817.158,0.0,0.0,0.39532375213666043,56958,352906,409864,213371,5430707,0.03,0.03,0.03,0,25,462,0,1,0,9,0,3,0,0,78.13,144,436
5910000,2026-01-19T17:17:01.078868,624324,57059,410578,213746,409275,0.7241659210786373,0.5439973,0.39530512412420893,114.118,707.038,821.156,178.242,1070.406,1248.648,64.124,363.368,427.492,0.7241659210786373,10879.946,0.0010879946,818.55,0.0,0.0,0.39530512412420893,57059,353519,410578,213746,5439973,0.03,0.03,0.03,0,20,459,0,5,1,12,0,3,0,0,141.202,175,481
5920000,2026-01-19T17:17:04.305140,625368,57159,411276,214091,409940,0.7239569269561597,0.5449289,0.3952660723704958,114.318,708.234,822.552,178.578,1072.158,1250.736,64.258,363.924,428.182,0.7239569269561597,10898.578,0.0010898578000000001,819.88,0.0,0.0,0.3952660723704958,57159,354117,411276,214091,5449289,0.03,0.03,0.03,0,28,463,0,0,0,5,0,4,0,0,29.364,119,225
5930000,2026-01-19T17:17:07.493215,626415,57257,411970,214444,410598,0.7237844377359827,0.5458596,0.3952361985574041,114.514,709.426,823.94,178.914,1073.916,1252.83,64.4,364.488,428.888,0.7237844377359827,10917.192,0.0010917192,821.196,0.0,0.0,0.3952361985574041,57257,354713,411970,214444,5458596,0.03,0.03,0.03,0,26,462,0,4,0,6,0,2,0,0,89.76,177,382
5940000,2026-01-19T17:17:10.676388,627477,57356,412676,214800,411276,0.7236828522693798,0.5467737,0.39520938890233315,114.712,710.64,825.352,179.248,1075.706,1254.954,64.534,365.066,429.6,0.7236828522693798,10935.474,0.0010935474,822.552,0.0,0.0,0.39520938890233315,57356,355320,412676,214800,5467737,0.03,0.03,0.03,0,24,466,0,1,0,6,0,3,0,0,29.782,104,215
5950000,2026-01-19T17:17:13.875920,628532,57452,413373,215158,411951,0.7235431006167382,0.5476912,0.3951818429423469,114.904,711.842,826.746,179.574,1077.49,1257.064,64.668,365.648,430.316,0.7235431006167382,10953.824,0.0010953824000000001,823.902,0.0,0.0,0.3951818429423469,57452,355921,413373,215158,5476912,0.03,0.03,0.03,0,30,457,0,0,0,7,0,6,0,0,21.398,99,291
5960000,2026-01-19T17:17:17.046029,629569,57550,414061,215507,412612,0.7235191325620618,0.5486085,0.3951797804583113,115.1,713.022,828.122,179.878,1079.26,1259.138,64.776,366.238,431.014,0.7235191325620618,10972.17,0.0010972170000000002,825.224,0.0,0.0,0.3951797804583113,57550,356511,414061,215507,5486085,0.03,0.03,0.03,0,26,456,0,3,0,12,0,3,0,0,106.002,155,490
5970000,2026-01-19T17:17:20.225502,630604,57653,414745,215858,413267,0.723425511914307,0.549538,0.39516135185871654,115.306,714.184,829.49,180.186,1081.022,1261.208,64.878,366.838,431.716,0.723425511914307,10990.76,0.001099076,826.534,0.0,0.0,0.39516135185871654,57653,357092,414745,215858,5495380,0.03,0.03,0.03,0,28,455,0,3,0,9,0,5,0,0,106.46,162,491
5980000,2026-01-19T17:17:23.429951,631692,57752,415465,216226,413964,0.7231472949882767,0.550458,0.3951100424097326,115.504,715.426,830.93,180.526,1082.858,1263.384,65.02,367.432,432.452,0.7231472949882767,11009.16,0.001100916,827.928,0.0,0.0,0.3951100424097326,57752,357713,415465,216226,5504580,0.03,0.03,0.03,0,23,461,0,2,0,9,0,5,0,0,74.68,125,481
5990000,2026-01-19T17:17:26.616497,632733,57851,416151,216581,414621,0.7229333551424098,0.5513846,0.3950646288559995,115.702,716.6,832.302,180.85,1084.616,1265.466,65.146,368.016,433.162,0.7229333551424098,11027.692,0.0011027692,829.242,0.0,0.0,0.3950646288559995,57851,358300,416151,216581,5513846,0.03,0.03,0.03,0,18,464,0,8,0,8,0,2,0,0,80.938,103,476
6000000,2026-01-19T17:17:29.807087,633802,57953,416864,216937,415293,0.7226721519597294,0.5523162,0.3950096171448909,115.906,717.822,833.728,181.19,1086.414,1267.604,65.282,368.592,433.874,0.7226721519597294,11046.324,0.0011046324,830.586,0.0,0.0,0.3950096171448909,57953,358911,416864,216937,5523162,0.03,0.03,0.03,0,40,445,0,2,0,7,0,6,0,0,67.55,121,401
6010000,2026-01-19T17:17:32.983376,634852,58053,417558,217294,415957,0.7227020228175228,0.553253,0.3950082648620608,116.106,719.01,835.116,181.514,1088.19,1269.704,65.408,369.18,434.588,0.7227020228175228,11065.06,0.001106506,831.914,0.0,0.0,0.3950082648620608,58053,359505,417558,217294,5532530,0.03,0.03,0.03,0,19,462,1,6,0,10,0,2,0,0,146.45,181,468
6020000,2026-01-19T17:17:36.158208,635909,58156,418253,217655,416635,0.7227130924946467,0.5541721,0.3949980938887853,116.312,720.194,836.506,181.81,1090.008,1271.818,65.496,369.814,435.31,0.7227130924946467,11083.442,0.0011083441999999999,833.27,0.0,0.0,0.3949980938887853,58156,360097,418253,217655,5541721,0.03,0.03,0.03,0,33,447,0,5,0,11,0,4,0,0,128.46,160,491
6030000,2026-01-19T17:17:39.334889,636968,58256,418955,218012,417318,0.7226151979025761,0.5550833,0.3949725837043526,116.512,721.398,837.91,182.128,1091.808,1273.936,65.614,370.41,436.024,0.7226151979025761,11101.666,0.0011101666,834.636,0.0,0.0,0.3949725837043526,58256,360699,418955,218012,5550833,0.03,0.03,0.03,0,25,463,0,3,0,8,0,1,0,0,63.46,151,487
6040000,2026-01-19T17:17:42.499939,637984,58352,419626,218357,417973,0.7225262575994342,0.5560008,0.39496131686896907,116.704,722.548,839.252,182.426,1093.542,1275.968,65.722,370.992,436.714,0.7225262575994342,11120.016,0.0011120015999999998,835.946,0.0,0.0,0.39496131686896907,58352,361274,419626,218357,5560008,0.03,0.03,0.03,0,23,464,0,2,0,6,1,4,0,0,65.14,139,419
6050000,2026-01-19T17:17:45.672519,639019,58450,420303,218715,418629,0.722427670921469,0.5569327,0.39493973944129446,116.9,723.706,840.606,182.73,1095.308,1278.038,65.83,371.6,437.43,0.722427670921469,11138.654,0.0011138653999999998,837.258,0.0,0.0,0.39493973944129446,58450,361853,420303,218715,5569327,0.03,0.03,0.03,0,16,460,0,6,0,13,0,5,0,0,137.21,171,477
6060000,2026-01-19T17:17:48.846229,640027,58547,420966,219060,419279,0.722341593879002,0.5578652,0.3949261210991671,117.094,724.838,841.932,183.04,1097.014,1280.054,65.944,372.176,438.12,0.722341593879002,11157.304,0.0011157303999999998,838.558,0.0,0.0,0.3949261210991671,58547,362419,420966,219060,5578652,0.03,0.03,0.03,0,22,466,0,2,0,6,0,4,0,0,84.596,135,392
6070000,2026-01-19T17:17:52.086278,641061,58645,421651,219409,419926,0.7222071929831119,0.5587969,0.39490485097697725,117.29,726.012,843.302,183.374,1098.748,1282.122,66.082,372.736,438.818,0.7222071929831119,11175.938,0.0011175938000000001,839.852,0.0,0.0,0.39490485097697725,58645,363006,421651,219409,5587969,0.03,0.03,0.03,0,25,456,0,4,0,10,0,5,0,0,100.208,153,459
6080000,2026-01-19T17:17:55.251110,642079,58743,422320,219758,420578,0.7222251640029325,0.559733,0.39490852957733985,117.486,727.154,844.64,183.668,1100.49,1284.158,66.18,373.336,439.516,0.7222251640029325,11194.66,0.0011194660000000002,841.156,0.0,0.0,0.39490852957733985,58743,363577,422320,219758,5597330,0.03,0.03,0.03,0,18,462,0,5,0,11,0,4,0,0,133.056,169,489
6090000,2026-01-19T17:17:58.437389,643100,58837,422991,220108,421234,0.722177931637748,0.5606516,0.39489089549904477,117.674,728.308,845.982,183.988,1102.212,1286.2,66.314,373.902,440.216,0.722177931637748,11213.032,0.0011213032,842.468,0.0,0.0,0.39489089549904477,58837,364154,422991,220108,5606516,0.03,0.03,0.03,0,31,452,0,4,0,9,0,4,0,0,79.63,121,428
6100000,2026-01-19T17:18:01.627676,644163,58931,423694,220468,421912,0.7221032007989617,0.5615689,0.3948822728427222,117.862,729.526,847.388,184.324,1104.002,1288.326,66.46,374.476,440.936,0.7221032007989617,11231.378,0.0011231378,843.824,0.0,0.0,0.3948822728427222,58931,364763,423694,220468,5615689,0.03,0.03,0.03,0,20,457,0,6,0,12,0,5,0,0,138.368,162,492
6110000,2026-01-19T17:18:04.808015,645187,59028,424370,220816,422583,0.7218594232659116,0.5624977,0.3948416060206946,118.056,730.684,848.74,184.626,1105.748,1290.374,66.568,375.064,441.632,0.7218594232659116,11249.954,0.0011249954,845.166,0.0,0.0,0.3948416060206946,59028,365342,424370,220816,5624977,0.03,0.03,0.03,0,39,452,0,0,0,6,0,3,0,0,53.922,121,479
6120000,2026-01-19T17:18:07.983644,646243,59126,425069,221173,423247,0.7217044369369537,0.5634196,0.3948119840686509,118.252,731.886,850.138,184.948,1107.538,1292.486,66.694,375.652,442.346,0.7217044369369537,11268.392,0.0011268392,846.494,0.0,0.0,0.3948119840686509,59126,365943,425069,221173,5634196,0.03,0.03,0.03,0,31,446,0,1,0,12,0,10,0,0,66.292,115,485
6130000,2026-01-19T17:18:11.168215,647258,59228,425732,221525,423895,0.7217982803155047,0.5643578,0.3948390834019556,118.456,733.008,851.464,185.236,1109.28,1294.516,66.778,376.272,443.05,0.7217982803155047,11287.156,0.0011287156,847.79,0.0,0.0,0.3948390834019556,59228,366504,425732,221525,5643578,0.03,0.03,0.03,0,11,467,0,5,0,11,0,6,0,0,122.794,149,487
6140000,2026-01-19T17:18:14.375522,648311,59327,426427,221883,424575,0.7216681362252377,0.5652875,0.3948184036382947,118.654,734.2,852.854,185.546,1111.076,1296.622,66.89,376.876,443.766,0.7216681362252377,11305.75,0.0011305750000000002,849.15,0.0,0.0,0.3948184036382947,59327,367100,426427,221883,5652875,0.03,0.03,0.03,0,26,460,0,2,0,10,0,2,0,0,83.728,167,493
6150000,2026-01-19T17:18:17.569687,649357,59419,427129,222227,425250,0.7215835119054212,0.5661904,0.39479458138025186,118.838,735.42,854.258,185.852,1112.862,1298.714,67.012,377.442,444.454,0.7215835119054212,11323.808,0.0011323808,850.5,0.0,0.0,0.39479458138025186,59419,367710,427129,222227,5661904,0.03,0.03,0.03,0,12,471,0,4,0,8,0,5,0,0,130.374,167,487
6160000,2026-01-19T17:18:20.776177,650414,59522,427827,222586,425924,0.721503172456821,0.5671107,0.3947686615349752,119.044,736.61,855.654,186.166,1114.662,1300.828,67.12,378.052,445.172,0.721503172456821,11342.214,0.0011342213999999998,851.848,0.0,0.0,0.3947686615349752,59522,368305,427827,222586,5671107,0.03,0.03,0.03,0,19,464,0,4,0,8,0,5,0,0,104.418,141,491
6170000,2026-01-19T17:18:23.957445,651456,59621,428520,222935,426572,0.7214356356856472,0.5680356,0.3947503742088809,119.242,737.798,857.04,186.496,1116.416,1302.912,67.252,378.618,445.87,0.7214356356856472,11360.712,0.0011360711999999999,853.144,0.0,0.0,0.3947503742088809,59621,368899,428520,222935,5680356,0.03,0.03,0.03,0,31,444,0,5,0,15,0,5,0,0,127.652,161,494
6180000,2026-01-19T17:18:27.130748,652449,59718,429171,223277,427214,0.7214558869493398,0.5689594,0.39475969398893346,119.436,738.906,858.342,186.792,1118.106,1304.898,67.354,379.2,446.554,0.7214558869493398,11379.188,0.0011379188,854.428,0.0,0.0,0.39475969398893346,59718,369453,429171,223277,5689594,0.03,0.03,0.03,0,42,442,0,6,0,8,0,2,0,0,74.386,101,483
6190000,2026-01-19T17:18:30.337756,653448,59812,429816,223631,427870,0.7215502846062992,0.5698952,0.39480250164157754,119.624,740.008,859.632,187.082,1119.814,1306.896,67.456,379.806,447.262,0.7215502846062992,11397.904,0.0011397904,855.74,0.0,0.0,0.39480250164157754,59812,370004,429816,223631,5698952,0.03,0.03,0.03,0,18,466,0,3,0,9,0,4,0,0,70.67,113,437
6200000,2026-01-19T17:18:33.906901,654471,59915,430482,223988,428505,0.7214789934551361,0.5708365,0.39479833570066236,119.83,741.134,860.964,187.392,1121.55,1308.942,67.562,380.414,447.976,0.7214789934551361,11416.73,0.001141673,857.01,0.0,0.0,0.39479833570066236,59915,370567,430482,223988,5708365,0.03,0.03,0.03,0,13,461,0,6,0,15,0,5,0,0,89.334,173,489
6210000,2026-01-19T17:18:37.779748,655504,60014,431159,224344,429193,0.7214186907937145,0.5717682,0.3947957557910979,120.028,742.29,862.318,187.672,1123.336,1311.008,67.644,381.044,448.688,0.7214186907937145,11435.364,0.0011435363999999998,858.386,0.0,0.0,0.3947957557910979,60014,371145,431159,224344,5717682,0.03,0.03,0.03,0,29,460,1,3,0,6,0,1,0,0,92.236,180,293
6220000,2026-01-19T17:18:41.919348,656559,60110,431860,224698,429855,0.7212816488054823,0.5726915,0.3947746255292732,120.22,743.5,863.72,188.0,1125.118,1313.118,67.778,381.618,449.396,0.7212816488054823,11453.83,0.001145383,859.71,0.0,0.0,0.3947746255292732,60110,371750,431860,224698,5726915,0.03,0.03,0.03,0,22,457,0,7,0,10,0,4,0,0,98.964,172,488
6230000,2026-01-19T17:18:46.197953,657609,60215,432554,225054,430525,0.7212543042619952,0.5736228,0.3947732821859998,120.43,744.678,865.108,188.314,1126.904,1315.218,67.882,382.226,450.108,0.7212543042619952,11472.456,0.0011472456,861.05,0.0,0.0,0.3947732821859998,60215,372339,432554,225054,5736228,0.03,0.03,0.03,0,26,463,0,0,0,6,0,5,0,0,46.266,137,458
6240000,2026-01-19T17:18:49.846000,658665,60315,433252,225412,431208,0.7212698927082704,0.5745496,0.3947805829605759,120.63,745.874,866.504,188.608,1128.722,1317.33,67.976,382.848,450.824,0.7212698927082704,11490.992,0.0011490992,862.416,0.0,0.0,0.3947805829605759,60315,372937,433252,225412,5745496,0.03,0.03,0.03,0,24,463,0,1,0,8,0,4,0,0,54.14,121,442
6250000,2026-01-19T17:18:54.342677,659674,60411,433913,225760,431860,0.7211809040202721,0.5754674,0.3947748496630274,120.822,747.004,867.826,188.916,1130.432,1319.348,68.092,383.428,451.52,0.7211809040202721,11509.348,0.0011509348,863.72,0.0,0.0,0.3947748496630274,60411,373502,433913,225760,5754674,0.03,0.03,0.03,0,31,459,0,1,0,5,0,4,0,0,41.316,95,328
6260000,2026-01-19T17:18:58.643492,660714,60506,434599,226114,432537,0.7212001795782179,0.576405,0.3947850477038889,121.012,748.186,869.198,189.21,1132.218,1321.428,68.196,384.032,452.228,0.7212001795782179,11528.1,0.00115281,865.074,0.0,0.0,0.3947850477038889,60506,374093,434599,226114,5764050,0.03,0.03,0.03,0,20,467,0,2,0,9,0,2,0,0,56.484,164,481
6270000,2026-01-19T17:19:02.306246,661767,60607,435289,226477,433208,0.7211393041675798,0.577332,0.3947764067919863,121.214,749.364,870.578,189.534,1134.0,1323.534,68.318,384.636,452.954,0.7211393041675798,11546.64,0.001154664,866.416,0.0,0.0,0.3947764067919863,60607,374682,435289,226477,5773320,0.03,0.03,0.03,0,39,447,0,2,0,9,0,3,0,0,75.66,117,455
6280000,2026-01-19T17:19:05.706959,662808,60701,435974,226833,433886,0.7211645827593038,0.5782682,0.39478139424824904,121.402,750.546,871.948,189.834,1135.782,1325.616,68.432,385.234,453.666,0.7211645827593038,11565.364,0.0011565364,867.772,0.0,0.0,0.39478139424824904,60701,375273,435974,226833,5782682,0.03,0.03,0.03,0,25,458,0,4,0,10,0,3,0,0,125.526,178,466
6290000,2026-01-19T17:19:08.981366,663842,60793,436657,227185,434560,0.7210520456026055,0.5791868,0.3947685852080539,121.586,751.728,873.314,190.138,1137.546,1327.684,68.552,385.818,454.37,0.7210520456026055,11583.736,0.0011583736,869.12,0.0,0.0,0.3947685852080539,60793,375864,436657,227185,5791868,0.03,0.03,0.03,0,24,456,1,6,0,10,0,3,0,0,116.208,180,489
6300000,2026-01-19T17:19:12.257829,664830,60892,437311,227518,435181,0.7209235115360948,0.5801177,0.39473677874855534,121.784,752.838,874.622,190.43,1139.23,1329.66,68.646,386.39,455.036,0.7209235115360948,11602.354,0.0011602353999999998,870.362,0.0,0.0,0.39473677874855534,60892,376419,437311,227518,5801177,0.03,0.03,0.03,0,25,456,0,5,0,10,0,4,0,0,115.608,179,479
6310000,2026-01-19T17:19:15.918651,665845,60987,437988,227857,435837,0.7208383765319731,0.5810289,0.3947132069355557,121.974,754.002,875.976,190.742,1140.948,1331.69,68.768,386.946,455.714,0.7208383765319731,11620.578,0.0011620577999999998,871.674,0.0,0.0,0.3947132069355557,60987,377001,437988,227857,5810289,0.03,0.03,0.03,0,17,469,1,2,0,7,0,4,0,0,81.632,181,344
6320000,2026-01-19T17:19:19.511435,666867,61085,438667,228199,436480,0.7206873174899652,0.5819336,0.394673412248731,122.17,755.164,877.334,191.048,1142.686,1333.734,68.876,387.522,456.398,0.7206873174899652,11638.672,0.0011638672000000001,872.96,0.0,0.0,0.394673412248731,61085,377582,438667,228199,5819336,0.03,0.03,0.03,0,18,463,0,5,0,11,0,3,0,0,136.598,167,484
6330000,2026-01-19T17:19:22.827198,667894,61186,439354,228539,437128,0.72047695899022,0.5828504,0.39462099755866287,122.372,756.336,878.708,191.362,1144.426,1335.788,68.988,388.09,457.078,0.72047695899022,11657.008,0.0011657008,874.256,0.0,0.0,0.39462099755866287,61186,378168,439354,228539,5828504,0.03,0.03,0.03,0,13,472,0,3,0,7,0,5,0,0,94.472,156,418
6340000,2026-01-19T17:19:26.004556,668921,61289,440029,228891,437780,0.7204672648508393,0.5837836,0.39461377347885446,122.578,757.48,880.058,191.672,1146.17,1337.842,69.094,388.688,457.782,0.7204672648508393,11675.672,0.0011675671999999998,875.56,0.0,0.0,0.39461377347885446,61289,378740,440029,228891,5837836,0.03,0.03,0.03,0,6,479,0,3,0,9,0,3,0,0,70.03,177,253
6350000,2026-01-19T17:19:29.298819,669995,61392,440748,229246,438455,0.7203049822486142,0.5846972,0.39457856277004244,122.784,758.712,881.496,192.01,1147.98,1339.99,69.224,389.268,458.492,0.7203049822486142,11693.944,0.0011693944,876.91,0.0,0.0,0.39457856277004244,61392,379356,440748,229246,5846972,0.03,0.03,0.03,0,22,464,0,0,0,8,0,6,0,0,54.848,109,463
6360000,2026-01-19T17:19:32.638184,671058,61494,441452,229605,439128,0.7201949428749025,0.5856217,0.3945502543308139,122.988,759.916,882.904,192.334,1149.782,1342.116,69.344,389.866,459.21,0.7201949428749025,11712.434,0.0011712434000000001,878.256,0.0,0.0,0.3945502543308139,61494,379958,441452,229605,5856217,0.03,0.03,0.03,0,52,436,0,0,0,7,0,5,0,0,27.228,117,319
6370000,2026-01-19T17:19:35.876447,672061,61588,442113,229947,439772,0.7201166427814457,0.5865504,0.3945366382259127,123.176,761.05,884.226,192.626,1151.496,1344.122,69.448,390.446,459.894,0.7201166427814457,11731.008,0.0011731008000000001,879.544,0.0,0.0,0.3945366382259127,61588,380525,442113,229947,5865504,0.03,0.03,0.03,0,25,461,0,2,0,8,0,4,0,0,51.334,167,492
6380000,2026-01-19T17:19:39.108181,673102,61684,442793,230309,440446,0.7201041006452297,0.5874687,0.3945381716338848,123.368,762.218,885.586,192.936,1153.268,1346.204,69.568,391.05,460.618,0.7201041006452297,11749.374,0.0011749374,880.892,0.0,0.0,0.3945381716338848,61684,381109,442793,230309,5874687,0.03,0.03,0.03,0,18,461,1,5,0,11,0,4,0,0,144.678,181,486
6390000,2026-01-19T17:19:42.411340,674128,61781,443467,230661,441107,0.7201112653463713,0.5883969,0.39453530120262,123.562,763.372,886.934,193.248,1155.008,1348.256,69.686,391.636,461.322,0.7201112653463713,11767.938,0.0011767938,882.214,0.0,0.0,0.39453530120262,61781,381686,443467,230661,5883969,0.03,0.03,0.03,0,10,471,1,6,0,9,0,3,0,0,134.198,181,464
6400000,2026-01-19T17:19:45.716441,675169,61881,444157,231011,441763,0.7200457918571156,0.5893187,0.3945141974358388,123.762,764.552,888.314,193.572,1156.766,1350.338,69.81,392.212,462.022,0.7200457918571156,11786.374,0.0011786373999999999,883.526,0.0,0.0,0.3945141974358388,61881,382276,444157,231011,5893187,0.03,0.03,0.03,0,33,450,0,3,0,8,0,6,0,0,116.39,167,466
6410000,2026-01-19T17:19:49.080584,676186,61975,444835,231351,442417,0.7199379611338641,0.5902413,0.3945014284103845,123.95,765.72,889.67,193.866,1158.506,1352.372,69.916,392.786,462.702,0.7199379611338641,11804.826,0.0011804825999999998,884.834,0.0,0.0,0.3945014284103845,61975,382860,444835,231351,5902413,0.03,0.03,0.03,0,21,459,1,5,0,10,0,4,0,0,129.418,181,487
6420000,2026-01-19T17:19:52.216936,677207,62073,445499,231707,443077,0.7200089527396724,0.5911662,0.39452011722751923,124.146,766.852,890.998,194.164,1160.25,1354.414,70.016,393.398,463.414,0.7200089527396724,11823.324,0.0011823324,886.154,0.0,0.0,0.39452011722751923,62073,383426,445499,231707,5911662,0.03,0.03,0.03,0,9,470,0,6,0,10,0,5,0,0,90.228,115,482
6430000,2026-01-19T17:19:55.332382,678228,62173,446174,232053,443735,0.7199068904243479,0.5921013,0.39450434435032783,124.346,768.002,892.348,194.454,1162.002,1356.456,70.106,394.0,464.106,0.7199068904243479,11842.026,0.0011842026,887.47,0.0,0.0,0.39450434435032783,62173,384001,446174,232053,5921013,0.03,0.03,0.03,0,24,459,0,7,0,9,0,1,0,0,125.868,169,490
6440000,2026-01-19T17:19:58.467470,679273,62275,446858,232414,444398,0.7199362319211914,0.5930386,0.39451243765877,124.55,769.166,893.716,194.774,1163.772,1358.546,70.224,394.604,464.828,0.7199362319211914,11860.772,0.0011860771999999999,888.796,0.0,0.0,0.39451243765877,62275,384583,446858,232414,5930386,0.03,0.03,0.03,0,25,452,0,6,0,11,0,6,0,0,128.378,177,466
6450000,2026-01-19T17:20:01.598100,680318,62370,447550,232767,445079,0.7197692924578294,0.5939559,0.394471235876203,124.74,770.36,895.1,195.09,1165.546,1360.636,70.348,395.186,465.534,0.7197692924578294,11879.118,0.0011879117999999999,890.158,0.0,0.0,0.394471235876203,62370,385180,447550,232767,5939559,0.03,0.03,0.03,0,21,463,0,2,0,7,0,7,0,0,95.2,169,494
6460000,2026-01-19T17:20:04.769283,681327,62474,448209,233118,445722,0.7197818744531437,0.5948987,0.3944771330612213,124.948,771.47,896.418,195.386,1167.268,1362.654,70.438,395.798,466.236,0.7197818744531437,11897.974,0.0011897974,891.444,0.0,0.0,0.3944771330612213,62474,385735,448209,233118,5948987,0.03,0.03,0.03,0,39,449,0,1,0,6,0,5,0,0,44.46,113,490
6470000,2026-01-19T17:20:07.890802,682369,62575,448892,233476,446383,0.7197155913552687,0.5958219,0.3944581411272805,125.15,772.634,897.784,195.698,1169.04,1364.738,70.546,396.406,466.952,0.7197155913552687,11916.438,0.0011916438,892.766,0.0,0.0,0.3944581411272805,62575,386317,448892,233476,5958219,0.03,0.03,0.03,0,21,462,0,2,0,10,0,5,0,0,69.27,97,484
6480000,2026-01-19T17:20:11.009412,683386,62673,449566,233819,447031,0.7196328438991402,0.5967439,0.3944409631596865,125.346,773.786,899.132,196.022,1170.75,1366.772,70.674,396.964,467.638,0.7196328438991402,11934.878,0.0011934878,894.062,0.0,0.0,0.3944409631596865,62673,386893,449566,233819,5967439,0.03,0.03,0.03,0,34,457,0,0,0,8,0,1,0,0,13.164,93,117
6490000,2026-01-19T17:20:14.173393,684450,62776,450278,234171,447699,0.7195399435453366,0.5976648,0.39441420709337627,125.552,775.004,900.556,196.334,1172.566,1368.9,70.78,397.562,468.342,0.7195399435453366,11953.296,0.0011953296,895.398,0.0,0.0,0.39441420709337627,62776,387502,450278,234171,5976648,0.03,0.03,0.03,0,27,459,0,2,0,8,0,4,0,0,70.318,103,488
6500000,2026-01-19T17:20:17.302016,685485,62867,450957,234527,448386,0.7194838163267849,0.5985755,0.3943984965994062,125.734,776.18,901.914,196.634,1174.336,1370.97,70.898,398.156,469.054,0.7194838163267849,11971.51,0.001197151,896.772,0.0,0.0,0.3943984965994062,62867,388090,450957,234527,5985755,0.03,0.03,0.03,0,35,456,0,0,0,7,0,2,0,0,24.666,105,364
6510000,2026-01-19T17:20:20.427250,686554,62968,451664,234889,449063,0.7193273368180675,0.5995159,0.3943747653498658,125.936,777.392,903.328,196.946,1176.162,1373.108,71.01,398.768,469.778,0.7193273368180675,11990.318,0.0011990318,898.126,0.0,0.0,0.3943747653498658,62968,388696,451664,234889,5995159,0.03,0.03,0.03,0,22,456,0,8,0,11,0,3,0,0,77.208,173,486
6520000,2026-01-19T17:20:23.564543,687570,63068,452333,235236,449713,0.7192557700376054,0.600452,0.39435243757543625,126.136,778.53,904.666,197.272,1177.868,1375.14,71.134,399.338,470.472,0.7192557700376054,12009.04,0.001200904,899.426,0.0,0.0,0.39435243757543625,63068,389265,452333,235236,6004520,0.03,0.03,0.03,0,27,463,0,0,0,8,0,2,0,0,38.414,133,429
6530000,2026-01-19T17:20:26.718690,688592,63162,453013,235578,450363,0.7191248603832147,0.6013663,0.394332040133021,126.324,779.702,906.026,197.58,1179.604,1377.184,71.256,399.9,471.156,0.7191248603832147,12027.326,0.0012027326,900.726,0.0,0.0,0.394332040133021,63162,389851,453013,235578,6013663,0.03,0.03,0.03,0,25,456,1,7,0,8,0,3,0,0,103.142,180,402
6540000,2026-01-19T17:20:29.825295,689665,63261,453718,235946,451058,0.7190773956575518,0.6022912,0.3943264229442904,126.522,780.914,907.436,197.912,1181.418,1379.33,71.388,400.504,471.892,0.7190773956575518,12045.824,0.0012045824,902.116,0.0,0.0,0.3943264229442904,63261,390457,453718,235946,6022912,0.03,0.03,0.03,0,25,461,0,4,0,7,0,3,0,0,79.19,111,459
6550000,2026-01-19T17:20:32.961130,690703,63365,454403,236299,451717,0.7191480331597476,0.6032299,0.39433497231545,126.73,782.076,908.806,198.214,1183.192,1381.406,71.482,401.116,472.598,0.7191480331597476,12064.598,0.0012064598,903.434,0.0,0.0,0.39433497231545,63365,391038,454403,236299,6032299,0.03,0.03,0.03,0,30,455,0,2,0,10,0,3,0,0,91.31,147,490
6560000,2026-01-19T17:20:36.104510,691716,63461,455063,236652,452382,0.7191350084020868,0.604161,0.39433332560354184,126.922,783.204,910.126,198.502,1184.93,1383.432,71.578,401.726,473.304,0.7191350084020868,12083.22,0.001208322,904.764,0.0,0.0,0.39433332560354184,63461,391602,455063,236652,6041610,0.03,0.03,0.03,0,39,448,0,1,0,7,0,5,0,0,54.252,109,367
6570000,2026-01-19T17:20:39.236701,692745,63559,455745,236999,453036,0.7191304970646556,0.6050978,0.39432964216636135,127.118,784.372,911.49,198.818,1186.672,1385.49,71.698,402.3,473.998,0.7191304970646556,12101.956,0.0012101956,906.072,0.0,0.0,0.39432964216636135,63559,392186,455745,236999,6050978,0.03,0.03,0.03,0,31,456,0,3,0,7,0,3,0,0,73.392,129,394
6580000,2026-01-19T17:20:42.376355,693789,63655,456436,237352,453707,0.7189466710068609,0.6060224,0.39428738330786783,127.31,785.562,912.872,199.122,1188.456,1387.578,71.812,402.892,474.704,0.7189466710068609,12120.448,0.0012120447999999999,907.414,0.0,0.0,0.39428738330786783,63655,392781,456436,237352,6060224,0.03,0.03,0.03,0,14,468,0,6,0,10,0,2,0,0,137.748,179,482
6590000,2026-01-19T17:20:45.553424,694793,63755,457093,237700,454351,0.7189408049965572,0.6069556,0.3942893796559841,127.51,786.676,914.186,199.414,1190.172,1389.586,71.904,403.496,475.4,0.7189408049965572,12139.112,0.0012139112,908.702,0.0,0.0,0.3942893796559841,63755,393338,457093,237700,6069556,0.03,0.03,0.03,0,29,454,1,2,0,9,0,5,0,0,106.138,181,461
6600000,2026-01-19T17:20:48.696074,695834,63856,457778,238055,455017,0.7188476395665344,0.6078926,0.39427162306308505,127.712,787.844,915.556,199.734,1191.934,1391.668,72.022,404.088,476.11,0.7188476395665344,12157.852,0.0012157852000000001,910.034,0.0,0.0,0.39427162306308505,63856,393922,457778,238055,6078926,0.03,0.03,0.03,0,27,460,0,3,0,5,0,5,0,0,91.926,171,490
6610000,2026-01-19T17:20:51.896912,696888,63957,458480,238407,455681,0.7187899634139479,0.608801,0.3942535195021282,127.914,789.046,916.96,200.04,1193.736,1393.776,72.124,404.69,476.814,0.7187899634139479,12176.02,0.0012176020000000001,911.362,0.0,0.0,0.3942535195021282,63957,394523,458480,238407,6088010,0.03,0.03,0.03,0,17,464,0,3,0,10,0,6,0,0,104.688,147,464
6620000,2026-01-19T17:20:55.046113,697963,64057,459192,238770,456370,0.718683434384046,0.6097283,0.3942300922427355,128.114,790.27,918.384,200.364,1195.562,1395.926,72.248,405.292,477.54,0.718683434384046,12194.566,0.0012194566,912.74,0.0,0.0,0.3942300922427355,64057,395135,459192,238770,6097283,0.03,0.03,0.03,0,26,456,0,5,0,9,0,4,0,0,134.008,161,490
6630000,2026-01-19T17:20:58.145874,698985,64153,459865,239119,457028,0.7186977233332726,0.6106479,0.3942409810364217,128.306,791.424,919.73,200.674,1197.296,1397.97,72.366,405.872,478.238,0.7186977233332726,12212.958,0.0012212958000000001,914.056,0.0,0.0,0.3942409810364217,64153,395712,459865,239119,6106479,0.03,0.03,0.03,0,37,444,0,2,0,12,0,5,0,0,107.214,153,490
6640000,2026-01-19T17:21:01.261733,700044,64256,460556,239487,457701,0.7186770499718586,0.6115811,0.3942407134425306,128.512,792.6,921.112,200.988,1199.1,1400.088,72.476,406.498,478.974,0.7186770499718586,12231.622,0.0012231622,915.402,0.0,0.0,0.3942407134425306,64256,396300,460556,239487,6115811,0.03,0.03,0.03,0,24,449,0,5,0,15,0,7,0,0,125.44,173,489
6650000,2026-01-19T17:21:04.364795,701098,64362,461254,239843,458378,0.7185825700809915,0.6125154,0.3942240410494278,128.724,793.784,922.508,201.298,1200.898,1402.196,72.572,407.114,479.686,0.7185825700809915,12250.308,0.0012250308,916.756,0.0,0.0,0.3942240410494278,64362,396892,461254,239843,6125154,0.03,0.03,0.03,0,25,460,0,3,0,10,0,2,0,0,119.312,173,492
6660000,2026-01-19T17:21:07.493983,702152,64463,461951,240200,459036,0.7183948901471935,0.6134375,0.39418466436663196,128.926,794.976,923.902,201.63,1202.674,1404.304,72.704,407.696,480.4,0.7183948901471935,12268.75,0.0012268749999999999,918.072,0.0,0.0,0.39418466436663196,64463,397488,461951,240200,6134375,0.03,0.03,0.03,0,27,452,0,4,0,11,0,6,0,0,87.698,121,447
6670000,2026-01-19T17:21:10.586517,703226,64569,462669,240556,459711,0.7182555892309862,0.6143566,0.3941556020897994,129.138,796.2,925.338,201.962,1204.49,1406.452,72.822,408.29,481.112,0.7182555892309862,12287.132,0.0012287132,919.422,0.0,0.0,0.3941556020897994,64569,398100,462669,240556,6143566,0.03,0.03,0.03,0,26,458,0,3,0,7,0,6,0,0,102.552,169,469
6680000,2026-01-19T17:21:13.720712,704264,64671,463344,240919,460372,0.7183285740441846,0.6152909,0.3941781096062894,129.342,797.346,926.688,202.28,1206.248,1408.528,72.936,408.902,481.838,0.7183285740441846,12305.818,0.0012305818,920.744,0.0,0.0,0.3941781096062894,64671,398673,463344,240919,6152909,0.03,0.03,0.03,0,20,462,0,4,0,9,0,5,0,0,95.704,127,445
6690000,2026-01-19T17:21:16.824482,705313,64771,464042,241270,461048,0.7183497801883137,0.6162111,0.3941805680272546,129.542,798.542,928.084,202.592,1208.034,1410.626,73.048,409.492,482.54,0.7183497801883137,12324.222,0.0012324222,922.096,0.0,0.0,0.3941805680272546,64771,399271,464042,241270,6162111,0.03,0.03,0.03,0,37,450,0,2,0,8,0,3,0,0,81.766,149,474
6700000,2026-01-19T17:21:19.934828,706330,64869,464712,241617,461699,0.7183101869694493,0.6171359,0.39416699858903564,129.738,799.686,929.424,202.9,1209.76,1412.66,73.16,410.074,483.234,0.7183101869694493,12342.718,0.0012342718,923.398,0.0,0.0,0.39416699858903564,64869,399843,464712,241617,6171359,0.03,0.03,0.03,0,32,458,0,1,0,5,0,4,0,0,62.718,132,381
6710000,2026-01-19T17:21:23.066031,707348,64970,465386,241961,462327,0.7182979543385,0.6180669,0.3941573860576327,129.94,800.832,930.772,203.218,1211.478,1414.696,73.276,410.646,483.922,0.7182979543385,12361.338,0.0012361338,924.654,0.0,0.0,0.3941573860576327,64970,400416,465386,241961,6180669,0.03,0.03,0.03,0,18,462,0,4,0,11,0,5,0,0,60.26,105,424
6720000,2026-01-19T17:21:26.171905,708406,65068,466082,242324,463006,0.7181880234591671,0.6189935,0.39415319036400326,130.136,802.028,932.164,203.548,1213.264,1416.812,73.412,411.236,484.648,0.7181880234591671,12379.87,0.0012379869999999999,926.012,0.0,0.0,0.39415319036400326,65068,401014,466082,242324,6189935,0.03,0.03,0.03,0,21,459,1,5,0,9,0,5,0,0,136.296,181,483
6730000,2026-01-19T17:21:29.272624,709462,65170,466777,242684,463689,0.7182193529326807,0.6199085,0.39416815557280593,130.34,803.214,933.554,203.854,1215.07,1418.924,73.512,411.856,485.368,0.7182193529326807,12398.17,0.001239817,927.378,0.0,0.0,0.39416815557280593,65170,401607,466777,242684,6199085,0.03,0.03,0.03,0,15,471,0,2,0,8,0,4,0,0,61.124,107,469
6740000,2026-01-19T17:21:32.398829,710506,65269,467476,243029,464331,0.7180075272773607,0.6208338,0.3941215757175437,130.538,804.414,934.952,204.212,1216.8,1421.012,73.672,412.386,486.058,0.7180075272773607,12416.676,0.0012416675999999999,928.662,0.0,0.0,0.3941215757175437,65269,402207,467476,243029,6208338,0.03,0.03,0.03,0,24,457,0,3,0,12,0,4,0,0,89.028,161,482
6750000,2026-01-19T17:21:35.515997,711524,65367,468142,243381,464969,0.7178952171115649,0.6217616,0.39411038670688925,130.734,805.55,936.284,204.536,1218.512,1423.048,73.8,412.962,486.762,0.7178952171115649,12435.232,0.0012435232000000001,929.938,0.0,0.0,0.39411038670688925,65367,402775,468142,243381,6217616,0.03,0.03,0.03,0,15,459,0,5,0,13,0,8,0,0,114.074,147,472
6760000,2026-01-19T17:21:38.608203,712546,65463,468809,243736,465634,0.717873513479847,0.6226921,0.39409385479809145,130.926,806.692,937.618,204.846,1220.246,1425.092,73.918,413.554,487.472,0.717873513479847,12453.842,0.0012453841999999998,931.268,0.0,0.0,0.39409385479809145,65463,403346,468809,243736,6226921,0.03,0.03,0.03,0,21,461,0,5,0,10,0,3,0,0,76.352,103,484
6770000,2026-01-19T17:21:41.742949,713585,65558,469499,244085,466305,0.7177845523759059,0.6236024,0.39408237582938954,131.116,807.882,938.998,205.166,1222.004,1427.17,74.048,414.122,488.17,0.7177845523759059,12472.048,0.0012472048,932.61,0.0,0.0,0.39408237582938954,65558,403941,469499,244085,6236024,0.03,0.03,0.03,0,22,462,0,4,0,10,0,2,0,0,105.494,139,429
6780000,2026-01-19T17:21:44.837924,714592,65656,470157,244434,466953,0.717687340528045,0.6245344,0.3940737038778957,131.312,809.002,940.314,205.468,1223.716,1429.184,74.154,414.714,488.868,0.717687340528045,12490.688,0.0012490688000000002,933.906,0.0,0.0,0.3940737038778957,65656,404501,470157,244434,6245344,0.03,0.03,0.03,0,33,454,0,3,0,6,0,4,0,0,36.106,99,251
6790000,2026-01-19T17:21:47.917187,715574,65749,470801,244772,467591,0.71758005681004,0.6254528,0.3940558353654812,131.498,810.104,941.602,205.748,1225.4,1431.148,74.25,415.294,489.544,0.71758005681004,12509.056,0.0012509056,935.182,0.0,0.0,0.3940558353654812,65749,405052,470801,244772,6254528,0.03,0.03,0.03,0,24,460,0,7,0,6,0,3,0,0,64.864,121,478
6800000,2026-01-19T17:21:51.030481,716625,65842,471496,245128,468277,0.7174817780914235,0.6263673,0.39403261253168775,131.684,811.308,942.992,206.062,1227.188,1433.25,74.376,415.88,490.256,0.7174817780914235,12527.346,0.0012527346,936.554,0.0,0.0,0.39403261253168775,65842,405654,471496,245128,6263673,0.03,0.03,0.03,0,24,462,0,2,0,8,0,4,0,0,54.77,91,491
6810000,2026-01-19T17:21:54.151799,717662,65941,472184,245477,468939,0.7173966556314735,0.627286,0.3940110097801659,131.882,812.486,944.368,206.372,1228.952,1435.324,74.488,416.466,490.954,0.7173966556314735,12545.72,0.001254572,937.878,0.0,0.0,0.3940110097801659,65941,406243,472184,245477,6272860,0.03,0.03,0.03,0,15,471,0,1,0,9,0,4,0,0,87.786,155,490
6820000,2026-01-19T17:21:57.252424,718690,66036,472862,245827,469590,0.7173685076202728,0.6282144,0.3940092808425808,132.072,813.652,945.724,206.69,1230.69,1437.38,74.616,417.038,491.654,0.7173685076202728,12564.288,0.0012564287999999998,939.18,0.0,0.0,0.3940092808425808,66036,406826,472862,245827,6282144,0.03,0.03,0.03,0,19,458,0,5,0,12,0,6,0,0,100.426,159,485
6830000,2026-01-19T17:22:00.383322,719714,66133,473550,246163,470257,0.7173257976849653,0.6291257,0.39399578548104974,132.266,814.834,947.1,206.988,1232.44,1439.428,74.72,417.606,492.326,0.7173257976849653,12582.514,0.0012582514,940.514,0.0,0.0,0.39399578548104974,66133,407417,473550,246163,6291257,0.03,0.03,0.03,0,36,455,0,0,0,4,0,5,0,0,66.022,140,448
6840000,2026-01-19T17:22:03.470241,720776,66234,474254,246521,470929,0.7171931449966652,0.6300453,0.3939753613410335,132.468,816.04,948.508,207.306,1234.246,1441.552,74.836,418.206,493.042,0.7171931449966652,12600.906,0.0012600906000000002,941.858,0.0,0.0,0.3939753613410335,66234,408020,474254,246521,6300453,0.03,0.03,0.03,0,38,446,0,1,0,9,0,6,0,0,62.226,109,398
6850000,2026-01-19T17:22:06.661861,721783,66335,474910,246872,471561,0.7170974848445805,0.6309813,0.3939657849015859,132.67,817.15,949.82,207.62,1235.946,1443.566,74.948,418.796,493.744,0.7170974848445805,12619.626,0.0012619626,943.122,0.0,0.0,0.3939657849015859,66335,408575,474910,246872,6309813,0.03,0.03,0.03,0,18,461,0,4,0,10,0,7,0,0,127.794,173,481
6860000,2026-01-19T17:22:09.765847,722794,66435,475580,247213,472202,0.716925789230283,0.631904,0.3939310764103799,132.87,818.29,951.16,207.934,1237.654,1445.588,75.062,419.364,494.426,0.716925789230283,12638.08,0.001263808,944.404,0.0,0.0,0.3939310764103799,66435,409145,475580,247213,6319040,0.03,0.03,0.03,0,27,456,0,1,0,10,0,6,0,0,100.836,139,494
6870000,2026-01-19T17:22:12.878342,723837,66531,476260,247576,472883,0.7169288730227001,0.6328371,0.3939402983837899,133.062,819.458,952.52,208.226,1239.448,1447.674,75.162,419.99,495.152,0.7169288730227001,12656.742,0.0012656742000000001,945.766,0.0,0.0,0.3939402983837899,66531,409729,476260,247576,6328371,0.03,0.03,0.03,0,24,456,0,7,0,8,0,5,0,0,92.742,119,486
6880000,2026-01-19T17:22:15.978920,724848,66627,476915,247932,473544,0.7169531996048732,0.6337808,0.3939501736176104,133.254,820.576,953.83,208.518,1241.178,1449.696,75.262,420.602,495.864,0.7169531996048732,12675.616,0.0012675616000000002,947.088,0.0,0.0,0.3939501736176104,66627,410288,476915,247932,6337808,0.03,0.03,0.03,0,22,462,0,2,0,10,0,4,0,0,70.062,129,322
6890000,2026-01-19T17:22:19.078705,725845,66721,477567,248277,474202,0.7169026186209071,0.6347138,0.3939505110117625,133.442,821.692,955.134,208.794,1242.896,1451.69,75.35,421.204,496.554,0.7169026186209071,12694.276,0.0012694276,948.404,0.0,0.0,0.3939505110117625,66721,410846,477567,248277,6347138,0.03,0.03,0.03,0,31,459,0,0,0,7,0,3,0,0,31.704,91,242
6900000,2026-01-19T17:22:22.184765,726937,66824,478291,248645,474884,0.716673960908815,0.6356546,0.3939033500743402,133.648,822.934,956.582,209.126,1244.748,1453.874,75.476,421.814,497.29,0.716673960908815,12713.092,0.0012713091999999998,949.768,0.0,0.0,0.3939033500743402,66824,411467,478291,248645,6356546,0.03,0.03,0.03,0,30,452,0,3,0,11,0,4,0,0,104.212,143,432
6910000,2026-01-19T17:22:25.287494,727940,66922,478949,248990,475539,0.7165751688644981,0.6365811,0.39388877376254783,133.844,824.054,957.898,209.408,1246.472,1455.88,75.562,422.418,497.98,0.7165751688644981,12731.622,0.0012731622,951.078,0.0,0.0,0.39388877376254783,66922,412027,478949,248990,6365811,0.03,0.03,0.03,0,21,467,0,1,0,7,0,4,0,0,108.044,164,494
6920000,2026-01-19T17:22:28.366897,728994,67019,479639,249354,476218,0.716507745110165,0.6375083,0.3938778105794188,134.038,825.24,959.278,209.724,1248.264,1457.988,75.686,423.022,498.708,0.716507745110165,12750.166,0.0012750166000000001,952.436,0.0,0.0,0.3938778105794188,67019,412620,479639,249354,6375083,0.03,0.03,0.03,0,6,478,0,4,0,9,0,3,0,0,122.146,179,382
6930000,2026-01-19T17:22:31.480058,730023,67114,480318,249704,476877,0.7164109083212393,0.6384421,0.3938657390253778,134.228,826.408,960.636,210.032,1250.014,1460.046,75.804,423.604,499.408,0.7164109083212393,12768.842,0.0012768842000000001,953.754,0.0,0.0,0.3938657390253778,67114,413204,480318,249704,6384421,0.03,0.03,0.03,0,19,460,0,6,0,10,0,5,0,0,138.162,178,492
6940000,2026-01-19T17:22:34.555673,731099,67212,481030,250068,477568,0.7163102640490013,0.6393644,0.3938427823111595,134.424,827.636,962.06,210.358,1251.84,1462.198,75.934,424.202,500.136,0.7163102640490013,12787.288,0.0012787288,955.136,0.0,0.0,0.3938427823111595,67212,413818,481030,250068,6393644,0.03,0.03,0.03,0,25,453,1,6,0,12,0,3,0,0,111.204,180,403
6950000,2026-01-19T17:22:37.651487,732139,67310,481704,250434,478238,0.7163293368502747,0.6403038,0.393846985999167,134.62,828.788,963.408,210.682,1253.596,1464.278,76.062,424.806,500.868,0.7163293368502747,12806.076,0.0012806076,956.476,0.0,0.0,0.393846985999167,67310,414394,481704,250434,6403038,0.03,0.03,0.03,0,14,467,0,8,0,9,0,2,0,0,117.856,178,478
6960000,2026-01-19T17:22:40.892623,733178,67408,482389,250788,478906,0.7162982337693586,0.6412267,0.3938423563830186,134.816,829.962,964.778,210.994,1255.362,1466.356,76.176,425.4,501.576,0.7162982337693586,12824.534,0.0012824534000000002,957.812,0.0,0.0,0.3938423563830186,67408,414981,482389,250788,6412267,0.03,0.03,0.03,0,24,460,0,3,0,9,0,4,0,0,94.47,141,421
6970000,2026-01-19T17:22:44.023444,734215,67503,483063,251151,479579,0.7164124318492705,0.6421706,0.39385561719998247,135.006,831.12,966.126,211.284,1257.146,1468.43,76.278,426.024,502.302,0.7164124318492705,12843.412,0.0012843412000000001,959.158,0.0,0.0,0.39385561719998247,67503,415560,483063,251151,6421706,0.03,0.03,0.03,0,21,455,0,9,0,13,0,2,0,0,141.75,172,489
6980000,2026-01-19T17:22:47.191161,735249,67601,483747,251501,480247,0.71641061868131,0.643104,0.3938517465098275,135.202,832.292,967.494,211.584,1258.914,1470.498,76.382,426.62,503.002,0.71641061868131,12862.08,0.001286208,960.494,0.0,0.0,0.3938517465098275,67601,416146,483747,251501,6431040,0.03,0.03,0.03,0,31,447,0,7,0,9,0,6,0,0,83.912,177,479
6990000,2026-01-19T17:22:50.351556,736283,67692,484425,251857,480940,0.7163831930414375,0.6440075,0.39384225391737915,135.384,833.466,968.85,211.868,1260.698,1472.566,76.482,427.232,503.714,0.7163831930414375,12880.15,0.001288015,961.88,0.0,0.0,0.39384225391737915,67692,416733,484425,251857,6440075,0.03,0.03,0.03,0,43,438,0,4,0,11,0,4,0,0,104.324,143,475
7000000,2026-01-19T17:22:53.514669,737295,67785,485090,252204,481599,0.7163357118533761,0.6449289,0.39383133164558926,135.57,834.61,970.18,212.162,1262.428,1474.59,76.59,427.818,504.408,0.7163357118533761,12898.578,0.0012898578,963.198,0.0,0.0,0.39383133164558926,67785,417305,485090,252204,6449289,0.03,0.03,0.03,0,16,467,0,3,0,10,0,4,0,0,65.8,107,399
7010000,2026-01-19T17:22:56.664860,738293,67882,485753,252539,482241,0.716227157632972,0.6458715,0.3938074650680603,135.764,835.742,971.506,212.462,1264.124,1476.586,76.696,428.382,505.078,0.716227157632972,12917.43,0.0012917430000000001,964.482,0.0,0.0,0.3938074650680603,67882,417871,485753,252539,6458715,0.03,0.03,0.03,0,27,465,0,1,0,5,0,2,0,0,75.412,141,414
7020000,2026-01-19T17:22:59.779650,739290,67982,486403,252886,482874,0.7162634323571883,0.6468139,0.393812571666381,135.964,836.842,972.806,212.74,1265.84,1478.58,76.774,428.998,505.772,0.7162634323571883,12936.278,0.0012936278000000002,965.748,0.0,0.0,0.393812571666381,67982,418421,486403,252886,6468139,0.03,0.03,0.03,0,30,457,0,3,0,7,0,3,0,0,33.232,84,383
7030000,2026-01-19T17:23:02.942846,740303,68084,487068,253234,483510,0.716271849097122,0.6477488,0.3938189154672538,136.168,837.968,974.136,213.034,1267.572,1480.606,76.866,429.602,506.468,0.716271849097122,12954.976,0.0012954976,967.02,0.0,0.0,0.3938189154672538,68084,418984,487068,253234,6477488,0.03,0.03,0.03,0,24,456,0,4,0,11,0,5,0,0,109.786,178,472
7040000,2026-01-19T17:23:06.096101,741382,68186,487785,253596,484202,0.7161130783132685,0.6486634,0.3937762706612505,136.372,839.198,975.57,213.36,1269.404,1482.764,76.986,430.206,507.192,0.7161130783132685,12973.268,0.0012973268,968.404,0.0,0.0,0.3937762706612505,68186,419599,487785,253596,6486634,0.03,0.03,0.03,0,18,465,0,3,0,8,0,6,0,0,66.722,139,447
7050000,2026-01-19T17:23:09.244047,742417,68291,488468,253948,484844,0.7160060778135746,0.6496094,0.39375067378190914,136.582,840.354,976.936,213.674,1271.16,1484.834,77.09,430.806,507.896,0.7160060778135746,12992.188,0.0012992188,969.688,0.0,0.0,0.39375067378190914,68291,420177,488468,253948,6496094,0.03,0.03,0.03,0,33,445,0,6,0,10,0,6,0,0,117.612,173,489
7060000,2026-01-19T17:23:12.383063,743431,68394,489136,254294,485488,0.7160146778584253,0.6505421,0.3937583459753554,136.788,841.484,978.272,213.978,1272.884,1486.862,77.188,431.4,508.588,0.7160146778584253,13010.842,0.0013010842,970.976,0.0,0.0,0.3937583459753554,68394,420742,489136,254294,6505421,0.03,0.03,0.03,0,19,462,0,4,0,10,0,5,0,0,112.708,162,489
7070000,2026-01-19T17:23:15.533784,744436,68495,489803,254632,486125,0.715924004789554,0.6514769,0.3937434962215418,136.99,842.616,979.606,214.276,1274.596,1488.872,77.284,431.98,509.264,0.715924004789554,13029.538,0.0013029538,972.25,0.0,0.0,0.3937434962215418,68495,421308,489803,254632,6514769,0.03,0.03,0.03,0,23,463,0,2,0,7,0,5,0,0,77.418,131,441
7080000,2026-01-19T17:23:18.652187,745475,68594,490494,254980,486787,0.7158856264662675,0.6523973,0.39374244674460407,137.188,843.8,980.988,214.598,1276.352,1490.95,77.408,432.552,509.96,0.7158856264662675,13047.946,0.0013047946,973.574,0.0,0.0,0.39374244674460407,68594,421900,490494,254980,6523973,0.03,0.03,0.03,0,38,450,0,1,0,7,0,4,0,0,52.136,103,344
7090000,2026-01-19T17:23:21.744809,746533,68694,491191,255341,487461,0.7158358430745971,0.6533244,0.3937369109355514,137.388,844.994,982.382,214.928,1278.138,1493.066,77.538,433.144,510.682,0.7158358430745971,13066.488,0.0013066488000000002,974.922,0.0,0.0,0.3937369109355514,68694,422497,491191,255341,6533244,0.03,0.03,0.03,0,29,459,0,1,0,8,0,3,0,0,58.894,153,328
7100000,2026-01-19T17:23:24.861758,747582,68795,491882,255699,488118,0.7157288862450794,0.6542577,0.39372285295239967,137.59,846.174,983.764,215.26,1279.904,1495.164,77.67,433.728,511.398,0.7157288862450794,13085.154,0.0013085154,976.236,0.0,0.0,0.39372285295239967,68795,423087,491882,255699,6542577,0.03,0.03,0.03,0,26,460,1,3,0,7,0,3,0,0,78.146,180,259
7110000,2026-01-19T17:23:27.970352,748633,68886,492569,256063,488802,0.715728688918028,0.6551858,0.3937295841804629,137.772,847.366,985.138,215.58,1281.686,1497.266,77.808,434.318,512.126,0.715728688918028,13103.716,0.0013103716,977.604,0.0,0.0,0.3937295841804629,68886,423683,492569,256063,6551858,0.03,0.03,0.03,0,24,461,0,5,0,6,0,4,0,0,105.054,171,447
7120000,2026-01-19T17:23:31.113236,749642,68981,493232,256410,489449,0.7157363292500623,0.6561065,0.3937346163751655,137.962,848.502,986.464,215.882,1283.402,1499.284,77.92,434.9,512.82,0.7157363292500623,13122.13,0.001312213,978.898,0.0,0.0,0.3937346163751655,68981,424251,493232,256410,6561065,0.03,0.03,0.03,0,15,468,0,4,0,9,0,4,0,0,72.99,171,488
7130000,2026-01-19T17:23:34.238756,750646,69078,493901,256745,490105,0.7157081747785624,0.6570403,0.3937232095338246,138.156,849.646,987.802,216.158,1285.134,1501.292,78.002,435.488,513.49,0.7157081747785624,13140.806,0.0013140806,980.21,0.0,0.0,0.3937232095338246,69078,424823,493901,256745,6570403,0.03,0.03,0.03,0,35,455,1,3,0,5,0,1,0,0,109.942,181,481
7140000,2026-01-19T17:23:37.349666,751687,69174,494589,257098,490769,0.7156445749519169,0.6579777,0.3937084838582048,138.348,850.83,989.178,216.476,1286.898,1503.374,78.128,436.068,514.196,0.7156445749519169,13159.554,0.0013159554,981.538,0.0,0.0,0.3937084838582048,69174,425415,494589,257098,6579777,0.03,0.03,0.03,0,23,461,0,3,1,9,0,3,0,0,61.616,175,488
7150000,2026-01-19T17:23:40.466176,752703,69268,495260,257443,491420,0.7156163648402772,0.6588975,0.39369789849894393,138.536,851.984,990.52,216.782,1288.624,1505.406,78.246,436.64,514.886,0.7156163648402772,13177.95,0.001317795,982.84,0.0,0.0,0.39369789849894393,69268,425992,495260,257443,6588975,0.03,0.03,0.03,0,21,458,1,7,0,9,0,4,0,0,142.48,181,481
7160000,2026-01-19T17:23:43.598417,753725,69365,495934,257790,492089,0.7156200304669829,0.6598184,0.39369427128679957,138.73,853.138,991.868,217.082,1290.368,1507.45,78.35,437.23,515.58,0.7156200304669829,13196.368,0.0013196368,984.178,0.0,0.0,0.39369427128679957,69365,426569,495934,257790,6598184,0.03,0.03,0.03,0,29,461,0,0,0,6,0,4,0,0,24.606,97,413
7170000,2026-01-19T17:23:46.719199,754770,69463,496612,258157,492782,0.7157282729267139,0.6607543,0.3937150848115547,138.926,854.298,993.224,217.37,1292.17,1509.54,78.442,437.872,516.314,0.7157282729267139,13215.086,0.0013215086,985.564,0.0,0.0,0.3937150848115547,69463,427149,496612,258157,6607543,0.03,0.03,0.03,0,31,460,0,0,0,6,0,3,0,0,60.792,155,465
7180000,2026-01-19T17:23:49.819652,755805,69561,497299,258505,493433,0.7157311691724343,0.6616635,0.3937102164224228,139.122,855.476,994.598,217.682,1293.928,1511.61,78.558,438.452,517.01,0.7157311691724343,13233.27,0.001323327,986.866,0.0,0.0,0.3937102164224228,69561,427738,497299,258505,6616635,0.03,0.03,0.03,0,31,450,0,6,0,10,0,3,0,0,72.82,101,489
7190000,2026-01-19T17:23:52.911092,756832,69664,497960,258871,494107,0.7158007382418988,0.6626063,0.39373118342708785,139.328,856.592,995.92,217.964,1295.7,1513.664,78.634,439.108,517.742,0.7158007382418988,13252.126,0.0013252125999999999,988.214,0.0,0.0,0.39373118342708785,69664,428296,497960,258871,6626063,0.03,0.03,0.03,0,34,455,0,1,0,7,0,3,0,0,62.048,133,418
7200000,2026-01-19T17:23:56.047890,757871,69761,498641,259230,494776,0.7157335597149725,0.6635317,0.39371487808888267,139.522,857.76,997.282,218.274,1297.468,1515.742,78.752,439.708,518.46,0.7157335597149725,13270.634,0.0013270634,989.552,0.0,0.0,0.39371487808888267,69761,428880,498641,259230,6635317,0.03,0.03,0.03,0,33,454,1,3,0,6,0,3,0,0,128.486,181,436
7210000,2026-01-19T17:23:59.159793,758942,69857,499351,259591,495464,0.7157254478048906,0.6644576,0.3937120926793662,139.714,858.988,998.702,218.598,1299.286,1517.884,78.884,440.298,519.182,0.7157254478048906,13289.152,0.0013289152,990.928,0.0,0.0,0.3937120926793662,69857,429494,499351,259591,6644576,0.03,0.03,0.03,0,27,457,0,2,1,7,0,6,0,0,102.532,169,482
7220000,2026-01-19T17:24:02.302052,759988,69953,500045,259942,496134,0.7156984164832569,0.6653844,0.3937131659521648,139.906,860.184,1000.09,218.918,1301.058,1519.976,79.012,440.872,519.884,0.7156984164832569,13307.688,0.0013307688,992.268,0.0,0.0,0.3937131659521648,69953,430092,500045,259942,6653844,0.03,0.03,0.03,0,23,461,0,3,0,7,1,5,0,0,78.412,123,395
7230000,2026-01-19T17:24:05.448746,761057,70052,500743,260313,496821,0.7156586864308605,0.6663059,0.39370799903296566,140.104,861.382,1001.486,219.242,1302.872,1522.114,79.138,441.488,520.626,0.7156586864308605,13326.118,0.0013326118,993.642,0.0,0.0,0.39370799903296566,70052,430691,500743,260313,6663059,0.03,0.03,0.03,0,32,451,0,5,0,9,0,3,0,0,137.496,177,457
7240000,2026-01-19T17:24:08.554131,762104,70148,501440,260664,497493,0.7155567880771427,0.6672309,0.39368310847573995,140.296,862.584,1002.88,219.566,1304.642,1524.208,79.27,442.058,521.328,0.7155567880771427,13344.618,0.0013344618,994.986,0.0,0.0,0.39368310847573995,70148,431292,501440,260664,6672309,0.03,0.03,0.03,0,27,455,1,4,0,9,0,4,0,0,132.404,181,482
7250000,2026-01-19T17:24:11.655666,763114,70245,502096,261017,498134,0.7155448961139732,0.6681663,0.3936905434016443,140.49,863.702,1004.192,219.888,1306.34,1526.228,79.398,442.636,522.034,0.7155448961139732,13363.326,0.0013363326,996.268,0.0,0.0,0.3936905434016443,70245,431851,502096,261017,6681663,0.03,0.03,0.03,0,20,460,1,5,0,9,0,5,0,0,107.718,180,445
7260000,2026-01-19T17:24:14.798625,764116,70343,502762,261353,498772,0.7154814210944869,0.6690917,0.3936705258322292,140.686,864.838,1005.524,220.186,1308.046,1528.232,79.498,443.208,522.706,0.7154814210944869,13381.834,0.0013381833999999999,997.544,0.0,0.0,0.3936705258322292,70343,432419,502762,261353,6690917,0.03,0.03,0.03,0,23,463,0,4,0,6,0,4,0,0,91.028,133,484
7270000,2026-01-19T17:24:17.871803,765181,70431,503472,261708,499465,0.7153722211767459,0.6699919,0.3936456288940006,140.862,866.082,1006.944,220.514,1309.848,1530.362,79.65,443.766,523.416,0.7153722211767459,13399.838,0.0013399838,998.93,0.0,0.0,0.3936456288940006,70431,433041,503472,261708,6699919,0.03,0.03,0.03,0,29,449,0,5,0,11,0,6,0,0,66.438,97,465
7280000,2026-01-19T17:24:20.960812,766250,70529,504172,262077,500157,0.7153423553377571,0.6709237,0.39364033007079574,141.058,867.286,1008.344,220.862,1311.638,1532.5,79.804,444.35,524.154,0.7153423553377571,13418.474,0.0013418474,1000.314,0.0,0.0,0.39364033007079574,70529,433643,504172,262077,6709237,0.03,0.03,0.03,0,30,458,0,3,0,8,0,1,0,0,61.47,122,385
7290000,2026-01-19T17:24:24.059551,767282,70622,504853,262428,500820,0.71531375154263,0.6718505,0.3936287134627891,141.244,868.462,1009.706,221.18,1313.384,1534.564,79.934,444.922,524.856,0.71531375154263,13437.01,0.001343701,1001.64,0.0,0.0,0.3936287134627891,70622,434231,504853,262428,6718505,0.03,0.03,0.03,0,27,458,0,3,0,9,0,3,0,0,77.022,129,426
7300000,2026-01-19T17:24:27.265654,768290,70717,505514,262775,501462,0.7152389661858735,0.6727837,0.39361335808433234,141.434,869.594,1011.028,221.49,1315.09,1536.58,80.054,445.496,525.55,0.7152389661858735,13455.674,0.0013455674,1002.924,0.0,0.0,0.39361335808433234,70717,434797,505514,262775,6727837,0.03,0.03,0.03,0,17,462,0,4,0,12,0,5,0,0,124.46,163,483
7310000,2026-01-19T17:24:30.383472,769292,70815,506170,263121,502103,0.715234547452923,0.6737085,0.39360564256614516,141.63,870.71,1012.34,221.796,1316.788,1538.584,80.164,446.078,526.242,0.715234547452923,13474.17,0.001347417,1004.206,0.0,0.0,0.39360564256614516,70815,435355,506170,263121,6737085,0.03,0.03,0.03,0,16,465,0,5,0,9,0,5,0,0,71.256,101,463
7320000,2026-01-19T17:24:33.481510,770362,70923,506884,263477,502772,0.715161383451669,0.6746447,0.3935867630963965,141.846,871.922,1013.768,222.142,1318.582,1540.724,80.296,446.658,526.954,0.715161383451669,13492.894,0.0013492894,1005.544,0.0,0.0,0.3935867630963965,70923,435961,506884,263477,6746447,0.03,0.03,0.03,1,25,465,0,1,0,5,0,3,0,0,31.144,122,313
7330000,2026-01-19T17:24:36.567229,771417,71022,507581,263835,503441,0.7151203224826976,0.675566,0.393577244014166,142.044,873.118,1015.162,222.454,1320.38,1542.834,80.408,447.262,527.67,0.7151203224826976,13511.32,0.001351132,1006.882,0.0,0.0,0.393577244014166,71022,436559,507581,263835,6755660,0.03,0.03,0.03,0,34,446,0,3,0,12,0,5,0,0,86.954,131,452
7340000,2026-01-19T17:24:39.634342,772470,71124,508276,264193,504126,0.7150502589333964,0.6765023,0.39355118178372617,142.248,874.304,1016.552,222.76,1322.18,1544.94,80.51,447.876,528.386,0.7150502589333964,13530.046,0.0013530046,1008.252,0.0,0.0,0.39355118178372617,71124,437152,508276,264193,6765023,0.03,0.03,0.03,0,21,467,0,1,0,8,0,3,0,0,77.174,159,490
7350000,2026-01-19T17:24:42.709087,773499,71223,508955,264543,504773,0.7150335291360829,0.6774337,0.39354437404542264,142.446,875.464,1017.91,223.07,1323.928,1546.998,80.622,448.464,529.086,0.7150335291360829,13548.674,0.0013548674,1009.546,0.0,0.0,0.39354437404542264,71223,437732,508955,264543,6774337,0.03,0.03,0.03,0,24,456,0,5,0,11,0,4,0,0,92.272,127,484
7360000,2026-01-19T17:24:45.821822,774545,71325,509654,264890,505427,0.7148651392816842,0.6783677,0.39350585177734754,142.65,876.658,1019.308,223.388,1325.702,1549.09,80.738,449.042,529.78,0.7148651392816842,13567.354,0.0013567354000000001,1010.854,0.0,0.0,0.39350585177734754,71325,438329,509654,264890,6783677,0.03,0.03,0.03,0,21,458,0,5,0,11,0,5,0,0,116.89,171,458
7370000,2026-01-19T17:24:48.937967,775616,71425,510375,265240,506111,0.7148364703455777,0.6792762,0.3934970752857323,142.85,877.9,1020.75,223.704,1327.528,1551.232,80.852,449.628,530.48,0.7148364703455777,13585.524,0.0013585524,1012.222,0.0,0.0,0.3934970752857323,71425,438950,510375,265240,6792762,0.03,0.03,0.03,0,22,461,0,4,0,11,0,2,0,0,92.254,153,403
7380000,2026-01-19T17:24:52.056512,776626,71521,511042,265583,506767,0.7147674334608716,0.6801904,0.39348696037914405,143.042,879.042,1022.084,224.01,1329.242,1553.252,80.966,450.2,531.166,0.7147674334608716,13603.808,0.0013603807999999998,1013.534,0.0,0.0,0.39348696037914405,71521,439521,511042,265583,6801904,0.03,0.03,0.03,0,30,464,0,0,0,5,0,1,0,0,23.076,101,334
7390000,2026-01-19T17:24:55.184875,777674,71615,511732,265941,507443,0.7146985048247914,0.6811287,0.3934695448380152,143.23,880.234,1023.464,224.32,1331.028,1555.348,81.088,450.794,531.882,0.7146985048247914,13622.574,0.0013622574,1014.886,0.0,0.0,0.3934695448380152,71615,440117,511732,265941,6811287,0.03,0.03,0.03,0,23,464,0,2,0,8,0,3,0,0,74.054,151,491
7400000,2026-01-19T17:24:58.322366,778708,71717,512413,266294,508098,0.7146081071702157,0.6820617,0.39345999680068633,143.434,881.392,1024.826,224.632,1332.784,1557.416,81.196,451.392,532.588,0.7146081071702157,13641.234,0.0013641234,1016.196,0.0,0.0,0.39345999680068633,71717,440696,512413,266294,6820617,0.03,0.03,0.03,0,27,458,0,5,0,8,0,2,0,0,83.066,106,487
7410000,2026-01-19T17:25:01.414595,779738,71820,513094,266643,508750,0.7145399371014487,0.6830036,0.3934474555791578,143.64,882.548,1026.188,224.944,1334.532,1559.476,81.304,451.982,533.286,0.7145399371014487,13660.072,0.0013660072,1017.5,0.0,0.0,0.3934474555791578,71820,441274,513094,266643,6830036,0.03,0.03,0.03,1,41,445,0,5,0,6,0,2,0,0,57.79,121,387
7420000,2026-01-19T17:25:04.524430,780788,71919,513778,267009,509421,0.7144103155201806,0.683936,0.39343419076688957,143.838,883.718,1027.556,225.264,1336.312,1561.576,81.424,452.594,534.018,0.7144103155201806,13678.72,0.001367872,1018.842,0.0,0.0,0.39343419076688957,71919,441859,513778,267009,6839360,0.03,0.03,0.03,0,27,455,0,4,0,10,0,4,0,0,83.344,145,365
7430000,2026-01-19T17:25:07.620851,781818,72013,514452,267365,510092,0.7143927278072119,0.6848789,0.39343721418220495,144.026,884.878,1028.904,225.542,1338.094,1563.636,81.514,453.216,534.73,0.7143927278072119,13697.578,0.0013697578,1020.184,0.0,0.0,0.39343721418220495,72013,442439,514452,267365,6848789,0.03,0.03,0.03,0,12,462,0,7,0,14,0,5,0,0,146.054,173,487
7440000,2026-01-19T17:25:10.723167,782870,72116,515142,267727,510771,0.7143020718473345,0.6858059,0.3934288639543983,144.232,886.052,1030.284,225.862,1339.878,1565.74,81.63,453.824,535.454,0.7143020718473345,13716.118,0.0013716117999999998,1021.542,0.0,0.0,0.3934288639543983,72116,443026,515142,267727,6858059,0.03,0.03,0.03,0,21,463,0,4,0,7,0,5,0,0,114.996,173,481
7450000,2026-01-19T17:25:13.814024,783936,72218,515855,268080,511447,0.714184763222767,0.6867344,0.3934140669551398,144.436,887.274,1031.71,226.188,1341.684,1567.872,81.752,454.408,536.16,0.714184763222767,13734.688,0.0013734688,1022.894,0.0,0.0,0.3934140669551398,72218,443637,515855,268080,6867344,0.03,0.03,0.03,0,25,457,0,4,0,9,0,5,0,0,122.214,177,490
7460000,2026-01-19T17:25:16.934508,784968,72313,516527,268441,512133,0.7142216748505652,0.6876666,0.39342744438841826,144.626,888.428,1033.054,226.472,1343.464,1569.936,81.846,455.036,536.882,0.7142216748505652,13753.332,0.0013753332000000001,1024.266,0.0,0.0,0.39342744438841826,72313,444214,516527,268441,6876666,0.03,0.03,0.03,0,18,469,0,2,0,7,0,4,0,0,93.538,181,424
7470000,2026-01-19T17:25:20.086050,785998,72417,517198,268800,512782,0.7142287030776755,0.6886051,0.3934291558976671,144.834,889.562,1034.396,226.79,1345.206,1571.996,81.956,455.644,537.6,0.7142287030776755,13772.102,0.0013772101999999999,1025.564,0.0,0.0,0.3934291558976671,72417,444781,517198,268800,6886051,0.03,0.03,0.03,1,32,450,0,3,0,10,0,4,0,0,67.554,118,492
7480000,2026-01-19T17:25:23.522862,787067,72520,517903,269163,513470,0.7142352513639177,0.6895267,0.39343237495757255,145.04,890.766,1035.806,227.104,1347.03,1574.134,82.062,456.264,538.326,0.7142352513639177,13790.534,0.0013790534,1026.94,0.0,0.0,0.39343237495757255,72520,445383,517903,269163,6895267,0.03,0.03,0.03,0,24,464,0,2,0,7,0,3,0,0,63.946,95,421
7490000,2026-01-19T17:25:27.215501,788109,72622,518586,269522,514135,0.7141761880419412,0.6904558,0.3934271326953262,145.244,891.928,1037.172,227.408,1348.81,1576.218,82.162,456.882,539.044,0.7141761880419412,13809.116,0.0013809115999999998,1028.27,0.0,0.0,0.3934271326953262,72622,445964,518586,269522,6904558,0.03,0.03,0.03,0,27,457,0,3,0,11,0,2,0,0,82.844,129,474
7500000,2026-01-19T17:25:30.728770,789185,72724,519291,269894,514827,0.7141346124793639,0.6913843,0.3934241921923531,145.448,893.134,1038.582,227.734,1350.636,1578.37,82.286,457.502,539.788,0.7141346124793639,13827.686,0.0013827686,1029.654,0.0,0.0,0.3934241921923531,72724,446567,519291,269894,6913843,0.03,0.03,0.03,0,27,459,0,2,0,7,1,4,0,0,94.372,147,475
7510000,2026-01-19T17:25:34.106760,790183,72828,519951,270231,515455,0.7140672353990981,0.6923121,0.39340163463169237,145.656,894.246,1039.902,228.032,1352.334,1580.366,82.374,458.088,540.462,0.7140672353990981,13846.242,0.0013846242,1030.91,0.0,0.0,0.39340163463169237,72828,447123,519951,270231,6923121,0.03,0.03,0.03,0,31,457,0,1,0,6,0,5,0,0,65.222,157,375
7520000,2026-01-19T17:25:37.807877,791207,72929,520619,270587,516101,0.713987616135517,0.6932514,0.39339323590290814,145.858,895.38,1041.238,228.336,1354.078,1582.414,82.478,458.696,541.174,0.713987616135517,13865.028,0.0013865028,1032.202,0.0,0.0,0.39339323590290814,72929,447690,520619,270587,6932514,0.03,0.03,0.03,0,12,471,0,5,0,10,0,2,0,0,109.148,178,487
7530000,2026-01-19T17:25:41.147995,792250,73027,521301,270948,516772,0.7139595111587763,0.6941754,0.3933854328971538,146.054,896.548,1042.602,228.642,1355.858,1584.5,82.586,459.31,541.896,0.7139595111587763,13883.508,0.0013883508,1033.544,0.0,0.0,0.3933854328971538,73027,448274,521301,270948,6941754,0.03,0.03,0.03,0,13,465,0,6,0,12,0,4,0,0,88.432,173,490
7540000,2026-01-19T17:25:44.661252,793280,73126,521974,271305,517447,0.7140212930476124,0.6951033,0.39339954134136934,146.252,897.696,1043.948,228.94,1357.62,1586.56,82.686,459.924,542.61,0.7140212930476124,13902.066,0.0013902066,1034.894,0.0,0.0,0.39339954134136934,73126,448848,521974,271305,6951033,0.03,0.03,0.03,0,37,450,0,3,0,6,0,4,0,0,59.352,93,479
7550000,2026-01-19T17:25:47.825630,794313,73226,522654,271658,518105,0.7139679725851892,0.6960351,0.393388920983962,146.452,898.856,1045.308,229.252,1359.374,1588.626,82.798,460.518,543.316,0.7139679725851892,13920.702,0.0013920702,1036.21,0.0,0.0,0.393388920983962,73226,449428,522654,271658,6960351,0.03,0.03,0.03,0,30,455,0,5,0,6,0,4,0,0,117.046,153,489
7560000,2026-01-19T17:25:51.105369,795332,73325,523330,272002,518749,0.7139047827799206,0.6969679,0.3933762118876832,146.65,900.01,1046.66,229.562,1361.102,1590.664,82.912,461.092,544.004,0.7139047827799206,13939.358,0.0013939357999999998,1037.498,0.0,0.0,0.3933762118876832,73325,450005,523330,272002,6969679,0.03,0.03,0.03,0,16,469,1,6,0,6,0,2,0,0,125.26,181,489
7570000,2026-01-19T17:25:54.280023,796323,73419,523983,272339,519380,0.7138230682885036,0.6978937,0.3933692076322526,146.838,901.128,1047.966,229.868,1362.778,1592.646,83.028,461.65,544.678,0.7138230682885036,13957.874,0.0013957873999999998,1038.76,0.0,0.0,0.3933692076322526,73419,450564,523983,272339,6978937,0.03,0.03,0.03,0,12,471,0,4,0,9,0,4,0,0,78.192,165,487
7580000,2026-01-19T17:25:57.606298,797327,73511,524649,272677,520036,0.7137615656309426,0.6987985,0.39335381900262123,147.022,902.276,1049.298,230.17,1364.484,1594.654,83.146,462.208,545.354,0.7137615656309426,13975.97,0.001397597,1040.072,0.0,0.0,0.39335381900262123,73511,451138,524649,272677,6987985,0.03,0.03,0.03,0,25,465,0,0,0,8,0,2,0,0,29.372,119,239
7590000,2026-01-19T17:26:01.313447,798357,73613,525340,273017,520671,0.7136569447797704,0.6997418,0.3933258491365106,147.226,903.454,1050.68,230.482,1366.232,1596.714,83.256,462.778,546.034,0.7136569447797704,13994.836,0.0013994836,1041.342,0.0,0.0,0.3933258491365106,73613,451727,525340,273017,6997418,0.03,0.03,0.03,0,19,464,0,7,0,8,0,2,0,0,140.194,167,483
7600000,2026-01-19T17:26:04.529264,799379,73716,526017,273362,521304,0.713531059580199,0.7006711,0.39330102353711843,147.432,904.602,1052.034,230.808,1367.95,1598.758,83.376,463.348,546.724,0.713531059580199,14013.422,0.0014013422,1042.608,0.0,0.0,0.39330102353711843,73716,452301,526017,273362,7006711,0.03,0.03,0.03,0,8,472,1,6,0,10,0,3,0,0,159.724,181,488
7610000,2026-01-19T17:26:07.589460,800448,73816,526729,273719,521986,0.7134214064823466,0.7015961,0.39327845250572874,147.632,905.826,1053.458,231.13,1369.766,1600.896,83.498,463.94,547.438,0.7134214064823466,14031.922,0.0014031921999999998,1043.972,0.0,0.0,0.39327845250572874,73816,452913,526729,273719,7015961,0.03,0.03,0.03,0,23,459,0,3,1,10,0,4,0,0,118.08,175,440
7620000,2026-01-19T17:26:10.641934,801521,73913,527442,274078,522674,0.7134334258014229,0.7025143,0.3932741761024958,147.826,907.058,1054.884,231.444,1371.598,1603.042,83.618,464.538,548.156,0.7134334258014229,14050.286,0.0014050286,1045.348,0.0,0.0,0.3932741761024958,73913,453529,527442,274078,7025143,0.03,0.03,0.03,0,18,459,0,6,0,12,0,5,0,0,146.118,177,487
7630000,2026-01-19T17:26:13.698266,802537,74012,528108,274428,523326,0.713380416872781,0.7034461,0.3932709982285675,148.024,908.192,1056.216,231.758,1373.316,1605.074,83.732,465.124,548.856,0.713380416872781,14068.922,0.0014068922,1046.652,0.0,0.0,0.3932709982285675,74012,454096,528108,274428,7034461,0.03,0.03,0.03,0,28,454,0,3,0,11,0,4,0,0,105.478,145,480
7640000,2026-01-19T17:26:16.831672,803582,74110,528794,274787,523998,0.7133066713349422,0.7043825,0.3932616253391854,148.22,909.368,1057.588,232.09,1375.074,1607.164,83.868,465.706,549.574,0.7133066713349422,14087.65,0.001408765,1047.996,0.0,0.0,0.3932616253391854,74110,454684,528794,274787,7043825,0.03,0.03,0.03,0,17,472,0,0,0,7,0,4,0,0,22.698,86,301
7650000,2026-01-19T17:26:19.939934,804583,74208,529449,275133,524632,0.7132693718076841,0.7053228,0.3932573692552374,148.416,910.482,1058.898,232.398,1376.768,1609.166,83.98,466.286,550.266,0.7132693718076841,14106.456,0.0014106456,1049.264,0.0,0.0,0.3932573692552374,74208,455241,529449,275133,7053228,0.03,0.03,0.03,0,25,467,0,0,0,7,0,1,0,0,23.86,93,356
7660000,2026-01-19T17:26:23.071957,805626,74309,530138,275487,525288,0.7131719396984076,0.7062438,0.39323871480239014,148.618,911.658,1060.276,232.708,1378.544,1611.252,84.088,466.886,550.974,0.7131719396984076,14124.876,0.0014124876,1050.576,0.0,0.0,0.39323871480239014,74309,455829,530138,275487,7062438,0.03,0.03,0.03,0,40,443,0,2,0,10,0,5,0,0,100.028,153,491
7670000,2026-01-19T17:26:26.154297,806676,74406,530831,275844,525963,0.7130873635922811,0.707176,0.3932205583205787,148.812,912.85,1061.662,233.03,1380.322,1613.352,84.216,467.472,551.688,0.7130873635922811,14143.52,0.001414352,1051.926,0.0,0.0,0.3932205583205787,74406,456425,530831,275844,7071760,0.03,0.03,0.03,0,10,472,0,4,0,10,0,4,0,0,109.658,139,472
7680000,2026-01-19T17:26:29.240287,807689,74505,531498,276191,526610,0.7130413769915723,0.7081155,0.39320884859679567,149.01,913.986,1062.996,233.328,1382.05,1615.378,84.318,468.064,552.382,0.7130413769915723,14162.31,0.001416231,1053.22,0.0,0.0,0.39320884859679567,74505,456993,531498,276191,7081155,0.03,0.03,0.03,0,23,460,1,4,0,9,0,3,0,0,126.352,181,454
7690000,2026-01-19T17:26:32.311314,808700,74607,532154,276545,527261,0.7131770406398972,0.7090488,0.39323634638465793,149.214,915.094,1064.308,233.612,1383.788,1617.4,84.396,468.694,553.09,0.7131770406398972,14180.976,0.0014180976,1054.522,0.0,0.0,0.39323634638465793,74607,457547,532154,276545,7090488,0.03,0.03,0.03,0,26,458,0,5,0,8,0,3,0,0,74.4,153,400
7700000,2026-01-19T17:26:35.404851,809711,74705,532815,276895,527910,0.7130872709058022,0.7099757,0.3932170959351775,149.41,916.22,1065.63,233.91,1385.512,1619.422,84.498,469.292,553.79,0.7130872709058022,14199.514,0.0014199514,1055.82,0.0,0.0,0.3932170959351775,74705,458110,532815,276895,7099757,0.03,0.03,0.03,0,36,450,0,0,0,8,0,6,0,0,68.19,127,461
7710000,2026-01-19T17:26:38.479650,810781,74805,533522,277258,528593,0.7130399761113969,0.7108962,0.39319470484115226,149.61,917.434,1067.044,234.244,1387.318,1621.562,84.632,469.884,554.516,0.7130399761113969,14217.924,0.0014217924,1057.186,0.0,0.0,0.39319470484115226,74805,458717,533522,277258,7108962,0.03,0.03,0.03,0,12,474,0,3,0,6,0,5,0,0,75.394,117,475
7720000,2026-01-19T17:26:41.552210,811813,74906,534205,277607,529250,0.7130259622020791,0.7118193,0.39318410589173164,149.812,918.598,1068.41,234.534,1389.092,1623.626,84.72,470.494,555.214,0.7130259622020791,14236.386,0.0014236386,1058.5,0.0,0.0,0.39318410589173164,74906,459299,534205,277607,7118193,0.03,0.03,0.03,0,22,463,0,2,0,9,0,4,0,0,68.452,127,462
7730000,2026-01-19T17:26:44.618078,812857,75001,534882,277974,529934,0.7130855496022103,0.7127409,0.3932035781005161,150.002,919.762,1069.764,234.83,1390.884,1625.714,84.826,471.122,555.948,0.7130855496022103,14254.818,0.0014254818,1059.868,0.0,0.0,0.3932035781005161,75001,459881,534882,277974,7127409,0.03,0.03,0.03,0,27,453,0,5,0,10,0,5,0,0,101.268,129,491
7740000,2026-01-19T17:26:47.689252,813894,75102,535565,278328,530593,0.7130447334068757,0.7136768,0.3931948633014004,150.204,920.926,1071.13,235.16,1392.628,1627.788,84.956,471.7,556.656,0.7130447334068757,14273.536,0.0014273536,1061.186,0.0,0.0,0.3931948633014004,75102,460463,535565,278328,7136768,0.03,0.03,0.03,1,32,454,0,4,0,5,0,4,0,0,61.952,122,437
7750000,2026-01-19T17:26:50.772794,814946,75206,536262,278683,531253,0.7129970446646645,0.714594,0.3931758772513516,150.412,922.112,1072.524,235.468,1394.424,1629.892,85.054,472.312,557.366,0.7129970446646645,14291.88,0.0014291879999999999,1062.506,0.0,0.0,0.3931758772513516,75206,461056,536262,278683,7145940,0.03,0.03,0.03,0,23,463,0,2,0,8,0,4,0,0,66.186,165,464
7760000,2026-01-19T17:26:53.827215,815987,75310,536948,279038,531895,0.7129791128591849,0.7155259,0.39317309054634575,150.62,923.276,1073.896,235.788,1396.186,1631.974,85.168,472.908,558.076,0.7129791128591849,14310.518,0.0014310518,1063.79,0.0,0.0,0.39317309054634575,75310,461638,536948,279038,7155259,0.03,0.03,0.03,0,22,454,0,8,0,12,0,4,0,0,146.146,177,475
7770000,2026-01-19T17:26:56.910669,817026,75413,537628,279397,532570,0.7128931280710776,0.7164535,0.39315722886714927,150.826,924.43,1075.256,236.092,1397.96,1634.052,85.266,473.528,558.794,0.7128931280710776,14329.07,0.001432907,1065.14,0.0,0.0,0.39315722886714927,75413,462215,537628,279397,7164535,0.03,0.03,0.03,0,18,468,0,4,0,7,0,3,0,0,89.474,177,415
7780000,2026-01-19T17:27:00.097966,818076,75509,538322,279753,533257,0.7128734335113417,0.7173607,0.3931493487919501,151.018,925.626,1076.644,236.386,1399.766,1636.152,85.366,474.14,559.506,0.7128734335113417,14347.214,0.0014347213999999998,1066.514,0.0,0.0,0.3931493487919501,75509,462813,538322,279753,7173607,0.03,0.03,0.03,0,27,458,0,5,0,7,0,3,0,0,114.618,161,466
7790000,2026-01-19T17:27:03.174855,819083,75607,538978,280104,533894,0.7128720453927431,0.7182952,0.39315122654750084,151.214,926.742,1077.956,236.696,1401.47,1638.166,85.482,474.726,560.208,0.7128720453927431,14365.904,0.0014365904,1067.788,0.0,0.0,0.39315122654750084,75607,463371,538978,280104,7182952,0.03,0.03,0.03,0,9,474,0,5,0,9,0,3,0,0,138.268,176,451
7800000,2026-01-19T17:27:06.345920,820141,75709,539678,280462,534561,0.7127813510654755,0.7192259,0.3931329506515156,151.418,927.938,1079.356,237.014,1403.268,1640.282,85.594,475.33,560.924,0.7127813510654755,14384.518,0.0014384518,1069.122,0.0,0.0,0.3931329506515156,75709,463969,539678,280462,7192259,0.03,0.03,0.03,0,24,456,0,4,0,11,0,5,0,0,96.912,139,426
7810000,2026-01-19T17:27:09.673079,821165,75807,540348,280817,535229,0.7128234228803249,0.7201648,0.3931395928809741,151.614,929.082,1080.696,237.3,1405.03,1642.33,85.686,475.948,561.634,0.7128234228803249,14403.296,0.0014403296000000002,1070.458,0.0,0.0,0.3931395928809741,75807,464541,540348,280817,7201648,0.03,0.03,0.03,1,37,443,0,3,0,11,0,5,0,0,49.326,117,491
7820000,2026-01-19T17:27:12.888756,822214,75912,541042,281171,535894,0.7128056942115841,0.7210934,0.39313267999257656,151.824,930.26,1082.084,237.628,1406.8,1644.428,85.802,476.54,562.342,0.7128056942115841,14421.868,0.0014421868,1071.788,0.0,0.0,0.39313267999257656,75912,465130,541042,281171,7210934,0.03,0.03,0.03,0,37,453,0,0,0,7,0,3,0,0,52.432,156,444
7830000,2026-01-19T17:27:16.175629,823246,76014,541717,281528,536544,0.7127917525434333,0.7220258,0.39312653085972055,152.028,931.406,1083.434,237.936,1408.556,1646.492,85.908,477.148,563.056,0.7127917525434333,14440.516,0.0014440516,1073.088,0.0,0.0,0.39312653085972055,76014,465703,541717,281528,7220258,0.03,0.03,0.03,0,19,463,0,3,0,7,0,8,0,0,75.662,121,440
7840000,2026-01-19T17:27:20.099466,824271,76113,542387,281883,537202,0.7127471407041351,0.7229653,0.3931234455691981,152.226,932.548,1084.774,238.25,1410.292,1648.542,86.022,477.744,563.766,0.7127471407041351,14459.306,0.0014459306,1074.404,0.0,0.0,0.3931234455691981,76113,466274,542387,281883,7229653,0.03,0.03,0.03,0,19,466,0,3,0,7,0,5,0,0,82.888,157,325
7850000,2026-01-19T17:27:23.628274,825335,76211,543088,282246,537880,0.712625250685054,0.7239003,0.3931022492219258,152.422,933.754,1086.176,238.58,1412.09,1650.67,86.158,478.334,564.492,0.712625250685054,14478.006,0.0014478006000000002,1075.76,0.0,0.0,0.3931022492219258,76211,466877,543088,282246,7239003,0.03,0.03,0.03,0,22,461,0,4,0,9,0,4,0,0,126.502,177,464
7860000,2026-01-19T17:27:27.298301,826367,76313,543775,282591,538525,0.7126081209272458,0.7248297,0.39308981318827285,152.626,934.924,1087.55,238.904,1413.83,1652.734,86.276,478.906,565.182,0.7126081209272458,14496.594,0.0014496594,1077.05,0.0,0.0,0.39308981318827285,76313,467462,543775,282591,7248297,0.03,0.03,0.03,0,21,466,0,2,0,7,0,4,0,0,72.42,147,396
7870000,2026-01-19T17:27:30.408976,827411,76416,544470,282940,539188,0.712480663244198,0.7257601,0.39305541986319714,152.832,936.108,1088.94,239.204,1415.618,1654.822,86.37,479.51,565.88,0.712480663244198,14515.202,0.0014515202,1078.376,0.0,0.0,0.39305541986319714,76416,468054,544470,282940,7257601,0.03,0.03,0.03,0,24,467,0,0,0,7,0,2,0,0,25.036,143,148
7880000,2026-01-19T17:27:33.554106,828486,76520,545173,283312,539869,0.712400738221839,0.7266943,0.3930507383629373,153.04,937.306,1090.346,239.526,1417.446,1656.972,86.484,480.14,566.624,0.712400738221839,14533.886,0.0014533886,1079.738,0.0,0.0,0.3930507383629373,76520,468653,545173,283312,7266943,0.03,0.03,0.03,0,35,450,0,5,0,6,0,4,0,0,101.124,141,483
7890000,2026-01-19T17:27:36.604119,829530,76620,545864,283665,540535,0.7122663994798596,0.7276218,0.3930154441478576,153.24,938.488,1091.728,239.852,1419.208,1659.06,86.61,480.72,567.33,0.7122663994798596,14552.436,0.0014552436,1081.07,0.0,0.0,0.3930154441478576,76620,469244,545864,283665,7276218,0.03,0.03,0.03,0,31,458,0,0,0,6,0,5,0,0,77.754,149,428
7900000,2026-01-19T17:27:39.678294,830546,76712,546538,284008,541189,0.712165299577546,0.7285487,0.3929986629677502,153.424,939.652,1093.076,240.162,1420.93,1661.092,86.738,481.278,568.016,0.712165299577546,14570.974,0.0014570974,1082.378,0.0,0.0,0.3929986629677502,76712,469826,546538,284008,7285487,0.03,0.03,0.03,0,27,461,1,2,0,6,0,3,0,0,107.0,181,490
7910000,2026-01-19T17:27:42.753682,831544,76809,547191,284352,541829,0.712131087564841,0.7294672,0.39300496126959544,153.618,940.764,1094.382,240.472,1422.616,1663.088,86.852,481.852,568.704,0.712131087564841,14589.344,0.0014589344,1083.658,0.0,0.0,0.39300496126959544,76809,470382,547191,284352,7294672,0.03,0.03,0.03,0,23,468,0,0,0,5,0,4,0,0,32.774,109,250
7920000,2026-01-19T17:27:45.838030,832591,76915,547887,284703,542479,0.7120665982982075,0.7304008,0.392991311000275,153.83,941.944,1095.774,240.786,1424.396,1665.182,86.954,482.452,569.406,0.7120665982982075,14608.016,0.0014608015999999998,1084.958,0.0,0.0,0.392991311000275,76915,470972,547887,284703,7304008,0.03,0.03,0.03,0,22,467,0,1,0,7,0,3,0,0,50.734,95,410
7930000,2026-01-19T17:27:48.952945,833655,77018,548589,285065,543142,0.7119594759359196,0.7313268,0.39297015924162937,154.036,943.142,1097.178,241.118,1426.192,1667.31,87.08,483.05,570.13,0.7119594759359196,14626.536,0.0014626536000000002,1086.284,0.0,0.0,0.39297015924162937,77018,471571,548589,285065,7313268,0.03,0.03,0.03,0,19,463,0,4,0,9,0,5,0,0,95.848,139,469
7940000,2026-01-19T17:27:52.070463,834700,77122,549283,285416,543801,0.7118431353531667,0.7322625,0.39294497774912396,154.244,944.322,1098.566,241.44,1427.96,1669.4,87.194,483.638,570.832,0.7118431353531667,14645.25,0.0014645250000000002,1087.602,0.0,0.0,0.39294497774912396,77122,472161,549283,285416,7322625,0.03,0.03,0.03,0,28,459,0,3,0,7,0,3,0,0,91.534,137,426
7950000,2026-01-19T17:27:55.142817,835726,77223,549964,285761,544454,0.7117516645808186,0.7331889,0.3929247393217208,154.446,945.482,1099.928,241.75,1429.702,1671.452,87.302,484.22,571.522,0.7117516645808186,14663.778,0.0014663778,1088.908,0.0,0.0,0.3929247393217208,77223,472741,549964,285761,7331889,0.03,0.03,0.03,0,32,459,0,0,0,6,0,3,0,0,22.596,101,160
7960000,2026-01-19T17:27:58.219412,836800,77327,550681,286118,545126,0.7116752829031574,0.7341225,0.39290721378355864,154.654,946.708,1101.362,242.076,1431.524,1673.6,87.42,484.816,572.236,0.7116752829031574,14682.45,0.001468245,1090.252,0.0,0.0,0.39290721378355864,77327,473354,550681,286118,7341225,0.03,0.03,0.03,0,30,456,0,3,0,7,0,4,0,0,65.144,152,425
7970000,2026-01-19T17:28:01.304723,837802,77423,551334,286467,545761,0.7116986647148509,0.7350612,0.3929066195902338,154.846,947.822,1102.668,242.382,1433.222,1675.604,87.534,485.4,572.934,0.7116986647148509,14701.224,0.0014701223999999998,1091.522,0.0,0.0,0.3929066195902338,77423,473911,551334,286467,7350612,0.03,0.03,0.03,0,23,457,0,6,0,9,0,5,0,0,117.074,171,492
7980000,2026-01-19T17:28:04.382006,838845,77521,552024,286820,546432,0.7115727978422075,0.7359923,0.3928757658832934,155.042,949.006,1104.048,242.698,1434.992,1677.69,87.654,485.986,573.64,0.7115727978422075,14719.846,0.0014719846000000002,1092.864,0.0,0.0,0.3928757658832934,77521,474503,552024,286820,7359923,0.03,0.03,0.03,0,23,463,0,1,0,8,0,5,0,0,102.108,167,477
7990000,2026-01-19T17:28:07.457530,839864,77621,552702,287161,547081,0.7114183408380007,0.7369217,0.3928467414260849,155.242,950.162,1105.404,242.996,1436.732,1679.728,87.752,486.57,574.322,0.7114183408380007,14738.434,0.0014738434,1094.162,0.0,0.0,0.3928467414260849,77621,475081,552702,287161,7369217,0.03,0.03,0.03,0,16,472,0,1,0,8,0,3,0,0,95.764,167,450
8000000,2026-01-19T17:28:10.528902,840875,77714,553366,287508,547731,0.7113158513255793,0.7378478,0.39283124303929706,155.428,951.304,1106.732,243.304,1438.446,1681.75,87.876,487.14,575.016,0.7113158513255793,14756.956,0.0014756956000000002,1095.462,0.0,0.0,0.39283124303929706,77714,475652,553366,287508,7378478,0.03,0.03,0.03,0,19,466,0,5,0,7,0,3,0,0,98.648,177,372
8010000,2026-01-19T17:28:13.607672,841905,77812,554044,287860,548386,0.7111940684710949,0.7387784,0.3928066788896168,155.624,952.464,1108.088,243.614,1440.196,1683.81,87.988,487.732,575.72,0.7111940684710949,14775.568,0.0014775568,1096.772,0.0,0.0,0.3928066788896168,77812,476232,554044,287860,7387784,0.03,0.03,0.03,0,12,473,0,4,0,6,0,5,0,0,84.22,163,444
8020000,2026-01-19T17:28:16.693621,842899,77909,554700,288199,549013,0.7110766563650859,0.7397102,0.39278635237581094,155.818,953.582,1109.4,243.916,1441.882,1685.798,88.098,488.3,576.398,0.7110766563650859,14794.204,0.0014794203999999999,1098.026,0.0,0.0,0.39278635237581094,77909,476791,554700,288199,7397102,0.03,0.03,0.03,0,28,455,1,3,0,8,0,5,0,0,121.172,181,484
8030000,2026-01-19T17:28:19.758259,843902,78009,555353,288548,549654,0.7111113125171704,0.740641,0.39280371501682115,156.018,954.688,1110.706,244.222,1443.582,1687.804,88.202,488.894,577.096,0.7111113125171704,14812.82,0.001481282,1099.308,0.0,0.0,0.39280371501682115,78009,477344,555353,288548,7406410,0.03,0.03,0.03,0,26,459,0,2,0,7,0,6,0,0,65.444,117,414
8040000,2026-01-19T17:28:22.822369,844930,78105,556024,288905,550322,0.7110914656126864,0.7415721,0.39280505193813875,156.21,955.838,1112.048,244.53,1445.33,1689.86,88.318,489.492,577.81,0.7110914656126864,14831.442,0.0014831442,1100.644,0.0,0.0,0.39280505193813875,78105,477919,556024,288905,7415721,0.03,0.03,0.03,0,28,461,0,2,0,5,0,4,0,0,73.48,117,428
8050000,2026-01-19T17:28:25.904148,845934,78205,556685,289248,550955,0.7111012448200523,0.7425063,0.3928115558716852,156.41,956.96,1113.37,244.826,1447.042,1691.868,88.414,490.082,578.496,0.7111012448200523,14850.126,0.0014850126,1101.91,0.0,0.0,0.3928115558716852,78205,478480,556685,289248,7425063,0.03,0.03,0.03,0,10,474,0,3,0,9,0,4,0,0,119.104,169,463
8060000,2026-01-19T17:28:28.966951,846972,78307,557380,289591,551607,0.7110432815262956,0.7434333,0.39279765962181745,156.614,958.146,1114.76,245.124,1448.82,1693.944,88.51,490.672,579.182,0.7110432815262956,14868.666,0.0014868665999999999,1103.214,0.0,0.0,0.39279765962181745,78307,479073,557380,289591,7434333,0.03,0.03,0.03,0,12,471,0,3,0,10,0,4,0,0,65.202,179,399
8070000,2026-01-19T17:28:32.032323,848006,78400,558073,289933,552267,0.7108877028473187,0.7443521,0.39276055756238637,156.8,959.346,1116.146,245.446,1450.566,1696.012,88.646,491.22,579.866,0.7108877028473187,14887.042,0.0014887041999999998,1104.534,0.0,0.0,0.39276055756238637,78400,479673,558073,289933,7443521,0.03,0.03,0.03,0,25,460,1,5,0,5,0,4,0,0,89.186,181,484
8080000,2026-01-19T17:28:35.083764,849047,78497,558759,290287,552939,0.7109662240403921,0.7452659,0.3927758472986693,156.994,960.524,1117.518,245.754,1452.34,1698.094,88.758,491.816,580.574,0.7109662240403921,14905.318,0.0014905318,1105.878,0.0,0.0,0.3927758472986693,78497,480262,558759,290287,7452659,0.03,0.03,0.03,0,20,466,0,3,0,7,0,4,0,0,58.402,101,449
8090000,2026-01-19T17:28:38.135831,850072,78594,559437,290634,553596,0.7109118347098178,0.7461937,0.39276130095462886,157.188,961.686,1118.874,246.046,1454.098,1700.144,88.858,492.41,581.268,0.7109118347098178,14923.874,0.0014923873999999999,1107.192,0.0,0.0,0.39276130095462886,78594,480843,559437,290634,7461937,0.03,0.03,0.03,0,15,470,0,4,0,8,0,3,0,0,76.99,123,455
8100000,2026-01-19T17:28:41.198055,851161,78693,560162,290998,554293,0.7107960749651706,0.7471101,0.3927362819540209,157.386,962.938,1120.324,246.37,1455.952,1702.322,88.982,493.014,581.996,0.7107960749651706,14942.202,0.0014942202,1108.586,0.0,0.0,0.3927362819540209,78693,481469,560162,290998,7471101,0.03,0.03,0.03,0,26,455,0,5,0,9,0,5,0,0,77.362,115,478
8110000,2026-01-19T17:28:44.246062,852202,78791,560848,291353,554961,0.7107780558931216,0.7480399,0.3927274056257951,157.582,964.114,1121.696,246.676,1457.728,1704.404,89.092,493.614,582.706,0.7107780558931216,14960.798,0.0014960798,1109.922,0.0,0.0,0.3927274056257951,78791,482057,560848,291353,7480399,0.03,0.03,0.03,0,29,453,0,4,0,11,0,3,0,0,99.292,157,468
8120000,2026-01-19T17:28:47.315142,853279,78891,561567,291711,555648,0.7107059305848168,0.748962,0.3927200971616651,157.782,965.352,1123.134,247.014,1459.544,1706.558,89.232,494.19,583.422,0.7107059305848168,14979.24,0.001497924,1111.296,0.0,0.0,0.3927200971616651,78891,482676,561567,291711,7489620,0.03,0.03,0.03,1,30,458,0,3,0,7,0,1,0,0,64.29,122,442
8130000,2026-01-19T17:28:50.373849,854308,78997,562248,292059,556288,0.7106920716284344,0.7498991,0.3927095117232796,157.994,966.502,1124.496,247.328,1461.288,1708.616,89.332,494.786,584.118,0.7106920716284344,14997.982,0.0014997982000000002,1112.576,0.0,0.0,0.3927095117232796,78997,483251,562248,292059,7498991,0.03,0.03,0.03,0,28,459,0,1,0,8,0,4,0,0,74.15,157,481
8140000,2026-01-19T17:28:53.443904,855345,79095,562933,292412,556951,0.7106007975524894,0.7508248,0.39269025570517346,158.19,967.676,1125.866,247.628,1463.062,1710.69,89.438,495.386,584.824,0.7106007975524894,15016.496,0.0015016495999999999,1113.902,0.0,0.0,0.39269025570517346,79095,483838,562933,292412,7508248,0.03,0.03,0.03,0,28,458,0,3,0,7,0,4,0,0,128.996,180,492
8150000,2026-01-19T17:28:56.511370,856367,79194,563601,292765,557595,0.7105521744465039,0.751754,0.3926777619249965,158.388,968.814,1127.202,247.942,1464.792,1712.734,89.554,495.976,585.53,0.7105521744465039,15035.08,0.001503508,1115.19,0.0,0.0,0.3926777619249965,79194,484407,563601,292765,7517540,0.03,0.03,0.03,0,27,453,0,6,0,9,0,5,0,0,134.098,179,485
8160000,2026-01-19T17:28:59.550687,857418,79290,564304,293113,558273,0.7104910313032519,0.7526732,0.3926597893514897,158.58,970.028,1128.608,248.27,1466.566,1714.836,89.688,496.538,586.226,0.7104910313032519,15053.464,0.0015053464,1116.546,0.0,0.0,0.3926597893514897,79290,485014,564304,293113,7526732,0.03,0.03,0.03,0,31,455,0,2,0,8,0,4,0,0,87.03,157,483
8170000,2026-01-19T17:29:02.594506,858445,79391,564982,293462,558924,0.7104391061856776,0.7535992,0.3926555650484673,158.782,971.182,1129.964,248.582,1468.308,1716.89,89.8,497.124,586.924,0.7104391061856776,15071.984,0.0015071984,1117.848,0.0,0.0,0.3926555650484673,79391,485591,564982,293462,7535992,0.03,0.03,0.03,0,13,473,0,3,0,7,0,4,0,0,82.02,177,355
8180000,2026-01-19T17:29:05.641856,859466,79491,565657,293808,559574,0.7104235147346549,0.7545134,0.39264850374062643,158.982,972.332,1131.314,248.89,1470.042,1718.932,89.906,497.71,587.616,0.7104235147346549,15090.268,0.0015090268,1119.148,0.0,0.0,0.39264850374062643,79491,486166,565657,293808,7545134,0.03,0.03,0.03,0,29,462,0,1,0,6,0,2,0,0,42.128,85,406
8190000,2026-01-19T17:29:08.679661,860498,79588,566330,294167,560231,0.7103707156031558,0.7554356,0.3926373024974804,159.176,973.484,1132.66,249.196,1471.8,1720.996,90.018,498.316,588.334,0.7103707156031558,15108.712,0.0015108712,1120.462,0.0,0.0,0.3926373024974804,79588,486742,566330,294167,7554356,0.03,0.03,0.03,0,27,452,0,6,0,10,0,5,0,0,104.122,143,475
8200000,2026-01-19T17:29:11.812364,861522,79690,566999,294522,560884,0.7103325102135147,0.7563791,0.39262510494131725,159.38,974.618,1133.998,249.504,1473.54,1723.044,90.122,498.922,589.044,0.7103325102135147,15127.582,0.0015127582,1121.768,0.0,0.0,0.39262510494131725,79690,487309,566999,294522,7563791,0.03,0.03,0.03,0,18,464,0,4,0,11,0,3,0,0,85.444,124,461
8210000,2026-01-19T17:29:15.247560,862554,79793,567673,294880,561534,0.710342773562448,0.757319,0.3926212736321896,159.586,975.76,1135.346,249.812,1475.296,1725.108,90.226,499.534,589.76,0.710342773562448,15146.38,0.001514638,1123.068,0.0,0.0,0.3926212736321896,79793,487880,567673,294880,7573190,0.03,0.03,0.03,0,22,455,0,7,0,12,0,4,0,0,143.804,177,491
8220000,2026-01-19T17:29:18.585579,863566,79891,568341,295224,562169,0.7102141231617038,0.7582565,0.3925953514139114,159.782,976.9,1136.682,250.124,1477.008,1727.132,90.34,500.108,590.448,0.7102141231617038,15165.13,0.001516513,1124.338,0.0,0.0,0.3925953514139114,79891,488450,568341,295224,7582565,0.03,0.03,0.03,0,18,454,0,6,0,16,0,6,0,0,118.92,157,490
8230000,2026-01-19T17:29:21.835226,864567,79990,569008,295558,562814,0.7101812054120672,0.7591937,0.3925783481318607,159.98,978.036,1138.016,250.422,1478.712,1729.134,90.44,500.676,591.116,0.7101812054120672,15183.874,0.0015183873999999999,1125.628,0.0,0.0,0.3925783481318607,79990,489018,569008,295558,7591937,0.03,0.03,0.03,0,21,464,0,4,0,8,0,3,0,0,132.258,167,489
8240000,2026-01-19T17:29:25.962263,865554,80089,569653,295900,563438,0.7101982838990458,0.7601352,0.39257460867697314,160.178,979.128,1139.306,250.712,1480.396,1731.108,90.532,501.268,591.8,0.7101982838990458,15202.704,0.0015202704,1126.876,0.0,0.0,0.39257460867697314,80089,489564,569653,295900,7601352,0.03,0.03,0.03,0,28,452,0,5,0,10,0,5,0,0,107.442,153,487
8250000,2026-01-19T17:29:29.102202,866565,80186,570324,296240,564071,0.71015428004348,0.7610737,0.3925648554532253,160.372,980.276,1140.648,251.026,1482.104,1733.13,90.654,501.826,592.48,0.71015428004348,15221.474,0.0015221473999999999,1128.142,0.0,0.0,0.3925648554532253,80186,490138,570324,296240,7610737,0.03,0.03,0.03,0,22,453,0,5,0,13,0,7,0,0,128.06,171,478
8260000,2026-01-19T17:29:32.136889,867543,80280,570959,296583,564721,0.7101280206099796,0.7620084,0.39256073709085165,160.56,981.358,1141.918,251.3,1483.786,1735.086,90.738,502.428,593.166,0.7101280206099796,15240.168,0.0015240168,1129.442,0.0,0.0,0.39256073709085165,80280,490679,570959,296583,7620084,0.03,0.03,0.03,0,28,457,0,2,0,9,0,4,0,0,91.648,145,423
8270000,2026-01-19T17:29:35.184879,868572,80379,571629,296942,565385,0.7100846618630237,0.7629379,0.3925505508033865,160.758,982.5,1143.258,251.62,1485.524,1737.144,90.86,503.024,593.884,0.7100846618630237,15258.758,0.0015258758000000002,1130.77,0.0,0.0,0.3925505508033865,80379,491250,571629,296942,7629379,0.03,0.03,0.03,0,33,457,0,2,0,6,0,2,0,0,22.88,85,308
8280000,2026-01-19T17:29:38.234137,869612,80477,572320,297291,566039,0.7099794649784548,0.7638758,0.39252558983945296,160.954,983.686,1144.64,251.942,1487.282,1739.224,90.986,503.596,594.582,0.7099794649784548,15277.516,0.0015277516,1132.078,0.0,0.0,0.39252558983945296,80477,491843,572320,297291,7638758,0.03,0.03,0.03,0,36,449,0,3,0,7,0,5,0,0,100.812,141,485
8290000,2026-01-19T17:29:41.269625,870629,80573,572993,297635,566688,0.7099319392059541,0.7648022,0.3925101295773799,161.146,984.84,1145.986,252.25,1489.008,1741.258,91.102,504.168,595.27,0.7099319392059541,15296.044,0.0015296044,1133.376,0.0,0.0,0.3925101295773799,80573,492420,572993,297635,7648022,0.03,0.03,0.03,0,20,465,0,3,0,9,0,3,0,0,81.346,119,478
8300000,2026-01-19T17:29:44.365842,871634,80666,573663,297970,567326,0.7098255109167961,0.7657202,0.39248194099290445,161.332,985.994,1147.326,252.562,1490.706,1743.268,91.228,504.712,595.94,0.7098255109167961,15314.404,0.0015314404,1134.652,0.0,0.0,0.39248194099290445,80666,492997,573663,297970,7657202,0.03,0.03,0.03,0,27,458,0,1,0,8,0,6,0,0,57.436,104,432
8310000,2026-01-19T17:29:47.889815,872651,80768,574336,298314,567959,0.7097348713862646,0.7666547,0.3924578320371746,161.536,987.136,1148.672,252.878,1492.424,1745.302,91.34,505.288,596.628,0.7097348713862646,15333.094,0.0015333094,1135.918,0.0,0.0,0.3924578320371746,80768,493568,574336,298314,7666547,0.03,0.03,0.03,0,25,455,0,6,0,9,0,5,0,0,118.904,167,494
8320000,2026-01-19T17:29:51.807801,873728,80869,575044,298683,568659,0.7097210152109554,0.767579,0.39245033225729054,161.738,988.35,1150.088,253.192,1494.264,1747.456,91.452,505.914,597.366,0.7097210152109554,15351.58,0.001535158,1137.318,0.0,0.0,0.39245033225729054,80869,494175,575044,298683,7675790,0.03,0.03,0.03,0,32,453,0,1,0,9,0,5,0,0,89.848,150,489
8330000,2026-01-19T17:29:55.040435,874763,80968,575728,299034,569316,0.7097342739437467,0.7685049,0.3924463611670143,161.936,989.52,1151.456,253.512,1496.014,1749.526,91.574,506.494,598.068,0.7097342739437467,15370.098,0.0015370098,1138.632,0.0,0.0,0.3924463611670143,80968,494760,575728,299034,7685049,0.03,0.03,0.03,0,34,452,0,0,0,7,0,7,0,0,26.16,121,285
8340000,2026-01-19T17:29:58.288228,875815,81065,576422,299393,569988,0.7096183014302527,0.7694311,0.3924187094564515,162.13,990.714,1152.844,253.842,1497.788,1751.63,91.712,507.074,598.786,0.7096183014302527,15388.622,0.0015388622,1139.976,0.0,0.0,0.3924187094564515,81065,495357,576422,299393,7694311,0.03,0.03,0.03,0,23,463,1,3,0,7,0,3,0,0,96.3,181,443
8350000,2026-01-19T17:30:01.771519,876895,81167,577139,299755,570668,0.7095400948939576,0.7703666,0.39239233938498574,162.334,991.944,1154.278,254.168,1499.622,1753.79,91.832,507.678,599.51,0.7095400948939576,15407.332,0.0015407332,1141.336,0.0,0.0,0.39239233938498574,81167,495972,577139,299755,7703666,0.03,0.03,0.03,0,22,458,0,6,0,9,0,5,0,0,123.178,153,467
8360000,2026-01-19T17:30:05.194781,877933,81261,577823,300109,571341,0.7094901988559619,0.7712859,0.3923756112186784,162.522,993.124,1155.646,254.492,1501.374,1755.866,91.97,508.248,600.218,0.7094901988559619,15425.718,0.0015425718,1142.682,0.0,0.0,0.3923756112186784,81261,496562,577823,300109,7712859,0.03,0.03,0.03,0,25,459,0,3,0,9,0,4,0,0,108.934,171,477
8370000,2026-01-19T17:30:08.716589,878983,81356,578518,300464,572011,0.7094070875533437,0.7722126,0.39235474390764746,162.712,994.324,1157.036,254.832,1503.134,1757.966,92.118,508.81,600.928,0.7094070875533437,15444.252,0.0015444252,1144.022,0.0,0.0,0.39235474390764746,81356,497162,578518,300464,7722126,0.03,0.03,0.03,0,20,463,0,4,0,8,0,5,0,0,105.758,145,491
8380000,2026-01-19T17:30:11.969466,879988,81455,579180,300807,572647,0.7093149240044049,0.7731444,0.3923313427558279,162.91,995.45,1158.36,255.136,1504.84,1759.976,92.224,509.39,601.614,0.7093149240044049,15462.888,0.0015462887999999999,1145.294,0.0,0.0,0.3923313427558279,81455,497725,579180,300807,7731444,0.03,0.03,0.03,0,26,457,0,3,0,8,0,6,0,0,109.062,155,456
8390000,2026-01-19T17:30:15.433557,881047,81554,579877,301169,573331,0.7091994342350593,0.7740762,0.3923072232874817,163.108,996.646,1159.754,255.438,1506.656,1762.094,92.33,510.008,602.338,0.7091994342350593,15481.524,0.0015481524,1146.662,0.0,0.0,0.3923072232874817,81554,498323,579877,301169,7740762,0.03,0.03,0.03,0,25,457,0,4,0,10,0,4,0,0,143.332,179,452
8400000,2026-01-19T17:30:18.485240,882080,81652,580561,301519,573993,0.7091061853469316,0.7750013,0.39229062664310826,163.304,997.818,1161.122,255.75,1508.41,1764.16,92.446,510.592,603.038,0.7091061853469316,15500.026,0.0015500026,1147.986,0.0,0.0,0.39229062664310826,81652,498909,580561,301519,7750013,0.03,0.03,0.03,0,11,474,1,4,0,8,0,2,0,0,124.86,181,399
8410000,2026-01-19T17:30:21.534941,883099,81747,581237,301861,574651,0.7090092673175762,0.7759141,0.39227425611629685,163.494,998.98,1162.474,256.042,1510.156,1766.198,92.546,511.176,603.722,0.7090092673175762,15518.282,0.0015518282000000002,1149.302,0.0,0.0,0.39227425611629685,81747,499490,581237,301861,7759141,0.03,0.03,0.03,0,32,452,0,3,0,8,0,5,0,0,102.904,145,444
8420000,2026-01-19T17:30:24.586765,884130,81851,581918,302211,575290,0.708949791522277,0.7768417,0.3922627286150519,163.702,1000.134,1163.836,256.362,1511.898,1768.26,92.658,511.764,604.422,0.708949791522277,15536.834,0.0015536833999999998,1150.58,0.0,0.0,0.3922627286150519,81851,500067,581918,302211,7768417,0.03,0.03,0.03,0,20,460,0,5,0,12,0,3,0,0,133.176,157,484
8430000,2026-01-19T17:30:27.627776,885176,81953,582597,302578,575964,0.7090246559753167,0.7777778,0.3922809638165511,163.906,1001.288,1165.194,256.668,1513.684,1770.352,92.76,512.396,605.156,0.7090246559753167,15555.556,0.0015555556,1151.928,0.0,0.0,0.3922809638165511,81953,500644,582597,302578,7777778,0.03,0.03,0.03,0,21,460,0,3,0,10,0,6,0,0,92.938,131,475
8440000,2026-01-19T17:30:30.671923,886220,82054,583284,302936,576637,0.7090534328401572,0.7787075,0.39228889616695317,164.108,1002.46,1166.568,256.984,1515.456,1772.44,92.876,512.996,605.872,0.7090534328401572,15574.15,0.001557415,1153.274,0.0,0.0,0.39228889616695317,82054,501230,583284,302936,7787075,0.03,0.03,0.03,0,33,450,1,3,0,8,0,5,0,0,115.8,181,488
8450000,2026-01-19T17:30:33.715882,887282,82165,584001,303280,577277,0.7088662788474818,0.7796342,0.3922484192402653,164.33,1003.672,1168.002,257.336,1517.228,1774.564,93.004,513.556,606.56,0.7088662788474818,15592.684,0.0015592683999999999,1154.554,0.0,0.0,0.3922484192402653,82165,501836,584001,303280,7796342,0.03,0.03,0.03,0,15,471,0,3,0,7,0,4,0,0,114.858,163,486
8460000,2026-01-19T17:30:36.772960,888323,82266,584697,303625,577926,0.708742703168701,0.7805575,0.3922215471073246,164.532,1004.862,1169.394,257.674,1518.972,1776.646,93.14,514.11,607.25,0.708742703168701,15611.15,0.001561115,1155.852,0.0,0.0,0.3922215471073246,82266,502431,584697,303625,7805575,0.03,0.03,0.03,0,27,462,0,0,0,7,0,4,0,0,64.832,145,478
8470000,2026-01-19T17:30:39.823825,889361,82372,585383,303977,578565,0.7086312044006471,0.7814903,0.3921955879019771,164.744,1006.022,1170.766,257.99,1520.732,1778.722,93.244,514.71,607.954,0.7086312044006471,15629.806,0.0015629806,1157.13,0.0,0.0,0.3921955879019771,82372,503011,585383,303977,7814903,0.03,0.03,0.03,0,19,462,0,6,0,8,0,5,0,0,121.692,171,488
8480000,2026-01-19T17:30:42.867199,890393,82469,586075,304317,579220,0.7085131708992765,0.7824118,0.3921729073244559,164.938,1007.212,1172.15,258.312,1522.474,1780.786,93.374,515.26,608.634,0.7085131708992765,15648.236,0.0015648236,1158.44,0.0,0.0,0.3921729073244559,82469,503606,586075,304317,7824118,0.03,0.03,0.03,0,29,457,0,2,0,8,0,4,0,0,113.7,178,479
8490000,2026-01-19T17:30:45.923808,891416,82566,586751,304664,579866,0.7084291952895265,0.7833321,0.3921588200259394,165.132,1008.37,1173.502,258.626,1524.206,1782.832,93.492,515.836,609.328,0.7084291952895265,15666.642,0.0015666642,1159.732,0.0,0.0,0.3921588200259394,82566,504185,586751,304664,7833321,0.03,0.03,0.03,0,27,453,0,3,0,13,0,4,0,0,57.012,100,396
8500000,2026-01-19T17:30:48.989054,892452,82672,587444,305007,580516,0.7083802227530929,0.7842663,0.39214098986702206,165.344,1009.544,1174.888,258.942,1525.962,1784.904,93.598,516.416,610.014,0.7083802227530929,15685.326,0.0015685325999999999,1161.032,0.0,0.0,0.39214098986702206,82672,504772,587444,305007,7842663,0.03,0.03,0.03,0,18,469,1,4,0,6,0,2,0,0,81.166,180,424
8510000,2026-01-19T17:30:52.034280,893487,82766,588139,305347,581165,0.7083079016056231,0.7851899,0.39212205739390266,165.532,1010.746,1176.278,259.252,1527.722,1786.974,93.72,516.974,610.694,0.7083079016056231,15703.798,0.0015703798,1162.33,0.0,0.0,0.39212205739390266,82766,505373,588139,305347,7851899,0.03,0.03,0.03,0,36,442,0,7,0,12,0,3,0,0,112.99,179,481
8520000,2026-01-19T17:30:55.073931,894520,82865,588825,305694,581830,0.7082310481870246,0.7861002,0.39210544608403425,165.73,1011.92,1177.65,259.568,1529.472,1789.04,93.836,517.552,611.388,0.7082310481870246,15722.004,0.0015722004,1163.66,0.0,0.0,0.39210544608403425,82865,505960,588825,305694,7861002,0.03,0.03,0.03,0,28,462,0,0,0,8,0,2,0,0,14.452,58,176
8530000,2026-01-19T17:30:58.108053,895598,82967,589546,306051,582505,0.708134114373022,0.7870242,0.3920808473707911,165.934,1013.158,1179.092,259.914,1531.282,1791.196,93.978,518.124,612.102,0.708134114373022,15740.484,0.0015740484,1165.01,0.0,0.0,0.3920808473707911,82967,506579,589546,306051,7870242,0.03,0.03,0.03,0,29,460,0,0,0,7,0,4,0,0,65.16,109,487
8540000,2026-01-19T17:31:01.144595,896612,83066,590210,306402,583149,0.7082016434715628,0.7879588,0.39209782287243894,166.132,1014.288,1180.42,260.2,1533.024,1793.224,94.068,518.736,612.804,0.7082016434715628,15759.176,0.0015759176,1166.298,0.0,0.0,0.39209782287243894,83066,507144,590210,306402,7879588,0.03,0.03,0.03,0,19,458,1,4,0,13,0,5,0,0,123.108,181,489
8550000,2026-01-19T17:31:04.205966,897672,83168,590907,306765,583833,0.7080789678525545,0.7888915,0.3920781626107241,166.336,1015.478,1181.814,260.514,1534.83,1795.344,94.178,519.352,613.53,0.7080789678525545,15777.83,0.001577783,1167.666,0.0,0.0,0.3920781626107241,83168,507739,590907,306765,7888915,0.03,0.03,0.03,0,11,472,1,3,0,9,0,4,0,0,130.712,181,419
8560000,2026-01-19T17:31:07.230496,898720,83266,591595,307124,584502,0.7080496507397261,0.7898236,0.3920714469496116,166.532,1016.658,1183.19,260.842,1536.598,1797.44,94.308,519.94,614.248,0.7080496507397261,15796.472,0.0015796471999999998,1169.004,0.0,0.0,0.3920714469496116,83266,508329,591595,307124,7898236,0.03,0.03,0.03,0,17,466,0,2,0,10,0,5,0,0,94.84,157,492
8570000,2026-01-19T17:31:10.272271,899780,83367,592294,307485,585185,0.708035067331219,0.7907581,0.39207715432460083,166.734,1017.854,1184.588,261.15,1538.41,1799.56,94.416,520.554,614.97,0.708035067331219,15815.162,0.0015815162000000001,1170.37,0.0,0.0,0.39207715432460083,83367,508927,592294,307485,7907581,0.03,0.03,0.03,0,37,449,0,2,0,5,0,7,0,0,73.666,177,481
8580000,2026-01-19T17:31:13.290873,900840,83465,592994,307846,585867,0.7079680906726634,0.7916604,0.3920744311476838,166.93,1019.058,1185.988,261.46,1540.22,1801.68,94.53,521.162,615.692,0.7079680906726634,15833.208,0.0015833208,1171.734,0.0,0.0,0.3920744311476838,83465,509529,592994,307846,7916604,0.03,0.03,0.03,0,38,446,0,3,0,8,0,5,0,0,97.19,180,486
8590000,2026-01-19T17:31:16.329065,901877,83566,593675,308201,586533,0.7079269051980703,0.792593,0.3920661924363918,167.132,1020.218,1187.35,261.772,1541.982,1803.754,94.638,521.764,616.402,0.7079269051980703,15851.86,0.001585186,1173.066,0.0,0.0,0.3920661924363918,83566,510109,593675,308201,7925930,0.03,0.03,0.03,0,18,467,0,4,0,8,0,3,0,0,107.82,165,481
8600000,2026-01-19T17:31:19.356414,902973,83663,594396,308576,587244,0.7079030370557131,0.7935124,0.3920691027512422,167.326,1021.466,1188.792,262.09,1543.856,1805.946,94.764,522.388,617.152,0.7079030370557131,15870.248,0.0015870248,1174.488,0.0,0.0,0.3920691027512422,83663,510733,594396,308576,7935124,0.03,0.03,0.03,0,19,460,0,8,0,10,0,3,0,0,120.48,179,491
8610000,2026-01-19T17:31:22.408177,904017,83764,595099,308917,587896,0.7078209473302307,0.7944352,0.3920433291000743,167.528,1022.67,1190.198,262.418,1545.616,1808.034,94.888,522.946,617.834,0.7078209473302307,15888.704,0.0015888704,1175.792,0.0,0.0,0.3920433291000743,83764,511335,595099,308917,7944352,0.03,0.03,0.03,0,30,450,0,5,0,10,0,5,0,0,69.724,165,415
8620000,2026-01-19T17:31:25.439801,905041,83861,595775,309265,588553,0.7077818335341276,0.7953616,0.39203430764074965,167.722,1023.828,1191.55,262.734,1547.348,1810.082,95.01,523.52,618.53,0.7077818335341276,15907.232,0.0015907232,1177.106,0.0,0.0,0.39203430764074965,83861,511914,595775,309265,7953616,0.03,0.03,0.03,0,14,471,0,6,0,7,0,2,0,0,83.16,165,407
8630000,2026-01-19T17:31:28.463181,906091,83963,596473,309617,589213,0.7076655061886309,0.7962944,0.3920106445794621,167.926,1025.02,1192.946,263.062,1549.12,1812.182,95.134,524.1,619.234,0.7076655061886309,15925.888,0.0015925887999999999,1178.426,0.0,0.0,0.3920106445794621,83963,512510,596473,309617,7962944,0.03,0.03,0.03,0,23,461,0,5,0,7,0,4,0,0,85.782,153,487
8640000,2026-01-19T17:31:31.508666,907105,84057,597134,309970,589865,0.707654149540667,0.7972277,0.3920169065637979,168.114,1026.154,1194.268,263.368,1550.842,1814.21,95.252,524.688,619.94,0.707654149540667,15944.554,0.0015944554,1179.73,0.0,0.0,0.3920169065637979,84057,513077,597134,309970,7972277,0.03,0.03,0.03,0,24,457,0,7,0,9,0,3,0,0,88.648,133,489
8650000,2026-01-19T17:31:34.563551,908156,84156,597831,310324,590530,0.7075931869758847,0.7981563,0.39200192131284173,168.312,1027.35,1195.662,263.694,1552.618,1816.312,95.382,525.266,620.648,0.7075931869758847,15963.126,0.0015963126000000001,1181.06,0.0,0.0,0.39200192131284173,84156,513675,597831,310324,7981563,0.03,0.03,0.03,0,11,472,0,5,0,8,0,4,0,0,101.948,179,454
8660000,2026-01-19T17:31:37.600066,909176,84265,598504,310671,591156,0.7075624160007784,0.7990818,0.39199762336560157,168.53,1028.478,1197.008,264.02,1554.332,1818.352,95.49,525.852,621.342,0.7075624160007784,15981.636,0.0015981635999999999,1182.312,0.0,0.0,0.39199762336560157,84265,514239,598504,310671,7990818,0.03,0.03,0.03,0,26,456,0,2,0,10,0,6,0,0,98.384,179,489
8670000,2026-01-19T17:31:40.640268,910185,84361,599172,311012,591810,0.7074958643599129,0.7999821,0.39198284753463697,168.722,1029.622,1198.344,264.31,1556.06,1820.37,95.586,526.438,622.024,0.7074958643599129,15999.642,0.0015999642,1183.62,0.0,0.0,0.39198284753463697,84361,514811,599172,311012,7999821,0.03,0.03,0.03,0,22,465,0,0,0,8,0,5,0,0,19.44,93,231
8680000,2026-01-19T17:31:43.670607,911206,84463,599839,311366,592453,0.707426847358025,0.8009321,0.3919719078149405,168.926,1030.752,1199.678,264.626,1557.786,1822.412,95.698,527.034,622.732,0.707426847358025,16018.642,0.0016018642,1184.906,0.0,0.0,0.3919719078149405,84463,515376,599839,311366,8009321,0.03,0.03,0.03,0,18,469,0,3,0,6,0,4,0,0,56.344,163,328
8690000,2026-01-19T17:31:46.727391,912258,84565,600535,311722,593119,0.7073067612704714,0.8018547,0.3919494569186106,169.13,1031.94,1201.07,264.94,1559.576,1824.516,95.81,527.634,623.444,0.7073067612704714,16037.094,0.0016037094,1186.238,0.0,0.0,0.3919494569186106,84565,515970,600535,311722,8018547,0.03,0.03,0.03,0,19,465,0,5,0,8,0,3,0,0,120.76,177,486
8700000,2026-01-19T17:31:49.764785,913315,84668,601233,312081,593780,0.7072508967825148,0.8027887,0.3919441612855243,169.336,1033.13,1202.466,265.276,1561.354,1826.63,95.938,528.224,624.162,0.7072508967825148,16055.774,0.0016055774,1187.56,0.0,0.0,0.3919441612855243,84668,516565,601233,312081,8027887,0.03,0.03,0.03,0,21,460,0,4,0,10,0,5,0,0,101.398,141,458
8710000,2026-01-19T17:31:52.797443,914356,84768,601917,312438,594457,0.7071829529467427,0.8037208,0.39193637246704655,169.536,1034.298,1203.834,265.58,1563.132,1828.712,96.042,528.834,624.876,0.7071829529467427,16074.416,0.0016074416,1188.914,0.0,0.0,0.39193637246704655,84768,517149,601917,312438,8037208,0.03,0.03,0.03,0,26,463,0,0,0,7,0,4,0,0,65.176,129,488
8720000,2026-01-19T17:31:55.830430,915401,84869,602610,312790,595115,0.7071467309421312,0.8046497,0.39192702081501735,169.738,1035.482,1205.22,265.91,1564.892,1830.802,96.17,529.41,625.58,0.7071467309421312,16092.994,0.0016092994000000002,1190.23,0.0,0.0,0.39192702081501735,84869,517741,602610,312790,8046497,0.03,0.03,0.03,0,25,463,0,1,0,7,0,4,0,0,76.538,161,407
8730000,2026-01-19T17:31:58.859676,916445,84965,603309,313135,595776,0.7071027210692684,0.805571,0.3919174519635484,169.93,1036.688,1206.618,266.23,1566.66,1832.89,96.3,529.97,626.27,0.7071027210692684,16111.42,0.001611142,1191.552,0.0,0.0,0.3919174519635484,84965,518344,603309,313135,8055710,0.03,0.03,0.03,0,20,462,0,6,0,9,0,3,0,0,117.864,177,418
8740000,2026-01-19T17:32:01.896399,917488,85060,603999,313488,596452,0.7071068714768064,0.8064969,0.3919120493505641,170.12,1037.878,1207.998,266.526,1568.45,1834.976,96.406,530.57,626.976,0.7071068714768064,16129.938,0.0016129938,1192.904,0.0,0.0,0.3919120493505641,85060,518939,603999,313488,8064969,0.03,0.03,0.03,0,23,458,0,5,0,11,0,3,0,0,130.354,179,459
8750000,2026-01-19T17:32:04.962341,918529,85155,604686,313843,597127,0.7070999148822926,0.8074197,0.3919069752245294,170.31,1039.062,1209.372,266.838,1570.22,1837.058,96.528,531.158,627.686,0.7070999148822926,16148.394,0.0016148394,1194.254,0.0,0.0,0.3919069752245294,85155,519531,604686,313843,8074197,0.03,0.03,0.03,0,25,457,1,4,0,9,0,4,0,0,136.274,181,488
8760000,2026-01-19T17:32:07.998621,919550,85250,605352,314197,597798,0.7070538608402769,0.8083434,0.3918979146954599,170.5,1040.204,1210.704,267.134,1571.966,1839.1,96.632,531.762,628.394,0.7070538608402769,16166.868,0.0016166868,1195.596,0.0,0.0,0.3918979146954599,85250,520102,605352,314197,8083434,0.03,0.03,0.03,0,20,471,0,1,0,5,0,3,0,0,55.708,104,447
8770000,2026-01-19T17:32:11.029697,920608,85340,606055,314552,598480,0.7070545860427528,0.8092604,0.3918965059928178,170.68,1041.43,1212.11,267.438,1573.778,1841.216,96.756,532.348,629.104,0.7070545860427528,16185.208,0.0016185208,1196.96,0.0,0.0,0.3918965059928178,85340,520715,606055,314552,8092604,0.03,0.03,0.03,0,23,451,0,7,0,14,0,5,0,0,112.648,145,490
8780000,2026-01-19T17:32:14.044052,921653,85435,606745,314907,599169,0.7069246630943671,0.8101952,0.3918801228448508,170.87,1042.62,1213.49,267.75,1575.556,1843.306,96.88,532.934,629.814,0.7069246630943671,16203.904,0.0016203904,1198.338,0.0,0.0,0.3918801228448508,85435,521310,606745,314907,8101952,0.03,0.03,0.03,0,23,463,0,4,0,7,0,3,0,0,97.126,179,483
8790000,2026-01-19T17:32:17.076505,922638,85532,607391,315246,599798,0.7069095167855526,0.8111232,0.391877063286241,171.064,1043.718,1214.782,268.048,1577.228,1845.276,96.982,533.51,630.492,0.7069095167855526,16222.464,0.0016222464,1199.596,0.0,0.0,0.391877063286241,85532,521859,607391,315246,8111232,0.03,0.03,0.03,0,35,456,0,0,0,6,0,3,0,0,24.936,91,242
8800000,2026-01-19T17:32:20.122111,923714,85635,608102,315611,600470,0.706824971784569,0.812067,0.39185911022717856,171.27,1044.934,1216.204,268.376,1579.052,1847.428,97.104,534.118,631.222,0.706824971784569,16241.34,0.001624134,1200.94,0.0,0.0,0.39185911022717856,85635,522467,608102,315611,8120670,0.03,0.03,0.03,0,30,450,0,4,0,9,0,7,0,0,105.96,147,451
8810000,2026-01-19T17:32:23.318053,924746,85735,608786,315959,601133,0.7067875701448291,0.8129769,0.391844788886667,171.47,1046.102,1217.572,268.66,1580.832,1849.492,97.188,534.73,631.918,0.7067875701448291,16259.538,0.0016259538,1202.266,0.0,0.0,0.391844788886667,85735,523051,608786,315959,8129769,0.03,0.03,0.03,0,30,450,0,3,0,11,0,6,0,0,89.1,163,483
8820000,2026-01-19T17:32:26.333752,925781,85830,609469,316311,601801,0.7066866076639307,0.8138978,0.39182795121736963,171.66,1047.278,1218.938,268.98,1582.582,1851.562,97.318,535.304,632.622,0.7066866076639307,16277.956,0.0016277956,1203.602,0.0,0.0,0.39182795121736963,85830,523639,609469,316311,8138978,0.03,0.03,0.03,0,28,455,0,3,0,9,0,5,0,0,82.318,117,480
8830000,2026-01-19T17:32:29.324681,926832,85929,610164,316667,602461,0.7066481304123446,0.8148308,0.3918186482604064,171.858,1048.47,1220.328,269.318,1584.346,1853.664,97.458,535.876,633.334,0.7066481304123446,16296.616,0.0016296616,1204.922,0.0,0.0,0.3918186482604064,85929,524235,610164,316667,8148308,0.03,0.03,0.03,0,30,450,0,4,0,11,0,5,0,0,89.068,122,485
8840000,2026-01-19T17:32:32.360098,927823,86025,610820,317003,603099,0.7066525330136693,0.8157702,0.3918220631446258,172.05,1049.59,1221.64,269.6,1586.046,1855.646,97.55,536.456,634.006,0.7066525330136693,16315.404,0.0016315404,1206.198,0.0,0.0,0.3918220631446258,86025,524795,610820,317003,8157702,0.03,0.03,0.03,0,26,457,1,3,0,8,0,5,0,0,113.142,181,429
8850000,2026-01-19T17:32:35.409079,928821,86126,611478,317343,603726,0.7065351982037759,0.8167041,0.3918018839005361,172.252,1050.704,1222.956,269.916,1587.726,1857.642,97.664,537.022,634.686,0.7065351982037759,16334.082,0.0016334082,1207.452,0.0,0.0,0.3918018839005361,86126,525352,611478,317343,8167041,0.03,0.03,0.03,0,14,474,1,2,0,5,0,4,0,0,86.122,181,302
8860000,2026-01-19T17:32:38.438955,929839,86223,612147,317691,604368,0.7065648371237575,0.8176306,0.3918065701888743,172.446,1051.848,1224.294,270.23,1589.448,1859.678,97.782,537.6,635.382,0.7065648371237575,16352.612,0.0016352612,1208.736,0.0,0.0,0.3918065701888743,86223,525924,612147,317691,8176306,0.03,0.03,0.03,0,21,462,0,0,0,11,0,6,0,0,70.064,137,359
8870000,2026-01-19T17:32:41.452696,930862,86321,612814,318048,605022,0.706589412563393,0.8185639,0.3918163455324904,172.642,1052.986,1225.628,270.544,1591.18,1861.724,97.902,538.194,636.096,0.706589412563393,16371.278,0.0016371278,1210.044,0.0,0.0,0.3918163455324904,86321,526493,612814,318048,8185639,0.03,0.03,0.03,0,24,458,0,5,0,9,0,4,0,0,138.918,179,488
8880000,2026-01-19T17:32:44.497532,931814,86415,613439,318374,605632,0.7065680420312721,0.8194959,0.39181235284803745,172.83,1054.048,1226.878,270.832,1592.796,1863.628,98.0,538.748,636.748,0.7065680420312721,16389.918,0.0016389917999999999,1211.264,0.0,0.0,0.39181235284803745,86415,527024,613439,318374,8194959,0.03,0.03,0.03,0,25,464,0,0,0,6,0,5,0,0,44.346,133,302
8890000,2026-01-19T17:32:47.544074,932842,86517,614115,318726,606256,0.7064892079913204,0.8204295,0.39179830302942725,173.034,1055.196,1228.23,271.17,1594.514,1865.684,98.136,539.316,637.452,0.7064892079913204,16408.59,0.0016408590000000002,1212.512,0.0,0.0,0.39179830302942725,86517,527598,614115,318726,8204295,0.03,0.03,0.03,0,19,459,0,4,0,12,0,6,0,0,129.646,177,452
8900000,2026-01-19T17:32:50.578594,933852,86619,614789,319062,606893,0.7064467161320118,0.8213492,0.3917863350804503,173.238,1056.34,1229.578,271.482,1596.222,1867.704,98.242,539.882,638.124,0.7064467161320118,16426.984,0.0016426984,1213.786,0.0,0.0,0.3917863350804503,86619,528170,614789,319062,8213492,0.03,0.03,0.03,0,26,463,0,0,0,8,0,3,0,0,53.518,103,437
8910000,2026-01-19T17:32:53.611702,934863,86716,615450,319413,607538,0.7065103374944555,0.8222845,0.39179546810872234,173.432,1057.468,1230.9,271.776,1597.95,1869.726,98.344,540.482,638.826,0.7065103374944555,16445.69,0.001644569,1215.076,0.0,0.0,0.39179546810872234,86716,528734,615450,319413,8222845,0.03,0.03,0.03,0,20,464,0,2,1,9,0,4,0,0,105.162,174,490
8920000,2026-01-19T17:32:56.646372,935908,86821,616137,319770,608203,0.7064894517165456,0.8232059,0.3917916595825644,173.642,1058.632,1232.274,272.08,1599.736,1871.816,98.438,541.102,639.54,0.7064894517165456,16464.118,0.0016464118,1216.406,0.0,0.0,0.3917916595825644,86821,529316,616137,319770,8232059,0.03,0.03,0.03,0,36,452,0,3,0,7,0,2,0,0,73.866,177,457
8930000,2026-01-19T17:32:59.680112,936959,86918,616829,320129,608865,0.706402119263,0.8241316,0.39176968372794413,173.836,1059.822,1233.658,272.434,1601.484,1873.918,98.596,541.662,640.258,0.706402119263,16482.632,0.0016482632,1217.73,0.0,0.0,0.39176968372794413,86918,529911,616829,320129,8241316,0.03,0.03,0.03,0,37,450,0,1,0,6,0,6,0,0,60.176,151,419
8940000,2026-01-19T17:33:02.724495,937944,87018,617468,320475,609500,0.7064200266433049,0.8250677,0.3917720995517883,174.036,1060.9,1234.936,272.704,1603.184,1875.888,98.666,542.284,640.95,0.7064200266433049,16501.354,0.0016501354,1219.0,0.0,0.0,0.3917720995517883,87018,530450,617468,320475,8250677,0.03,0.03,0.03,0,22,463,0,4,0,7,0,4,0,0,117.414,165,490
8950000,2026-01-19T17:33:05.749952,938994,87116,618164,320829,610167,0.706360590154819,0.8259812,0.39175862169523185,174.232,1062.096,1236.328,273.028,1604.96,1877.988,98.796,542.862,641.658,0.706360590154819,16519.624,0.0016519624,1220.334,0.0,0.0,0.39175862169523185,87116,531048,618164,320829,8259812,0.03,0.03,0.03,0,22,461,0,3,0,9,0,5,0,0,120.322,179,448
8960000,2026-01-19T17:33:08.773674,940029,87213,618853,321175,610824,0.7063061913955839,0.8268898,0.39174208699176283,174.426,1063.28,1237.706,273.34,1606.718,1880.058,98.914,543.436,642.35,0.7063061913955839,16537.796,0.0016537796,1221.648,0.0,0.0,0.39174208699176283,87213,531640,618853,321175,8268898,0.03,0.03,0.03,0,32,446,0,5,0,11,0,6,0,0,135.474,179,487
8970000,2026-01-19T17:33:11.803885,941080,87316,619553,321526,611484,0.7062484658872089,0.8278061,0.39172353342558475,174.632,1064.474,1239.106,273.662,1608.498,1882.16,99.03,544.022,643.052,0.7062484658872089,16556.122,0.0016556122,1222.968,0.0,0.0,0.39172353342558475,87316,532237,619553,321526,8278061,0.03,0.03,0.03,0,14,468,0,6,0,11,0,1,0,0,128.988,178,437
8980000,2026-01-19T17:33:14.821506,942133,87415,620254,321878,612149,0.706094689780163,0.8287299,0.39168336658093267,174.83,1065.678,1240.508,273.994,1610.272,1884.266,99.164,544.592,643.756,0.706094689780163,16574.598,0.0016574598,1224.298,0.0,0.0,0.39168336658093267,87415,532839,620254,321878,8287299,0.03,0.03,0.03,0,30,452,0,5,0,10,0,3,0,0,81.756,171,481
8990000,2026-01-19T17:33:17.871507,943178,87515,620942,322236,612813,0.7060392604859085,0.8296582,0.3916748214833862,175.03,1066.854,1241.884,274.316,1612.04,1886.356,99.286,545.186,644.472,0.7060392604859085,16593.164,0.0016593164,1225.626,0.0,0.0,0.3916748214833862,87515,533427,620942,322236,8296582,0.03,0.03,0.03,0,12,468,0,5,0,10,1,4,0,0,125.786,147,481
9000000,2026-01-19T17:33:20.897180,944208,87621,621618,322589,613456,0.7060462203411024,0.8305931,0.3916736271834791,175.242,1067.994,1243.236,274.63,1613.786,1888.416,99.386,545.792,645.178,0.7060462203411024,16611.862,0.0016611862,1226.912,0.0,0.0,0.3916736271834791,87621,533997,621618,322589,8305931,0.03,0.03,0.03,0,24,458,0,4,0,10,0,4,0,0,100.96,151,460
9010000,2026-01-19T17:33:23.910297,945213,87720,622281,322931,614092,0.7060058062469136,0.831527,0.3916624974140943,175.44,1069.122,1244.562,274.922,1615.504,1890.426,99.48,546.382,645.862,0.7060058062469136,16630.54,0.001663054,1228.184,0.0,0.0,0.3916624974140943,87720,534561,622281,322931,8315270,0.03,0.03,0.03,0,13,465,0,6,0,10,0,6,0,0,90.054,153,490
9020000,2026-01-19T17:33:26.937896,946247,87820,622959,323287,614758,0.7060325527745218,0.8324423,0.3916671090158851,175.64,1070.278,1245.918,275.23,1617.264,1892.494,99.588,546.986,646.574,0.7060325527745218,16648.846,0.0016648846,1229.516,0.0,0.0,0.3916671090158851,87820,535139,622959,323287,8324423,0.03,0.03,0.03,0,14,469,0,5,0,8,0,4,0,0,85.976,147,483
9030000,2026-01-19T17:33:29.973739,947312,87921,623656,323655,615446,0.7060355663340617,0.8333819,0.3916673251236493,175.842,1071.47,1247.312,275.536,1619.088,1894.624,99.692,547.618,647.31,0.7060355663340617,16667.638,0.0016667638,1230.892,0.0,0.0,0.3916673251236493,87921,535735,623656,323655,8333819,0.03,0.03,0.03,0,27,455,0,3,0,9,0,6,0,0,89.918,171,480
9040000,2026-01-19T17:33:33.005052,948336,88021,624332,324004,616091,0.7060096609091173,0.8343214,0.39166176423082705,176.042,1072.622,1248.664,275.858,1620.814,1896.672,99.816,548.192,648.008,0.7060096609091173,16686.428,0.0016686428,1232.182,0.0,0.0,0.39166176423082705,88021,536311,624332,324004,8343214,0.03,0.03,0.03,0,13,471,1,4,0,8,0,3,0,0,119.74,181,425
9050000,2026-01-19T17:33:36.020649,949382,88122,625027,324354,616752,0.7059386589425626,0.835245,0.3916444602557956,176.244,1073.81,1250.054,276.17,1622.594,1898.764,99.924,548.784,648.708,0.7059386589425626,16704.9,0.00167049,1233.504,0.0,0.0,0.3916444602557956,88122,536905,625027,324354,8352450,0.03,0.03,0.03,0,19,465,0,5,0,7,0,4,0,0,94.268,121,492
9060000,2026-01-19T17:33:39.046677,950438,88222,625739,324698,617415,0.7058030222478731,0.8361623,0.3916085794423837,176.444,1075.034,1251.478,276.506,1624.37,1900.876,100.06,549.336,649.396,0.7058030222478731,16723.246,0.0016723246,1234.83,0.0,0.0,0.3916085794423837,88222,537517,625739,324698,8361623,0.03,0.03,0.03,0,26,460,0,1,0,8,0,5,0,0,77.56,133,489
9070000,2026-01-19T17:33:42.064652,951481,88323,626429,325051,618062,0.7057118125238674,0.8370972,0.39158736998056193,176.646,1076.212,1252.858,276.84,1626.122,1902.962,100.192,549.91,650.102,0.7057118125238674,16741.944,0.0016741944,1236.124,0.0,0.0,0.39158736998056193,88323,538106,626429,325051,8370972,0.03,0.03,0.03,0,20,459,0,5,0,12,0,4,0,0,115.286,137,492
9080000,2026-01-19T17:33:45.079282,952468,88424,627078,325390,618689,0.7056853132701942,0.8380296,0.3915820220861344,176.848,1077.308,1254.156,277.138,1627.798,1904.936,100.29,550.49,650.78,0.7056853132701942,16760.592,0.0016760592,1237.378,0.0,0.0,0.3915820220861344,88424,538654,627078,325390,8380296,0.03,0.03,0.03,0,29,454,0,5,0,6,0,6,0,0,110.474,181,418
9090000,2026-01-19T17:33:48.086597,953516,88526,627779,325736,619349,0.7056407020150207,0.8389286,0.3915694304540611,177.052,1078.506,1255.558,277.458,1629.574,1907.032,100.404,551.068,651.472,0.7056407020150207,16778.572,0.0016778572000000001,1238.698,0.0,0.0,0.3915694304540611,88526,539253,627779,325736,8389286,0.03,0.03,0.03,0,39,444,0,7,0,7,0,3,0,0,105.18,131,483
9100000,2026-01-19T17:33:51.092688,954560,88624,628467,326092,620027,0.7055990593866336,0.8398623,0.3915611509561578,177.248,1079.686,1256.934,277.76,1631.36,1909.12,100.51,551.674,652.184,0.7055990593866336,16797.246,0.0016797245999999998,1240.054,0.0,0.0,0.3915611509561578,88624,539843,628467,326092,8398623,0.03,0.03,0.03,0,26,457,0,5,0,7,0,5,0,0,96.79,173,489
9110000,2026-01-19T17:33:54.095318,955617,88729,629175,326442,620689,0.7055677228829798,0.8407746,0.3915458487879402,177.458,1080.892,1258.35,278.072,1633.162,1911.234,100.614,552.27,652.884,0.7055677228829798,16815.492,0.0016815492000000001,1241.378,0.0,0.0,0.3915458487879402,88729,540446,629175,326442,8407746,0.03,0.03,0.03,0,24,459,1,4,0,9,0,3,0,0,94.126,181,490
9120000,2026-01-19T17:33:57.114136,956637,88830,629848,326788,621338,0.7055491394829674,0.8416981,0.39154195221948535,177.66,1082.036,1259.696,278.372,1634.902,1913.274,100.71,552.866,653.576,0.7055491394829674,16833.962,0.0016833962,1242.676,0.0,0.0,0.39154195221948535,88830,541018,629848,326788,8416981,0.03,0.03,0.03,0,21,466,0,3,0,8,0,2,0,0,64.62,109,391
9130000,2026-01-19T17:34:00.150109,957693,88933,630557,327136,621997,0.7054750514974981,0.8426128,0.39151969167441286,177.866,1083.248,1261.114,278.702,1636.684,1915.386,100.836,553.436,654.272,0.7054750514974981,16852.256,0.0016852256,1243.994,0.0,0.0,0.39151969167441286,88933,541624,630557,327136,8426128,0.03,0.03,0.03,0,33,454,0,1,0,8,1,3,0,0,55.06,124,478
9140000,2026-01-19T17:34:03.140136,958757,89031,631258,327498,622677,0.7054392603435434,0.8435362,0.3915121007586508,178.062,1084.454,1262.516,279.036,1638.478,1917.514,100.972,554.024,654.996,0.7054392603435434,16870.724,0.0016870723999999999,1245.354,0.0,0.0,0.3915121007586508,89031,542227,631258,327498,8435362,0.03,0.03,0.03,0,21,468,0,0,0,6,0,5,0,0,59.412,118,434
9150000,2026-01-19T17:34:06.186856,959817,89136,631954,327862,623345,0.7054983377236014,0.8444685,0.3915266761522125,178.272,1085.636,1263.908,279.336,1640.298,1919.634,101.062,554.662,655.724,0.7054983377236014,16889.37,0.001688937,1246.69,0.0,0.0,0.3915266761522125,89136,542818,631954,327862,8444685,0.03,0.03,0.03,0,13,468,0,5,0,10,0,4,0,0,110.82,169,490
9160000,2026-01-19T17:34:09.207024,960815,89227,632606,328208,624010,0.7055225523243159,0.8454009,0.3915380015409257,178.454,1086.758,1265.212,279.612,1642.018,1921.63,101.158,555.258,656.416,0.7055225523243159,16908.018,0.0016908018,1248.02,0.0,0.0,0.3915380015409257,89227,543379,632606,328208,8454009,0.03,0.03,0.03,0,37,446,0,4,0,9,1,3,0,0,55.434,123,438
9170000,2026-01-19T17:34:12.226502,961874,89325,633306,328567,624691,0.7055175000902503,0.8463414,0.39153773518504253,178.65,1087.962,1266.612,279.928,1643.82,1923.748,101.276,555.858,657.134,0.7055175000902503,16926.828,0.0016926828,1249.382,0.0,0.0,0.39153773518504253,89325,543981,633306,328567,8463414,0.03,0.03,0.03,0,24,462,0,2,0,8,0,4,0,0,72.254,160,480
9180000,2026-01-19T17:34:15.255093,962910,89429,633980,328929,625343,0.7055401328448981,0.8472821,0.3915449176009913,178.858,1089.102,1267.96,280.242,1645.578,1925.82,101.384,556.474,657.858,0.7055401328448981,16945.642,0.0016945642,1250.686,0.0,0.0,0.3915449176009913,89429,544551,633980,328929,8472821,0.03,0.03,0.03,0,34,448,0,2,0,11,0,5,0,0,86.82,179,492
9190000,2026-01-19T17:34:18.263438,963979,89530,634685,329293,626024,0.7054859748368567,0.8482025,0.39153043590121595,179.06,1090.31,1269.37,280.574,1647.384,1927.958,101.514,557.072,658.586,0.7054859748368567,16964.05,0.001696405,1252.048,0.0,0.0,0.39153043590121595,89530,545155,634685,329293,8482025,0.03,0.03,0.03,0,41,443,0,4,0,8,0,4,0,0,131.45,177,486
9200000,2026-01-19T17:34:21.287556,964996,89629,635350,329645,626677,0.705427810615656,0.8491353,0.3915203781408161,179.258,1091.442,1270.7,280.882,1649.11,1929.992,101.624,557.666,659.29,0.705427810615656,16982.706,0.0016982706,1253.354,0.0,0.0,0.3915203781408161,89629,545721,635350,329645,8491353,0.03,0.03,0.03,1,25,461,0,5,0,6,0,2,0,0,60.29,122,354
9210000,2026-01-19T17:34:24.312398,966006,89727,636008,329997,627332,0.7054121437101376,0.8500763,0.391520098983207,179.454,1092.562,1272.016,281.164,1650.848,1932.012,101.708,558.286,659.994,0.7054121437101376,17001.526,0.0017001526000000001,1254.664,0.0,0.0,0.391520098983207,89727,546281,636008,329997,8500763,0.03,0.03,0.03,0,23,467,0,1,0,6,0,3,0,0,34.922,137,391
9220000,2026-01-19T17:34:27.387901,967021,89827,636683,330337,627963,0.7053306421100005,0.8510144,0.3915015672298102,179.654,1093.712,1273.366,281.466,1652.576,1934.042,101.81,558.864,660.674,0.7053306421100005,17020.288,0.0017020287999999998,1255.926,0.0,0.0,0.3915015672298102,89827,546856,636683,330337,8510144,0.03,0.03,0.03,0,18,463,0,4,0,12,0,3,0,0,121.602,163,443
9230000,2026-01-19T17:34:30.534843,968021,89924,637341,330679,628593,0.7052871588026763,0.8519504,0.3914909791813651,179.848,1094.834,1274.682,281.776,1654.266,1936.042,101.926,559.432,661.358,0.7052871588026763,17039.008,0.0017039008,1257.186,0.0,0.0,0.3914909791813651,89924,547417,637341,330679,8519504,0.03,0.03,0.03,0,21,461,0,6,0,8,0,4,0,0,92.354,154,489
9240000,2026-01-19T17:34:33.575725,969033,90016,638007,331026,629248,0.7052120892210904,0.8528782,0.39147911719301015,180.032,1095.982,1276.014,282.092,1655.974,1938.066,102.06,559.992,662.052,0.7052120892210904,17057.564,0.0017057564,1258.496,0.0,0.0,0.39147911719301015,90016,547991,638007,331026,8528782,0.03,0.03,0.03,0,23,463,0,2,1,8,0,3,0,0,91.56,175,492
9250000,2026-01-19T17:34:36.607895,970101,90119,638705,331395,629930,0.7051779769295721,0.8538047,0.3914761196701017,180.238,1097.172,1277.41,282.398,1657.804,1940.202,102.158,560.632,662.79,0.7051779769295721,17076.094,0.0017076094,1259.86,0.0,0.0,0.3914761196701017,90119,548586,638705,331395,8538047,0.03,0.03,0.03,0,24,455,0,7,0,10,0,4,0,0,115.028,149,491
9260000,2026-01-19T17:34:39.658207,971111,90212,639365,331745,630591,0.7051689561053307,0.8547384,0.391478493020155,180.424,1098.306,1278.73,282.694,1659.528,1942.222,102.27,561.22,663.49,0.7051689561053307,17094.768,0.0017094768,1261.182,0.0,0.0,0.391478493020155,90212,549153,639365,331745,8547384,0.03,0.03,0.03,0,18,463,0,5,0,11,0,3,0,0,147.646,177,488
9270000,2026-01-19T17:34:42.712659,972143,90311,640050,332093,631244,0.7050746020760802,0.8556664,0.3914548559582606,180.622,1099.478,1280.1,283.02,1661.266,1944.286,102.398,561.788,664.186,0.7050746020760802,17113.328,0.0017113328000000001,1262.488,0.0,0.0,0.3914548559582606,90311,549739,640050,332093,8556664,0.03,0.03,0.03,0,31,453,1,4,0,8,0,3,0,0,145.476,181,450
9280000,2026-01-19T17:34:45.759254,973201,90411,640753,332447,631899,0.7050610869181575,0.8565842,0.3914438580442644,180.822,1100.684,1281.506,283.354,1663.048,1946.402,102.53,562.364,664.894,0.7050610869181575,17131.684,0.0017131684,1263.798,0.0,0.0,0.3914438580442644,90411,550342,640753,332447,8565842,0.03,0.03,0.03,0,24,450,0,5,0,15,0,6,0,0,95.392,137,492
9290000,2026-01-19T17:34:48.785852,974223,90508,641425,332797,632568,0.7050458541386491,0.8575238,0.39143597195205526,181.016,1101.834,1282.85,283.668,1664.778,1948.446,102.652,562.942,665.594,0.7050458541386491,17150.476,0.0017150476,1265.136,0.0,0.0,0.39143597195205526,90508,550917,641425,332797,8575238,0.03,0.03,0.03,0,24,466,0,2,0,5,0,3,0,0,48.99,122,486
9300000,2026-01-19T17:34:51.924890,975231,90605,642084,333146,633218,0.7050271290002277,0.8584535,0.39142759394192705,181.21,1102.958,1284.168,283.948,1666.514,1950.462,102.736,563.556,666.292,0.7050271290002277,17169.07,0.001716907,1266.436,0.0,0.0,0.39142759394192705,90605,551479,642084,333146,8584535,0.03,0.03,0.03,0,20,470,0,4,0,4,0,2,0,0,54.286,132,318
9310000,2026-01-19T17:34:54.992465,976246,90704,642751,333494,633863,0.70497792249269,0.8593755,0.3914189891535214,181.408,1104.094,1285.502,284.242,1668.25,1952.492,102.832,564.156,666.988,0.70497792249269,17187.51,0.001718751,1267.726,0.0,0.0,0.3914189891535214,90704,552047,642751,333494,8593755,0.03,0.03,0.03,0,23,464,0,2,0,8,0,3,0,0,48.716,91,398
9320000,2026-01-19T17:34:58.013255,977289,90807,643436,333852,634526,0.7049698110889029,0.8603081,0.39142429742552315,181.614,1105.258,1286.872,284.538,1670.04,1954.578,102.922,564.782,667.704,0.7049698110889029,17206.162,0.0017206162,1269.052,0.0,0.0,0.39142429742552315,90807,552629,643436,333852,8603081,0.03,0.03,0.03,0,25,459,0,3,0,8,0,5,0,0,79.12,135,493
9330000,2026-01-19T17:35:01.167934,978315,90911,644117,334197,635165,0.7049709159607763,0.8612447,0.3914199036933255,181.822,1106.412,1288.234,284.862,1671.768,1956.63,103.04,565.354,668.394,0.7049709159607763,17224.894,0.0017224894,1270.33,0.0,0.0,0.3914199036933255,90911,553206,644117,334197,8612447,0.03,0.03,0.03,0,18,467,0,3,0,8,0,4,0,0,78.96,179,406
9340000,2026-01-19T17:35:04.292989,979387,91007,644825,334562,635856,0.7048832085363349,0.8621583,0.39139889989698895,182.014,1107.636,1289.65,285.18,1673.594,1958.774,103.166,565.958,669.124,0.7048832085363349,17243.166,0.0017243166,1271.712,0.0,0.0,0.39139889989698895,91007,553818,644825,334562,8621583,0.03,0.03,0.03,0,29,451,0,3,1,11,0,5,0,0,133.034,175,487
9350000,2026-01-19T17:35:07.408700,980462,91113,645536,334925,636530,0.7048407045894437,0.863089,0.39138279191963476,182.226,1108.846,1291.072,285.524,1675.4,1960.924,103.296,566.554,669.85,0.7048407045894437,17261.78,0.001726178,1273.06,0.0,0.0,0.39138279191963476,91113,554423,645536,334925,8630890,0.03,0.03,0.03,0,25,456,0,4,0,10,0,5,0,0,100.88,143,460
9360000,2026-01-19T17:35:10.483905,981487,91213,646212,335274,637185,0.7047819748382306,0.8639999,0.39136856114286744,182.426,1109.998,1292.424,285.836,1677.138,1962.974,103.408,567.14,670.548,0.7047819748382306,17279.998,0.0017279998,1274.37,0.0,0.0,0.39136856114286744,91213,554999,646212,335274,8639999,0.03,0.03,0.03,0,25,459,0,6,0,9,0,1,0,0,78.916,111,430
9370000,2026-01-19T17:35:13.553288,982569,91315,646922,335646,637866,0.7047254479826351,0.8649407,0.39134500652023363,182.63,1111.214,1293.844,286.18,1678.958,1965.138,103.548,567.744,671.292,0.7047254479826351,17298.814,0.0017298814,1275.732,0.0,0.0,0.39134500652023363,91315,555607,646922,335646,8649407,0.03,0.03,0.03,0,30,448,0,4,0,11,0,7,0,0,122.086,159,484
9380000,2026-01-19T17:35:16.709442,983598,91421,647605,335992,638510,0.7046704485684206,0.8658767,0.391321283763254,182.842,1112.368,1295.21,286.492,1680.704,1967.196,103.648,568.336,671.984,0.7046704485684206,17317.534,0.0017317533999999999,1277.02,0.0,0.0,0.391321283763254,91421,556184,647605,335992,8658767,0.03,0.03,0.03,0,16,466,0,4,0,9,0,5,0,0,98.082,136,474
9390000,2026-01-19T17:35:19.810587,984647,91523,648290,336356,639177,0.7046970265146413,0.8667967,0.3913205164247896,183.046,1113.534,1296.58,286.816,1682.478,1969.294,103.768,568.944,672.712,0.7046970265146413,17335.934,0.0017335934,1278.354,0.0,0.0,0.3913205164247896,91523,556767,648290,336356,8667967,0.03,0.03,0.03,0,19,459,0,5,0,11,0,6,0,0,121.404,155,480
9400000,2026-01-19T17:35:22.890118,985710,91627,648989,336720,639863,0.7046850349448815,0.8677289,0.39131094714574843,183.254,1114.724,1297.978,287.13,1684.29,1971.42,103.876,569.564,673.44,0.7046850349448815,17354.578,0.0017354578,1279.726,0.0,0.0,0.39131094714574843,91627,557362,648989,336720,8677289,0.03,0.03,0.03,0,32,456,0,2,0,6,0,4,0,0,43.658,121,315
9410000,2026-01-19T17:35:25.988960,986745,91729,649676,337068,640516,0.7046098529799499,0.8686636,0.39128157415040454,183.458,1115.894,1299.352,287.434,1686.056,1973.49,103.976,570.16,674.136,0.7046098529799499,17373.272,0.0017373272,1281.032,0.0,0.0,0.39128157415040454,91729,557947,649676,337068,8686636,0.03,0.03,0.03,0,9,475,0,5,0,9,0,2,0,0,126.686,178,394
9420000,2026-01-19T17:35:29.051947,987768,91830,650350,337417,641170,0.7045681506202202,0.8695994,0.39126898705657703,183.66,1117.04,1300.7,287.732,1687.804,1975.536,104.072,570.762,674.834,0.7045681506202202,17391.988,0.0017391988,1282.34,0.0,0.0,0.39126898705657703,91830,558520,650350,337417,8695994,0.03,0.03,0.03,0,39,447,1,3,0,8,0,2,0,0,76.862,180,391
9430000,2026-01-19T17:35:32.108683,988831,91930,651049,337782,641849,0.7044731238038086,0.8705326,0.39124835640713695,183.86,1118.238,1302.098,288.064,1689.598,1977.662,104.204,571.36,675.564,0.7044731238038086,17410.652,0.0017410652,1283.698,0.0,0.0,0.39124835640713695,91930,559119,651049,337782,8705326,0.03,0.03,0.03,0,25,462,1,2,0,6,0,4,0,0,79.504,181,448
9440000,2026-01-19T17:35:35.177783,989850,92032,651721,338128,642481,0.7044309438996671,0.8714754,0.3912352806333852,184.064,1119.378,1303.442,288.384,1691.316,1979.7,104.318,571.938,676.256,0.7044309438996671,17429.508,0.0017429508000000001,1284.962,0.0,0.0,0.3912352806333852,92032,559689,651721,338128,8714754,0.03,0.03,0.03,0,29,452,0,3,0,11,0,5,0,0,88.734,159,467
9450000,2026-01-19T17:35:38.257503,990892,92135,652411,338480,643140,0.704344159173695,0.8724072,0.39121834461906746,184.27,1120.552,1304.822,288.698,1693.086,1981.784,104.428,572.532,676.96,0.704344159173695,17448.144,0.0017448144,1286.28,0.0,0.0,0.39121834461906746,92135,560276,652411,338480,8724072,0.03,0.03,0.03,0,17,468,0,3,0,9,0,3,0,0,87.264,177,407
9460000,2026-01-19T17:35:41.339104,991942,92231,653104,338837,643816,0.7042545400990871,0.8733275,0.3912089527803725,184.462,1121.746,1306.208,289.016,1694.868,1983.884,104.552,573.122,677.674,0.7042545400990871,17466.55,0.0017466550000000002,1287.632,0.0,0.0,0.3912089527803725,92231,560873,653104,338837,8733275,0.03,0.03,0.03,0,28,454,0,2,0,12,0,4,0,0,89.998,137,459
9470000,2026-01-19T17:35:44.455886,992939,92330,653764,339174,644444,0.7041999142917873,0.8742568,0.39119345348921275,184.66,1122.868,1307.528,289.326,1696.552,1985.878,104.664,573.684,678.348,0.7041999142917873,17485.136,0.0017485136000000001,1288.888,0.0,0.0,0.39119345348921275,92330,561434,653764,339174,8742568,0.03,0.03,0.03,0,46,443,0,0,0,7,0,4,0,0,51.522,131,371
9480000,2026-01-19T17:35:47.566386,993940,92428,654412,339528,645085,0.7041746400576128,0.8751938,0.39119209435311353,184.856,1123.968,1308.824,289.628,1698.252,1987.88,104.772,574.284,679.056,0.7041746400576128,17503.876,0.0017503876,1290.17,0.0,0.0,0.39119209435311353,92428,561984,654412,339528,8751938,0.03,0.03,0.03,0,13,472,1,5,0,6,0,3,0,0,83.41,181,377
9490000,2026-01-19T17:35:50.673748,994979,92529,655097,339881,645740,0.7041096332541251,0.8761114,0.39118457739617346,185.058,1125.136,1310.194,289.94,1700.018,1989.958,104.88,574.882,679.762,0.7041096332541251,17522.228,0.0017522228,1291.48,0.0,0.0,0.39118457739617346,92529,562568,655097,339881,8761114,0.03,0.03,0.03,0,34,447,0,2,0,13,0,4,0,0,40.964,105,353
9500000,2026-01-19T17:35:53.727737,996044,92629,655800,340243,646424,0.7041136123694114,0.8770417,0.391182532036383,185.258,1126.342,1311.6,290.258,1701.83,1992.088,104.998,575.488,680.486,0.7041136123694114,17540.834,0.0017540834000000002,1292.848,0.0,0.0,0.391182532036383,92629,563171,655800,340243,8770417,0.03,0.03,0.03,0,25,454,0,4,0,9,0,8,0,0,81.782,147,460
9510000,2026-01-19T17:35:56.894850,997094,92733,656500,340593,647082,0.7040896200927487,0.8779773,0.39117239141726273,185.466,1127.534,1313.0,290.58,1703.608,1994.188,105.112,576.074,681.186,0.7040896200927487,17559.546,0.0017559545999999999,1294.164,0.0,0.0,0.39117239141726273,92733,563767,656500,340593,8779773,0.03,0.03,0.03,0,15,462,0,4,0,13,0,6,0,0,108.168,144,491
9520000,2026-01-19T17:36:00.036975,998095,92830,657163,340931,647729,0.7040537462361193,0.878916,0.39116241319413403,185.66,1128.666,1314.326,290.884,1705.306,1996.19,105.224,576.638,681.862,0.7040537462361193,17578.32,0.001757832,1295.458,0.0,0.0,0.39116241319413403,92830,564333,657163,340931,8789160,0.03,0.03,0.03,0,36,454,0,1,0,6,0,3,0,0,51.618,121,391
9530000,2026-01-19T17:36:03.442734,999167,92933,657871,341295,648407,0.7039969423352053,0.8798452,0.3911542932143975,185.866,1129.876,1315.742,291.212,1707.122,1998.334,105.346,577.244,682.59,0.7039969423352053,17596.904,0.0017596904,1296.814,0.0,0.0,0.3911542932143975,92933,564938,657871,341295,8798452,0.03,0.03,0.03,0,29,458,0,2,0,8,0,3,0,0,106.954,177,489
9540000,2026-01-19T17:36:06.614100,1000235,93036,658582,341652,649071,0.7038770996048221,0.8807726,0.3911285962224527,186.072,1131.092,1317.164,291.532,1708.938,2000.47,105.458,577.846,683.304,0.7038770996048221,17615.452,0.0017615452,1298.142,0.0,0.0,0.3911285962224527,93036,565546,658582,341652,8807726,0.03,0.03,0.03,0,13,465,0,6,0,13,0,3,0,0,137.882,155,487
9550000,2026-01-19T17:36:09.720821,1001298,93142,659289,342009,649745,0.703776943209819,0.8817019,0.3911061493016678,186.284,1132.294,1318.578,291.846,1710.75,2002.596,105.562,578.456,684.018,0.703776943209819,17634.038,0.0017634038,1299.49,0.0,0.0,0.3911061493016678,93142,566147,659289,342009,8817019,0.03,0.03,0.03,0,23,459,1,1,0,10,0,6,0,0,102.46,181,491
9560000,2026-01-19T17:36:12.806427,1002324,93236,659962,342362,650413,0.7037729935247196,0.8826239,0.3911070087221149,186.472,1133.452,1319.924,292.148,1712.5,2004.648,105.676,579.048,684.724,0.7037729935247196,17652.478,0.0017652478,1300.826,0.0,0.0,0.3911070087221149,93236,566726,659962,342362,8826239,0.03,0.03,0.03,0,21,463,1,5,0,8,0,2,0,0,138.69,181,489
9570000,2026-01-19T17:36:15.897599,1003380,93342,660667,342712,651069,0.7036964760122477,0.8835465,0.39108460244904664,186.684,1134.65,1321.334,292.476,1714.284,2006.76,105.79,579.634,685.424,0.7036964760122477,17670.93,0.001767093,1302.138,0.0,0.0,0.39108460244904664,93342,567325,660667,342712,8835465,0.03,0.03,0.03,0,26,461,0,2,0,8,0,3,0,0,43.148,98,357
9580000,2026-01-19T17:36:18.989412,1004402,93441,661346,343055,651711,0.7036727542836368,0.8844724,0.3910790722823686,186.882,1135.81,1322.692,292.784,1716.02,2008.804,105.9,580.21,686.11,0.7036727542836368,17689.448,0.0017689448,1303.422,0.0,0.0,0.3910790722823686,93441,567905,661346,343055,8844724,0.03,0.03,0.03,0,15,470,0,3,0,9,0,3,0,0,125.718,171,488
9590000,2026-01-19T17:36:22.112277,1005442,93539,662033,343408,652370,0.7037245121175896,0.8853973,0.39109214343837345,187.078,1136.988,1324.066,293.104,1717.78,2010.884,106.024,580.792,686.816,0.7037245121175896,17707.946,0.0017707946,1304.74,0.0,0.0,0.39109214343837345,93539,568494,662033,343408,8853973,0.03,0.03,0.03,0,25,457,0,3,0,10,0,5,0,0,104.188,147,465
9600000,2026-01-19T17:36:25.219428,1006458,93638,662697,343761,653022,0.7037149911436311,0.8863372,0.39109158698735924,187.276,1138.118,1325.394,293.39,1719.526,2012.916,106.114,581.408,687.522,0.7037149911436311,17726.744,0.0017726744,1306.044,0.0,0.0,0.39109158698735924,93638,569059,662697,343761,8863372,0.03,0.03,0.03,0,28,451,0,7,0,10,0,4,0,0,99.986,179,489
9610000,2026-01-19T17:36:28.347965,1007477,93738,663373,344103,653679,0.7036569689019372,0.887267,0.3910801061510202,187.476,1139.27,1326.746,293.694,1721.26,2014.954,106.218,581.988,688.206,0.7036569689019372,17745.34,0.0017745340000000001,1307.358,0.0,0.0,0.3910801061510202,93738,569635,663373,344103,8872670,0.03,0.03,0.03,0,32,457,0,1,0,6,0,4,0,0,79.836,179,490
9620000,2026-01-19T17:36:31.529108,1008463,93834,664022,344440,654303,0.7036633933576616,0.8882051,0.39108746363599506,187.668,1140.376,1328.044,293.988,1722.938,2016.926,106.318,582.562,688.88,0.7036633933576616,17764.102,0.0017764102,1308.606,0.0,0.0,0.39108746363599506,93834,570188,664022,344440,8882051,0.03,0.03,0.03,0,23,460,0,4,0,8,0,5,0,0,93.076,163,468
9630000,2026-01-19T17:36:34.641050,1009452,93934,664667,344784,654927,0.7036761136364079,0.8891444,0.39109222481558575,187.868,1141.466,1329.334,294.278,1724.626,2018.904,106.408,583.16,689.568,0.7036761136364079,17782.888,0.0017782887999999999,1309.854,0.0,0.0,0.39109222481558575,93934,570733,664667,344784,8891444,0.03,0.03,0.03,0,28,449,0,4,0,13,0,6,0,0,121.92,159,486
9640000,2026-01-19T17:36:37.744872,1010452,94034,665327,345124,655567,0.7036521021455431,0.8900835,0.3910808439727718,188.068,1142.586,1330.654,294.586,1726.318,2020.904,106.516,583.732,690.248,0.7036521021455431,17801.67,0.001780167,1311.134,0.0,0.0,0.3910808439727718,94034,571293,665327,345124,8900835,0.03,0.03,0.03,0,16,473,0,1,0,6,0,4,0,0,84.386,137,455
9650000,2026-01-19T17:36:40.820068,1011493,94132,666028,345464,656228,0.7035958412663281,0.8910016,0.3910633701131864,188.264,1143.792,1332.056,294.892,1728.094,2022.986,106.626,584.302,690.928,0.7035958412663281,17820.032,0.0017820032,1312.456,0.0,0.0,0.3910633701131864,94132,571896,666028,345464,8910016,0.03,0.03,0.03,0,24,463,0,2,0,7,0,4,0,0,69.404,105,465
9660000,2026-01-19T17:36:44.114489,1012555,94230,666724,345830,656915,0.703552693207673,0.8919273,0.39105615466809385,188.46,1144.988,1333.448,295.2,1729.91,2025.11,106.738,584.922,691.66,0.703552693207673,17838.546,0.0017838545999999999,1313.83,0.0,0.0,0.39105615466809385,94230,572494,666724,345830,8919273,0.03,0.03,0.03,0,33,449,0,7,0,8,0,3,0,0,80.01,115,482
9670000,2026-01-19T17:36:47.187211,1013582,94329,667400,346181,657569,0.703489669359644,0.8928537,0.39104474588601823,188.658,1146.142,1334.8,295.526,1731.638,2027.164,106.866,585.496,692.362,0.703489669359644,17857.074,0.0017857074,1315.138,0.0,0.0,0.39104474588601823,94329,573071,667400,346181,8928537,0.03,0.03,0.03,0,33,455,0,0,0,7,0,5,0,0,36.538,95,329
9680000,2026-01-19T17:36:50.987787,1014633,94423,668090,346542,658255,0.7035526312737703,0.8937722,0.3910553266057142,188.846,1147.334,1336.18,295.832,1733.434,2029.266,106.984,586.1,693.084,0.7035526312737703,17875.444,0.0017875444,1316.51,0.0,0.0,0.3910553266057142,94423,573667,668090,346542,8937722,0.03,0.03,0.03,0,28,458,0,3,0,7,0,4,0,0,98.588,173,489
9690000,2026-01-19T17:36:54.338002,1015664,94524,668765,346898,658902,0.703477646117746,0.8947003,0.39104294188314837,189.048,1148.482,1337.53,296.162,1735.166,2031.328,107.112,586.684,693.796,0.703477646117746,17894.006,0.0017894006,1317.804,0.0,0.0,0.39104294188314837,94524,574241,668765,346898,8947003,0.03,0.03,0.03,0,24,461,0,4,0,6,0,5,0,0,90.592,125,477
9700000,2026-01-19T17:36:57.481773,1016673,94616,669421,347251,659553,0.703454150899946,0.8956244,0.3910440444677464,189.232,1149.61,1338.842,296.48,1736.866,2033.346,107.246,587.256,694.502,0.703454150899946,17912.488,0.0017912488,1319.106,0.0,0.0,0.3910440444677464,94616,574805,669421,347251,8956244,0.03,0.03,0.03,0,24,459,0,2,0,9,0,6,0,0,74.586,113,464
9710000,2026-01-19T17:37:00.611775,1017706,94717,670101,347604,660212,0.703397288524617,0.8965627,0.3910344954061116,189.434,1150.768,1340.202,296.786,1738.626,2035.412,107.35,587.858,695.208,0.703397288524617,17931.254,0.0017931254000000002,1320.424,0.0,0.0,0.3910344954061116,94717,575384,670101,347604,8965627,0.03,0.03,0.03,0,22,460,0,3,0,8,0,7,0,0,123.502,173,485
9720000,2026-01-19T17:37:03.810305,1018727,94813,670765,347961,660876,0.7034258003321474,0.8974826,0.39104011900140795,189.626,1151.904,1341.53,297.104,1740.35,2037.454,107.476,588.446,695.922,0.7034258003321474,17949.652,0.0017949652,1321.752,0.0,0.0,0.39104011900140795,94813,575952,670765,347961,8974826,0.03,0.03,0.03,0,23,465,0,2,0,7,0,3,0,0,30.17,83,265
9730000,2026-01-19T17:37:06.986980,1019715,94905,671409,348305,661521,0.7034050473537315,0.8984244,0.39104468228921424,189.81,1153.008,1342.818,297.376,1742.054,2039.43,107.564,589.046,696.61,0.7034050473537315,17968.488,0.0017968488,1323.042,0.0,0.0,0.39104468228921424,94905,576504,671409,348305,8984244,0.03,0.03,0.03,0,26,457,0,3,0,9,0,5,0,0,120.136,161,484
9740000,2026-01-19T17:37:10.149337,1020754,95005,672088,348665,662184,0.7033657650146122,0.8993598,0.3910457272892874,190.01,1154.166,1344.176,297.696,1743.812,2041.508,107.684,589.646,697.33,0.7033657650146122,17987.196,0.0017987196,1324.368,0.0,0.0,0.3910457272892874,95005,577083,672088,348665,8993598,0.03,0.03,0.03,0,34,448,0,4,0,10,0,4,0,0,103.076,154,396
9750000,2026-01-19T17:37:13.376798,1021804,95109,672780,349024,662846,0.7033244128331531,0.9002911,0.3910402393331633,190.218,1155.342,1345.56,298.022,1745.586,2043.608,107.804,590.244,698.048,0.7033244128331531,18005.822,0.0018005822,1325.692,0.0,0.0,0.3910402393331633,95109,577671,672780,349024,9002911,0.03,0.03,0.03,0,27,457,1,4,0,8,0,3,0,0,123.96,181,484
9760000,2026-01-19T17:37:16.529384,1022828,95205,673454,349373,663505,0.7032954923605729,0.9012236,0.39103524210828156,190.41,1156.498,1346.908,298.336,1747.32,2045.656,107.926,590.82,698.746,0.7032954923605729,18024.472,0.0018024472,1327.01,0.0,0.0,0.39103524210828156,95205,578249,673454,349373,9012236,0.03,0.03,0.03,0,16,472,1,4,0,6,0,1,0,0,112.306,180,363
9770000,2026-01-19T17:37:19.677789,1023858,95298,674130,349727,664169,0.7032534696490476,0.9021434,0.39102735360846935,190.596,1157.664,1348.26,298.654,1749.062,2047.716,108.056,591.398,699.454,0.7032534696490476,18042.868,0.0018042868,1328.338,0.0,0.0,0.39102735360846935,95298,578832,674130,349727,9021434,0.03,0.03,0.03,0,31,452,0,4,0,9,0,4,0,0,85.796,167,479
9780000,2026-01-19T17:37:22.803744,1024893,95402,674813,350080,664816,0.7031996262156649,0.9030811,0.391021118355171,190.804,1158.822,1349.626,298.958,1750.828,2049.786,108.154,592.006,700.16,0.7031996262156649,18061.622,0.0018061622,1329.632,0.0,0.0,0.391021118355171,95402,579411,674813,350080,9030811,0.03,0.03,0.03,0,31,447,1,7,0,11,0,3,0,0,158.958,181,490
9790000,2026-01-19T17:37:25.944253,1025971,95498,675526,350444,665523,0.7030805541878352,0.9039989,0.39100497051785366,190.996,1160.056,1351.052,299.276,1752.666,2051.942,108.278,592.61,700.888,0.7030805541878352,18079.978,0.0018079978,1331.046,0.0,0.0,0.39100497051785366,95498,580028,675526,350444,9039989,0.03,0.03,0.03,0,26,462,0,2,0,7,0,3,0,0,53.864,103,400
9800000,2026-01-19T17:37:29.086988,1027009,95597,676210,350798,666183,0.7030259250830145,0.9049191,0.39099280383808976,191.194,1161.226,1352.42,299.596,1754.422,2054.018,108.4,593.196,701.596,0.7030259250830145,18098.382,0.0018098381999999999,1332.366,0.0,0.0,0.39099280383808976,95597,580613,676210,350798,9049191,0.03,0.03,0.03,0,25,462,0,1,0,7,0,5,0,0,63.474,113,483
9810000,2026-01-19T17:37:32.246264,1028062,95694,676906,351155,666856,0.7029718722053593,0.9058425,0.39098259864769774,191.388,1162.424,1353.812,299.92,1756.204,2056.124,108.53,593.78,702.31,0.7029718722053593,18116.85,0.001811685,1333.712,0.0,0.0,0.39098259864769774,95694,581212,676906,351155,9058425,0.03,0.03,0.03,0,25,460,0,4,0,9,0,2,0,0,110.664,159,406
9820000,2026-01-19T17:37:35.358818,1029091,95792,677584,351506,667506,0.7029152648533707,0.9067758,0.3909772110597322,191.584,1163.584,1355.168,300.244,1757.938,2058.182,108.658,594.354,703.012,0.7029152648533707,18135.516,0.0018135516,1335.012,0.0,0.0,0.3909772110597322,95792,581792,677584,351506,9067758,0.03,0.03,0.03,0,27,457,0,4,0,9,0,3,0,0,116.558,153,460
9830000,2026-01-19T17:37:38.505367,1030139,95896,678272,351866,668161,0.70280437862372,0.9077185,0.3909593998777817,191.792,1164.752,1356.544,300.574,1759.704,2060.278,108.78,594.952,703.732,0.70280437862372,18154.37,0.001815437,1336.322,0.0,0.0,0.3909593998777817,95896,582376,678272,351866,9077185,0.03,0.03,0.03,0,30,453,0,3,0,9,0,5,0,0,114.256,151,446
9840000,2026-01-19T17:37:41.647884,1031170,95996,678951,352218,668809,0.702726327970019,0.9086541,0.390949441512719,191.992,1165.91,1357.902,300.894,1761.446,2062.34,108.9,595.536,704.436,0.702726327970019,18173.082,0.0018173082,1337.618,0.0,0.0,0.390949441512719,95996,582955,678951,352218,9086541,0.03,0.03,0.03,0,15,465,0,6,0,10,0,4,0,0,117.476,151,474
9850000,2026-01-19T17:37:44.803927,1032202,96097,679633,352568,669459,0.7026969520687065,0.9095806,0.39094840282107707,192.194,1167.072,1359.266,301.202,1763.202,2064.404,109.008,596.128,705.136,0.7026969520687065,18191.612,0.0018191612,1338.918,0.0,0.0,0.39094840282107707,96097,583536,679633,352568,9095806,0.03,0.03,0.03,0,24,452,0,9,0,12,0,3,0,0,136.59,177,491
9860000,2026-01-19T17:37:47.936550,1033271,96195,680346,352925,670147,0.7025859226383331,0.9105017,0.39092799180773113,192.39,1168.302,1360.692,301.532,1765.01,2066.542,109.142,596.708,705.85,0.7025859226383331,18210.034,0.0018210034,1340.294,0.0,0.0,0.39092799180773113,96195,584151,680346,352925,9105017,0.03,0.03,0.03,0,31,451,1,3,0,9,0,5,0,0,137.43,181,491
9870000,2026-01-19T17:37:51.069089,1034281,96299,681008,353272,670784,0.7025665587908367,0.9114426,0.39093028789491396,192.598,1169.418,1362.016,301.826,1766.736,2068.562,109.228,597.316,706.544,0.7025665587908367,18228.852,0.0018228852,1341.568,0.0,0.0,0.39093028789491396,96299,584709,681008,353272,9114426,0.03,0.03,0.03,0,20,465,0,5,0,6,0,4,0,0,63.292,121,452
9880000,2026-01-19T17:37:54.199949,1035333,96400,681700,353632,671450,0.7025575284500185,0.9123765,0.3909270844861413,192.8,1170.6,1363.4,302.156,1768.51,2070.666,109.356,597.908,707.264,0.7025575284500185,18247.53,0.0018247530000000001,1342.9,0.0,0.0,0.3909270844861413,96400,585300,681700,353632,9123765,0.03,0.03,0.03,0,28,458,0,3,0,7,0,4,0,0,83.668,177,491
9890000,2026-01-19T17:37:57.334348,1036376,96505,682393,353982,672098,0.7025159471488962,0.9133082,0.39091956022517726,193.01,1171.776,1364.786,302.492,1770.26,2072.752,109.48,598.484,707.964,0.7025159471488962,18266.164,0.0018266164,1344.196,0.0,0.0,0.39091956022517726,96505,585888,682393,353982,9133082,0.03,0.03,0.03,0,16,473,0,0,0,6,0,5,0,0,69.862,127,409
9900000,2026-01-19T17:38:00.476966,1037401,96609,683066,354334,672741,0.7024680381003274,0.9142421,0.39091477106073913,193.218,1172.914,1366.132,302.8,1772.002,2074.802,109.58,599.088,708.668,0.7024680381003274,18284.842,0.0018284841999999999,1345.482,0.0,0.0,0.39091477106073913,96609,586457,683066,354334,9142421,0.03,0.03,0.03,0,18,468,0,3,0,6,0,5,0,0,98.544,153,490
9910000,2026-01-19T17:38:03.646706,1038388,96707,683718,354669,673371,0.7024212701761736,0.9151713,0.39090941338330065,193.414,1174.022,1367.436,303.09,1773.686,2076.776,109.674,599.664,709.338,0.7024212701761736,18303.426,0.0018303426,1346.742,0.0,0.0,0.39090941338330065,96707,587011,683718,354669,9151713,0.03,0.03,0.03,0,29,460,0,0,0,6,0,5,0,0,29.728,113,282
9920000,2026-01-19T17:38:06.829082,1039415,96807,684398,355016,674007,0.7023691296928027,0.9161156,0.39090131801305034,193.614,1175.182,1368.796,303.41,1775.42,2078.83,109.794,600.238,710.032,0.7023691296928027,18322.312,0.0018322312,1348.014,0.0,0.0,0.39090131801305034,96807,587591,684398,355016,9161156,0.03,0.03,0.03,0,20,461,0,6,0,10,0,3,0,0,139.832,171,487
9930000,2026-01-19T17:38:09.949519,1040448,96907,685078,355369,674652,0.7023182385891342,0.917046,0.39089752789464305,193.814,1176.342,1370.156,303.736,1777.16,2080.896,109.92,600.818,710.738,0.7023182385891342,18340.92,0.001834092,1349.304,0.0,0.0,0.39089752789464305,96907,588171,685078,355369,9170460,0.03,0.03,0.03,0,30,447,0,3,0,12,0,8,0,0,111.942,151,492
9940000,2026-01-19T17:38:13.074854,1041504,97008,685782,355721,675331,0.7021783611026192,0.917984,0.3908708289610887,194.016,1177.548,1371.564,304.064,1778.944,2083.008,110.048,601.394,711.442,0.7021783611026192,18359.68,0.001835968,1350.662,0.0,0.0,0.3908708289610887,97008,588774,685782,355721,9179840,0.03,0.03,0.03,0,34,456,0,1,0,7,0,2,0,0,19.564,108,485
9950000,2026-01-19T17:38:16.175846,1042516,97109,686445,356070,675969,0.702227006384509,0.9189161,0.39088504312295347,194.218,1178.672,1372.89,304.36,1780.672,2085.032,110.14,602.0,712.14,0.702227006384509,18378.322,0.0018378322,1351.938,0.0,0.0,0.39088504312295347,97109,589336,686445,356070,9189161,0.03,0.03,0.03,0,36,448,0,3,0,8,0,5,0,0,92.724,153,475
9960000,2026-01-19T17:38:19.314019,1043561,97212,687126,356434,676628,0.7022110549349007,0.9198556,0.39087979123732486,194.424,1179.828,1374.252,304.69,1782.432,2087.122,110.264,602.604,712.868,0.7022110549349007,18397.112,0.0018397112,1353.256,0.0,0.0,0.39087979123732486,97212,589914,687126,356434,9198556,0.03,0.03,0.03,0,19,465,0,3,0,7,0,6,0,0,123.198,161,465
9970000,2026-01-19T17:38:22.439627,1044521,97305,687761,356759,677246,0.7021427761527945,0.9207813,0.390869164141522,194.61,1180.912,1375.522,304.98,1784.062,2089.042,110.368,603.15,713.518,0.7021427761527945,18415.626,0.0018415626000000001,1354.492,0.0,0.0,0.390869164141522,97305,590456,687761,356759,9207813,0.03,0.03,0.03,0,27,462,0,0,0,7,0,4,0,0,65.31,118,456
9980000,2026-01-19T17:38:25.566013,1045543,97405,688439,357103,677884,0.7020735822989186,0.9217194,0.3908477358706304,194.81,1182.068,1376.878,305.298,1785.788,2091.086,110.486,603.72,714.206,0.7020735822989186,18434.388,0.0018434388,1355.768,0.0,0.0,0.3908477358706304,97405,591034,688439,357103,9217194,0.03,0.03,0.03,0,24,461,0,4,0,7,0,4,0,0,61.292,134,359
9990000,2026-01-19T17:38:28.700347,1046575,97503,689121,357453,678544,0.7020385018879405,0.9226469,0.3908392578148862,195.006,1183.236,1378.242,305.6,1787.55,2093.15,110.592,604.314,714.906,0.7020385018879405,18452.938,0.0018452938,1357.088,0.0,0.0,0.3908392578148862,97503,591618,689121,357453,9226469,0.03,0.03,0.03,0,9,474,0,5,0,8,0,4,0,0,114.152,148,479
10000000,2026-01-19T17:38:31.769903,1047597,97604,689789,357808,679204,0.7019880859276783,0.9235825,0.39083475956949687,195.208,1184.37,1379.578,305.894,1789.3,2095.194,110.686,604.93,715.616,0.7019880859276783,18471.65,0.001847165,1358.408,0.0,0.0,0.39083475956949687,97604,592185,689789,357808,9235825,0.03,0.03,0.03,0,29,459,1,1,0,6,0,4,0,0,63.196,181,313
