tick,timestamp,channel_total_generated_packets,channel_total_data_packet_sent,channel_total_sent_packets,channel_total_loss_packets,channel_total_timeout_nodes,channel_avg_packet_loss_percentage,channel_total_throughput,channel_avg_recent_packet_loss,nodes_avg_data_packet_sent,nodes_avg_control_packet_sent,nodes_avg_total_packet_sent,nodes_avg_data_packet_generated,nodes_avg_control_packet_generated,nodes_avg_total_packet_generated,nodes_avg_data_packet_loss,nodes_avg_control_packet_loss,nodes_avg_total_packet_loss,nodes_avg_packet_loss_percentage,nodes_avg_success_sent_bits,nodes_avg_throughput_per_node,nodes_avg_timeout_retry,nodes_avg_cw_enters,nodes_avg_cw_increase,nodes_avg_recent_packet_loss_pct,nodes_total_data_packet_sent,nodes_total_control_packet_sent,nodes_total_packet_sent,nodes_total_packet_loss,nodes_total_success_bits,nodes_avg_current_retry_count,nodes_max_retry_count,nodes_avg_epsilon,nodes_min_epsilon,nodes_max_epsilon,nodes_avg_busy_ratio,nodes_avg_collision_ratio,nodes_nodes_in_IDLE,nodes_nodes_in_WAITING_UNTIL_CHANNEL_IS_CLEAR,nodes_nodes_in_SENDING_RTS,nodes_nodes_in_SENDING_CTS,nodes_nodes_in_WAITING_CTS,nodes_nodes_in_SENDING_DATA,nodes_nodes_in_WAITING_DATA,nodes_nodes_in_SENDING_ACK,nodes_nodes_in_WAITING_ACK,nodes_nodes_in_TIMEOUT,nodes_nodes_in_END_BACKOFF_TIMEOUT,nodes_avg_nav_seconds,nodes_max_nav_seconds,nodes_nodes_with_active_nav
0,2026-01-19T17:47:31.108110,0,0,0,0,0,0.0,0.0,0.0,0.0,0.0,0.0,0.0,0.0,0.0,0.0,0.0,0.0,0.0,0.0,0.0,0.0,0.0,0.0,0.0,0,0,0,0,0,0.0,0,0.03,0.03,0.03,0.0,0.0,500,0,0,0,0,0,0,0,0,0,0,0.0,0,0
10000,2026-01-19T17:47:43.391282,1000,109,674,325,573,0.3170809523809524,0.0009192,0.2503563492063492,0.218,1.13,1.348,0.358,1.642,2.0,0.138,0.512,0.65,0.3170809523809524,18.384,1.8384e-06,1.146,0.0,0.0,0.2503563492063492,109,565,674,325,9192,1.878,4,0.01148985849918466,0.00999837585282919,0.02704958053190835,0.9936200000000001,0.9853158026515488,0,41,452,0,0,0,3,0,4,0,0,22.756,118,141
20000,2026-01-19T17:47:56.228623,1895,218,1285,609,1059,0.4927094683094683,0.001858,0.30819330930507405,0.436,2.134,2.57,0.694,3.096,3.79,0.256,0.962,1.218,0.4927094683094683,37.16,3.716e-06,2.118,0.0,0.0,0.30819330930507405,218,1067,1285,609,18580,1.824,4,0.01049940585849909,0.00999837585282919,0.024110386878286327,0.99146,0.9832656971504351,0,48,440,0,0,0,6,0,6,0,0,68.644,149,398
30000,2026-01-19T17:48:08.535656,2750,338,1872,877,1492,0.5668571090244464,0.0028003,0.3141385793429137,0.676,3.068,3.744,1.028,4.472,5.5,0.35,1.404,1.754,0.5668571090244464,56.006,5.6006e-06,2.984,0.0,0.0,0.3141385793429137,338,1534,1872,877,28003,1.742,4,0.010255073146686137,0.00999837585282919,0.021522832620651206,0.99076,0.981619165400517,0,35,451,0,1,0,7,0,6,0,0,89.212,147,485
40000,2026-01-19T17:48:20.952681,3599,459,2466,1133,1912,0.5674629825076883,0.0037392,0.31875508183926415,0.918,4.014,4.932,1.374,5.824,7.198,0.456,1.81,2.266,0.5674629825076883,74.784,7.478399999999999e-06,3.824,0.0,0.0,0.31875508183926415,459,2007,2466,1133,37392,1.846,4,0.010088266196092613,0.00999837585282919,0.017708869003512318,0.99084,0.9807738991786867,0,21,468,0,1,1,6,0,3,0,0,87.214,174,474
50000,2026-01-19T17:48:33.556824,4425,572,3043,1381,2323,0.562407457632953,0.0046796,0.32295978529439906,1.144,4.942,6.086,1.694,7.156,8.85,0.548,2.214,2.762,0.562407457632953,93.592,9.3592e-06,4.646,0.0,0.0,0.32295978529439906,572,2471,3043,1381,46796,1.834,4,0.010033967620055952,0.00999837585282919,0.016015234962429997,0.98968,0.9803859161171629,0,18,467,0,0,0,8,0,7,0,0,96.27,159,418
60000,2026-01-19T17:48:46.758430,5300,690,3653,1646,2767,0.5580049734950252,0.0056198,0.3250547055094218,1.38,5.926,7.306,2.036,8.564,10.6,0.656,2.636,3.292,0.5580049734950252,112.396,1.12396e-05,5.534,0.0,0.0,0.3250547055094218,690,2963,3653,1646,56198,1.85,4,0.010016980952833954,0.00999837585282919,0.014483576046046158,0.99124,0.9797478013821046,0,25,459,0,4,0,7,0,5,0,0,69.18,131,470
70000,2026-01-19T17:49:00.032126,6190,811,4275,1914,3220,0.5688276379381805,0.0065491,0.329023704952213,1.622,6.928,8.55,2.394,9.986,12.38,0.77,3.058,3.828,0.5688276379381805,130.982,1.30982e-05,6.44,0.0,0.0,0.329023704952213,811,3464,4275,1914,65491,1.87,4,0.010001035204547492,0.00999837585282919,0.011105593761279408,0.99266,0.9787154760882367,0,30,459,0,0,0,6,0,5,0,0,51.69,125,386
80000,2026-01-19T17:49:12.863800,7049,929,4874,2174,3650,0.5613214526285382,0.0074922,0.32942106821385037,1.858,7.89,9.748,2.738,11.36,14.098,0.878,3.47,4.348,0.5613214526285382,149.844,1.49844e-05,7.3,0.0,0.0,0.32942106821385037,929,3945,4874,2174,74922,1.806,4,0.00999848616562611,0.00999837585282919,0.010053532251289715,0.9933,0.9776188882708056,1,21,464,0,1,0,6,0,7,0,0,77.56,148,446
90000,2026-01-19T17:49:28.213122,7916,1048,5484,2432,4085,0.5628822855215849,0.0084334,0.3307893441911402,2.096,8.872,10.968,3.094,12.738,15.832,0.998,3.866,4.864,0.5628822855215849,168.668,1.6866800000000003e-05,8.17,0.0,0.0,0.3307893441911402,1048,4436,5484,2432,84334,1.87,4,0.00999837585282919,0.00999837585282919,0.00999837585282919,0.9926200000000001,0.977082960758484,0,26,465,1,1,0,3,0,4,0,0,90.944,180,434
100000,2026-01-19T17:49:44.386822,8810,1159,6099,2710,4560,0.5603527321174148,0.0093645,0.3336814067281536,2.318,9.88,12.198,3.432,14.188,17.62,1.112,4.308,5.42,0.5603527321174148,187.29,1.8729e-05,9.12,0.0,0.0,0.3336814067281536,1159,4940,6099,2710,93645,1.87,4,0.00999837585282919,0.00999837585282919,0.00999837585282919,0.99264,0.9766645291813539,1,36,449,0,2,0,7,0,5,0,0,78.296,114,421
110000,2026-01-19T17:49:58.949680,9659,1271,6695,2964,4989,0.5541639048168745,0.0103118,0.3335030935258153,2.542,10.848,13.39,3.776,15.542,19.318,1.234,4.694,5.928,0.5541639048168745,206.236,2.06236e-05,9.978,0.0,0.0,0.3335030935258153,1271,5424,6695,2964,103118,1.796,4,0.00999837585282919,0.00999837585282919,0.00999837585282919,0.9926799999999999,0.9765930748355011,0,27,459,1,3,0,5,0,5,0,0,115.124,181,431
120000,2026-01-19T17:50:11.971763,10586,1382,7327,3258,5491,0.5527114151110594,0.0112385,0.33472426018655227,2.764,11.89,14.654,4.138,17.034,21.172,1.372,5.144,6.516,0.5527114151110594,224.77,2.2477000000000002e-05,10.982,0.0,0.0,0.33472426018655227,1382,5945,7327,3258,112385,1.79,4,0.00999837585282919,0.00999837585282919,0.00999837585282919,0.99044,0.9764091341715908,0,35,448,0,1,0,10,0,6,0,0,48.862,93,460
130000,2026-01-19T17:50:24.984733,11485,1506,7951,3533,5947,0.557747282256606,0.0121844,0.33659965485782667,3.012,12.89,15.902,4.494,18.476,22.97,1.482,5.584,7.066,0.557747282256606,243.688,2.43688e-05,11.894,0.0,0.0,0.33659965485782667,1506,6445,7951,3533,121844,1.836,4,0.00999837585282919,0.00999837585282919,0.00999837585282919,0.99118,0.9764273070207841,0,21,461,0,5,0,8,0,5,0,0,131.706,179,486
140000,2026-01-19T17:50:37.854366,12330,1620,8531,3798,6384,0.5616113279830017,0.0131249,0.33859839579793743,3.24,13.822,17.062,4.826,19.834,24.66,1.584,6.012,7.596,0.5616113279830017,262.498,2.62498e-05,12.768,0.0,0.0,0.33859839579793743,1620,6911,8531,3798,131249,1.91,4,0.00999837585282919,0.00999837585282919,0.00999837585282919,0.99156,0.9764656230760612,0,21,459,0,3,0,9,0,8,0,0,109.632,146,464
150000,2026-01-19T17:50:51.226895,13201,1737,9140,4060,6826,0.5603229891492985,0.0140649,0.33910438682196786,3.474,14.806,18.28,5.182,21.22,26.402,1.706,6.414,8.12,0.5603229891492985,281.298,2.81298e-05,13.652,0.0,0.0,0.33910438682196786,1737,7403,9140,4060,140649,1.828,4,0.00999837585282919,0.00999837585282919,0.00999837585282919,0.99042,0.9767677919628266,0,19,466,0,3,0,8,0,4,0,0,56.13,151,398
160000,2026-01-19T17:51:04.198505,14064,1850,9739,4324,7262,0.5567950600663601,0.0150066,0.33919320306258177,3.7,15.778,19.478,5.534,22.594,28.128,1.832,6.816,8.648,0.5567950600663601,300.132,3.00132e-05,14.524,0.0,0.0,0.33919320306258177,1850,7889,9739,4324,150066,1.854,4,0.00999837585282919,0.00999837585282919,0.00999837585282919,0.99142,0.9769673003911286,0,17,462,0,6,0,9,0,6,0,0,115.614,169,491
170000,2026-01-19T17:51:17.159739,14929,1970,10342,4586,7707,0.5606147473826744,0.0159424,0.34060504986488643,3.94,16.744,20.684,5.88,23.978,29.858,1.938,7.234,9.172,0.5606147473826744,318.848,3.18848e-05,15.414,0.0,0.0,0.34060504986488643,1970,8372,10342,4586,159424,1.886,4,0.00999837585282919,0.00999837585282919,0.00999837585282919,0.9892799999999999,0.9767570942983296,0,15,476,0,0,0,5,0,4,0,0,65.842,142,317
180000,2026-01-19T17:51:29.977042,15804,2091,10953,4850,8141,0.5572190717645433,0.0168807,0.3401325099502204,4.182,17.724,21.906,6.234,25.374,31.608,2.05,7.65,9.7,0.5572190717645433,337.614,3.37614e-05,16.282,0.0,0.0,0.3401325099502204,2091,8862,10953,4850,168807,1.898,4,0.00999837585282919,0.00999837585282919,0.00999837585282919,0.9915,0.9768686060670412,0,15,475,0,0,0,5,0,5,0,0,82.344,159,364
190000,2026-01-19T17:51:42.836343,16686,2203,11559,5126,8603,0.5585760462363208,0.0178132,0.3410415426852261,4.406,18.712,23.118,6.586,26.786,33.372,2.178,8.074,10.252,0.5585760462363208,356.264,3.56264e-05,17.206,0.0,0.0,0.3410415426852261,2203,9356,11559,5126,178132,1.834,4,0.00999837585282919,0.00999837585282919,0.00999837585282919,0.99046,0.9766441960820399,0,18,468,0,3,0,7,0,4,0,0,64.706,114,384
200000,2026-01-19T17:51:55.871777,17577,2321,12179,5398,9058,0.5578102015537537,0.0187573,0.341464758770018,4.642,19.716,24.358,6.946,28.208,35.154,2.304,8.492,10.796,0.5578102015537537,375.146,3.75146e-05,18.116,0.0,0.0,0.341464758770018,2321,9858,12179,5398,187573,1.824,4,0.00999837585282919,0.00999837585282919,0.00999837585282919,0.99136,0.9767816227122379,0,27,458,1,4,0,5,0,5,0,0,118.842,181,489
210000,2026-01-19T17:52:08.809036,18436,2436,12778,5657,9494,0.5554670554181605,0.0196875,0.3411860865095771,4.872,20.684,25.556,7.31,29.562,36.872,2.436,8.878,11.314,0.5554670554181605,393.75,3.9375e-05,18.988,0.0,0.0,0.3411860865095771,2436,10342,12778,5657,196875,1.886,4,0.00999837585282919,0.00999837585282919,0.00999837585282919,0.9896,0.9761754299248679,0,15,475,0,1,0,4,0,5,0,0,88.452,166,382
220000,2026-01-19T17:52:21.632945,19299,2548,13375,5923,9947,0.5541744379078449,0.0206221,0.34110655764775244,5.096,21.654,26.75,7.642,30.956,38.598,2.544,9.302,11.846,0.5541744379078449,412.442,4.12442e-05,19.894,0.0,0.0,0.34110655764775244,2548,10827,13375,5923,206221,1.722,4,0.00999837585282919,0.00999837585282919,0.00999837585282919,0.9909,0.9762324209820112,0,46,445,0,0,0,4,0,5,0,0,60.71,116,409
230000,2026-01-19T17:52:34.854321,20096,2662,13933,6162,10338,0.5553075987132928,0.0215672,0.3414242147244309,5.324,22.542,27.866,7.97,32.222,40.192,2.644,9.68,12.324,0.5553075987132928,431.344,4.3134400000000005e-05,20.676,0.0,0.0,0.3414242147244309,2662,11271,13933,6162,215672,1.778,4,0.00999837585282919,0.00999837585282919,0.00999837585282919,0.99234,0.9773444009526209,0,24,469,0,0,0,3,0,4,0,0,33.282,123,223
240000,2026-01-19T17:52:47.677121,20975,2781,14537,6437,10790,0.5569054004643423,0.022507,0.34177931237487674,5.562,23.512,29.074,8.326,33.624,41.95,2.762,10.112,12.874,0.5569054004643423,450.14,4.5014e-05,21.58,0.0,0.0,0.34177931237487674,2781,11756,14537,6437,225070,1.728,4,0.00999837585282919,0.00999837585282919,0.00999837585282919,0.9892799999999999,0.9771643182190445,0,29,465,0,0,0,2,0,4,0,0,53.214,132,354
250000,2026-01-19T17:53:00.501351,21847,2900,15139,6708,11236,0.556258008932772,0.0234521,0.34182591488416686,5.8,24.478,30.278,8.664,35.03,43.694,2.864,10.552,13.416,0.556258008932772,469.042,4.69042e-05,22.472,0.0,0.0,0.34182591488416686,2900,12239,15139,6708,234521,1.722,4,0.00999837585282919,0.00999837585282919,0.00999837585282919,0.99224,0.9772026380241186,0,14,479,0,0,0,4,0,3,0,0,38.92,117,461
260000,2026-01-19T17:53:13.654522,22779,3013,15788,6991,11719,0.5547658722314064,0.0243858,0.34145509804613705,6.026,25.55,31.576,9.046,36.512,45.558,3.02,10.962,13.982,0.5547658722314064,487.716,4.87716e-05,23.438,0.0,0.0,0.34145509804613705,3013,12775,15788,6991,243858,1.844,4,0.00999837585282919,0.00999837585282919,0.00999837585282919,0.9897,0.976483207916431,1,26,460,0,3,0,6,0,4,0,0,62.592,124,489
270000,2026-01-19T17:53:26.519612,23646,3127,16394,7251,12160,0.5545886708317922,0.0253233,0.3415743524296389,6.254,26.534,32.788,9.388,37.904,47.292,3.134,11.368,14.502,0.5545886708317922,506.466,5.06466e-05,24.32,0.0,0.0,0.3415743524296389,3127,13267,16394,7251,253233,1.788,4,0.00999837585282919,0.00999837585282919,0.00999837585282919,0.98784,0.976150981020872,0,19,465,0,3,0,8,0,5,0,0,114.13,171,437
280000,2026-01-19T17:53:39.655014,24472,3239,16963,7509,12597,0.5574819083598161,0.0262666,0.34258526729416783,6.478,27.448,33.926,9.716,39.228,48.944,3.238,11.78,15.018,0.5574819083598161,525.332,5.25332e-05,25.194,0.0,0.0,0.34258526729416783,3239,13724,16963,7509,262666,1.728,4,0.00999837585282919,0.00999837585282919,0.00999837585282919,0.9900599999999999,0.9767190642314656,0,24,472,0,0,0,0,1,3,0,0,23.304,124,242
290000,2026-01-19T17:53:53.341392,25306,3355,17538,7767,13014,0.5584336922630235,0.0271991,0.3429465974108177,6.71,28.366,35.076,10.042,40.57,50.612,3.33,12.204,15.534,0.5584336922630235,543.982,5.4398200000000004e-05,26.028,0.0,0.0,0.3429465974108177,3355,14183,17538,7767,271991,1.73,4,0.00999837585282919,0.00999837585282919,0.00999837585282919,0.99286,0.9771162377465005,0,32,459,0,1,0,4,0,4,0,0,29.186,77,288
300000,2026-01-19T17:54:07.273432,26206,3471,18162,8043,13476,0.5588949430575123,0.0281402,0.34314007916528566,6.942,29.382,36.324,10.404,42.008,52.412,3.46,12.626,16.086,0.5588949430575123,562.804,5.6280400000000004e-05,26.952,0.0,0.0,0.34314007916528566,3471,14691,18162,8043,281402,1.862,4,0.00999837585282919,0.00999837585282919,0.00999837585282919,0.9935,0.976658005198316,0,35,452,0,1,0,6,0,6,0,0,90.09,139,426
310000,2026-01-19T17:54:20.409043,27072,3589,18762,8309,13914,0.5577507524118153,0.0290815,0.34281459510699386,7.178,30.346,37.524,10.76,43.384,54.144,3.58,13.038,16.618,0.5577507524118153,581.63,5.8163e-05,27.828,0.0,0.0,0.34281459510699386,3589,15173,18762,8309,290815,1.726,4,0.00999837585282919,0.00999837585282919,0.00999837585282919,0.99114,0.9766960324949132,0,32,456,0,4,0,4,0,4,0,0,74.804,146,487
320000,2026-01-19T17:54:33.977177,27917,3703,19345,8571,14348,0.5583568746566465,0.0300238,0.3431516448566553,7.406,31.284,38.69,11.084,44.75,55.834,3.676,13.466,17.142,0.5583568746566465,600.476,6.00476e-05,28.696,0.0,0.0,0.3431516448566553,3703,15642,19345,8571,300238,1.838,4,0.00999837585282919,0.00999837585282919,0.00999837585282919,0.9920800000000001,0.977086674002902,0,27,459,0,3,0,7,0,4,0,0,104.05,159,405
330000,2026-01-19T17:54:48.196739,28855,3817,19995,8859,14846,0.5584331748426581,0.0309583,0.3433320673050625,7.634,32.356,39.99,11.448,46.262,57.71,3.812,13.906,17.718,0.5584331748426581,619.166,6.19166e-05,29.692,0.0,0.0,0.3433320673050625,3817,16178,19995,8859,309583,1.71,4,0.00999837585282919,0.00999837585282919,0.00999837585282919,0.98964,0.9771550617180355,0,17,466,0,4,0,9,0,4,0,0,121.3,152,489
340000,2026-01-19T17:55:02.499604,29759,3931,20617,9141,15328,0.559916212570151,0.0318977,0.343930335707883,7.862,33.372,41.234,11.802,47.716,59.518,3.94,14.342,18.282,0.559916212570151,637.954,6.37954e-05,30.656,0.0,0.0,0.343930335707883,3931,16686,20617,9141,318977,1.812,4,0.00999837585282919,0.00999837585282919,0.00999837585282919,0.99122,0.9770657103689077,0,21,463,1,4,0,5,0,6,0,0,108.52,180,419
350000,2026-01-19T17:55:16.867323,30652,4053,21227,9425,15793,0.5620699149299829,0.0328375,0.3445940201362049,8.106,34.348,42.454,12.138,49.166,61.304,4.032,14.818,18.85,0.5620699149299829,656.75,6.5675e-05,31.586,0.0,0.0,0.3445940201362049,4053,17174,21227,9425,328375,1.9,4,0.00999837585282919,0.00999837585282919,0.00999837585282919,0.99084,0.9774314013599292,0,26,457,0,3,1,8,0,5,0,0,112.352,174,424
360000,2026-01-19T17:55:30.260393,31527,4166,21828,9698,16252,0.5622913314069994,0.0337693,0.34480633967450797,8.332,35.324,43.656,12.502,50.552,63.054,4.168,15.228,19.396,0.5622913314069994,675.386,6.75386e-05,32.504,0.0,0.0,0.34480633967450797,4166,17662,21828,9698,337693,1.778,4,0.00999837585282919,0.00999837585282919,0.00999837585282919,0.9927,0.9771558836548643,0,34,455,0,0,0,6,0,5,0,0,50.294,93,428
370000,2026-01-19T17:55:43.128058,32445,4278,22458,9986,16747,0.5627914463098805,0.0347146,0.3450666148521631,8.556,36.36,44.916,12.872,52.018,64.89,4.316,15.656,19.972,0.5627914463098805,694.292,6.94292e-05,33.494,0.0,0.0,0.3450666148521631,4278,18180,22458,9986,347146,1.876,4,0.00999837585282919,0.00999837585282919,0.00999837585282919,0.99142,0.9770366005007425,4,15,473,0,0,0,4,0,4,0,0,65.478,122,409
380000,2026-01-19T17:55:57.764323,33360,4390,23085,10274,17238,0.5639722523215729,0.0356503,0.3455941031734626,8.78,37.39,46.17,13.23,53.49,66.72,4.45,16.098,20.548,0.5639722523215729,713.006,7.13006e-05,34.476,0.0,0.0,0.3455941031734626,4390,18695,23085,10274,356503,1.786,4,0.00999837585282919,0.00999837585282919,0.00999837585282919,0.9920399999999999,0.9769586130048646,0,38,451,0,1,0,4,0,6,0,0,55.956,177,442
390000,2026-01-19T17:56:13.430875,34246,4507,23695,10550,17706,0.5643222288108679,0.0365834,0.34571410152884624,9.014,38.376,47.39,13.566,54.926,68.492,4.55,16.55,21.1,0.5643222288108679,731.668,7.31668e-05,35.412,0.0,0.0,0.34571410152884624,4507,19188,23695,10550,365834,1.798,4,0.00999837585282919,0.00999837585282919,0.00999837585282919,0.98922,0.9771023747603506,0,16,475,0,1,0,5,0,3,0,0,60.58,115,316
400000,2026-01-19T17:56:28.999508,35159,4617,24318,10840,18205,0.5642611632543344,0.037521,0.34587906289303016,9.234,39.402,48.636,13.926,56.392,70.318,4.69,16.99,21.68,0.5642611632543344,750.42,7.5042e-05,36.41,0.0,0.0,0.34587906289303016,4617,19701,24318,10840,375210,1.886,4,0.00999837585282919,0.00999837585282919,0.00999837585282919,0.9914,0.9771098326686996,0,19,475,0,0,0,3,0,3,0,0,60.72,142,383
410000,2026-01-19T17:56:43.616308,36035,4731,24918,11116,18656,0.5640795248120422,0.0384632,0.3460772414653501,9.462,40.374,49.836,14.266,57.804,72.07,4.802,17.43,22.232,0.5640795248120422,769.264,7.69264e-05,37.312,0.0,0.0,0.3460772414653501,4731,20187,24918,11116,384632,1.74,4,0.00999837585282919,0.00999837585282919,0.00999837585282919,0.9915,0.9774523376623376,0,22,459,0,3,0,9,0,7,0,0,112.71,165,490
420000,2026-01-19T17:56:56.913074,36944,4843,25543,11400,19156,0.564701118379793,0.0393947,0.3464254555114429,9.686,41.4,51.086,14.622,59.266,73.888,4.934,17.866,22.8,0.564701118379793,787.894,7.87894e-05,38.312,0.0,0.0,0.3464254555114429,4843,20700,25543,11400,393947,1.864,4,0.00999837585282919,0.00999837585282919,0.00999837585282919,0.99238,0.9774133841805075,0,28,463,0,0,0,4,0,5,0,0,25.87,108,217
430000,2026-01-19T17:57:10.668607,37830,4956,26149,11680,19622,0.5639768165673925,0.0403391,0.34643288839466074,9.912,42.386,52.298,14.982,60.678,75.66,5.068,18.292,23.36,0.5639768165673925,806.782,8.06782e-05,39.244,0.0,0.0,0.34643288839466074,4956,21193,26149,11680,403391,1.858,4,0.00999837585282919,0.00999837585282919,0.00999837585282919,0.99252,0.9771944656513077,0,42,449,0,0,0,5,0,4,0,0,60.734,140,387
440000,2026-01-19T17:57:23.717649,38671,5073,26720,11950,20054,0.5635556627893957,0.041283,0.34637114928822194,10.146,43.294,53.44,15.314,62.028,77.342,5.166,18.734,23.9,0.5635556627893957,825.66,8.2566e-05,40.108,0.0,0.0,0.34637114928822194,5073,21647,26720,11950,412830,1.874,4,0.00999837585282919,0.00999837585282919,0.00999837585282919,0.9930599999999999,0.9774018843401764,0,23,465,0,1,0,6,0,5,0,0,83.842,136,414
450000,2026-01-19T17:57:36.760440,39557,5184,27328,12229,20527,0.5634983285370601,0.0422237,0.34647954741839876,10.368,44.288,54.656,15.66,63.454,79.114,5.292,19.166,24.458,0.5634983285370601,844.474,8.44474e-05,41.054,0.0,0.0,0.34647954741839876,5184,22144,27328,12229,422237,1.796,4,0.00999837585282919,0.00999837585282919,0.00999837585282919,0.99254,0.9774425108076337,0,24,461,1,4,0,7,0,3,0,0,105.51,181,486
460000,2026-01-19T17:57:50.092715,40415,5298,27915,12499,20982,0.5639762815036937,0.0431593,0.3466755655166645,10.596,45.234,55.83,15.996,64.834,80.83,5.398,19.6,24.998,0.5639762815036937,863.186,8.63186e-05,41.964,0.0,0.0,0.3466755655166645,5298,22617,27915,12499,431593,1.716,4,0.00999837585282919,0.00999837585282919,0.00999837585282919,0.99132,0.97776952535867,0,30,463,0,0,0,3,0,4,0,0,58.21,144,329
470000,2026-01-19T17:58:03.353839,41305,5411,28533,12771,21444,0.5635793064931746,0.0440952,0.34649591515801625,10.822,46.244,57.066,16.348,66.262,82.61,5.524,20.018,25.542,0.5635793064931746,881.904,8.819040000000001e-05,42.888,0.0,0.0,0.34649591515801625,5411,23122,28533,12771,440952,1.77,4,0.00999837585282919,0.00999837585282919,0.00999837585282919,0.99372,0.9778914246939027,0,36,455,0,0,0,5,0,4,0,0,26.478,144,249
480000,2026-01-19T17:58:18.675425,42191,5524,29137,13053,21902,0.5633806303857908,0.0450364,0.346584221957829,11.048,47.226,58.274,16.698,67.684,84.382,5.65,20.456,26.106,0.5633806303857908,900.728,9.007279999999999e-05,43.804,0.0,0.0,0.346584221957829,5524,23613,29137,13053,450364,1.644,4,0.00999837585282919,0.00999837585282919,0.00999837585282919,0.99034,0.9775148303984578,0,23,455,0,6,0,11,0,5,0,0,143.728,177,472
490000,2026-01-19T17:58:34.050029,43121,5642,29782,13338,22399,0.5627944519053093,0.0459705,0.3462447829331586,11.284,48.28,59.564,17.054,69.188,86.242,5.77,20.906,26.676,0.5627944519053093,919.41,9.194099999999999e-05,44.798,0.0,0.0,0.3462447829331586,5642,24140,29782,13338,459705,1.804,4,0.00999837585282919,0.00999837585282919,0.00999837585282919,0.99274,0.9774581475638422,0,28,457,0,6,0,8,0,1,0,0,67.542,177,480
500000,2026-01-19T17:58:48.731684,44002,5758,30381,13621,22871,0.5636225063515643,0.0469121,0.3465125934455796,11.516,49.246,60.762,17.394,70.61,88.004,5.878,21.364,27.242,0.5636225063515643,938.242,9.38242e-05,45.742,0.0,0.0,0.3465125934455796,5758,24623,30381,13621,469121,1.698,4,0.00999837585282919,0.00999837585282919,0.00999837585282919,0.99236,0.9773587352805627,0,26,461,1,1,0,6,0,5,0,0,62.574,180,388
510000,2026-01-19T17:59:02.974350,44896,5871,30997,13898,23339,0.5639522424213512,0.0478494,0.3466008408634834,11.742,50.252,61.994,17.76,72.032,89.792,6.016,21.78,27.796,0.5639522424213512,956.988,9.56988e-05,46.678,0.0,0.0,0.3466008408634834,5871,25126,30997,13898,478494,1.724,4,0.00999837585282919,0.00999837585282919,0.00999837585282919,0.9941,0.9774668714781675,0,46,440,0,0,0,6,0,8,0,0,76.134,169,486
520000,2026-01-19T17:59:16.448533,45796,5981,31614,14181,23827,0.5632236177416536,0.0487817,0.3464894142191707,11.962,51.266,63.228,18.124,73.468,91.592,6.16,22.202,28.362,0.5632236177416536,975.634,9.756339999999999e-05,47.654,0.0,0.0,0.3464894142191707,5981,25633,31614,14181,487817,1.746,4,0.00999837585282919,0.00999837585282919,0.00999837585282919,0.9934,0.9770675206180572,0,38,452,0,0,0,6,0,4,0,0,41.804,128,287
530000,2026-01-19T17:59:29.866356,46738,6098,32255,14482,24332,0.5644818933911085,0.0497148,0.34682684494644833,12.196,52.314,64.51,18.48,74.996,93.476,6.282,22.682,28.964,0.5644818933911085,994.296,9.94296e-05,48.664,0.0,0.0,0.34682684494644833,6098,26157,32255,14482,497148,1.704,4,0.00999837585282919,0.00999837585282919,0.00999837585282919,0.99056,0.9771168172931126,0,25,454,0,5,0,10,0,6,0,0,89.184,120,474
540000,2026-01-19T17:59:42.852963,47637,6216,32876,14761,24815,0.564601242905948,0.0506564,0.34687848629319645,12.432,53.32,65.752,18.816,76.458,95.274,6.384,23.138,29.522,0.564601242905948,1013.128,0.0001013128,49.63,0.0,0.0,0.34687848629319645,6216,26660,32876,14761,506564,1.858,4,0.00999837585282919,0.00999837585282919,0.00999837585282919,0.99214,0.9774999600561466,0,15,473,1,3,0,5,0,3,0,0,103.568,181,377
550000,2026-01-19T17:59:56.535581,48512,6327,33479,15033,25276,0.5651391882299439,0.0515947,0.34713145090841185,12.654,54.304,66.958,19.162,77.862,97.024,6.508,23.558,30.066,0.5651391882299439,1031.894,0.0001031894,50.552,0.0,0.0,0.34713145090841185,6327,27152,33479,15033,515947,1.772,4,0.00999837585282919,0.00999837585282919,0.00999837585282919,0.98918,0.9776638302801256,0,22,466,1,2,0,4,0,5,0,0,76.718,181,333
560000,2026-01-19T18:00:11.441443,49434,6438,34113,15321,25774,0.5653376674099244,0.0525294,0.3472624572425128,12.876,55.35,68.226,19.52,79.348,98.868,6.644,23.998,30.642,0.5653376674099244,1050.588,0.0001050588,51.548,0.0,0.0,0.3472624572425128,6438,27675,34113,15321,525294,1.792,4,0.00999837585282919,0.00999837585282919,0.00999837585282919,0.99132,0.9773058093384432,0,39,449,1,1,0,4,0,6,0,0,91.056,181,466
570000,2026-01-19T18:00:25.352369,50348,6552,34741,15606,26260,0.5656453241321405,0.0534598,0.34725357988571043,13.104,56.378,69.482,19.89,80.806,100.696,6.784,24.428,31.212,0.5656453241321405,1069.196,0.0001069196,52.52,0.0,0.0,0.34725357988571043,6552,28189,34741,15606,534598,1.82,4,0.00999837585282919,0.00999837585282919,0.00999837585282919,0.9946,0.9772270982750706,0,37,454,0,0,0,5,0,4,0,0,24.908,113,371
580000,2026-01-19T18:00:39.464094,51242,6669,35347,15894,26739,0.5667006969083088,0.0544007,0.3476485265057996,13.338,57.356,70.694,20.212,82.272,102.484,6.874,24.914,31.788,0.5667006969083088,1088.014,0.0001088014,53.478,0.0,0.0,0.3476485265057996,6669,28678,35347,15894,544007,1.914,4,0.00999837585282919,0.00999837585282919,0.00999837585282919,0.99188,0.9775567141785446,0,39,446,0,4,0,6,0,5,0,0,96.664,179,465
590000,2026-01-19T18:00:52.789975,52117,6788,35951,16165,27189,0.5674245342552333,0.0553401,0.34774818271097574,13.576,58.326,71.902,20.554,83.68,104.234,6.976,25.354,32.33,0.5674245342552333,1106.802,0.0001106802,54.378,0.0,0.0,0.34774818271097574,6788,29163,35951,16165,553401,1.706,4,0.00999837585282919,0.00999837585282919,0.00999837585282919,0.99274,0.9784567141785446,0,36,453,0,0,0,8,0,3,0,0,59.524,155,487
600000,2026-01-19T18:01:05.709736,53015,6900,36567,16447,27668,0.5669636725283417,0.0562793,0.3475927503746939,13.8,59.334,73.134,20.898,85.132,106.03,7.096,25.798,32.894,0.5669636725283417,1125.586,0.00011255859999999999,55.336,0.0,0.0,0.3475927503746939,6900,29667,36567,16447,562793,1.98,4,0.00999837585282919,0.00999837585282919,0.00999837585282919,0.9922000000000001,0.9787767141785446,0,13,470,0,5,0,10,0,2,0,0,129.87,153,483
610000,2026-01-19T18:01:18.601790,53920,7017,37185,16734,28138,0.566861986877102,0.0572193,0.34761833956997956,14.034,60.336,74.37,21.272,86.568,107.84,7.236,26.232,33.468,0.566861986877102,1144.386,0.0001144386,56.276,0.0,0.0,0.34761833956997956,7017,30168,37185,16734,572193,1.764,4,0.00999837585282919,0.00999837585282919,0.00999837585282919,0.99226,0.9787367141785446,0,33,446,0,3,0,11,0,7,0,0,103.286,154,488
620000,2026-01-19T18:01:31.605973,54799,7135,37793,17005,28603,0.5668672239206074,0.0581506,0.3475193848684627,14.27,61.316,75.586,21.608,87.99,109.598,7.336,26.674,34.01,0.5668672239206074,1163.012,0.0001163012,57.206,0.0,0.0,0.3475193848684627,7135,30658,37793,17005,581506,1.812,4,0.00999837585282919,0.00999837585282919,0.00999837585282919,0.99068,0.9789208058608059,0,33,456,0,0,0,6,0,5,0,0,38.354,96,464
630000,2026-01-19T18:01:44.499728,55709,7252,38419,17289,29080,0.5666565319804873,0.0590914,0.34752767184026334,14.504,62.334,76.838,21.956,89.462,111.418,7.45,27.128,34.578,0.5666565319804873,1181.828,0.0001181828,58.16,0.0,0.0,0.34752767184026334,7252,31167,38419,17289,590914,1.722,4,0.00999837585282919,0.00999837585282919,0.00999837585282919,0.98944,0.9790422087132725,0,22,460,0,5,0,9,0,4,0,0,91.82,124,484
640000,2026-01-19T18:01:57.482425,56633,7370,39055,17577,29577,0.568020582943959,0.0600322,0.3478181142447105,14.74,63.37,78.11,22.296,90.97,113.266,7.556,27.598,35.154,0.568020582943959,1200.644,0.0001200644,59.154,0.0,0.0,0.3478181142447105,7370,31685,39055,17577,600322,1.806,4,0.00999837585282919,0.00999837585282919,0.00999837585282919,0.9920800000000001,0.9791562346872985,0,28,456,0,3,0,9,0,4,0,0,120.148,177,421
650000,2026-01-19T18:02:11.721974,57514,7488,39663,17851,30032,0.568489555392,0.0609728,0.3479226938635435,14.976,64.35,79.326,22.638,92.39,115.028,7.662,28.04,35.702,0.568489555392,1219.456,0.0001219456,60.064,0.0,0.0,0.3479226938635435,7488,32175,39663,17851,609728,1.792,4,0.00999837585282919,0.00999837585282919,0.00999837585282919,0.99176,0.9794703879849812,1,27,457,0,1,1,7,0,6,0,0,121.596,175,493
660000,2026-01-19T18:02:25.650091,58435,7609,40295,18139,30517,0.5682466800415616,0.0619081,0.34791968367078824,15.218,65.372,80.59,23.002,93.868,116.87,7.782,28.496,36.278,0.5682466800415616,1238.162,0.0001238162,61.034,0.0,0.0,0.34791968367078824,7609,32686,40295,18139,619081,1.682,4,0.00999837585282919,0.00999837585282919,0.00999837585282919,0.9907999999999999,0.9788508359133127,0,30,458,0,3,0,5,0,4,0,0,88.59,150,425
670000,2026-01-19T18:02:42.189283,59388,7721,40945,18442,31046,0.5683496522805868,0.0628403,0.34792749959647096,15.442,66.448,81.89,23.362,95.414,118.776,7.918,28.966,36.884,0.5683496522805868,1256.806,0.0001256806,62.092,0.0,0.0,0.34792749959647096,7721,33224,40945,18442,628403,1.984,4,0.00999837585282919,0.00999837585282919,0.00999837585282919,0.99118,0.9785712745098039,0,20,467,0,3,0,6,0,4,0,0,94.924,154,364
680000,2026-01-19T18:02:55.603578,60310,7836,41573,18737,31546,0.568715968864281,0.0637792,0.3481005883229872,15.672,67.474,83.146,23.708,96.912,120.62,8.036,29.438,37.474,0.568715968864281,1275.584,0.0001275584,63.092,0.0,0.0,0.3481005883229872,7836,33737,41573,18737,637792,1.814,4,0.00999837585282919,0.00999837585282919,0.00999837585282919,0.99276,0.97871212484994,0,36,453,0,2,0,6,0,3,0,0,34.69,116,452
690000,2026-01-19T18:03:08.546675,61241,7950,42210,19030,32038,0.5685234413835437,0.0647145,0.34807591072613486,15.9,68.52,84.42,24.066,98.416,122.482,8.164,29.896,38.06,0.5685234413835437,1294.29,0.000129429,64.076,0.0,0.0,0.34807591072613486,7950,34260,42210,19030,647145,1.882,4,0.00999837585282919,0.00999837585282919,0.00999837585282919,0.9916799999999999,0.97851212484994,0,22,453,0,7,0,12,0,6,0,0,128.298,165,489
700000,2026-01-19T18:03:21.491007,62171,8064,42847,19323,32558,0.5685876097568155,0.0656448,0.3481241154836682,16.128,69.566,85.694,24.432,99.91,124.342,8.302,30.344,38.646,0.5685876097568155,1312.896,0.0001312896,65.116,0.0,0.0,0.3481241154836682,8064,34783,42847,19323,656448,1.718,4,0.00999837585282919,0.00999837585282919,0.00999837585282919,0.99076,0.9786721248499399,0,26,466,0,0,0,5,0,3,0,0,45.488,164,388
710000,2026-01-19T18:03:34.651656,63018,8180,43419,19598,33001,0.5700493212575762,0.0665896,0.3485416871365692,16.36,70.478,86.838,24.74,101.296,126.036,8.38,30.816,39.196,0.5700493212575762,1331.792,0.0001331792,66.002,0.0,0.0,0.3485416871365692,8180,35239,43419,19598,665896,1.868,4,0.00999837585282919,0.00999837585282919,0.00999837585282919,0.99126,0.97983212484994,0,19,468,0,3,0,6,0,4,0,0,80.13,177,305
720000,2026-01-19T18:03:47.713115,63915,8292,44034,19880,33487,0.5702243374369622,0.0675279,0.3486271548236906,16.584,71.484,88.068,25.074,102.756,127.83,8.488,31.272,39.76,0.5702243374369622,1350.558,0.0001350558,66.974,0.0,0.0,0.3486271548236906,8292,35742,44034,19880,675279,1.866,4,0.00999837585282919,0.00999837585282919,0.00999837585282919,0.9921,0.9793342561372375,0,22,462,0,5,0,7,0,4,0,0,95.698,169,485
730000,2026-01-19T18:04:05.651116,64815,8408,44658,20156,33959,0.5694342247416246,0.0684571,0.34846058649503486,16.816,72.5,89.316,25.426,104.204,129.63,8.608,31.704,40.312,0.5694342247416246,1369.142,0.0001369142,67.918,0.0,0.0,0.34846058649503486,8408,36250,44658,20156,684571,1.782,4,0.00999837585282919,0.00999837585282919,0.00999837585282919,0.99098,0.9795583386030469,0,24,462,0,3,0,7,0,4,0,0,77.3,120,438
740000,2026-01-19T18:04:27.103105,65735,8528,45285,20449,34452,0.5700264989079987,0.0693963,0.34863989081715036,17.056,73.514,90.57,25.778,105.692,131.47,8.72,32.178,40.898,0.5700264989079987,1387.926,0.00013879259999999998,68.904,0.0,0.0,0.34863989081715036,8528,36757,45285,20449,693963,1.808,4,0.00999837585282919,0.00999837585282919,0.00999837585282919,0.99338,0.9793802947845804,0,42,446,0,1,0,7,0,4,0,0,39.16,137,170
750000,2026-01-19T18:04:44.030555,66678,8644,45937,20740,34956,0.5695207365119553,0.0703283,0.3484936449629036,17.288,74.586,91.874,26.152,107.204,133.356,8.862,32.618,41.48,0.5695207365119553,1406.566,0.0001406566,69.912,0.0,0.0,0.3484936449629036,8644,37293,45937,20740,703283,1.816,4,0.00999837585282919,0.00999837585282919,0.00999837585282919,0.98976,0.979025850340136,0,25,463,0,0,0,7,0,5,0,0,64.076,146,445
760000,2026-01-19T18:04:59.286191,67618,8758,46577,21040,35463,0.5688383155636602,0.0712547,0.3482911386879647,17.516,75.638,93.154,26.522,108.714,135.236,9.006,33.074,42.08,0.5688383155636602,1425.094,0.0001425094,70.926,0.0,0.0,0.3482911386879647,8758,37819,46577,21040,712547,1.798,4,0.00999837585282919,0.00999837585282919,0.00999837585282919,0.99286,0.9788713908313909,0,19,464,0,4,0,8,0,5,0,0,128.818,179,399
770000,2026-01-19T18:05:15.562470,68504,8870,47189,21315,35932,0.5687579235028503,0.0721938,0.3482958916467565,17.74,76.638,94.378,26.862,110.146,137.008,9.122,33.508,42.63,0.5687579235028503,1443.876,0.0001443876,71.864,0.0,0.0,0.3482958916467565,8870,38319,47189,21315,721938,1.884,4,0.00999837585282919,0.00999837585282919,0.00999837585282919,0.99144,0.9790980487804878,0,24,453,0,5,1,10,0,7,0,0,140.106,175,492
780000,2026-01-19T18:05:32.218291,69404,8984,47802,21601,36433,0.5689596057462597,0.0731266,0.34842111518652935,17.968,77.636,95.604,27.196,111.612,138.808,9.226,33.976,43.202,0.5689596057462597,1462.532,0.0001462532,72.866,0.0,0.0,0.34842111518652935,8984,38818,47802,21601,731266,1.81,4,0.00999837585282919,0.00999837585282919,0.00999837585282919,0.9930800000000001,0.9792580487804878,0,19,470,0,1,0,5,0,5,0,0,45.412,125,262
790000,2026-01-19T18:05:46.163849,70255,9102,48395,21859,36854,0.5692109479202,0.0740705,0.3483887730027131,18.204,78.586,96.79,27.536,112.974,140.51,9.33,34.388,43.718,0.5692109479202,1481.41,0.000148141,73.708,0.0,0.0,0.3483887730027131,9102,39293,48395,21859,740705,1.828,4,0.00999837585282919,0.00999837585282919,0.00999837585282919,0.9926200000000001,0.9799009523809524,1,32,451,0,3,0,7,0,6,0,0,108.984,169,493
800000,2026-01-19T18:06:01.564231,71133,9224,48998,22134,37317,0.5693202349777732,0.075011,0.34845863415941963,18.448,79.548,97.996,27.862,114.404,142.266,9.414,34.854,44.268,0.5693202349777732,1500.22,0.00015002199999999998,74.634,0.0,0.0,0.34845863415941963,9224,39774,48998,22134,750110,1.686,4,0.00999837585282919,0.00999837585282919,0.00999837585282919,0.99242,0.9802037209302326,0,27,464,0,2,0,3,0,4,0,0,43.51,119,314
810000,2026-01-19T18:06:15.546887,72066,9334,49630,22435,37835,0.5695628678096764,0.0759427,0.348587409340809,18.668,80.592,99.26,28.222,115.91,144.132,9.552,35.318,44.87,0.5695628678096764,1518.854,0.00015188540000000001,75.67,0.0,0.0,0.348587409340809,9334,40296,49630,22435,759427,1.766,4,0.00999837585282919,0.00999837585282919,0.00999837585282919,0.99318,0.9792637209302326,0,14,475,0,0,0,7,0,4,0,0,49.848,124,332
820000,2026-01-19T18:06:29.341948,72985,9445,50257,22728,38337,0.5698892793413489,0.0768811,0.3486921169449822,18.89,81.624,100.514,28.554,117.416,145.97,9.664,35.792,45.456,0.5698892793413489,1537.622,0.00015376219999999998,76.674,0.0,0.0,0.3486921169449822,9445,40812,50257,22728,768811,1.76,4,0.00999837585282919,0.00999837585282919,0.00999837585282919,0.98914,0.9794837209302325,0,25,457,1,4,0,10,0,3,0,0,143.274,181,484
830000,2026-01-19T18:06:43.136700,73895,9565,50886,23008,38810,0.5700774895126165,0.0778175,0.3487135397511388,19.13,82.642,101.772,28.904,118.886,147.79,9.774,36.242,46.016,0.5700774895126165,1556.35,0.000155635,77.62,0.0,0.0,0.3487135397511388,9565,41321,50886,23008,778175,1.794,4,0.00999837585282919,0.00999837585282919,0.00999837585282919,0.99052,0.9793437209302325,0,17,464,0,5,0,9,0,5,0,0,144.158,176,479
840000,2026-01-19T18:06:58.282608,74793,9682,51502,23290,39289,0.5698167028526252,0.0787538,0.3486406303568166,19.364,83.64,103.004,29.248,120.338,149.586,9.884,36.696,46.58,0.5698167028526252,1575.076,0.0001575076,78.578,0.0,0.0,0.3486406303568166,9682,41820,51502,23290,787538,1.8,4,0.00999837585282919,0.00999837585282919,0.00999837585282919,0.9913,0.9798488888888889,0,39,448,0,1,0,8,0,4,0,0,52.62,119,434
850000,2026-01-19T18:07:14.147307,75689,9794,52120,23568,39764,0.569819999742233,0.0796855,0.3487093041251898,19.588,84.652,104.24,29.604,121.774,151.378,10.014,37.122,47.136,0.569819999742233,1593.71,0.000159371,79.528,0.0,0.0,0.3487093041251898,9794,42326,52120,23568,796855,1.83,4,0.00999837585282919,0.00999837585282919,0.00999837585282919,0.98884,0.9797288888888889,0,14,471,0,2,0,7,0,6,0,0,73.644,114,447
860000,2026-01-19T18:07:29.024404,76607,9914,52755,23852,40250,0.5689831132192911,0.0806235,0.3484940402398202,19.828,85.682,105.51,29.956,123.258,153.214,10.128,37.576,47.704,0.5689831132192911,1612.47,0.000161247,80.5,0.0,0.0,0.3484940402398202,9914,42841,52755,23852,806235,1.858,4,0.00999837585282919,0.00999837585282919,0.00999837585282919,0.9931599999999999,0.9798688888888888,0,23,466,1,3,0,4,0,3,0,0,81.344,181,441
870000,2026-01-19T18:07:43.194065,77501,10025,53361,24140,40741,0.5695654835164343,0.0815636,0.34870844545211677,20.05,86.672,106.722,30.288,124.714,155.002,10.238,38.042,48.28,0.5695654835164343,1631.272,0.0001631272,81.482,0.0,0.0,0.34870844545211677,10025,43336,53361,24140,815636,1.94,4,0.00999837585282919,0.00999837585282919,0.00999837585282919,0.99184,0.980028888888889,0,27,463,1,2,0,4,0,3,0,0,89.634,181,450
880000,2026-01-19T18:07:57.231354,78406,10129,53972,24433,41235,0.5700199233902049,0.0825028,0.34888682262796195,20.258,87.686,107.944,30.64,126.172,156.812,10.382,38.484,48.866,0.5700199233902049,1650.056,0.0001650056,82.47,0.0,0.0,0.34888682262796195,10129,43843,53972,24433,825028,1.702,4,0.00999837585282919,0.00999837585282919,0.00999837585282919,0.9936,0.9795488888888889,1,39,440,0,2,0,10,0,8,0,0,118.228,178,491
890000,2026-01-19T18:08:11.776117,79276,10241,54566,24709,41708,0.5700925713808728,0.0834443,0.3488978378099925,20.482,88.65,109.132,30.986,127.566,158.552,10.504,38.914,49.418,0.5700925713808728,1668.886,0.0001668886,83.416,0.0,0.0,0.3488978378099925,10241,44325,54566,24709,834443,1.79,4,0.00999837585282919,0.00999837585282919,0.00999837585282919,0.9916,0.980028888888889,0,24,465,0,2,0,5,0,4,0,0,76.888,177,333
900000,2026-01-19T18:08:27.770955,80159,10357,55175,24983,42171,0.5704108283841,0.0843797,0.34897098486520517,20.714,89.636,110.35,31.336,128.982,160.318,10.62,39.346,49.966,0.5704108283841,1687.594,0.00016875940000000002,84.342,0.0,0.0,0.34897098486520517,10357,44818,55175,24983,843797,1.78,4,0.00999837585282919,0.00999837585282919,0.00999837585282919,0.99098,0.9794888888888889,0,24,465,0,1,0,5,0,5,0,0,86.052,154,463
910000,2026-01-19T18:08:43.172656,81046,10470,55785,25261,42643,0.5699841539630942,0.0853209,0.34889912921891375,20.94,90.63,111.57,31.674,130.418,162.092,10.734,39.788,50.522,0.5699841539630942,1706.418,0.00017064180000000002,85.286,0.0,0.0,0.34889912921891375,10470,45315,55785,25261,853209,1.748,4,0.00999837585282919,0.00999837585282919,0.00999837585282919,0.98638,0.9800688888888889,0,25,463,1,3,0,4,0,4,0,0,96.658,180,372
920000,2026-01-19T18:08:59.449389,81926,10579,56390,25535,43112,0.5696874153479665,0.086259,0.3488300266522848,21.158,91.622,112.78,32.016,131.836,163.852,10.858,40.212,51.07,0.5696874153479665,1725.18,0.000172518,86.224,0.0,0.0,0.3488300266522848,10579,45811,56390,25535,862590,1.698,4,0.00999837585282919,0.00999837585282919,0.00999837585282919,0.99282,0.9798136170212767,0,28,459,0,3,0,5,0,5,0,0,99.868,132,463
930000,2026-01-19T18:09:14.459353,82824,10690,57010,25814,43598,0.5700390250287095,0.0871967,0.3488886551666586,21.38,92.64,114.02,32.354,133.294,165.648,10.974,40.654,51.628,0.5700390250287095,1743.934,0.0001743934,87.196,0.0,0.0,0.3488886551666586,10690,46320,57010,25814,871967,1.744,4,0.00999837585282919,0.00999837585282919,0.00999837585282919,0.98714,0.9798736170212766,0,13,475,0,1,1,7,0,3,0,0,70.332,175,299
940000,2026-01-19T18:09:29.723320,83718,10809,57618,26099,44066,0.56970321323987,0.0881279,0.3488358447031467,21.618,93.618,115.236,32.708,134.728,167.436,11.088,41.11,52.198,0.56970321323987,1762.558,0.0001762558,88.132,0.0,0.0,0.3488358447031467,10809,46809,57618,26099,881279,1.666,4,0.00999837585282919,0.00999837585282919,0.00999837585282919,0.99234,0.9794979591836734,1,37,447,0,4,0,5,0,6,0,0,78.542,161,493
950000,2026-01-19T18:09:44.627628,84610,10925,58234,26375,44540,0.5688829881927431,0.0890675,0.34864415254146625,21.85,94.618,116.468,33.056,136.164,169.22,11.206,41.544,52.75,0.5688829881927431,1781.35,0.000178135,89.08,0.0,0.0,0.34864415254146625,10925,47309,58234,26375,890675,1.716,4,0.00999837585282919,0.00999837585282919,0.00999837585282919,0.9914,0.9797179591836734,2,34,453,0,3,0,3,0,5,0,0,113.268,172,399
960000,2026-01-19T18:09:59.668874,85540,11037,58873,26666,45041,0.5686992885301901,0.0899981,0.348585925590506,22.074,95.672,117.746,33.42,137.66,171.08,11.344,41.988,53.332,0.5686992885301901,1799.962,0.0001799962,90.082,0.0,0.0,0.348585925590506,11037,47836,58873,26666,899981,1.846,4,0.00999837585282919,0.00999837585282919,0.00999837585282919,0.99346,0.9796379591836735,0,38,449,0,1,0,6,0,6,0,0,78.766,126,472
970000,2026-01-19T18:10:14.461370,86447,11148,59491,26955,45534,0.5683742233068727,0.0909331,0.3485325560347897,22.296,96.686,118.982,33.778,139.116,172.894,11.48,42.43,53.91,0.5683742233068727,1818.662,0.0001818662,91.068,0.0,0.0,0.3485325560347897,11148,48343,59491,26955,909331,1.792,4,0.00999837585282919,0.00999837585282919,0.00999837585282919,0.99414,0.9787779591836735,0,44,444,0,1,0,7,0,4,0,0,54.164,115,483
980000,2026-01-19T18:10:29.641375,87425,11261,60151,27273,46082,0.5688768013197493,0.0918701,0.34877955116967563,22.522,97.78,120.302,34.15,140.7,174.85,11.628,42.918,54.546,0.5688768013197493,1837.402,0.00018374019999999999,92.164,0.0,0.0,0.34877955116967563,11261,48890,60151,27273,918701,1.688,4,0.00999837585282919,0.00999837585282919,0.00999837585282919,0.99156,0.9786189898989899,1,28,458,0,4,0,5,0,4,0,0,94.398,177,430
990000,2026-01-19T18:10:44.942973,88372,11379,60797,27574,46593,0.5682971548078298,0.092804,0.34868699930299474,22.758,98.836,121.594,34.51,142.234,176.744,11.75,43.398,55.148,0.5682971548078298,1856.08,0.000185608,93.186,0.0,0.0,0.34868699930299474,11379,49418,60797,27574,928040,1.706,4,0.00999837585282919,0.00999837585282919,0.00999837585282919,0.99282,0.9786389898989899,1,28,453,0,5,0,8,0,5,0,0,69.118,155,469
1000000,2026-01-19T18:10:59.612789,89258,11489,61393,27864,47098,0.5687833530561174,0.0937451,0.3487946584957988,22.978,99.808,122.786,34.832,143.684,178.516,11.854,43.874,55.728,0.5687833530561174,1874.902,0.0001874902,94.196,0.0,0.0,0.3487946584957988,11489,49904,61393,27864,937451,1.75,4,0.00999837585282919,0.00999837585282919,0.00999837585282919,0.9921599999999999,0.9789589898989899,0,44,450,0,1,0,1,0,4,0,0,39.764,119,281
1010000,2026-01-19T18:11:14.205978,90187,11600,62023,28163,47611,0.5689962340554511,0.0946833,0.3488641534734317,23.2,100.846,124.046,35.186,145.188,180.374,11.986,44.34,56.326,0.5689962340554511,1893.666,0.0001893666,95.222,0.0,0.0,0.3488641534734317,11600,50423,62023,28163,946833,1.768,4,0.00999837585282919,0.00999837585282919,0.00999837585282919,0.99126,0.97874,0,16,476,0,3,0,3,0,2,0,0,89.162,176,376
1020000,2026-01-19T18:11:28.695951,91090,11713,62637,28452,48092,0.5687318900695996,0.0956204,0.34881284773093757,23.426,101.848,125.274,35.526,146.654,182.18,12.1,44.804,56.904,0.5687318900695996,1912.408,0.0001912408,96.184,0.0,0.0,0.34881284773093757,11713,50924,62637,28452,956204,1.816,4,0.00999837585282919,0.00999837585282919,0.00999837585282919,0.99134,0.9793,0,31,451,0,4,0,9,0,5,0,0,121.956,176,484
1030000,2026-01-19T18:11:43.639264,92000,11832,63267,28732,48576,0.5685072884567707,0.0965577,0.3487193398277688,23.664,102.87,126.534,35.874,148.126,184.0,12.208,45.256,57.464,0.5685072884567707,1931.154,0.0001931154,97.152,0.0,0.0,0.3487193398277688,11832,51435,63267,28732,965577,1.81,4,0.00999837585282919,0.00999837585282919,0.00999837585282919,0.9937999999999999,0.97922,0,27,462,0,2,0,5,0,4,0,0,94.908,166,477
1040000,2026-01-19T18:11:58.840205,92869,11941,63859,29009,49054,0.5683641347613708,0.0974903,0.3487262959338542,23.882,103.836,127.718,36.198,149.54,185.738,12.314,45.704,58.018,0.5683641347613708,1949.806,0.0001949806,98.108,0.0,0.0,0.3487262959338542,11941,51918,63859,29009,974903,1.814,4,0.00999837585282919,0.00999837585282919,0.00999837585282919,0.9915,0.9799,0,24,467,0,0,0,5,0,4,0,0,69.686,148,335
1050000,2026-01-19T18:12:14.139324,93821,12054,64505,29315,49572,0.5682245949336084,0.0984179,0.34871921049266263,24.108,104.902,129.01,36.57,151.072,187.642,12.46,46.17,58.63,0.5682245949336084,1968.358,0.0001968358,99.144,0.0,0.0,0.34871921049266263,12054,52451,64505,29315,984179,1.846,4,0.00999837585282919,0.00999837585282919,0.00999837585282919,0.99366,0.98012,0,32,452,0,3,0,7,0,6,0,0,55.788,119,442
1060000,2026-01-19T18:12:28.699624,94711,12169,65113,29597,50050,0.568383978474351,0.0993588,0.34873585857133077,24.338,105.888,130.226,36.906,152.516,189.422,12.566,46.628,59.194,0.568383978474351,1987.176,0.0001987176,100.1,0.0,0.0,0.34873585857133077,12169,52944,65113,29597,993588,1.83,4,0.00999837585282919,0.00999837585282919,0.00999837585282919,0.991,0.9806,0,25,461,0,2,0,6,0,6,0,0,94.622,154,447
1070000,2026-01-19T18:12:44.384715,95587,12288,65709,29877,50507,0.5686685251658594,0.1003001,0.348849117405372,24.576,106.842,131.418,37.238,153.936,191.174,12.66,47.094,59.754,0.5686685251658594,2006.002,0.0002006002,101.014,0.0,0.0,0.348849117405372,12288,53421,65709,29877,1003001,1.746,4,0.00999837585282919,0.00999837585282919,0.00999837585282919,0.99256,0.98032,0,21,462,0,4,0,9,0,4,0,0,108.384,137,479
1080000,2026-01-19T18:12:58.356923,96504,12400,66330,30173,51009,0.56862037536624,0.1012426,0.34884768014270945,24.8,107.86,132.66,37.598,155.41,193.008,12.796,47.55,60.346,0.56862037536624,2024.852,0.0002024852,102.018,0.0,0.0,0.34884768014270945,12400,53930,66330,30173,1012426,1.764,4,0.00999837585282919,0.00999837585282919,0.00999837585282919,0.9932000000000001,0.9802,1,35,447,0,3,0,8,0,6,0,0,86.722,168,440
1090000,2026-01-19T18:13:13.201525,97404,12514,66953,30451,51484,0.5685552320449943,0.1021809,0.3488245148206577,25.028,108.878,133.906,37.938,156.87,194.808,12.91,47.992,60.902,0.5685552320449943,2043.618,0.00020436180000000002,102.968,0.0,0.0,0.3488245148206577,12514,54439,66953,30451,1021809,1.766,4,0.00999837585282919,0.00999837585282919,0.00999837585282919,0.9867,0.98044,1,18,459,0,4,1,12,0,5,0,0,127.61,174,493
1100000,2026-01-19T18:13:28.850138,98333,12630,67590,30742,52002,0.5682838174124712,0.103112,0.3487644482212901,25.26,109.92,135.18,38.29,158.376,196.666,13.03,48.454,61.484,0.5682838174124712,2062.24,0.000206224,104.004,0.0,0.0,0.3487644482212901,12630,54960,67590,30742,1031120,1.758,4,0.00999837585282919,0.00999837585282919,0.00999837585282919,0.9914,0.98036,6,17,473,0,1,0,0,0,3,0,0,26.254,122,164
1110000,2026-01-19T18:13:44.692929,99274,12741,68227,31046,52512,0.568649944432282,0.1040423,0.3489152148215237,25.482,110.972,136.454,38.64,159.908,198.548,13.156,48.936,62.092,0.568649944432282,2080.846,0.0002080846,105.024,0.0,0.0,0.3489152148215237,12741,55486,68227,31046,1040423,1.684,4,0.00999837585282919,0.00999837585282919,0.00999837585282919,0.99232,0.98032,1,38,441,0,3,0,10,0,7,0,0,93.29,168,492
1120000,2026-01-19T18:13:59.817022,100188,12857,68854,31333,53013,0.5685047988506255,0.1049713,0.3488761092616561,25.714,111.994,137.708,38.984,161.392,200.376,13.268,49.398,62.666,0.5685047988506255,2099.426,0.0002099426,106.026,0.0,0.0,0.3488761092616561,12857,55997,68854,31333,1049713,1.738,4,0.00999837585282919,0.00999837585282919,0.00999837585282919,0.9922000000000001,0.98022,0,36,454,0,1,0,7,0,2,0,0,24.78,98,172
1130000,2026-01-19T18:14:15.419519,101094,12975,69476,31617,53490,0.5686748472279309,0.1059134,0.34886773476410093,25.95,113.002,138.952,39.34,162.848,202.188,13.388,49.846,63.234,0.5686748472279309,2118.268,0.0002118268,106.98,0.0,0.0,0.34886773476410093,12975,56501,69476,31617,1059134,1.71,4,0.00999837585282919,0.00999837585282919,0.00999837585282919,0.9898199999999999,0.98012,0,22,468,0,0,0,6,0,4,0,0,66.362,162,358
1140000,2026-01-19T18:14:31.085761,102035,13095,70113,31922,53991,0.5687266159441029,0.1068519,0.3489252445970774,26.19,114.036,140.226,39.69,164.38,204.07,13.5,50.344,63.844,0.5687266159441029,2137.038,0.0002137038,107.982,0.0,0.0,0.3489252445970774,13095,57018,70113,31922,1068519,1.826,4,0.00999837585282919,0.00999837585282919,0.00999837585282919,0.9873,0.97976,0,11,470,0,6,1,9,0,3,0,0,142.792,174,476
1150000,2026-01-19T18:14:46.897389,102961,13204,70742,32218,54512,0.5681320926866031,0.1077845,0.34878112967905717,26.408,115.076,141.484,40.042,165.88,205.922,13.632,50.804,64.436,0.5681320926866031,2155.69,0.000215569,109.024,0.0,0.0,0.34878112967905717,13204,57538,70742,32218,1077845,1.87,4,0.00999837585282919,0.00999837585282919,0.00999837585282919,0.99178,0.97946,0,24,465,0,2,0,5,0,4,0,0,49.698,109,330
1160000,2026-01-19T18:15:01.846088,103865,13320,71363,32502,54987,0.5679515871640386,0.1087262,0.3487561217918146,26.64,116.086,142.726,40.394,167.336,207.73,13.754,51.25,65.004,0.5679515871640386,2174.524,0.00021745239999999998,109.974,0.0,0.0,0.3487561217918146,13320,58043,71363,32502,1087262,1.77,4,0.00999837585282919,0.00999837585282919,0.00999837585282919,0.9920800000000001,0.97964,0,24,463,0,1,1,6,0,5,0,0,83.58,174,474
1170000,2026-01-19T18:15:16.850499,104735,13432,71948,32786,55454,0.5679365421103704,0.1096691,0.34878560984387014,26.864,117.032,143.896,40.722,168.748,209.47,13.858,51.714,65.572,0.5679365421103704,2193.382,0.0002193382,110.908,0.0,0.0,0.34878560984387014,13432,58516,71948,32786,1096691,1.852,4,0.00999837585282919,0.00999837585282919,0.00999837585282919,0.9940599999999999,0.9796999999999999,1,35,446,0,2,0,10,0,6,0,0,60.91,177,452
1180000,2026-01-19T18:15:32.182831,105665,13547,72588,33077,55961,0.5678607846228603,0.1106045,0.3487475259545358,27.094,118.082,145.176,41.088,170.242,211.33,13.994,52.16,66.154,0.5678607846228603,2212.09,0.000221209,111.922,0.0,0.0,0.3487475259545358,13547,59041,72588,33077,1106045,1.69,4,0.00999837585282919,0.00999837585282919,0.00999837585282919,0.99276,0.9790800000000001,0,32,454,0,0,0,6,1,7,0,0,35.134,124,442
1190000,2026-01-19T18:15:47.797134,106527,13662,73172,33354,56418,0.5680834517274462,0.1115453,0.348788271922489,27.324,119.02,146.344,41.41,171.644,213.054,14.084,52.624,66.708,0.5680834517274462,2230.906,0.0002230906,112.836,0.0,0.0,0.348788271922489,13662,59510,73172,33354,1115453,1.846,4,0.00999837585282919,0.00999837585282919,0.00999837585282919,0.99036,0.9798,0,21,464,0,2,0,8,0,5,0,0,98.63,164,367
1200000,2026-01-19T18:16:02.778167,107388,13775,73759,33628,56890,0.5684966516399813,0.1124844,0.34888306952655984,27.55,119.968,147.518,41.722,173.054,214.776,14.17,53.086,67.256,0.5684966516399813,2249.688,0.0002249688,113.78,0.0,0.0,0.34888306952655984,13775,59984,73759,33628,1124844,1.914,4,0.00999837585282919,0.00999837585282919,0.00999837585282919,0.9939600000000001,0.98058,0,31,462,0,0,0,4,0,3,0,0,20.166,135,176
1210000,2026-01-19T18:16:18.020578,108311,13892,74389,33921,57387,0.568192217576723,0.1134199,0.34880143941538627,27.784,120.994,148.778,42.08,174.542,216.622,14.294,53.548,67.842,0.568192217576723,2268.398,0.0002268398,114.774,0.0,0.0,0.34880143941538627,13892,60497,74389,33921,1134199,1.934,4,0.00999837585282919,0.00999837585282919,0.00999837585282919,0.99146,0.98052,0,13,479,0,0,0,5,0,3,0,0,45.26,170,278
1220000,2026-01-19T18:16:33.407141,109228,14001,75013,34215,57894,0.5679669933511851,0.1143577,0.34880010225888697,28.002,122.024,150.026,42.422,176.034,218.456,14.42,54.01,68.43,0.5679669933511851,2287.154,0.00022871540000000002,115.788,0.0,0.0,0.34880010225888697,14001,61012,75013,34215,1143577,1.784,4,0.00999837585282919,0.00999837585282919,0.00999837585282919,0.99366,0.9802799999999999,0,42,444,0,1,1,8,0,4,0,0,107.31,175,466
1230000,2026-01-19T18:16:48.412730,110187,14112,75659,34527,58432,0.5680412254889035,0.11529,0.3488174447569779,28.224,123.094,151.318,42.79,177.584,220.374,14.564,54.49,69.054,0.5680412254889035,2305.8,0.00023058,116.864,0.0,0.0,0.3488174447569779,14112,61547,75659,34527,1152900,1.704,4,0.00999837585282919,0.00999837585282919,0.00999837585282919,0.9912799999999999,0.9796999999999999,0,30,456,0,1,0,6,0,7,0,0,82.794,151,432
1240000,2026-01-19T18:17:02.863780,111125,14235,76301,34824,58931,0.5680847302568895,0.1162285,0.3488179232419956,28.47,124.132,152.602,43.158,179.092,222.25,14.688,54.96,69.648,0.5680847302568895,2324.57,0.000232457,117.862,0.0,0.0,0.3488179232419956,14235,62066,76301,34824,1162285,1.948,4,0.00999837585282919,0.00999837585282919,0.00999837585282919,0.99218,0.97938,1,30,460,0,1,0,4,0,4,0,0,40.144,75,441
1250000,2026-01-19T18:17:17.458264,112039,14353,76926,35112,59409,0.5677531055561134,0.1171674,0.3487423572156765,28.706,125.146,153.852,43.508,180.57,224.078,14.802,55.422,70.224,0.5677531055561134,2343.348,0.0002343348,118.818,0.0,0.0,0.3487423572156765,14353,62573,76926,35112,1171674,1.762,4,0.00999837585282919,0.00999837585282919,0.00999837585282919,0.99244,0.97942,2,27,456,0,5,0,6,0,4,0,0,72.946,122,450
1260000,2026-01-19T18:17:33.341466,112988,14466,77569,35418,59940,0.5677237775790483,0.118092,0.34878978895266394,28.932,126.206,155.138,43.868,182.108,225.976,14.934,55.902,70.836,0.5677237775790483,2361.84,0.00023618400000000001,119.88,0.0,0.0,0.34878978895266394,14466,63103,77569,35418,1180920,1.768,4,0.00999837585282919,0.00999837585282919,0.00999837585282919,0.9912000000000001,0.97944,0,31,456,0,1,0,6,0,6,0,0,77.702,145,464
1270000,2026-01-19T18:17:48.330447,113896,14582,78189,35706,60433,0.567747301907682,0.1190299,0.34880491962035853,29.164,127.214,156.378,44.204,183.588,227.792,15.038,56.374,71.412,0.567747301907682,2380.598,0.0002380598,120.866,0.0,0.0,0.34880491962035853,14582,63607,78189,35706,1190299,1.894,4,0.00999837585282919,0.00999837585282919,0.00999837585282919,0.9933,0.97992,0,37,454,0,1,0,4,0,4,0,0,65.14,139,347
1280000,2026-01-19T18:18:03.231305,114803,14690,78796,36007,60931,0.5684166492890594,0.1199728,0.34897547791044253,29.38,128.212,157.592,44.544,185.062,229.606,15.164,56.85,72.014,0.5684166492890594,2399.456,0.00023994560000000002,121.862,0.0,0.0,0.34897547791044253,14690,64106,78796,36007,1199728,1.846,4,0.00999837585282919,0.00999837585282919,0.00999837585282919,0.99344,0.9802799999999999,0,42,435,1,6,0,10,0,6,0,0,118.118,181,489
1290000,2026-01-19T18:18:18.395524,115763,14800,79444,36318,61488,0.5684963134390423,0.1209026,0.3490124303242964,29.6,129.288,158.888,44.886,186.64,231.526,15.284,57.352,72.636,0.5684963134390423,2418.052,0.0002418052,122.976,0.0,0.0,0.3490124303242964,14800,64644,79444,36318,1209026,1.672,4,0.00999837585282919,0.00999837585282919,0.00999837585282919,0.98988,0.98052,0,26,461,0,1,0,6,0,6,0,0,79.604,132,471
1300000,2026-01-19T18:18:33.946247,116625,14914,80030,36594,61947,0.5686261257084488,0.1218499,0.34903325780492495,29.828,130.232,160.06,45.212,188.038,233.25,15.384,57.804,73.188,0.5686261257084488,2436.998,0.0002436998,123.894,0.0,0.0,0.34903325780492495,14914,65116,80030,36594,1218499,1.842,4,0.00999837585282919,0.00999837585282919,0.00999837585282919,0.9903,0.9809,0,20,469,0,4,0,4,0,3,0,0,117.378,177,433
1310000,2026-01-19T18:18:48.630659,117533,15025,80648,36884,62439,0.5682109569611817,0.1227881,0.3489733382275518,30.05,131.246,161.296,45.574,189.492,235.066,15.524,58.244,73.768,0.5682109569611817,2455.762,0.00024557619999999997,124.878,0.0,0.0,0.3489733382275518,15025,65623,80648,36884,1227881,1.85,4,0.00999837585282919,0.00999837585282919,0.00999837585282919,0.9929600000000001,0.98076,2,31,457,0,2,0,5,0,3,0,0,77.208,177,435
1320000,2026-01-19T18:19:03.544801,118418,15138,81255,37162,62909,0.5682880951938946,0.1237196,0.3489926497923017,30.276,132.234,162.51,45.912,190.924,236.836,15.634,58.69,74.324,0.5682880951938946,2474.392,0.0002474392,125.818,0.0,0.0,0.3489926497923017,15138,66117,81255,37162,1237196,1.688,4,0.00999837585282919,0.00999837585282919,0.00999837585282919,0.99246,0.9812799999999999,0,32,456,0,1,0,6,0,5,0,0,70.676,112,455
1330000,2026-01-19T18:19:18.511414,119366,15256,81904,37461,63415,0.5679426268286686,0.1246606,0.34890243606097554,30.512,133.296,163.808,46.296,192.436,238.732,15.784,59.138,74.922,0.5679426268286686,2493.212,0.0002493212,126.83,0.0,0.0,0.34890243606097554,15256,66648,81904,37461,1246606,1.774,4,0.00999837585282919,0.00999837585282919,0.00999837585282919,0.98918,0.9802799999999999,8,18,464,0,1,0,4,0,5,0,0,4.204,115,139
1340000,2026-01-19T18:19:34.359845,120287,15367,82531,37755,63920,0.5679825675130933,0.1255944,0.34890280165342225,30.734,134.328,165.062,46.648,193.926,240.574,15.912,59.598,75.51,0.5679825675130933,2511.888,0.0002511888,127.84,0.0,0.0,0.34890280165342225,15367,67164,82531,37755,1255944,1.738,4,0.00999837585282919,0.00999837585282919,0.00999837585282919,0.9951,0.9803,0,53,436,0,2,0,5,0,4,0,0,70.202,151,432
1350000,2026-01-19T18:19:49.323583,121202,15487,83153,38048,64408,0.5682668141854862,0.126536,0.34898653727526635,30.974,135.332,166.306,47.012,195.392,242.404,16.038,60.058,76.096,0.5682668141854862,2530.72,0.000253072,128.816,0.0,0.0,0.34898653727526635,15487,67666,83153,38048,1265360,1.808,4,0.00999837585282919,0.00999837585282919,0.00999837585282919,0.9930399999999999,0.98024,7,35,452,0,1,0,2,0,3,0,0,32.45,122,272
1360000,2026-01-19T18:20:03.843311,122089,15598,83758,38330,64885,0.5683065197110798,0.1274711,0.34900708627701077,31.196,136.32,167.516,47.342,196.836,244.178,16.144,60.516,76.66,0.5683065197110798,2549.422,0.0002549422,129.77,0.0,0.0,0.34900708627701077,15598,68160,83758,38330,1274711,1.754,4,0.00999837585282919,0.00999837585282919,0.00999837585282919,0.99344,0.98052,0,32,457,0,0,0,8,0,3,0,0,42.076,137,325
1370000,2026-01-19T18:20:18.328027,122993,15705,84374,38618,65388,0.5677868554693297,0.1284037,0.34889541577949623,31.41,137.338,168.748,47.686,198.3,245.986,16.276,60.96,77.236,0.5677868554693297,2568.074,0.00025680740000000004,130.776,0.0,0.0,0.34889541577949623,15705,68669,84374,38618,1284037,1.824,4,0.00999837585282919,0.00999837585282919,0.00999837585282919,0.99238,0.98064,0,24,466,0,1,0,6,0,3,0,0,60.688,176,330
1380000,2026-01-19T18:20:32.496236,123915,15817,84994,38920,65903,0.5680163665482167,0.1293372,0.3489580643076642,31.634,138.354,169.988,48.026,199.804,247.83,16.39,61.45,77.84,0.5680163665482167,2586.744,0.00025867440000000005,131.806,0.0,0.0,0.3489580643076642,15817,69177,84994,38920,1293372,1.75,4,0.00999837585282919,0.00999837585282919,0.00999837585282919,0.9942799999999999,0.9806999999999999,0,57,433,0,1,0,5,0,4,0,0,48.024,113,446
1390000,2026-01-19T18:20:46.900947,124817,15935,85610,39206,66383,0.568273023683127,0.1302813,0.348981053343115,31.87,139.35,171.22,48.354,201.28,249.634,16.484,61.928,78.412,0.568273023683127,2605.626,0.0002605626,132.766,0.0,0.0,0.348981053343115,15935,69675,85610,39206,1302813,1.638,4,0.00999837585282919,0.00999837585282919,0.00999837585282919,0.9851599999999999,0.98088,0,34,452,0,2,0,8,0,4,0,0,41.46,114,386
1400000,2026-01-19T18:21:01.253034,125740,16051,86239,39501,66880,0.5680848502122594,0.1312192,0.3489817423717476,32.102,140.376,172.478,48.71,202.77,251.48,16.608,62.394,79.002,0.5680848502122594,2624.384,0.0002624384,133.76,0.0,0.0,0.3489817423717476,16051,70188,86239,39501,1312192,1.8,4,0.00999837585282919,0.00999837585282919,0.00999837585282919,0.99174,0.98146,0,28,456,1,3,0,8,0,4,0,0,121.392,180,469
1410000,2026-01-19T18:21:15.499410,126630,16159,86841,39788,67377,0.5679922423938539,0.1321548,0.3489879958194797,32.318,141.364,173.682,49.044,204.216,253.26,16.724,62.852,79.576,0.5679922423938539,2643.096,0.0002643096,134.754,0.0,0.0,0.3489879958194797,16159,70682,86841,39788,1321548,1.828,4,0.00999837585282919,0.00999837585282919,0.00999837585282919,0.9943200000000001,0.98168,0,41,449,0,0,0,4,0,6,0,0,51.922,143,334
1420000,2026-01-19T18:21:29.142880,127555,16268,87469,40085,67894,0.5679017837528078,0.1330892,0.3489803931825857,32.536,142.402,174.938,49.394,205.716,255.11,16.856,63.314,80.17,0.5679017837528078,2661.784,0.00026617839999999997,135.788,0.0,0.0,0.3489803931825857,16268,71201,87469,40085,1330892,1.896,4,0.00999837585282919,0.00999837585282919,0.00999837585282919,0.99398,0.9819199999999999,0,38,453,0,0,0,5,0,4,0,0,56.816,165,490
1430000,2026-01-19T18:21:43.163773,128471,16374,88093,40377,68392,0.5676055336559112,0.134024,0.3489019029100701,32.748,143.438,176.186,49.736,207.206,256.942,16.986,63.768,80.754,0.5676055336559112,2680.48,0.000268048,136.784,0.0,0.0,0.3489019029100701,16374,71719,88093,40377,1340240,1.724,4,0.00999837585282919,0.00999837585282919,0.00999837585282919,0.99236,0.98142,0,38,438,0,3,0,12,0,9,0,0,76.16,154,487
1440000,2026-01-19T18:21:57.843146,129370,16488,88705,40664,68887,0.5679718210558617,0.1349641,0.3489787104540526,32.976,144.434,177.41,50.074,208.666,258.74,17.096,64.232,81.328,0.5679718210558617,2699.282,0.0002699282,137.774,0.0,0.0,0.3489787104540526,16488,72217,88705,40664,1349641,1.756,4,0.00999837585282919,0.00999837585282919,0.00999837585282919,0.99132,0.98168,0,32,452,0,4,0,8,0,4,0,0,99.848,171,433
1450000,2026-01-19T18:22:12.849399,130272,16600,89322,40949,69384,0.5677838976976406,0.1359017,0.34891441615155216,33.2,145.444,178.644,50.412,210.132,260.544,17.21,64.688,81.898,0.5677838976976406,2718.034,0.00027180339999999996,138.768,0.0,0.0,0.34891441615155216,16600,72722,89322,40949,1359017,1.728,4,0.00999837585282919,0.00999837585282919,0.00999837585282919,0.9897,0.98092,0,45,444,0,3,0,5,0,3,0,0,79.306,165,450
1460000,2026-01-19T18:22:27.284077,131134,16713,89918,41215,69842,0.5677558053938382,0.1368354,0.3488816688576677,33.426,146.41,179.836,50.752,211.516,262.268,17.324,65.106,82.43,0.5677558053938382,2736.708,0.0002736708,139.684,0.0,0.0,0.3488816688576677,16713,73205,89918,41215,1368354,1.708,4,0.00999837585282919,0.00999837585282919,0.00999837585282919,0.9942000000000001,0.9806,0,29,465,0,0,0,2,0,4,0,0,28.01,114,182
1470000,2026-01-19T18:22:42.199407,132069,16828,90561,41507,70335,0.5672557631286678,0.1377762,0.348738989120957,33.656,147.466,181.122,51.104,213.034,264.138,17.446,65.568,83.014,0.5672557631286678,2755.524,0.00027555239999999995,140.67,0.0,0.0,0.348738989120957,16828,73733,90561,41507,1377762,1.786,4,0.00999837585282919,0.00999837585282919,0.00999837585282919,0.99174,0.9803999999999999,0,27,453,0,3,0,12,0,5,0,0,127.066,170,480
1480000,2026-01-19T18:22:56.234195,132996,16941,91190,41805,70849,0.5672409438041413,0.1387137,0.34870019161884025,33.882,148.498,182.38,51.45,214.542,265.992,17.568,66.042,83.61,0.5672409438041413,2774.274,0.0002774274,141.698,0.0,0.0,0.34870019161884025,16941,74249,91190,41805,1387137,1.824,4,0.00999837585282919,0.00999837585282919,0.00999837585282919,0.9897999999999999,0.98058,2,16,464,0,6,0,9,0,3,0,0,121.676,177,442
1490000,2026-01-19T18:23:09.895305,133917,17055,91819,42097,71349,0.5672367340257408,0.1396513,0.34874391478542943,34.11,149.528,183.638,51.81,216.024,267.834,17.7,66.494,84.194,0.5672367340257408,2793.026,0.00027930260000000003,142.698,0.0,0.0,0.34874391478542943,17055,74764,91819,42097,1396513,1.818,4,0.00999837585282919,0.00999837585282919,0.00999837585282919,0.99414,0.98102,0,60,427,0,4,0,5,0,4,0,0,103.05,176,464
1500000,2026-01-19T18:23:23.382367,134859,17165,92456,42402,71880,0.5671570184986261,0.1405889,0.34875801240114407,34.33,150.582,184.912,52.158,217.56,269.718,17.826,66.978,84.804,0.5671570184986261,2811.778,0.00028117779999999997,143.76,0.0,0.0,0.34875801240114407,17165,75291,92456,42402,1405889,1.594,4,0.00999837585282919,0.00999837585282919,0.00999837585282919,0.99188,0.98042,0,38,450,0,0,0,6,0,6,0,0,70.048,165,399
1510000,2026-01-19T18:23:37.002940,135770,17279,93072,42697,72370,0.5671888503868131,0.1415231,0.3487365513421621,34.558,151.586,186.144,52.506,219.034,271.54,17.946,67.448,85.394,0.5671888503868131,2830.462,0.00028304620000000003,144.74,0.0,0.0,0.3487365513421621,17279,75793,93072,42697,1415231,1.89,4,0.00999837585282919,0.00999837585282919,0.00999837585282919,0.99126,0.98036,0,30,450,0,6,0,10,0,4,0,0,98.07,123,468
1520000,2026-01-19T18:23:50.630795,136712,17397,93719,42992,72877,0.5670062619713186,0.1424583,0.34870808486962324,34.794,152.644,187.438,52.878,220.546,273.424,18.082,67.902,85.984,0.5670062619713186,2849.166,0.0002849166,145.754,0.0,0.0,0.34870808486962324,17397,76322,93719,42992,1424583,1.836,4,0.00999837585282919,0.00999837585282919,0.00999837585282919,0.99402,0.9803999999999999,0,34,454,0,1,0,6,0,5,0,0,80.712,139,456
1530000,2026-01-19T18:24:04.507624,137593,17513,94315,43278,73346,0.5667192716180107,0.1434024,0.348620596789544,35.026,153.604,188.63,53.22,221.966,275.186,18.194,68.362,86.556,0.5667192716180107,2868.048,0.00028680480000000004,146.692,0.0,0.0,0.348620596789544,17513,76802,94315,43278,1434024,1.87,4,0.00999837585282919,0.00999837585282919,0.00999837585282919,0.9926,0.98032,0,24,462,0,1,0,5,1,7,0,0,69.136,124,404
1540000,2026-01-19T18:24:18.515986,138495,17630,94928,43566,73825,0.5666590414105466,0.1443358,0.34860030974266837,35.26,154.596,189.856,53.576,223.414,276.99,18.314,68.818,87.132,0.5666590414105466,2886.716,0.0002886716,147.65,0.0,0.0,0.34860030974266837,17630,77298,94928,43566,1443358,1.658,4,0.00999837585282919,0.00999837585282919,0.00999837585282919,0.99354,0.98034,0,26,460,0,2,0,7,0,5,0,0,83.158,125,416
1550000,2026-01-19T18:24:32.850008,139438,17744,95573,43864,74344,0.5665474545185465,0.1452695,0.34858515372789367,35.488,155.658,191.146,53.928,224.948,278.876,18.438,69.29,87.728,0.5665474545185465,2905.39,0.000290539,148.688,0.0,0.0,0.34858515372789367,17744,77829,95573,43864,1452695,1.902,4,0.00999837585282919,0.00999837585282919,0.00999837585282919,0.99072,0.9805,0,13,473,0,1,0,8,0,5,0,0,69.736,129,409
1560000,2026-01-19T18:24:47.488522,140396,17863,96231,44164,74872,0.5665839424782798,0.1461985,0.34856626020208314,35.726,156.736,192.462,54.286,226.506,280.792,18.558,69.77,88.328,0.5665839424782798,2923.97,0.000292397,149.744,0.0,0.0,0.34856626020208314,17863,78368,96231,44164,1461985,1.776,4,0.00999837585282919,0.00999837585282919,0.00999837585282919,0.9941599999999999,0.9801599999999999,0,42,450,0,0,0,6,0,2,0,0,20.986,67,300
1570000,2026-01-19T18:25:02.497214,141291,17973,96837,44453,75360,0.5668996859771989,0.1471435,0.3486140143589818,35.946,157.728,193.674,54.616,227.966,282.582,18.668,70.238,88.906,0.5668996859771989,2942.87,0.000294287,150.72,0.0,0.0,0.3486140143589818,17973,78864,96837,44453,1471435,1.798,4,0.00999837585282919,0.00999837585282919,0.00999837585282919,0.9926200000000001,0.98032,0,36,449,0,0,0,8,0,7,0,0,82.528,155,390
1580000,2026-01-19T18:25:18.041362,142229,18091,97478,44750,75866,0.566540094471024,0.1480743,0.3485210543284988,36.182,158.774,194.956,54.974,229.484,284.458,18.79,70.71,89.5,0.566540094471024,2961.486,0.00029614859999999997,151.732,0.0,0.0,0.3485210543284988,18091,79387,97478,44750,1480743,1.792,4,0.00999837585282919,0.00999837585282919,0.00999837585282919,0.99188,0.9803999999999999,0,30,456,0,4,0,6,0,4,0,0,78.228,103,465
1590000,2026-01-19T18:25:32.395399,143199,18201,98143,45055,76410,0.5661764576863545,0.1490094,0.34844001506176847,36.402,159.884,196.286,55.328,231.07,286.398,18.924,71.186,90.11,0.5661764576863545,2980.188,0.0002980188,152.82,0.0,0.0,0.34844001506176847,18201,79942,98143,45055,1490094,1.8,4,0.00999837585282919,0.00999837585282919,0.00999837585282919,0.9924,0.9801,0,25,458,0,2,0,8,0,7,0,0,100.736,152,407
1600000,2026-01-19T18:25:46.355711,144165,18313,98794,45370,76962,0.5659929593692109,0.1499403,0.34843082183774576,36.626,160.962,197.588,55.684,232.646,288.33,19.056,71.684,90.74,0.5659929593692109,2998.806,0.0002998806,153.924,0.0,0.0,0.34843082183774576,18313,80481,98794,45370,1499403,1.792,4,0.00999837585282919,0.00999837585282919,0.00999837585282919,0.9940800000000001,0.98002,0,54,433,0,0,0,7,0,6,0,0,49.418,125,311
1610000,2026-01-19T18:26:00.931138,145078,18427,99418,45659,77454,0.5657514116273918,0.1508761,0.3483837241935272,36.854,161.982,198.836,56.034,234.122,290.156,19.178,72.14,91.318,0.5657514116273918,3017.522,0.00030175220000000003,154.908,0.0,0.0,0.3483837241935272,18427,80991,99418,45659,1508761,1.738,4,0.00999837585282919,0.00999837585282919,0.00999837585282919,0.99338,0.9801799999999999,0,42,446,0,0,0,6,0,6,0,0,52.47,108,340
1620000,2026-01-19T18:26:15.311295,145988,18539,100041,45947,77939,0.5653755856639014,0.1518184,0.34826663239302164,37.078,163.004,200.082,56.388,235.588,291.976,19.31,72.584,91.894,0.5653755856639014,3036.368,0.0003036368,155.878,0.0,0.0,0.34826663239302164,18539,81502,100041,45947,1518184,1.828,4,0.00999837585282919,0.00999837585282919,0.00999837585282919,0.99256,0.9801599999999999,0,42,437,0,3,1,10,0,7,0,0,100.24,174,489
1630000,2026-01-19T18:26:29.304744,146936,18652,100686,46249,78471,0.5652996238399847,0.1527492,0.348276142958137,37.304,164.068,201.372,56.744,237.128,293.872,19.438,73.06,92.498,0.5652996238399847,3054.984,0.0003054984,156.942,0.0,0.0,0.348276142958137,18652,82034,100686,46249,1527492,1.808,4,0.00999837585282919,0.00999837585282919,0.00999837585282919,0.9929199999999999,0.9802,0,33,452,0,3,0,7,0,5,0,0,66.966,123,362
1640000,2026-01-19T18:26:43.613876,147865,18766,101322,46542,78978,0.5650091378386072,0.1536822,0.34821808574421487,37.532,165.112,202.644,57.114,238.616,295.73,19.58,73.504,93.084,0.5650091378386072,3073.644,0.0003073644,157.956,0.0,0.0,0.34821808574421487,18766,82556,101322,46542,1536822,1.766,4,0.00999837585282919,0.00999837585282919,0.00999837585282919,0.98988,0.98014,0,21,469,0,1,0,4,0,5,0,0,57.482,112,418
1650000,2026-01-19T18:26:58.114209,148768,18879,101931,46836,79477,0.5649822409434898,0.1546236,0.34821773657610394,37.758,166.104,203.862,57.448,240.088,297.536,19.688,73.984,93.672,0.5649822409434898,3092.472,0.0003092472,158.954,0.0,0.0,0.34821773657610394,18879,83052,101931,46836,1546236,1.804,4,0.00999837585282919,0.00999837585282919,0.00999837585282919,0.9914,0.9803,0,42,449,0,0,0,4,0,5,0,0,65.708,140,438
1660000,2026-01-19T18:27:11.825006,149655,18993,102542,47112,79939,0.5644252406423923,0.1555602,0.3480808574244145,37.986,167.098,205.084,57.808,241.502,299.31,19.82,74.404,94.224,0.5644252406423923,3111.204,0.00031112040000000004,159.878,0.0,0.0,0.3480808574244145,18993,83549,102542,47112,1555602,1.776,4,0.00999837585282919,0.00999837585282919,0.00999837585282919,0.99068,0.9803,0,44,445,0,0,0,7,0,4,0,0,46.474,132,415
1670000,2026-01-19T18:27:25.170248,150568,19106,103162,47406,80442,0.5644775563914364,0.156499,0.3480940406969563,38.212,168.112,206.324,58.148,242.988,301.136,19.936,74.876,94.812,0.5644775563914364,3129.98,0.000312998,160.884,0.0,0.0,0.3480940406969563,19106,84056,103162,47406,1564990,1.744,4,0.00999837585282919,0.00999837585282919,0.00999837585282919,0.99012,0.98048,1,31,456,0,2,0,7,0,3,0,0,39.45,107,491
1680000,2026-01-19T18:27:38.653804,151483,19217,103785,47697,80947,0.5640938615928799,0.1574316,0.34801652601671923,38.434,169.136,207.57,58.496,244.47,302.966,20.06,75.334,95.394,0.5640938615928799,3148.632,0.0003148632,161.894,0.0,0.0,0.34801652601671923,19217,84568,103785,47697,1574316,1.826,4,0.00999837585282919,0.00999837585282919,0.00999837585282919,0.9929399999999999,0.98066,1,47,441,0,1,0,7,0,3,0,0,42.294,130,196
1690000,2026-01-19T18:27:53.043966,152443,19333,104434,48008,81470,0.5640155466383169,0.1583672,0.3480152928194311,38.666,170.202,208.868,58.87,246.016,304.886,20.202,75.814,96.016,0.5640155466383169,3167.344,0.00031673439999999997,162.94,0.0,0.0,0.3480152928194311,19333,85101,104434,48008,1583672,1.792,4,0.00999837585282919,0.00999837585282919,0.00999837585282919,0.9942799999999999,0.97978,0,51,432,0,3,0,8,0,6,0,0,105.794,162,490
1700000,2026-01-19T18:28:08.110900,153402,19440,105079,48322,82027,0.5641700097106499,0.1592979,0.3480626938705007,38.88,171.278,210.158,59.222,247.582,306.804,20.34,76.304,96.644,0.5641700097106499,3185.958,0.00031859579999999997,164.054,0.0,0.0,0.3480626938705007,19440,85639,105079,48322,1592979,1.702,4,0.00999837585282919,0.00999837585282919,0.00999837585282919,0.9943200000000001,0.97944,0,54,433,0,3,0,7,0,3,0,0,59.924,136,318
1710000,2026-01-19T18:28:22.099575,154339,19557,105714,48624,82537,0.5640937955868791,0.1602364,0.3480437289323793,39.114,172.314,211.428,59.592,249.086,308.678,20.476,76.772,97.248,0.5640937955868791,3204.728,0.0003204728,165.074,0.0,0.0,0.3480437289323793,19557,86157,105714,48624,1602364,1.828,4,0.00999837585282919,0.00999837585282919,0.00999837585282919,0.9928400000000001,0.97942,1,35,454,0,1,0,5,0,4,0,0,76.804,150,325
1720000,2026-01-19T18:28:36.183250,155190,19670,106293,48896,82987,0.564184497224977,0.1611792,0.3480408059166191,39.34,173.246,212.586,59.906,250.474,310.38,20.564,77.228,97.792,0.564184497224977,3223.584,0.0003223584,165.974,0.0,0.0,0.3480408059166191,19670,86623,106293,48896,1611792,1.758,4,0.00999837585282919,0.00999837585282919,0.00999837585282919,0.9933,0.98052,0,32,457,0,1,0,6,0,4,0,0,58.322,145,287
1730000,2026-01-19T18:28:49.670345,156136,19785,106938,49197,83495,0.5641826658570407,0.1621107,0.3480529499036516,39.57,174.306,213.876,60.28,251.992,312.272,20.708,77.686,98.394,0.5641826658570407,3242.214,0.0003242214,166.99,0.0,0.0,0.3480529499036516,19785,87153,106938,49197,1621107,1.824,4,0.00999837585282919,0.00999837585282919,0.00999837585282919,0.99352,0.9805,0,53,429,0,3,0,9,0,6,0,0,78.334,123,459
1740000,2026-01-19T18:29:03.166236,157082,19900,107585,49497,84010,0.5640651661592153,0.1630453,0.347989047583632,39.8,175.37,215.17,60.644,253.52,314.164,20.844,78.15,98.994,0.5640651661592153,3260.906,0.0003260906,168.02,0.0,0.0,0.347989047583632,19900,87685,107585,49497,1630453,1.65,4,0.00999837585282919,0.00999837585282919,0.00999837585282919,0.99172,0.98052,0,19,464,0,3,1,9,0,4,0,0,133.972,168,458
1750000,2026-01-19T18:29:16.942446,158005,20012,108210,49794,84528,0.5640896274833959,0.1639807,0.34799047656849214,40.024,176.396,216.42,60.978,255.032,316.01,20.952,78.636,99.588,0.5640896274833959,3279.614,0.0003279614,169.056,0.0,0.0,0.34799047656849214,20012,88198,108210,49794,1639807,1.86,4,0.00999837585282919,0.00999837585282919,0.00999837585282919,0.99238,0.9808199999999999,0,24,464,0,1,0,7,0,4,0,0,99.864,172,471
1760000,2026-01-19T18:29:30.807059,158967,20123,108865,50101,85062,0.5639052458369641,0.1649114,0.3479449247710056,40.246,177.484,217.73,61.354,256.58,317.934,21.106,79.096,100.202,0.5639052458369641,3298.228,0.0003298228,170.124,0.0,0.0,0.3479449247710056,20123,88742,108865,50101,1649114,1.808,4,0.00999837585282919,0.00999837585282919,0.00999837585282919,0.98914,0.9808199999999999,0,27,460,0,2,0,6,0,5,0,0,102.526,144,466
1770000,2026-01-19T18:29:44.520751,159875,20235,109486,50388,85559,0.5639397393846669,0.1658484,0.34793412687273595,40.47,178.502,218.972,61.692,258.058,319.75,21.22,79.556,100.776,0.5639397393846669,3316.968,0.00033169680000000003,171.118,0.0,0.0,0.34793412687273595,20235,89251,109486,50388,1658484,1.798,4,0.00999837585282919,0.00999837585282919,0.00999837585282919,0.99132,0.98084,0,25,462,0,3,0,7,0,3,0,0,90.144,167,468
1780000,2026-01-19T18:29:59.125637,160820,20349,110134,50685,86080,0.5635975052458568,0.1667832,0.3478432588222675,40.698,179.57,220.268,62.042,259.598,321.64,21.344,80.026,101.37,0.5635975052458568,3335.664,0.0003335664,172.16,0.0,0.0,0.3478432588222675,20349,89785,110134,50685,1667832,1.732,4,0.00999837585282919,0.00999837585282919,0.00999837585282919,0.9900599999999999,0.9810399999999999,0,23,465,0,5,0,5,0,2,0,0,93.244,176,437
1790000,2026-01-19T18:30:13.920506,161715,20462,110744,50971,86556,0.5634212474204748,0.1677244,0.3478195558322272,40.924,180.564,221.488,62.402,261.028,323.43,21.478,80.464,101.942,0.5634212474204748,3354.488,0.00033544879999999997,173.112,0.0,0.0,0.3478195558322272,20462,90282,110744,50971,1677244,1.754,4,0.00999837585282919,0.00999837585282919,0.00999837585282919,0.99174,0.9812799999999999,0,17,468,1,3,0,6,0,5,0,0,132.92,180,475
1800000,2026-01-19T18:30:27.950130,162633,20572,111362,51270,87070,0.5635686160851971,0.1686566,0.3478643519871482,41.144,181.58,222.724,62.752,262.514,325.266,21.606,80.934,102.54,0.5635686160851971,3373.132,0.00033731319999999996,174.14,0.0,0.0,0.3478643519871482,20572,90790,111362,51270,1686566,1.814,4,0.00999837585282919,0.00999837585282919,0.00999837585282919,0.99058,0.98124,0,28,460,0,3,0,5,0,4,0,0,67.098,117,416
1810000,2026-01-19T18:30:42.549617,163552,20679,111987,51564,87582,0.5633623082958409,0.1695933,0.3478295495059096,41.358,182.616,223.974,63.108,263.996,327.104,21.748,81.38,103.128,0.5633623082958409,3391.866,0.0003391866,175.164,0.0,0.0,0.3478295495059096,20679,91308,111987,51564,1695933,1.954,4,0.00999837585282919,0.00999837585282919,0.00999837585282919,0.9912000000000001,0.9812799999999999,0,35,454,0,1,0,7,0,3,0,0,32.5,104,359
1820000,2026-01-19T18:30:56.800723,164481,20792,112619,51861,88088,0.5633240402983284,0.1705349,0.34780485740276695,41.584,183.654,225.238,63.462,265.5,328.962,21.878,81.844,103.722,0.5633240402983284,3410.698,0.0003410698,176.176,0.0,0.0,0.34780485740276695,20792,91827,112619,51861,1705349,1.742,4,0.00999837585282919,0.00999837585282919,0.00999837585282919,0.99286,0.9813,1,40,444,0,2,0,7,0,6,0,0,48.852,119,348
1830000,2026-01-19T18:31:11.724143,165455,20905,113272,52182,88644,0.5632436594444284,0.1714675,0.34780605488866095,41.81,184.734,226.544,63.824,267.086,330.91,22.012,82.352,104.364,0.5632436594444284,3429.35,0.000342935,177.288,0.0,0.0,0.34780605488866095,20905,92367,113272,52182,1714675,1.712,4,0.00999837585282919,0.00999837585282919,0.00999837585282919,0.9929399999999999,0.9809,0,32,455,0,1,0,6,0,6,0,0,64.35,154,413
1840000,2026-01-19T18:31:27.049933,166364,21024,113883,52480,89139,0.5634299711373004,0.1724029,0.3478431862674736,42.048,185.718,227.766,64.156,268.572,332.728,22.106,82.854,104.96,0.5634299711373004,3448.058,0.0003448058,178.278,0.0,0.0,0.3478431862674736,21024,92859,113883,52480,1724029,1.714,4,0.00999837585282919,0.00999837585282919,0.00999837585282919,0.99498,0.98064,0,51,437,0,1,0,5,0,6,0,0,49.034,117,381
1850000,2026-01-19T18:31:42.098680,167252,21139,114485,52766,89614,0.5630946410905033,0.1733443,0.3477665311344813,42.278,186.692,228.97,64.506,269.998,334.504,22.226,83.306,105.532,0.5630946410905033,3466.886,0.00034668860000000004,179.228,0.0,0.0,0.3477665311344813,21139,93346,114485,52766,1733443,1.842,4,0.00999837585282919,0.00999837585282919,0.00999837585282919,0.99234,0.9809399999999999,0,24,466,0,3,0,5,0,2,0,0,84.828,126,407
1860000,2026-01-19T18:31:57.345415,168147,21247,115087,53059,90106,0.5629720173121476,0.1742895,0.3477495999494245,42.494,187.68,230.174,64.854,271.44,336.294,22.36,83.758,106.118,0.5629720173121476,3485.79,0.000348579,180.212,0.0,0.0,0.3477495999494245,21247,93840,115087,53059,1742895,1.86,4,0.00999837585282919,0.00999837585282919,0.00999837585282919,0.99198,0.9806,0,19,467,0,3,0,7,0,4,0,0,130.29,179,456
1870000,2026-01-19T18:32:12.568576,169059,21358,115705,53353,90621,0.5630238164368062,0.1752262,0.34778458062328454,42.716,188.694,231.41,65.174,272.944,338.118,22.456,84.25,106.706,0.5630238164368062,3504.524,0.0003504524,181.242,0.0,0.0,0.34778458062328454,21358,94347,115705,53353,1752262,1.684,4,0.00999837585282919,0.00999837585282919,0.00999837585282919,0.9940800000000001,0.98072,0,35,454,0,0,0,6,0,5,0,0,77.502,158,408
1880000,2026-01-19T18:32:27.195731,169970,21477,116327,53642,91104,0.5630344961250409,0.1761657,0.3477753437338166,42.954,189.7,232.654,65.512,274.428,339.94,22.556,84.728,107.284,0.5630344961250409,3523.314,0.0003523314,182.208,0.0,0.0,0.3477753437338166,21477,94850,116327,53642,1761657,1.814,4,0.00999837585282919,0.00999837585282919,0.00999837585282919,0.99084,0.981,0,30,455,0,2,0,6,0,7,0,0,107.556,159,447
1890000,2026-01-19T18:32:41.671530,170886,21592,116949,53936,91612,0.5631406614810037,0.1770965,0.34782330944548373,43.184,190.714,233.898,65.848,275.924,341.772,22.662,85.21,107.872,0.5631406614810037,3541.93,0.000354193,183.224,0.0,0.0,0.34782330944548373,21592,95357,116949,53936,1770965,1.8,4,0.00999837585282919,0.00999837585282919,0.00999837585282919,0.9940399999999999,0.98134,0,41,451,0,0,0,5,0,3,0,0,26.416,91,432
1900000,2026-01-19T18:32:57.285522,171836,21700,117588,54247,92139,0.5632463468065246,0.1780372,0.3478710754191229,43.4,191.776,235.176,66.21,277.462,343.672,22.808,85.686,108.494,0.5632463468065246,3560.744,0.00035607440000000003,184.278,0.0,0.0,0.3478710754191229,21700,95888,117588,54247,1780372,1.922,4,0.00999837585282919,0.00999837585282919,0.00999837585282919,0.9908199999999999,0.9811599999999999,1,20,459,0,4,0,10,0,6,0,0,107.696,151,482
1910000,2026-01-19T18:33:12.728627,172781,21815,118228,54552,92664,0.5631579130864001,0.178972,0.3478609408426647,43.63,192.826,236.456,66.566,278.996,345.562,22.934,86.17,109.104,0.5631579130864001,3579.44,0.00035794399999999996,185.328,0.0,0.0,0.3478609408426647,21815,96413,118228,54552,1789720,1.692,4,0.00999837585282919,0.00999837585282919,0.00999837585282919,0.99266,0.9806,0,35,450,0,0,0,7,0,8,0,0,46.612,130,394
1920000,2026-01-19T18:33:28.243118,173710,21929,118859,54851,93171,0.5629723708125939,0.1799052,0.34781668447308184,43.858,193.86,237.718,66.932,280.488,347.42,23.074,86.628,109.702,0.5629723708125939,3598.104,0.0003598104,186.342,0.0,0.0,0.34781668447308184,21929,96930,118859,54851,1799052,1.882,4,0.00999837585282919,0.00999837585282919,0.00999837585282919,0.99414,0.98052,0,38,446,0,1,0,8,1,6,0,0,45.342,124,256
1930000,2026-01-19T18:33:43.725196,174600,22042,119457,55142,93665,0.5628783215262986,0.1808401,0.3477956290477242,44.084,194.83,238.914,67.272,281.928,349.2,23.186,87.098,110.284,0.5628783215262986,3616.802,0.00036168020000000003,187.33,0.0,0.0,0.3477956290477242,22042,97415,119457,55142,1808401,1.712,4,0.00999837585282919,0.00999837585282919,0.00999837585282919,0.9940399999999999,0.98084,0,48,445,0,0,0,2,0,5,0,0,25.106,112,172
1940000,2026-01-19T18:33:59.614654,175538,22155,120094,55443,94171,0.5626792868544003,0.1817756,0.3477653047433985,44.31,195.878,240.188,67.648,283.428,351.076,23.336,87.55,110.886,0.5626792868544003,3635.512,0.0003635512,188.342,0.0,0.0,0.3477653047433985,22155,97939,120094,55443,1817756,1.808,4,0.00999837585282919,0.00999837585282919,0.00999837585282919,0.9946200000000001,0.98048,0,44,442,0,3,0,7,0,4,0,0,54.648,86,422
1950000,2026-01-19T18:34:15.327481,176439,22269,120705,55734,94660,0.562595308177708,0.182724,0.3477382315908948,44.538,196.872,241.41,68.0,284.878,352.878,23.462,88.006,111.468,0.562595308177708,3654.48,0.000365448,189.32,0.0,0.0,0.3477382315908948,22269,98436,120705,55734,1827240,1.706,4,0.00999837585282919,0.00999837585282919,0.00999837585282919,0.98724,0.9809,0,32,457,0,2,1,4,0,4,0,0,102.56,175,448
1960000,2026-01-19T18:34:30.604067,177408,22383,121353,56054,95207,0.5628789734416572,0.1836605,0.34785233977380237,44.766,197.94,242.706,68.368,286.448,354.816,23.602,88.506,112.108,0.5628789734416572,3673.21,0.000367321,190.414,0.0,0.0,0.34785233977380237,22383,98970,121353,56054,1836605,1.734,4,0.00999837585282919,0.00999837585282919,0.00999837585282919,0.99218,0.98052,0,26,463,0,2,0,5,0,4,0,0,38.536,178,244
1970000,2026-01-19T18:34:46.035469,178339,22493,121982,56357,95728,0.5630407358044542,0.1845947,0.3479041048291456,44.986,198.978,243.964,68.708,287.97,356.678,23.722,88.992,112.714,0.5630407358044542,3691.894,0.0003691894,191.456,0.0,0.0,0.3479041048291456,22493,99489,121982,56357,1845947,1.766,4,0.00999837585282919,0.00999837585282919,0.00999837585282919,0.99234,0.9801,0,31,453,0,4,0,7,1,4,0,0,103.56,130,454
1980000,2026-01-19T18:35:01.484806,179234,22602,122586,56647,96225,0.5628987218813823,0.1855277,0.3478702195345875,45.204,199.968,245.172,69.054,289.414,358.468,23.848,89.446,113.294,0.5628987218813823,3710.554,0.0003710554,192.45,0.0,0.0,0.3478702195345875,22602,99984,122586,56647,1855277,1.654,4,0.00999837585282919,0.00999837585282919,0.00999837585282919,0.99078,0.98002,0,45,444,0,0,0,5,0,6,0,0,52.29,139,310
1990000,2026-01-19T18:35:16.963150,180126,22714,123194,56931,96712,0.5629615256881412,0.1864659,0.3478724792405987,45.428,200.96,246.388,69.396,290.856,360.252,23.966,89.896,113.862,0.5629615256881412,3729.318,0.00037293179999999996,193.424,0.0,0.0,0.3478724792405987,22714,100480,123194,56931,1864659,1.808,4,0.00999837585282919,0.00999837585282919,0.00999837585282919,0.9897400000000001,0.98056,0,26,467,0,0,0,2,0,5,0,0,39.634,93,374
2000000,2026-01-19T18:35:32.385893,181059,22826,123831,57227,97228,0.5628951811082192,0.1874016,0.34785335395971617,45.652,202.01,247.662,69.746,292.372,362.118,24.092,90.362,114.454,0.5628951811082192,3748.032,0.0003748032,194.456,0.0,0.0,0.34785335395971617,22826,101005,123831,57227,1874016,1.874,4,0.00999837585282919,0.00999837585282919,0.00999837585282919,0.99366,0.9812,0,42,450,0,0,0,5,0,3,0,0,38.112,109,467
2010000,2026-01-19T18:35:47.807197,182006,22934,124461,57544,97762,0.5629879433220799,0.1883446,0.34790529602311776,45.868,203.054,248.922,70.112,293.9,364.012,24.242,90.846,115.088,0.5629879433220799,3766.892,0.0003766892,195.524,0.0,0.0,0.34790529602311776,22934,101527,124461,57544,1883446,1.758,4,0.00999837585282919,0.00999837585282919,0.00999837585282919,0.99398,0.98034,0,48,435,0,2,0,9,0,6,0,0,85.858,156,393
2020000,2026-01-19T18:36:01.435203,182934,23051,125092,57842,98267,0.5628655669365923,0.1892849,0.347872602277738,46.102,204.082,250.184,70.466,295.402,365.868,24.364,91.32,115.684,0.5628655669365923,3785.698,0.0003785698,196.534,0.0,0.0,0.347872602277738,23051,102041,125092,57842,1892849,1.858,4,0.00999837585282919,0.00999837585282919,0.00999837585282919,0.9927,0.98062,0,27,459,1,4,0,4,0,5,0,0,106.584,180,435
2030000,2026-01-19T18:36:16.156154,183887,23164,125736,58150,98801,0.5628705455741126,0.1902182,0.34787565357238587,46.328,205.144,251.472,70.818,296.956,367.774,24.49,91.81,116.3,0.5628705455741126,3804.364,0.00038043640000000003,197.602,0.0,0.0,0.34787565357238587,23164,102572,125736,58150,1902182,1.826,4,0.00999837585282919,0.00999837585282919,0.00999837585282919,0.9939,0.98062,1,50,437,0,1,0,5,0,6,0,0,95.944,172,467
2040000,2026-01-19T18:36:30.014938,184815,23276,126365,58449,99313,0.5626400324822136,0.1911565,0.34783326982591395,46.552,206.178,252.73,71.178,298.452,369.63,24.626,92.272,116.898,0.5626400324822136,3823.13,0.000382313,198.626,0.0,0.0,0.34783326982591395,23276,103089,126365,58449,1911565,1.774,4,0.00999837585282919,0.00999837585282919,0.00999837585282919,0.99226,0.9801,0,31,457,0,3,0,5,0,4,0,0,94.686,177,354
2050000,2026-01-19T18:36:43.593531,185741,23392,126997,58743,99808,0.5624608403119206,0.1920884,0.34779988582696014,46.784,207.21,253.994,71.55,299.932,371.482,24.764,92.722,117.486,0.5624608403119206,3841.768,0.00038417679999999996,199.616,0.0,0.0,0.34779988582696014,23392,103605,126997,58743,1920884,1.654,4,0.00999837585282919,0.00999837585282919,0.00999837585282919,0.99278,0.9803,0,45,443,0,3,0,5,0,4,0,0,72.24,120,435
2060000,2026-01-19T18:36:57.275838,186642,23504,127615,59026,100291,0.5621109669045965,0.1930251,0.3476941770607001,47.008,208.222,255.23,71.916,301.368,373.284,24.906,93.146,118.052,0.5621109669045965,3860.502,0.0003860502,200.582,0.0,0.0,0.3476941770607001,23504,104111,127615,59026,1930251,1.806,4,0.00999837585282919,0.00999837585282919,0.00999837585282919,0.99382,0.98012,0,36,456,0,0,0,4,0,4,0,0,28.356,117,274
2070000,2026-01-19T18:37:10.842548,187585,23619,128253,59332,100818,0.5620305431460761,0.1939658,0.3476738980832055,47.238,209.268,256.506,72.268,302.902,375.17,25.03,93.634,118.664,0.5620305431460761,3879.316,0.0003879316,201.636,0.0,0.0,0.3476738980832055,23619,104634,128253,59332,1939658,1.846,4,0.00999837585282919,0.00999837585282919,0.00999837585282919,0.9929399999999999,0.97978,0,31,462,1,1,0,3,0,2,0,0,69.016,180,273
2080000,2026-01-19T18:37:24.401376,188498,23729,128857,59640,101326,0.5621566893679084,0.1948978,0.34770823859467603,47.458,210.256,257.714,72.6,304.396,376.996,25.14,94.14,119.28,0.5621566893679084,3897.956,0.0003897956,202.652,0.0,0.0,0.34770823859467603,23729,105128,128857,59640,1948978,1.878,4,0.00999837585282919,0.00999837585282919,0.00999837585282919,0.9929399999999999,0.9803,0,45,437,0,1,0,9,0,8,0,0,47.392,97,427
2090000,2026-01-19T18:37:37.817469,189422,23841,129476,59945,101844,0.5623594581663562,0.1958295,0.347786152099642,47.682,211.27,258.952,72.942,305.902,378.844,25.258,94.632,119.89,0.5623594581663562,3916.59,0.000391659,203.688,0.0,0.0,0.347786152099642,23841,105635,129476,59945,1958295,1.882,4,0.00999837585282919,0.00999837585282919,0.00999837585282919,0.99346,0.98102,0,37,443,0,3,0,10,0,7,0,0,79.022,125,447
2100000,2026-01-19T18:37:52.490362,190344,23949,130099,60244,102380,0.562373936386271,0.196765,0.3477748383963257,47.898,212.3,260.198,73.27,307.418,380.688,25.37,95.118,120.488,0.562373936386271,3935.3,0.00039353,204.76,0.0,0.0,0.3477748383963257,23949,106150,130099,60244,1967650,1.872,4,0.00999837585282919,0.00999837585282919,0.00999837585282919,0.99226,0.98142,0,30,459,0,1,0,6,0,4,0,0,56.902,113,478
2110000,2026-01-19T18:38:06.273762,191238,24064,130706,60531,102862,0.5623482151393283,0.197706,0.347766436298625,48.128,213.284,261.412,73.604,308.872,382.476,25.474,95.588,121.062,0.5623482151393283,3954.12,0.000395412,205.724,0.0,0.0,0.347766436298625,24064,106642,130706,60531,1977060,1.82,4,0.00999837585282919,0.00999837585282919,0.00999837585282919,0.9937999999999999,0.9818,0,32,454,0,2,0,7,0,5,0,0,67.264,125,411
2120000,2026-01-19T18:38:20.955796,192157,24175,131325,60831,103374,0.562355281534504,0.1986464,0.34777894494051437,48.35,214.3,262.65,73.95,310.364,384.314,25.598,96.064,121.662,0.562355281534504,3972.928,0.0003972928,206.748,0.0,0.0,0.34777894494051437,24175,107150,131325,60831,1986464,1.768,4,0.00999837585282919,0.00999837585282919,0.00999837585282919,0.99038,0.98134,0,37,449,0,3,0,6,0,5,0,0,95.644,146,411
2130000,2026-01-19T18:38:35.214247,193035,24287,131927,61107,103846,0.5620887883670141,0.1995872,0.347721213995261,48.574,215.28,263.854,74.286,311.784,386.07,25.712,96.502,122.214,0.5620887883670141,3991.744,0.0003991744,207.692,0.0,0.0,0.347721213995261,24287,107640,131927,61107,1995872,1.788,4,0.00999837585282919,0.00999837585282919,0.00999837585282919,0.9888199999999999,0.9811799999999999,1,27,463,0,2,0,3,0,4,0,0,56.104,179,360
2140000,2026-01-19T18:38:49.522502,193970,24397,132561,61408,104361,0.5619641003339444,0.2005188,0.3477172587510577,48.794,216.328,265.122,74.648,313.292,387.94,25.852,96.964,122.816,0.5619641003339444,4010.376,0.0004010376,208.722,0.0,0.0,0.3477172587510577,24397,108164,132561,61408,2005188,1.85,4,0.00999837585282919,0.00999837585282919,0.00999837585282919,0.9952799999999999,0.9812,0,37,451,0,1,0,6,0,5,0,0,81.946,146,420
2150000,2026-01-19T18:39:03.873190,194852,24501,133154,61697,104866,0.5620177355987754,0.2014485,0.34773634157619815,49.002,217.306,266.308,74.964,314.74,389.704,25.96,97.434,123.394,0.5620177355987754,4028.97,0.000402897,209.732,0.0,0.0,0.34773634157619815,24501,108653,133154,61697,2014485,1.842,4,0.00999837585282919,0.00999837585282919,0.00999837585282919,0.9941,0.9815,0,34,456,0,1,0,5,0,4,0,0,59.486,130,399
2160000,2026-01-19T18:39:18.077012,195781,24612,133784,61996,105377,0.5619534870956969,0.2023876,0.3477092345422831,49.224,218.344,267.568,75.312,316.25,391.562,26.086,97.906,123.992,0.5619534870956969,4047.752,0.00040477520000000003,210.754,0.0,0.0,0.3477092345422831,24612,109172,133784,61996,2023876,1.72,4,0.00999837585282919,0.00999837585282919,0.00999837585282919,0.99402,0.9811799999999999,0,37,447,0,1,0,8,0,7,0,0,72.086,149,447
2170000,2026-01-19T18:39:32.511808,196714,24720,134414,62299,105897,0.5618178566721889,0.2033256,0.34768714919882066,49.44,219.388,268.828,75.684,317.744,393.428,26.242,98.356,124.598,0.5618178566721889,4066.512,0.00040665119999999997,211.794,0.0,0.0,0.34768714919882066,24720,109694,134414,62299,2033256,1.852,4,0.00999837585282919,0.00999837585282919,0.00999837585282919,0.9899600000000001,0.9810399999999999,0,23,463,0,1,0,8,0,5,0,0,85.834,162,448
2180000,2026-01-19T18:39:47.302473,197660,24832,135061,62598,106416,0.5616249975029869,0.2042545,0.34761881236735553,49.664,220.458,270.122,76.06,319.26,395.32,26.394,98.802,125.196,0.5616249975029869,4085.09,0.000408509,212.832,0.0,0.0,0.34761881236735553,24832,110229,135061,62598,2042545,1.732,4,0.00999837585282919,0.00999837585282919,0.00999837585282919,0.992,0.981,1,30,459,0,0,0,5,0,5,0,0,27.262,121,189
2190000,2026-01-19T18:40:01.673431,198597,24950,135705,62891,106922,0.5613779646291417,0.2051911,0.3475247037548364,49.9,221.51,271.41,76.408,320.786,397.194,26.506,99.276,125.782,0.5613779646291417,4103.822,0.00041038219999999995,213.844,0.0,0.0,0.3475247037548364,24950,110755,135705,62891,2051911,1.99,4,0.00999837585282919,0.00999837585282919,0.00999837585282919,0.9918199999999999,0.9810800000000001,0,28,461,0,0,0,6,0,5,0,0,53.546,141,428
2200000,2026-01-19T18:40:15.994646,199530,25059,136334,63195,107443,0.5611649845805051,0.2061311,0.3474843393608009,50.118,222.55,272.668,76.756,322.304,399.06,26.638,99.752,126.39,0.5611649845805051,4122.622,0.0004122622,214.886,0.0,0.0,0.3474843393608009,25059,111275,136334,63195,2061311,1.898,4,0.00999837585282919,0.00999837585282919,0.00999837585282919,0.9899199999999999,0.98124,0,24,461,0,5,0,6,0,4,0,0,93.13,178,490
2210000,2026-01-19T18:40:30.277745,200437,25173,136954,63483,107945,0.5610950658500917,0.2070683,0.3474607252348948,50.346,223.562,273.908,77.096,323.778,400.874,26.75,100.216,126.966,0.5610950658500917,4141.366,0.0004141366,215.89,0.0,0.0,0.3474607252348948,25173,111781,136954,63483,2070683,1.734,4,0.00999837585282919,0.00999837585282919,0.00999837585282919,0.9909199999999999,0.9818600000000001,0,29,464,1,2,0,2,0,2,0,0,85.682,180,359
2220000,2026-01-19T18:40:45.000308,201410,25283,137610,63799,108487,0.5609193952869123,0.2079959,0.34743088559045704,50.566,224.654,275.22,77.48,325.34,402.82,26.912,100.686,127.598,0.5609193952869123,4159.918,0.0004159918,216.974,0.0,0.0,0.34743088559045704,25283,112327,137610,63799,2079959,1.898,4,0.00999837585282919,0.00999837585282919,0.00999837585282919,0.99152,0.98136,0,25,464,0,2,0,5,0,4,0,0,65.858,118,427
2230000,2026-01-19T18:41:00.499292,202351,25397,138246,64104,109002,0.5607039144615145,0.208933,0.34738262271615566,50.794,225.698,276.492,77.848,326.854,404.702,27.052,101.156,128.208,0.5607039144615145,4178.66,0.00041786600000000003,218.004,0.0,0.0,0.34738262271615566,25397,112849,138246,64104,2089330,1.88,4,0.00999837585282919,0.00999837585282919,0.00999837585282919,0.9945,0.98126,0,41,444,0,0,0,8,0,7,0,0,35.93,124,439
2240000,2026-01-19T18:41:15.217495,203246,25501,138843,64402,109510,0.5608511828320389,0.2098731,0.3474470087119138,51.002,226.684,277.686,78.174,328.318,406.492,27.17,101.634,128.804,0.5608511828320389,4197.462,0.0004197462,219.02,0.0,0.0,0.3474470087119138,25501,113342,138843,64402,2098731,1.828,4,0.00999837585282919,0.00999837585282919,0.00999837585282919,0.9952000000000001,0.98084,0,36,445,0,5,0,10,0,4,0,0,75.048,104,464
2250000,2026-01-19T18:41:31.528281,204159,25608,139456,64702,110039,0.5608995228379292,0.2108067,0.34747355316399436,51.216,227.696,278.912,78.496,329.822,408.318,27.278,102.126,129.404,0.5608995228379292,4216.134,0.0004216134,220.078,0.0,0.0,0.34747355316399436,25608,113848,139456,64702,2108067,1.774,4,0.00999837585282919,0.00999837585282919,0.00999837585282919,0.98898,0.98096,0,37,451,0,3,0,5,0,4,0,0,86.552,122,422
2260000,2026-01-19T18:41:46.979370,205082,25721,140076,65005,110547,0.5611329847318386,0.2117453,0.34753614632942653,51.442,228.71,280.152,78.824,331.34,410.164,27.382,102.628,130.01,0.5611329847318386,4234.906,0.0004234906,221.094,0.0,0.0,0.34753614632942653,25721,114355,140076,65005,2117453,1.82,4,0.00999837585282919,0.00999837585282919,0.00999837585282919,0.98738,0.98142,0,21,456,0,4,0,11,0,8,0,0,126.762,173,451
2270000,2026-01-19T18:42:04.730632,206058,25829,140738,65319,111120,0.5610124430946255,0.2126757,0.3475108255427537,51.658,229.818,281.476,79.184,332.932,412.116,27.526,103.112,130.638,0.5610124430946255,4253.514,0.0004253514,222.24,0.0,0.0,0.3475108255427537,25829,114909,140738,65319,2126757,1.862,4,0.00999837585282919,0.00999837585282919,0.00999837585282919,0.9923,0.98154,2,28,460,0,2,0,3,0,5,0,0,86.702,178,422
2280000,2026-01-19T18:42:21.011438,207010,25946,141377,65632,111645,0.5609148113111969,0.2136139,0.3474845315129902,51.892,230.862,282.754,79.544,334.476,414.02,27.652,103.612,131.264,0.5609148113111969,4272.278,0.00042722779999999997,223.29,0.0,0.0,0.3474845315129902,25946,115431,141377,65632,2136139,1.896,4,0.00999837585282919,0.00999837585282919,0.00999837585282919,0.9935,0.9813,0,25,461,0,3,0,6,0,5,0,0,94.882,179,440
2290000,2026-01-19T18:42:34.790442,207950,26062,142013,65936,112158,0.5608911652563537,0.2145472,0.3474734334279567,52.124,231.902,284.026,79.916,335.984,415.9,27.79,104.082,131.872,0.5608911652563537,4290.944,0.0004290944,224.316,0.0,0.0,0.3474734334279567,26062,115951,142013,65936,2145472,1.828,4,0.00999837585282919,0.00999837585282919,0.00999837585282919,0.99064,0.98102,0,37,451,0,1,0,5,0,6,0,0,85.28,144,441
2300000,2026-01-19T18:42:48.651805,208846,26175,142621,66224,112637,0.5608260615899344,0.2154859,0.34746405214964216,52.35,232.892,285.242,80.256,337.436,417.692,27.904,104.544,132.448,0.5608260615899344,4309.718,0.0004309718,225.274,0.0,0.0,0.34746405214964216,26175,116446,142621,66224,2154859,1.834,4,0.00999837585282919,0.00999837585282919,0.00999837585282919,0.9900599999999999,0.9811799999999999,0,27,452,0,3,0,11,0,7,0,0,119.268,161,477
2310000,2026-01-19T18:43:02.115178,209751,26282,143235,66515,113148,0.560910752609938,0.2164243,0.3474875349820163,52.564,233.906,286.47,80.608,338.894,419.502,28.042,104.988,133.03,0.560910752609938,4328.486,0.00043284860000000004,226.296,0.0,0.0,0.3474875349820163,26282,116953,143235,66515,2164243,1.93,4,0.00999837585282919,0.00999837585282919,0.00999837585282919,0.9930800000000001,0.9810399999999999,0,46,442,0,0,0,6,0,6,0,0,46.056,128,380
2320000,2026-01-19T18:43:15.718775,210662,26392,143849,66812,113660,0.5610976933772768,0.2173563,0.3475302945068943,52.784,234.914,287.698,80.922,340.402,421.324,28.136,105.488,133.624,0.5610976933772768,4347.126,0.0004347126,227.32,0.0,0.0,0.3475302945068943,26392,117457,143849,66812,2173563,1.676,4,0.00999837585282919,0.00999837585282919,0.00999837585282919,0.99188,0.98146,0,32,452,0,6,0,7,0,3,0,0,85.302,165,434
2330000,2026-01-19T18:43:30.301266,211615,26507,144489,67125,114187,0.5611877751974733,0.2182892,0.34757469046057105,53.014,235.964,288.978,81.284,341.946,423.23,28.268,105.982,134.25,0.5611877751974733,4365.784,0.0004365784,228.374,0.0,0.0,0.34757469046057105,26507,117982,144489,67125,2182892,1.882,4,0.00999837585282919,0.00999837585282919,0.00999837585282919,0.99048,0.9813999999999999,0,26,454,0,4,0,10,0,6,0,0,96.534,144,448
2340000,2026-01-19T18:43:46.017656,212515,26618,145097,67417,114691,0.5612917364956187,0.2192234,0.3476131725552016,53.236,236.958,290.194,81.638,343.392,425.03,28.4,106.434,134.834,0.5612917364956187,4384.468,0.00043844680000000005,229.382,0.0,0.0,0.3476131725552016,26618,118479,145097,67417,2192234,1.896,4,0.00999837585282919,0.00999837585282919,0.00999837585282919,0.99342,0.9812,0,35,457,0,0,0,4,0,4,0,0,22.844,83,283
2350000,2026-01-19T18:44:00.242157,213448,26729,145730,67717,115212,0.5613125513471164,0.2201653,0.3476124227963213,53.458,238.002,291.46,81.98,344.916,426.896,28.52,106.914,135.434,0.5613125513471164,4403.306,0.0004403306,230.424,0.0,0.0,0.3476124227963213,26729,119001,145730,67717,2201653,1.736,4,0.00999837585282919,0.00999837585282919,0.00999837585282919,0.99386,0.9813999999999999,0,55,436,0,0,0,5,0,4,0,0,44.45,120,351
2360000,2026-01-19T18:44:14.066579,214370,26838,146354,68015,115714,0.5613431217009393,0.221105,0.34763364820925574,53.676,239.032,292.708,82.332,346.408,428.74,28.654,107.376,136.03,0.5613431217009393,4422.1,0.00044221,231.428,0.0,0.0,0.34763364820925574,26838,119516,146354,68015,2211050,1.808,4,0.00999837585282919,0.00999837585282919,0.00999837585282919,0.99076,0.98088,0,23,455,0,6,0,11,0,5,0,0,123.786,161,480
2370000,2026-01-19T18:44:27.631443,215272,26945,146972,68299,116213,0.5610892392545301,0.2220413,0.3475603591793685,53.89,240.054,293.944,82.702,347.842,430.544,28.81,107.788,136.598,0.5610892392545301,4440.826,0.0004440826,232.426,0.0,0.0,0.3475603591793685,26945,120027,146972,68299,2220413,1.846,4,0.00999837585282919,0.00999837585282919,0.00999837585282919,0.99364,0.9806999999999999,0,44,445,0,2,0,6,0,3,0,0,86.86,161,438
2380000,2026-01-19T18:44:40.953843,216176,27052,147582,68593,116707,0.5610949391859579,0.222983,0.3475600462094155,54.104,241.06,295.164,83.06,349.292,432.352,28.956,108.23,137.186,0.5610949391859579,4459.66,0.00044596599999999995,233.414,0.0,0.0,0.3475600462094155,27052,120530,147582,68593,2229830,1.818,4,0.00999837585282919,0.00999837585282919,0.00999837585282919,0.993,0.9813,0,29,455,0,2,0,7,0,7,0,0,89.248,177,357
2390000,2026-01-19T18:44:54.332840,217071,27165,148190,68880,117183,0.5609850366772982,0.2239197,0.3475289447659769,54.33,242.05,296.38,83.42,350.722,434.142,29.088,108.672,137.76,0.5609850366772982,4478.394,0.0004478394,234.366,0.0,0.0,0.3475289447659769,27165,121025,148190,68880,2239197,1.726,4,0.00999837585282919,0.00999837585282919,0.00999837585282919,0.9922799999999999,0.9810599999999999,0,29,454,0,0,0,8,0,9,0,0,64.376,159,454
2400000,2026-01-19T18:45:07.558722,218033,27278,148835,69197,117728,0.5610554014209459,0.2248547,0.3475738266109994,54.556,243.114,297.67,83.784,352.282,436.066,29.226,109.168,138.394,0.5610554014209459,4497.094,0.0004497094,235.456,0.0,0.0,0.3475738266109994,27278,121557,148835,69197,2248547,1.89,4,0.00999837585282919,0.00999837585282919,0.00999837585282919,0.99122,0.98022,0,38,447,0,2,0,7,0,6,0,0,101.836,152,492
2410000,2026-01-19T18:45:20.838909,218967,27388,149475,69491,118258,0.5611430375168209,0.2257874,0.34758324957653525,54.776,244.174,298.95,84.128,353.806,437.934,29.35,109.632,138.982,0.5611430375168209,4515.748,0.0004515748,236.516,0.0,0.0,0.34758324957653525,27388,122087,149475,69491,2257874,1.944,4,0.00999837585282919,0.00999837585282919,0.00999837585282919,0.99132,0.98076,1,19,471,0,3,0,3,0,3,0,0,92.584,164,393
2420000,2026-01-19T18:45:34.187225,219924,27505,150125,69798,118781,0.5609782041418153,0.2267204,0.34753841112568234,55.01,245.24,300.25,84.488,355.36,439.848,29.476,110.12,139.596,0.5609782041418153,4534.408,0.0004534408,237.562,0.0,0.0,0.34753841112568234,27505,122620,150125,69798,2267204,1.818,4,0.00999837585282919,0.00999837585282919,0.00999837585282919,0.9913,0.98058,0,24,464,0,0,0,7,0,5,0,0,47.212,149,344
2430000,2026-01-19T18:45:47.689927,220851,27616,150753,70097,119296,0.5607777117157471,0.2276557,0.347477090681606,55.232,246.274,301.506,84.82,356.882,441.702,29.586,110.608,140.194,0.5607777117157471,4553.114,0.0004553114,238.592,0.0,0.0,0.347477090681606,27616,123137,150753,70097,2276557,1.844,4,0.00999837585282919,0.00999837585282919,0.00999837585282919,0.9941,0.98092,1,36,448,0,1,0,9,0,5,0,0,95.794,154,446
2440000,2026-01-19T18:46:02.505060,221767,27729,151383,70384,119784,0.5605900097096481,0.2285913,0.34738969175426077,55.458,247.308,302.766,85.2,358.334,443.534,29.742,111.026,140.768,0.5605900097096481,4571.826,0.0004571826,239.568,0.0,0.0,0.34738969175426077,27729,123654,151383,70384,2285913,1.746,4,0.00999837585282919,0.00999837585282919,0.00999837585282919,0.9887400000000001,0.98126,0,29,458,1,2,0,5,0,5,0,0,92.9,181,393
2450000,2026-01-19T18:46:17.116279,222706,27840,152014,70691,120307,0.5606345047308349,0.2295202,0.3474163230584302,55.68,248.348,304.028,85.55,359.862,445.412,29.868,111.514,141.382,0.5606345047308349,4590.404,0.0004590404,240.614,0.0,0.0,0.3474163230584302,27840,124174,152014,70691,2295202,1.788,4,0.00999837585282919,0.00999837585282919,0.00999837585282919,0.9919399999999999,0.9808600000000001,0,26,454,0,5,0,10,0,5,0,0,110.644,151,469
2460000,2026-01-19T18:46:31.222916,223623,27954,152635,70987,120811,0.5607233428473838,0.2304606,0.34744066000220314,55.908,249.362,305.27,85.906,361.34,447.246,29.998,111.976,141.974,0.5607233428473838,4609.212,0.0004609212,241.622,0.0,0.0,0.34744066000220314,27954,124681,152635,70987,2304606,1.832,4,0.00999837585282919,0.00999837585282919,0.00999837585282919,0.9881,0.98084,0,17,467,0,3,0,8,0,5,0,0,137.832,178,453
2470000,2026-01-19T18:46:46.004984,224527,28063,153249,71278,121318,0.5607330619286439,0.2313977,0.34744069261488775,56.126,250.372,306.498,86.246,362.808,449.054,30.12,112.436,142.556,0.5607330619286439,4627.954,0.00046279540000000003,242.636,0.0,0.0,0.34744069261488775,28063,125186,153249,71278,2313977,1.818,4,0.00999837585282919,0.00999837585282919,0.00999837585282919,0.9927,0.98066,0,26,462,0,0,0,6,1,5,0,0,45.148,123,348
2480000,2026-01-19T18:47:01.023517,225423,28168,153857,71565,121816,0.5606021673120873,0.2323366,0.3474200373411797,56.336,251.378,307.714,86.592,364.254,450.846,30.256,112.874,143.13,0.5606021673120873,4646.732,0.0004646732,243.632,0.0,0.0,0.3474200373411797,28168,125689,153857,71565,2323366,1.828,4,0.00999837585282919,0.00999837585282919,0.00999837585282919,0.9909,0.9802,2,23,467,0,3,0,2,0,3,0,0,45.162,121,332
2490000,2026-01-19T18:47:14.678902,226386,28273,154501,71884,122367,0.560460576605732,0.2332723,0.3474013559329563,56.546,252.456,309.002,86.952,365.82,452.772,30.404,113.364,143.768,0.560460576605732,4665.446,0.0004665446,244.734,0.0,0.0,0.3474013559329563,28273,126228,154501,71884,2332723,1.86,4,0.00999837585282919,0.00999837585282919,0.00999837585282919,0.98972,0.9803,0,30,455,0,2,0,7,0,6,0,0,99.366,170,413
2500000,2026-01-19T18:47:29.005811,227332,28383,155136,72195,122900,0.5604129589678658,0.2342066,0.3473812780500931,56.766,253.506,310.272,87.304,367.36,454.664,30.536,113.854,144.39,0.5604129589678658,4684.132,0.00046841319999999995,245.8,0.0,0.0,0.3473812780500931,28383,126753,155136,72195,2342066,1.734,4,0.00999837585282919,0.00999837585282919,0.00999837585282919,0.99034,0.98036,0,32,449,0,3,0,10,0,6,0,0,103.456,153,437
2510000,2026-01-19T18:47:43.638504,228253,28493,155768,72484,123415,0.5600756471502863,0.2351432,0.34728858078010677,56.986,254.55,311.536,87.656,368.85,456.506,30.668,114.3,144.968,0.5600756471502863,4702.864,0.0004702864,246.83,0.0,0.0,0.34728858078010677,28493,127275,155768,72484,2351432,1.81,4,0.00999837585282919,0.00999837585282919,0.00999837585282919,0.99354,0.9803999999999999,0,37,452,0,2,0,6,0,3,0,0,62.486,158,366
2520000,2026-01-19T18:47:58.502240,229201,28609,156414,72786,123924,0.5598509681516086,0.2360751,0.3472297008748414,57.218,255.61,312.828,88.028,370.374,458.402,30.808,114.764,145.572,0.5598509681516086,4721.502,0.0004721502,247.848,0.0,0.0,0.3472297008748414,28609,127805,156414,72786,2360751,1.818,4,0.00999837585282919,0.00999837585282919,0.00999837585282919,0.9930399999999999,0.98044,0,40,442,0,3,0,10,0,5,0,0,109.238,147,482
2530000,2026-01-19T18:48:13.464074,230129,28727,157049,73079,124422,0.5595667264674116,0.2370095,0.347143260839812,57.454,256.644,314.098,88.378,371.88,460.258,30.922,115.236,146.158,0.5595667264674116,4740.19,0.000474019,248.844,0.0,0.0,0.347143260839812,28727,128322,157049,73079,2370095,1.778,4,0.00999837585282919,0.00999837585282919,0.00999837585282919,0.99132,0.98054,0,27,456,0,4,0,9,0,4,0,0,105.652,148,469
2540000,2026-01-19T18:48:28.509958,231047,28843,157675,73371,124917,0.5594603200236384,0.2379449,0.3471307421449076,57.686,257.664,315.35,88.742,373.352,462.094,31.054,115.688,146.742,0.5594603200236384,4758.898,0.00047588979999999996,249.834,0.0,0.0,0.3471307421449076,28843,128832,157675,73371,2379449,1.798,4,0.00999837585282919,0.00999837585282919,0.00999837585282919,0.99274,0.9803,0,55,433,0,0,0,6,0,6,0,0,67.366,151,448
2550000,2026-01-19T18:48:43.428262,231975,28957,158306,73668,125424,0.5593690494577148,0.238883,0.34710685192606294,57.914,258.698,316.612,89.102,374.848,463.95,31.186,116.15,147.336,0.5593690494577148,4777.66,0.000477766,250.848,0.0,0.0,0.34710685192606294,28957,129349,158306,73668,2388830,1.674,4,0.00999837585282919,0.00999837585282919,0.00999837585282919,0.98986,0.97988,0,33,454,0,2,0,6,0,5,0,0,107.896,169,417
2560000,2026-01-19T18:48:57.884659,232899,29070,158932,73966,125941,0.5592543471180197,0.2398141,0.34709947194648055,58.14,259.724,317.864,89.45,376.348,465.798,31.308,116.624,147.932,0.5592543471180197,4796.282,0.0004796282,251.882,0.0,0.0,0.34709947194648055,29070,129862,158932,73966,2398141,1.832,4,0.00999837585282919,0.00999837585282919,0.00999837585282919,0.9946200000000001,0.9799399999999999,0,33,459,0,1,0,3,0,4,0,0,51.858,119,426
2570000,2026-01-19T18:49:14.287799,233833,29184,159568,74264,126440,0.5591358715942673,0.2407535,0.34707968358884483,58.368,260.768,319.136,89.818,377.848,467.666,31.448,117.08,148.528,0.5591358715942673,4815.07,0.000481507,252.88,0.0,0.0,0.34707968358884483,29184,130384,159568,74264,2407535,1.742,4,0.00999837585282919,0.00999837585282919,0.00999837585282919,0.98984,0.9800399999999999,0,28,456,0,2,0,7,0,7,0,0,83.74,138,494
2580000,2026-01-19T18:49:30.162991,234746,29294,160185,74560,126950,0.5591328130141974,0.2416941,0.3470863277471017,58.588,261.782,320.37,90.156,379.336,469.492,31.566,117.554,149.12,0.5591328130141974,4833.882,0.0004833882,253.9,0.0,0.0,0.3470863277471017,29294,130891,160185,74560,2416941,1.826,4,0.00999837585282919,0.00999837585282919,0.00999837585282919,0.99472,0.9800399999999999,0,49,435,0,4,0,7,0,5,0,0,108.786,172,492
2590000,2026-01-19T18:49:45.319793,235640,29408,160788,74851,127446,0.5590836767302784,0.2426344,0.3470738777429654,58.816,262.76,321.576,90.488,380.792,471.28,31.672,118.03,149.702,0.5590836767302784,4852.688,0.0004852688,254.892,0.0,0.0,0.3470738777429654,29408,131380,160788,74851,2426344,1.816,4,0.00999837585282919,0.00999837585282919,0.00999837585282919,0.9932000000000001,0.98036,0,20,471,0,3,0,2,0,4,0,0,88.296,178,311
2600000,2026-01-19T18:50:01.061709,236535,29521,161392,75142,127939,0.5591819998770503,0.2435739,0.347093108961614,59.042,263.742,322.784,90.82,382.25,473.07,31.776,118.508,150.284,0.5591819998770503,4871.478,0.0004871478,255.878,0.0,0.0,0.347093108961614,29521,131871,161392,75142,2435739,1.898,4,0.00999837585282919,0.00999837585282919,0.00999837585282919,0.99156,0.98054,0,24,468,0,1,0,2,0,5,0,0,87.208,167,439
2610000,2026-01-19T18:50:15.918354,237441,29635,162010,75430,128423,0.5592223464990473,0.2445109,0.34707803296367884,59.27,264.75,324.02,91.168,383.714,474.882,31.896,118.964,150.86,0.5592223464990473,4890.218,0.0004890218,256.846,0.0,0.0,0.34707803296367884,29635,132375,162010,75430,2445109,1.866,4,0.00999837585282919,0.00999837585282919,0.00999837585282919,0.9907999999999999,0.9809,0,26,462,0,2,0,5,0,5,0,0,79.002,139,390
2620000,2026-01-19T18:50:29.929606,238357,29749,162633,75723,128918,0.5589781725866719,0.2454536,0.3470327921299155,59.498,265.768,325.266,91.52,385.194,476.714,32.022,119.424,151.446,0.5589781725866719,4909.072,0.0004909072,257.836,0.0,0.0,0.3470327921299155,29749,132884,162633,75723,2454536,1.882,4,0.00999837585282919,0.00999837585282919,0.00999837585282919,0.99418,0.98114,0,40,447,0,2,0,6,0,5,0,0,65.304,178,423
2630000,2026-01-19T18:50:44.232538,239292,29864,163269,76022,129432,0.558936781451844,0.2463784,0.34701536284290263,59.728,266.81,326.538,91.87,386.714,478.584,32.14,119.904,152.044,0.558936781451844,4927.568,0.0004927568,258.864,0.0,0.0,0.34701536284290263,29864,133405,163269,76022,2463784,1.808,4,0.00999837585282919,0.00999837585282919,0.00999837585282919,0.99454,0.9811599999999999,0,48,439,0,0,0,6,0,7,0,0,15.81,79,280
2640000,2026-01-19T18:50:58.316599,240233,29975,163908,76324,129957,0.5588641253621801,0.2473199,0.3469728387616611,59.95,267.866,327.816,92.226,388.24,480.466,32.274,120.374,152.648,0.5588641253621801,4946.398,0.0004946398,259.914,0.0,0.0,0.3469728387616611,29975,133933,163908,76324,2473199,1.846,4,0.00999837585282919,0.00999837585282919,0.00999837585282919,0.9909199999999999,0.981,0,30,456,0,2,0,7,0,5,0,0,91.816,144,455
2650000,2026-01-19T18:51:12.939945,241118,30087,164504,76613,130438,0.5589197303742193,0.2482606,0.3469933108036566,60.174,268.834,329.008,92.56,389.676,482.236,32.384,120.842,153.226,0.5589197303742193,4965.212,0.0004965211999999999,260.876,0.0,0.0,0.3469933108036566,30087,134417,164504,76613,2482606,1.844,4,0.00999837585282919,0.00999837585282919,0.00999837585282919,0.98966,0.98046,0,42,442,0,2,0,8,0,6,0,0,86.092,133,420
2660000,2026-01-19T18:51:26.853723,242050,30199,165140,76909,130950,0.5585563901689224,0.2491975,0.3468943298595541,60.398,269.882,330.28,92.92,391.18,484.1,32.52,121.298,153.818,0.5585563901689224,4983.95,0.000498395,261.9,0.0,0.0,0.3468943298595541,30199,134941,165140,76909,2491975,1.808,4,0.00999837585282919,0.00999837585282919,0.00999837585282919,0.9891599999999999,0.9806999999999999,0,20,465,0,3,0,8,0,4,0,0,99.98,152,405
2670000,2026-01-19T18:51:41.417608,242993,30310,165782,77210,131473,0.5585281472526669,0.2501324,0.3468777144029649,60.62,270.944,331.564,93.266,392.72,485.986,32.646,121.774,154.42,0.5585281472526669,5002.648,0.0005002648,262.946,0.0,0.0,0.3468777144029649,30310,135472,165782,77210,2501324,1.84,4,0.00999837585282919,0.00999837585282919,0.00999837585282919,0.99248,0.98084,0,34,446,0,4,0,11,0,5,0,0,125.192,178,442
2680000,2026-01-19T18:51:57.563662,243912,30424,166406,77505,131982,0.5584541804625415,0.2510673,0.3468493635988654,60.848,271.964,332.812,93.614,394.21,487.824,32.764,122.246,155.01,0.5584541804625415,5021.346,0.0005021346,263.964,0.0,0.0,0.3468493635988654,30424,135982,166406,77505,2510673,1.858,4,0.00999837585282919,0.00999837585282919,0.00999837585282919,0.9927,0.98084,0,40,445,0,1,0,7,0,7,0,0,65.896,136,455
2690000,2026-01-19T18:52:13.173083,244856,30542,167040,77815,132505,0.558570330148351,0.2520038,0.34687840269017145,61.084,272.996,334.08,93.97,395.742,489.712,32.884,122.746,155.63,0.558570330148351,5040.076,0.0005040076,265.01,0.0,0.0,0.34687840269017145,30542,136498,167040,77815,2520038,1.822,4,0.00999837585282919,0.00999837585282919,0.00999837585282919,0.99482,0.98068,0,61,427,0,0,0,5,0,7,0,0,56.446,116,399
2700000,2026-01-19T18:52:29.098902,245761,30657,167651,78109,132998,0.558599135905009,0.2529478,0.3468796690593018,61.314,273.988,335.302,94.304,397.218,491.522,32.99,123.228,156.218,0.558599135905009,5058.956,0.0005058956,265.996,0.0,0.0,0.3468796690593018,30657,136994,167651,78109,2529478,1.84,4,0.00999837585282919,0.00999837585282919,0.00999837585282919,0.9929399999999999,0.9811599999999999,0,40,446,0,2,0,7,0,5,0,0,79.336,178,486
2710000,2026-01-19T18:52:44.466038,246667,30772,168273,78393,133485,0.5584008274685637,0.2538769,0.34681593804847255,61.544,275.002,336.546,94.654,398.68,493.334,33.108,123.678,156.786,0.5584008274685637,5077.538,0.0005077538000000001,266.97,0.0,0.0,0.34681593804847255,30772,137501,168273,78393,2538769,2.0,4,0.00999837585282919,0.00999837585282919,0.00999837585282919,0.99064,0.98098,0,26,463,0,1,0,4,0,6,0,0,68.588,114,442
2720000,2026-01-19T18:52:59.411279,247606,30886,168914,78691,134004,0.5580372161560636,0.2548148,0.3467137410414218,61.772,276.056,337.828,95.002,400.21,495.212,33.228,124.154,157.382,0.5580372161560636,5096.296,0.0005096296,268.008,0.0,0.0,0.3467137410414218,30886,138028,168914,78691,2548148,1.928,4,0.00999837585282919,0.00999837585282919,0.00999837585282919,0.98972,0.9808600000000001,0,27,463,0,1,0,5,0,4,0,0,68.776,156,411
2730000,2026-01-19T18:53:14.449921,248514,30999,169525,78988,134499,0.5580560774039272,0.2557477,0.34670637096376716,61.998,277.052,339.05,95.34,401.688,497.028,33.34,124.636,157.976,0.5580560774039272,5114.954,0.0005114954000000001,268.998,0.0,0.0,0.34670637096376716,30999,138526,169525,78988,2557477,1.88,4,0.00999837585282919,0.00999837585282919,0.00999837585282919,0.9920599999999999,0.9806,0,34,451,0,2,0,8,0,5,0,0,45.676,95,365
2740000,2026-01-19T18:53:28.987410,249455,31116,170171,79283,134994,0.5577464765194566,0.2566885,0.34661559448901336,62.232,278.11,340.342,95.722,403.188,498.91,33.488,125.078,158.566,0.5577464765194566,5133.77,0.000513377,269.988,0.0,0.0,0.34661559448901336,31116,139055,170171,79283,2566885,1.882,4,0.00999837585282919,0.00999837585282919,0.00999837585282919,0.99256,0.98056,0,29,450,0,5,0,11,0,5,0,0,103.002,142,449
2750000,2026-01-19T18:53:43.736434,250368,31229,170792,79575,135496,0.5576396753598883,0.2576259,0.3465898678004551,62.458,279.126,341.584,96.07,404.666,500.736,33.61,125.54,159.15,0.5576396753598883,5152.518,0.0005152518,270.992,0.0,0.0,0.3465898678004551,31229,139563,170792,79575,2576259,1.802,4,0.00999837585282919,0.00999837585282919,0.00999837585282919,0.9926,0.98026,0,38,445,0,4,0,8,0,5,0,0,113.04,158,450
2760000,2026-01-19T18:53:58.837412,251258,31340,171395,79862,135990,0.5574235229768563,0.2585601,0.34654546924402146,62.68,280.11,342.79,96.412,406.104,502.516,33.73,125.994,159.724,0.5574235229768563,5171.202,0.0005171202,271.98,0.0,0.0,0.34654546924402146,31340,140055,171395,79862,2585601,1.892,4,0.00999837585282919,0.00999837585282919,0.00999837585282919,0.9920800000000001,0.98096,0,37,454,0,0,0,4,0,5,0,0,22.75,96,223
2770000,2026-01-19T18:54:14.229450,252209,31457,172045,80164,136501,0.5572807943299225,0.2595026,0.346512650313531,62.914,281.176,344.09,96.776,407.642,504.418,33.862,126.466,160.328,0.5572807943299225,5190.052,0.0005190052000000001,273.002,0.0,0.0,0.346512650313531,31457,140588,172045,80164,2595026,1.73,4,0.00999837585282919,0.00999837585282919,0.00999837585282919,0.9880599999999999,0.9808,0,46,436,1,5,0,7,0,5,0,0,143.008,180,459
2780000,2026-01-19T18:54:29.718195,253110,31566,172655,80454,136990,0.557193285226352,0.26044,0.3465016452875953,63.132,282.178,345.31,97.134,409.086,506.22,34.0,126.908,160.908,0.557193285226352,5208.8,0.00052088,273.98,0.0,0.0,0.3465016452875953,31566,141089,172655,80454,2604400,1.932,4,0.00999837585282919,0.00999837585282919,0.00999837585282919,0.98946,0.9808199999999999,0,19,461,0,4,0,10,0,6,0,0,110.844,149,488
2790000,2026-01-19T18:54:44.028294,254028,31678,173278,80749,137504,0.5569943010405732,0.2613721,0.34645439161196545,63.356,283.2,346.556,97.488,410.568,508.056,34.13,127.368,161.498,0.5569943010405732,5227.442,0.0005227442,275.008,0.0,0.0,0.34645439161196545,31678,141600,173278,80749,2613721,1.92,4,0.00999837585282919,0.00999837585282919,0.00999837585282919,0.9939,0.98078,0,41,448,0,0,0,6,0,5,0,0,26.088,71,409
2800000,2026-01-19T18:54:59.194153,254951,31791,173905,81045,138004,0.5569762335373101,0.2623094,0.3464450306014416,63.582,284.228,347.81,97.84,412.062,509.902,34.256,127.834,162.09,0.5569762335373101,5246.188,0.0005246188000000001,276.008,0.0,0.0,0.3464450306014416,31791,142114,173905,81045,2623094,1.794,4,0.00999837585282919,0.00999837585282919,0.00999837585282919,0.9899399999999999,0.9809399999999999,0,25,456,0,5,0,10,0,4,0,0,117.7,148,482
2810000,2026-01-19T18:55:12.984128,255885,31901,174536,81348,138538,0.5569828776187515,0.2632442,0.3464607613539416,63.802,285.27,349.072,98.192,413.578,511.77,34.388,128.308,162.696,0.5569828776187515,5264.884,0.0005264884,277.076,0.0,0.0,0.3464607613539416,31901,142635,174536,81348,2632442,1.872,4,0.00999837585282919,0.00999837585282919,0.00999837585282919,0.99286,0.98092,0,40,450,0,0,0,5,0,5,0,0,46.242,123,388
2820000,2026-01-19T18:55:28.083273,256841,32013,175182,81659,139076,0.5568945796692856,0.2641824,0.3464254326036823,64.026,286.338,350.364,98.54,415.142,513.682,34.514,128.804,163.318,0.5568945796692856,5283.648,0.0005283648,278.152,0.0,0.0,0.3464254326036823,32013,143169,175182,81659,2641824,1.84,4,0.00999837585282919,0.00999837585282919,0.00999837585282919,0.9939,0.98068,0,45,443,1,1,0,6,0,4,0,0,94.178,181,458
2830000,2026-01-19T18:55:42.840829,257766,32122,175800,81965,139597,0.5568445516479489,0.2651156,0.34644383539394824,64.244,287.356,351.6,98.876,416.656,515.532,34.63,129.3,163.93,0.5568445516479489,5302.312,0.0005302312,279.194,0.0,0.0,0.34644383539394824,32122,143678,175800,81965,2651156,1.914,4,0.00999837585282919,0.00999837585282919,0.00999837585282919,0.99252,0.98056,0,27,455,0,2,0,10,0,6,0,0,98.19,153,493
2840000,2026-01-19T18:55:57.267456,258700,32236,176431,82268,140109,0.5568389991160163,0.2660487,0.34644104517561547,64.472,288.39,352.862,99.25,418.15,517.4,34.776,129.76,164.536,0.5568389991160163,5320.974,0.0005320974000000001,280.218,0.0,0.0,0.34644104517561547,32236,144195,176431,82268,2660487,1.796,4,0.00999837585282919,0.00999837585282919,0.00999837585282919,0.99046,0.9803999999999999,0,37,448,0,3,0,6,0,6,0,0,63.34,119,458
2850000,2026-01-19T18:56:11.759340,259628,32343,177065,82562,140624,0.5565674534097159,0.2669802,0.34637959304473204,64.686,289.444,354.13,99.61,419.646,519.256,34.922,130.202,165.124,0.5565674534097159,5339.604,0.0005339604,281.248,0.0,0.0,0.34637959304473204,32343,144722,177065,82562,2669802,1.862,4,0.00999837585282919,0.00999837585282919,0.00999837585282919,0.9922799999999999,0.98084,0,34,452,0,3,0,7,0,4,0,0,56.658,136,322
2860000,2026-01-19T18:56:26.662777,260554,32464,177700,82853,141113,0.5563334530303721,0.2679183,0.3463118847357066,64.928,290.472,355.4,99.966,421.142,521.108,35.038,130.668,165.706,0.5563334530303721,5358.366,0.0005358366,282.226,0.0,0.0,0.3463118847357066,32464,145236,177700,82853,2679183,1.894,4,0.00999837585282919,0.00999837585282919,0.00999837585282919,0.9880800000000001,0.9809,2,28,459,0,1,0,5,0,5,0,0,56.348,119,257
2870000,2026-01-19T18:56:41.436425,261484,32577,178329,83154,141623,0.5563166628802796,0.2688543,0.34630296778131175,65.154,291.504,356.658,100.314,422.654,522.968,35.16,131.148,166.308,0.5563166628802796,5377.086,0.0005377086,283.246,0.0,0.0,0.34630296778131175,32577,145752,178329,83154,2688543,1.886,4,0.00999837585282919,0.00999837585282919,0.00999837585282919,0.99226,0.98084,1,32,450,0,6,0,7,0,4,0,0,69.382,122,479
2880000,2026-01-19T18:56:56.284985,262416,32689,178963,83452,142138,0.5563025343096452,0.2697818,0.3462819963843636,65.378,292.548,357.926,100.678,424.154,524.832,35.298,131.606,166.904,0.5563025343096452,5395.636,0.0005395636,284.276,0.0,0.0,0.3462819963843636,32689,146274,178963,83452,2697818,1.848,4,0.00999837585282919,0.00999837585282919,0.00999837585282919,0.99136,0.98078,0,34,454,0,2,0,5,0,5,0,0,48.908,100,372
2890000,2026-01-19T18:57:10.877886,263306,32803,179573,83732,142612,0.5561551523571405,0.270724,0.34623609305279474,65.606,293.54,359.146,101.03,425.582,526.612,35.422,132.042,167.464,0.5561551523571405,5414.48,0.000541448,285.224,0.0,0.0,0.34623609305279474,32803,146770,179573,83732,2707240,1.926,4,0.00999837585282919,0.00999837585282919,0.00999837585282919,0.99044,0.9808,0,31,460,0,0,0,4,0,5,0,0,29.562,126,289
2900000,2026-01-19T18:57:25.401185,264240,32920,180208,84031,143117,0.555990107053252,0.2716576,0.34619149019386297,65.84,294.576,360.416,101.386,427.094,528.48,35.544,132.518,168.062,0.555990107053252,5433.152,0.0005433152,286.234,0.0,0.0,0.34619149019386297,32920,147288,180208,84031,2716576,1.808,4,0.00999837585282919,0.00999837585282919,0.00999837585282919,0.99272,0.9812,0,39,452,0,0,0,6,0,3,0,0,47.19,92,447
2910000,2026-01-19T18:57:39.748887,265202,33036,180859,84342,143657,0.5559659987233988,0.2725986,0.34619262161547143,66.072,295.646,361.718,101.732,428.672,530.404,35.66,133.024,168.684,0.5559659987233988,5451.972,0.0005451972,287.314,0.0,0.0,0.34619262161547143,33036,147823,180859,84342,2725986,1.822,4,0.00999837585282919,0.00999837585282919,0.00999837585282919,0.9920599999999999,0.98138,1,7,481,0,3,0,5,0,3,0,0,85.47,177,266
2920000,2026-01-19T18:57:54.022510,266159,33147,181506,84653,144195,0.555872839721881,0.2735326,0.34617495628824213,66.294,296.718,363.012,102.08,430.238,532.318,35.786,133.52,169.306,0.555872839721881,5470.652,0.0005470652000000001,288.39,0.0,0.0,0.34617495628824213,33147,148359,181506,84653,2735326,1.912,4,0.00999837585282919,0.00999837585282919,0.00999837585282919,0.9900800000000001,0.98102,0,26,457,1,5,0,6,0,5,0,0,130.328,181,452
2930000,2026-01-19T18:58:08.295487,267105,33268,182143,84961,144716,0.5557507928490901,0.2744668,0.3461566866264649,66.536,297.75,364.286,102.428,431.782,534.21,35.89,134.032,169.922,0.5557507928490901,5489.336,0.0005489336,289.432,0.0,0.0,0.3461566866264649,33268,148875,182143,84961,2744668,1.812,4,0.00999837585282919,0.00999837585282919,0.00999837585282919,0.9897,0.98098,0,38,450,0,2,0,5,0,5,0,0,83.224,167,410
2940000,2026-01-19T18:58:22.758458,268008,33380,182755,85252,145217,0.5557387000825235,0.2753935,0.34615128829860925,66.76,298.75,365.51,102.764,433.252,536.016,36.002,134.502,170.504,0.5557387000825235,5507.87,0.0005507870000000001,290.434,0.0,0.0,0.34615128829860925,33380,149375,182755,85252,2753935,1.864,4,0.00999837585282919,0.00999837585282919,0.00999837585282919,0.9927,0.98112,0,41,451,0,0,0,5,0,3,0,0,29.014,94,227
2950000,2026-01-19T18:58:37.641969,268922,33494,183372,85549,145715,0.5557476851239643,0.2763344,0.34613766744656455,66.988,299.756,366.744,103.1,434.744,537.844,36.112,134.986,171.098,0.5557476851239643,5526.688,0.0005526687999999999,291.43,0.0,0.0,0.34613766744656455,33494,149878,183372,85549,2763344,1.864,4,0.00999837585282919,0.00999837585282919,0.00999837585282919,0.99232,0.98132,1,24,459,0,4,0,9,0,3,0,0,76.224,178,450
2960000,2026-01-19T18:58:52.306170,269851,33601,184001,85849,146248,0.5555468824307872,0.2772687,0.34607870074142055,67.202,300.8,368.002,103.434,436.268,539.702,36.23,135.468,171.698,0.5555468824307872,5545.374,0.0005545373999999999,292.496,0.0,0.0,0.34607870074142055,33601,150400,184001,85849,2772687,1.82,4,0.00999837585282919,0.00999837585282919,0.00999837585282919,0.9929,0.98078,0,53,435,0,1,0,6,0,5,0,0,67.522,169,393
2970000,2026-01-19T18:59:07.309195,270745,33716,184614,86130,146723,0.5551960980354906,0.2782062,0.34596772824149513,67.432,301.796,369.228,103.792,437.698,541.49,36.358,135.902,172.26,0.5551960980354906,5564.124,0.0005564124000000001,293.446,0.0,0.0,0.34596772824149513,33716,150898,184614,86130,2782062,1.888,4,0.00999837585282919,0.00999837585282919,0.00999837585282919,0.99388,0.9811799999999999,0,45,447,0,1,0,4,0,3,0,0,95.05,152,447
2980000,2026-01-19T18:59:21.505344,271685,33826,185249,86436,147240,0.5552232710926933,0.279147,0.3459847347849497,67.652,302.846,370.498,104.154,439.216,543.37,36.502,136.37,172.872,0.5552232710926933,5582.94,0.000558294,294.48,0.0,0.0,0.3459847347849497,33826,151423,185249,86436,2791470,1.908,4,0.00999837585282919,0.00999837585282919,0.00999837585282919,0.99156,0.9809,0,40,440,0,3,1,10,0,6,0,0,98.97,175,473
2990000,2026-01-19T18:59:36.518568,272576,33942,185857,86718,147719,0.5549670916714909,0.2800859,0.3459054204477669,67.884,303.83,371.714,104.5,440.652,545.152,36.616,136.82,173.436,0.5549670916714909,5601.718,0.0005601718,295.438,0.0,0.0,0.3459054204477669,33942,151915,185857,86718,2800859,1.836,4,0.00999837585282919,0.00999837585282919,0.00999837585282919,0.99134,0.9812,0,24,463,0,2,0,6,0,5,0,0,75.566,178,361
3000000,2026-01-19T18:59:51.040862,273441,34059,186455,86985,148162,0.554655367721011,0.2810263,0.3458111330447083,68.118,304.792,372.91,104.85,442.032,546.882,36.732,137.238,173.97,0.554655367721011,5620.526,0.0005620526,296.324,0.0,0.0,0.3458111330447083,34059,152396,186455,86985,2810263,1.876,4,0.00999837585282919,0.00999837585282919,0.00999837585282919,0.9916200000000001,0.98148,0,21,466,0,4,0,5,0,4,0,0,82.376,176,491
3010000,2026-01-19T19:00:05.114763,274390,34169,187098,87291,148701,0.5546624903832091,0.2819515,0.345813017927959,68.338,305.858,374.196,105.202,443.578,548.78,36.862,137.72,174.582,0.5546624903832091,5639.03,0.000563903,297.402,0.0,0.0,0.345813017927959,34169,152929,187098,87291,2819515,1.64,4,0.00999837585282919,0.00999837585282919,0.00999837585282919,0.99172,0.98176,1,41,449,0,0,0,6,0,3,0,0,34.338,102,269
3020000,2026-01-19T19:00:19.161290,275356,34287,187753,87602,149219,0.5546100110184624,0.2828928,0.34579860295491227,68.574,306.932,375.506,105.574,445.138,550.712,37.0,138.204,175.204,0.5546100110184624,5657.856,0.0005657856,298.438,0.0,0.0,0.34579860295491227,34287,153466,187753,87602,2828928,1.85,4,0.00999837585282919,0.00999837585282919,0.00999837585282919,0.9925,0.9812,1,26,454,0,4,0,9,0,6,0,0,120.058,178,463
3030000,2026-01-19T19:00:33.175495,276270,34397,188369,87900,149731,0.5545964023943014,0.2838296,0.34579879495607263,68.794,307.944,376.738,105.922,446.618,552.54,37.126,138.674,175.8,0.5545964023943014,5676.592,0.0005676592,299.462,0.0,0.0,0.34579879495607263,34397,153972,188369,87900,2838296,1.818,4,0.00999837585282919,0.00999837585282919,0.00999837585282919,0.9929,0.9808600000000001,0,36,449,0,5,0,6,0,4,0,0,68.824,148,393
3040000,2026-01-19T19:00:47.201737,277183,34512,188987,88195,150243,0.5544689460719833,0.2847713,0.34575626602609183,69.024,308.95,377.974,106.258,448.108,554.366,37.232,139.158,176.39,0.5544689460719833,5695.426,0.0005695426,300.486,0.0,0.0,0.34575626602609183,34512,154475,188987,88195,2847713,1.764,4,0.00999837585282919,0.00999837585282919,0.00999837585282919,0.99146,0.98114,0,36,459,0,0,0,1,0,4,0,0,87.284,162,366
3050000,2026-01-19T19:01:01.166990,278127,34624,189627,88499,150748,0.5543689099455711,0.2857006,0.3457246915049637,69.248,310.006,379.254,106.632,449.622,556.254,37.382,139.616,176.998,0.5543689099455711,5714.012,0.0005714012000000001,301.496,0.0,0.0,0.3457246915049637,34624,155003,189627,88499,2857006,1.85,4,0.00999837585282919,0.00999837585282919,0.00999837585282919,0.9902799999999999,0.98126,0,36,445,0,3,0,10,0,6,0,0,105.858,160,420
3060000,2026-01-19T19:01:16.462374,279084,34740,190278,88805,151269,0.5543284629196227,0.2866344,0.3456995986365253,69.48,311.076,380.556,107.01,451.158,558.168,37.528,140.082,177.61,0.5543284629196227,5732.688,0.0005732688,302.538,0.0,0.0,0.3456995986365253,34740,155538,190278,88805,2866344,1.954,4,0.00999837585282919,0.00999837585282919,0.00999837585282919,0.99164,0.98084,1,24,456,0,5,0,10,0,4,0,0,111.504,144,461
3070000,2026-01-19T19:01:32.695358,279997,34849,190897,89100,151781,0.5544175634018831,0.2875701,0.3457227122793899,69.698,312.096,381.794,107.354,452.64,559.994,37.656,140.544,178.2,0.5544175634018831,5751.402,0.0005751402,303.562,0.0,0.0,0.3457227122793899,34849,156048,190897,89100,2875701,1.672,4,0.00999837585282919,0.00999837585282919,0.00999837585282919,0.9861,0.9808600000000001,0,29,458,1,3,0,4,0,5,0,0,113.51,180,437
3080000,2026-01-19T19:01:48.438211,280970,34965,191557,89413,152307,0.5543410463113408,0.2885056,0.34571457963897534,69.93,313.184,383.114,107.742,454.198,561.94,37.812,141.014,178.826,0.5543410463113408,5770.112,0.0005770112,304.614,0.0,0.0,0.34571457963897534,34965,156592,191557,89413,2885056,1.852,4,0.00999837585282919,0.00999837585282919,0.00999837585282919,0.99274,0.98066,1,37,443,1,5,0,9,0,4,0,0,107.86,180,482
3090000,2026-01-19T19:02:04.509936,281895,35077,192194,89700,152809,0.5540535118562956,0.2894382,0.34562977531587524,70.154,314.234,384.388,108.116,455.674,563.79,37.96,141.44,179.4,0.5540535118562956,5788.764,0.0005788764,305.618,0.0,0.0,0.34562977531587524,35077,157117,192194,89700,2894382,1.858,4,0.00999837585282919,0.00999837585282919,0.00999837585282919,0.98944,0.9803,0,30,460,0,1,0,5,0,4,0,0,64.436,157,300
3100000,2026-01-19T19:02:19.078069,282805,35197,192817,89988,153289,0.5539238745143638,0.290377,0.345588729250435,70.394,315.24,385.634,108.45,457.16,565.61,38.056,141.92,179.976,0.5539238745143638,5807.54,0.000580754,306.578,0.0,0.0,0.345588729250435,35197,157620,192817,89988,2903770,1.85,4,0.00999837585282919,0.00999837585282919,0.00999837585282919,0.99378,0.9806999999999999,0,23,460,0,4,0,7,1,5,0,0,93.67,125,459
3110000,2026-01-19T19:02:33.080598,283738,35308,193437,90300,153819,0.554008723324742,0.2913115,0.3456209385244183,70.616,316.258,386.874,108.786,458.69,567.476,38.168,142.432,180.6,0.554008723324742,5826.23,0.000582623,307.638,0.0,0.0,0.3456209385244183,35308,158129,193437,90300,2913115,1.942,4,0.00999837585282919,0.00999837585282919,0.00999837585282919,0.98966,0.9811799999999999,0,23,459,0,2,0,10,0,6,0,0,87.016,141,431
3120000,2026-01-19T19:02:48.605930,284639,35420,194044,90594,154324,0.5540048149191916,0.2922555,0.34562031001914567,70.84,317.248,388.088,109.11,460.168,569.278,38.27,142.918,181.188,0.5540048149191916,5845.11,0.000584511,308.648,0.0,0.0,0.34562031001914567,35420,158624,194044,90594,2922555,1.812,4,0.00999837585282919,0.00999837585282919,0.00999837585282919,0.99148,0.98138,0,20,465,0,4,0,6,0,5,0,0,103.992,178,392
3130000,2026-01-19T19:03:03.920432,285594,35530,194690,90903,154853,0.5539290709145548,0.2931862,0.3455876662208207,71.06,318.32,389.38,109.474,461.714,571.188,38.412,143.394,181.806,0.5539290709145548,5863.724,0.0005863724,309.706,0.0,0.0,0.3455876662208207,35530,159160,194690,90903,2931862,1.86,4,0.00999837585282919,0.00999837585282919,0.00999837585282919,0.9919600000000001,0.98138,0,33,446,0,5,0,12,0,4,0,0,85.29,127,478
3140000,2026-01-19T19:03:18.269393,286550,35638,195339,91211,155403,0.5538530402176143,0.2941238,0.3455608607838048,71.276,319.402,390.678,109.834,463.266,573.1,38.558,143.864,182.422,0.5538530402176143,5882.476,0.0005882476,310.806,0.0,0.0,0.3455608607838048,35638,159701,195339,91211,2941238,1.94,4,0.00999837585282919,0.00999837585282919,0.00999837585282919,0.98952,0.98134,0,30,455,0,3,0,8,1,3,0,0,45.176,123,389
3150000,2026-01-19T19:03:32.231185,287515,35755,195992,91522,155935,0.5537417055470494,0.2950499,0.3455222859318645,71.51,320.474,391.984,110.188,464.842,575.03,38.676,144.368,183.044,0.5537417055470494,5900.998,0.0005900997999999999,311.87,0.0,0.0,0.3455222859318645,35755,160237,195992,91522,2950499,1.86,4,0.00999837585282919,0.00999837585282919,0.00999837585282919,0.99398,0.98148,0,39,442,0,5,0,10,0,4,0,0,95.768,162,493
3160000,2026-01-19T19:03:46.730074,288479,35863,196642,91836,156482,0.55364125132314,0.2959833,0.34549539820650255,71.726,321.558,393.284,110.556,466.402,576.958,38.83,144.842,183.672,0.55364125132314,5919.666,0.0005919666,312.964,0.0,0.0,0.34549539820650255,35863,160779,196642,91836,2959833,1.854,4,0.00999837585282919,0.00999837585282919,0.00999837585282919,0.99126,0.9812799999999999,0,30,451,0,4,0,9,0,6,0,0,120.188,176,368
3170000,2026-01-19T19:04:00.673287,289412,35973,197276,92135,156999,0.5535059573027244,0.296916,0.3454595825834724,71.946,322.606,394.552,110.92,467.904,578.824,38.974,145.296,184.27,0.5535059573027244,5938.32,0.000593832,313.998,0.0,0.0,0.3454595825834724,35973,161303,197276,92135,2969160,1.92,4,0.00999837585282919,0.00999837585282919,0.00999837585282919,0.9927,0.98042,0,30,452,0,3,0,8,0,7,0,0,100.536,179,446
3180000,2026-01-19T19:04:17.260841,290380,36087,197937,92442,157531,0.553518280162442,0.2978454,0.34545050925519405,72.174,323.7,395.874,111.294,469.466,580.76,39.118,145.766,184.884,0.553518280162442,5956.908,0.0005956908,315.062,0.0,0.0,0.34545050925519405,36087,161850,197937,92442,2978454,1.982,4,0.00999837585282919,0.00999837585282919,0.00999837585282919,0.9934,0.98034,0,39,441,0,3,0,10,0,7,0,0,106.988,150,479
3190000,2026-01-19T19:04:33.904627,291286,36199,198543,92743,158049,0.5535705224599238,0.2987844,0.34547405897296385,72.398,324.688,397.086,111.61,470.962,582.572,39.212,146.274,185.486,0.5535705224599238,5975.688,0.0005975688,316.098,0.0,0.0,0.34547405897296385,36199,162344,198543,92743,2987844,1.95,4,0.00999837585282919,0.00999837585282919,0.00999837585282919,0.98988,0.98056,0,16,470,1,3,0,5,0,5,0,0,128.744,180,438
3200000,2026-01-19T19:04:49.743073,292210,36305,199168,93041,158559,0.5534896938133771,0.2997185,0.34545700088737885,72.61,325.726,398.336,111.982,472.438,584.42,39.37,146.712,186.082,0.5534896938133771,5994.37,0.000599437,317.118,0.0,0.0,0.34545700088737885,36305,162863,199168,93041,2997185,1.884,4,0.00999837585282919,0.00999837585282919,0.00999837585282919,0.9921599999999999,0.9809399999999999,0,28,457,0,2,0,7,0,6,0,0,81.31,153,450
3210000,2026-01-19T19:05:04.673142,293144,36423,199809,93334,159055,0.553212150392147,0.300655,0.3453694648428913,72.846,326.772,399.618,112.346,473.942,586.288,39.498,147.17,186.668,0.553212150392147,6013.1,0.00060131,318.11,0.0,0.0,0.3453694648428913,36423,163386,199809,93334,3006550,1.85,4,0.00999837585282919,0.00999837585282919,0.00999837585282919,0.99346,0.98088,0,29,455,0,2,0,8,0,6,0,0,97.558,154,404
3220000,2026-01-19T19:05:19.528035,294098,36538,200460,93637,159580,0.553211031915392,0.301588,0.345368784426184,73.076,327.844,400.92,112.722,475.474,588.196,39.644,147.63,187.274,0.553211031915392,6031.76,0.0006031760000000001,319.16,0.0,0.0,0.345368784426184,36538,163922,200460,93637,3015880,2.002,4,0.00999837585282919,0.00999837585282919,0.00999837585282919,0.99536,0.98066,0,56,432,0,0,0,8,0,4,0,0,61.532,138,381
3230000,2026-01-19T19:05:34.421017,295067,36655,201124,93942,160109,0.5531884740087303,0.302523,0.3453513724203914,73.31,328.938,402.248,113.09,477.044,590.134,39.78,148.104,187.884,0.5531884740087303,6050.46,0.0006050459999999999,320.218,0.0,0.0,0.3453513724203914,36655,164469,201124,93942,3025230,1.81,4,0.00999837585282919,0.00999837585282919,0.00999837585282919,0.99188,0.9803999999999999,0,37,451,0,1,0,7,0,4,0,0,63.846,129,492
3240000,2026-01-19T19:05:49.439807,296026,36769,201776,94249,160638,0.5531807623197817,0.3034522,0.3453342616461535,73.538,330.014,403.552,113.458,478.594,592.052,39.918,148.58,188.498,0.5531807623197817,6069.044,0.0006069044,321.276,0.0,0.0,0.3453342616461535,36769,165007,201776,94249,3034522,1.798,4,0.00999837585282919,0.00999837585282919,0.00999837585282919,0.9942799999999999,0.98012,0,57,430,0,1,0,8,0,4,0,0,65.146,133,456
3250000,2026-01-19T19:06:04.421838,296982,36891,202436,94546,161150,0.5531095542355884,0.3043898,0.34529994581544754,73.782,331.09,404.872,113.828,480.136,593.964,40.046,149.046,189.092,0.5531095542355884,6087.796,0.0006087795999999999,322.3,0.0,0.0,0.34529994581544754,36891,165545,202436,94546,3043898,1.83,4,0.00999837585282919,0.00999837585282919,0.00999837585282919,0.9846,0.98056,0,33,459,0,2,0,2,1,3,0,0,83.992,140,413
3260000,2026-01-19T19:06:19.717827,297916,37005,203069,94847,161659,0.5528305938651833,0.3053271,0.3452169334033571,74.01,332.128,406.138,114.192,481.64,595.832,40.182,149.512,189.694,0.5528305938651833,6106.542,0.0006106542,323.318,0.0,0.0,0.3452169334033571,37005,166064,203069,94847,3053271,1.846,4,0.00999837585282919,0.00999837585282919,0.00999837585282919,0.9920399999999999,0.98058,0,27,463,1,2,0,3,0,4,0,0,94.896,180,455
3270000,2026-01-19T19:06:34.751388,298829,37115,203686,95142,162164,0.5526935475192575,0.3062583,0.34517701689680913,74.23,333.142,407.372,114.53,483.128,597.658,40.298,149.986,190.284,0.5526935475192575,6125.166,0.0006125166,324.328,0.0,0.0,0.34517701689680913,37115,166571,203686,95142,3062583,1.814,4,0.00999837585282919,0.00999837585282919,0.00999837585282919,0.99276,0.98112,0,54,434,0,2,0,6,0,4,0,0,70.056,113,433
3280000,2026-01-19T19:06:49.254559,299786,37226,204340,95445,162692,0.5525833562267434,0.3071948,0.34514521102334117,74.452,334.228,408.68,114.902,484.67,599.572,40.448,150.442,190.89,0.5525833562267434,6143.896,0.0006143896,325.384,0.0,0.0,0.34514521102334117,37226,167114,204340,95445,3071948,1.726,4,0.00999837585282919,0.00999837585282919,0.00999837585282919,0.9920599999999999,0.98122,0,35,452,0,0,0,6,0,7,0,0,76.086,150,436
3290000,2026-01-19T19:07:04.396551,300770,37338,205005,95765,163240,0.5524849767148291,0.3081266,0.34512264875728565,74.676,335.334,410.01,115.278,486.262,601.54,40.602,150.928,191.53,0.5524849767148291,6162.532,0.0006162531999999999,326.48,0.0,0.0,0.34512264875728565,37338,167667,205005,95765,3081266,1.688,4,0.00999837585282919,0.00999837585282919,0.00999837585282919,0.99202,0.98064,0,45,435,0,3,0,9,0,8,0,0,55.374,118,492
3300000,2026-01-19T19:07:19.452658,301702,37447,205631,96070,163778,0.5522899895687493,0.309062,0.34506758493015527,74.894,336.368,411.262,115.626,487.778,603.404,40.73,151.41,192.14,0.5522899895687493,6181.24,0.0006181240000000001,327.556,0.0,0.0,0.34506758493015527,37447,168184,205631,96070,3090620,1.916,4,0.00999837585282919,0.00999837585282919,0.00999837585282919,0.9934,0.98048,0,37,453,0,0,0,5,0,5,0,0,82.848,154,440
3310000,2026-01-19T19:07:34.629530,302629,37557,206259,96369,164299,0.5522142696143859,0.3099988,0.34503879609355975,75.114,337.404,412.518,115.964,489.294,605.258,40.85,151.888,192.738,0.5522142696143859,6199.976,0.0006199976,328.598,0.0,0.0,0.34503879609355975,37557,168702,206259,96369,3099988,1.884,4,0.00999837585282919,0.00999837585282919,0.00999837585282919,0.99438,0.9806999999999999,1,41,449,0,2,0,4,0,3,0,0,27.712,113,405
3320000,2026-01-19T19:07:49.823954,303551,37670,206882,96668,164808,0.5521471732042794,0.3109349,0.34502743415754644,75.34,338.424,413.764,116.294,490.808,607.102,40.954,152.382,193.336,0.5521471732042794,6218.698,0.0006218698,329.616,0.0,0.0,0.34502743415754644,37670,169212,206882,96668,3109349,1.87,4,0.00999837585282919,0.00999837585282919,0.00999837585282919,0.99334,0.98078,0,35,450,0,5,0,7,0,3,0,0,135.59,179,479
3330000,2026-01-19T19:08:04.968683,304488,37779,207521,96966,165325,0.5518982185976932,0.3118703,0.34495940093715916,75.558,339.484,415.042,116.668,492.308,608.976,41.108,152.824,193.932,0.5518982185976932,6237.406,0.0006237406,330.65,0.0,0.0,0.34495940093715916,37779,169742,207521,96966,3118703,1.838,4,0.00999837585282919,0.00999837585282919,0.00999837585282919,0.99174,0.98046,0,35,452,0,3,0,6,0,4,0,0,84.262,167,410
3340000,2026-01-19T19:08:20.301010,305419,37889,208154,97264,165841,0.5518201970763568,0.3128011,0.3449363915406824,75.778,340.53,416.308,117.02,493.818,610.838,41.24,153.288,194.528,0.5518201970763568,6256.022,0.0006256022,331.682,0.0,0.0,0.3449363915406824,37889,170265,208154,97264,3128011,1.768,4,0.00999837585282919,0.00999837585282919,0.00999837585282919,0.9940399999999999,0.9806,0,58,429,0,1,0,9,0,3,0,0,58.564,135,385
3350000,2026-01-19T19:08:35.243316,306344,38006,208775,97568,166342,0.551730829414432,0.3137441,0.34491953368050104,76.012,341.538,417.55,117.354,495.334,612.688,41.342,153.794,195.136,0.551730829414432,6274.882,0.0006274882,332.684,0.0,0.0,0.34491953368050104,38006,170769,208775,97568,3137441,1.82,4,0.00999837585282919,0.00999837585282919,0.00999837585282919,0.98878,0.98046,0,11,467,0,5,0,10,0,7,0,0,130.018,171,479
3360000,2026-01-19T19:08:50.403017,307224,38118,209365,97859,166836,0.5516042001234674,0.3146867,0.344884571004584,76.236,342.494,418.73,117.674,496.774,614.448,41.438,154.28,195.718,0.5516042001234674,6293.734,0.0006293733999999999,333.672,0.0,0.0,0.344884571004584,38118,171247,209365,97859,3146867,1.79,4,0.00999837585282919,0.00999837585282919,0.00999837585282919,0.99218,0.98102,0,45,437,1,3,0,7,0,7,0,0,96.228,181,487
3370000,2026-01-19T19:09:06.034580,308130,38229,209982,98147,167323,0.5514113145638161,0.3156242,0.34482745163634565,76.458,343.506,419.964,118.034,498.226,616.26,41.574,154.72,196.294,0.5514113145638161,6312.484,0.0006312484000000001,334.646,0.0,0.0,0.34482745163634565,38229,171753,209982,98147,3156242,1.744,4,0.00999837585282919,0.00999837585282919,0.00999837585282919,0.9916,0.9808600000000001,1,24,454,0,4,0,11,0,6,0,0,105.416,161,489
3380000,2026-01-19T19:09:22.263866,308995,38339,210572,98423,167800,0.5513282728874567,0.3165663,0.3448003852045399,76.678,344.466,421.144,118.37,499.62,617.99,41.692,155.154,196.846,0.5513282728874567,6331.326,0.0006331326,335.6,0.0,0.0,0.3448003852045399,38339,172233,210572,98423,3165663,1.876,4,0.00999837585282919,0.00999837585282919,0.00999837585282919,0.9932000000000001,0.9810800000000001,1,34,458,0,2,0,3,0,2,0,0,45.366,118,429
3390000,2026-01-19T19:09:38.335415,309953,38457,211214,98738,168329,0.5513725243218014,0.3174987,0.344811265376627,76.914,345.514,422.428,118.72,501.186,619.906,41.804,155.672,197.476,0.5513725243218014,6349.974,0.0006349974,336.658,0.0,0.0,0.344811265376627,38457,172757,211214,98738,3174987,1.794,4,0.00999837585282919,0.00999837585282919,0.00999837585282919,0.99126,0.98064,0,39,447,0,3,0,6,0,5,0,0,100.724,140,449
3400000,2026-01-19T19:09:53.067422,310869,38572,211836,99032,168821,0.5513419540639449,0.3184396,0.34478853079899546,77.144,346.528,423.672,119.082,502.656,621.738,41.938,156.126,198.064,0.5513419540639449,6368.792,0.0006368792,337.642,0.0,0.0,0.34478853079899546,38572,173264,211836,99032,3184396,1.806,4,0.00999837585282919,0.00999837585282919,0.00999837585282919,0.9929399999999999,0.98046,0,21,464,0,3,0,6,0,6,0,0,100.37,179,378
3410000,2026-01-19T19:10:07.751399,311795,38686,212461,99333,169333,0.5512463589569865,0.3193731,0.3447559414151275,77.372,347.55,424.922,119.434,504.156,623.59,42.06,156.606,198.666,0.5512463589569865,6387.462,0.0006387462,338.666,0.0,0.0,0.3447559414151275,38686,173775,212461,99333,3193731,1.678,4,0.00999837585282919,0.00999837585282919,0.00999837585282919,0.98988,0.98052,0,44,442,0,3,0,5,0,6,0,0,73.74,143,415
3420000,2026-01-19T19:10:22.775192,312693,38799,213075,99617,169828,0.5510378733949198,0.320312,0.3447046271371729,77.598,348.552,426.15,119.77,505.616,625.386,42.17,157.064,199.234,0.5510378733949198,6406.24,0.000640624,339.656,0.0,0.0,0.3447046271371729,38799,174276,213075,99617,3203120,1.89,4,0.00999837585282919,0.00999837585282919,0.00999837585282919,0.99114,0.98064,0,29,465,0,1,0,2,0,3,0,0,86.086,170,368
3430000,2026-01-19T19:10:37.223372,313570,38911,213673,99896,170290,0.5509048905280526,0.3212502,0.3446664840890137,77.822,349.524,427.346,120.094,507.046,627.14,42.27,157.522,199.792,0.5509048905280526,6425.004,0.0006425004,340.58,0.0,0.0,0.3446664840890137,38911,174762,213673,99896,3212502,1.796,4,0.00999837585282919,0.00999837585282919,0.00999837585282919,0.98914,0.9809399999999999,0,26,458,0,4,0,7,0,5,0,0,119.262,173,465
3440000,2026-01-19T19:10:51.887033,314473,39027,214290,100182,170778,0.5506421013817095,0.32218,0.34458332740557873,78.054,350.526,428.58,120.442,508.504,628.946,42.386,157.978,200.364,0.5506421013817095,6443.6,0.0006443600000000001,341.556,0.0,0.0,0.34458332740557873,39027,175263,214290,100182,3221800,1.828,4,0.00999837585282919,0.00999837585282919,0.00999837585282919,0.9931,0.98062,0,26,463,0,3,0,4,0,4,0,0,63.512,125,439
3450000,2026-01-19T19:11:07.086959,315352,39142,214894,100457,171236,0.5505166257092762,0.3231211,0.3445415488512846,78.284,351.504,429.788,120.8,509.904,630.704,42.514,158.4,200.914,0.5505166257092762,6462.422,0.0006462422,342.472,0.0,0.0,0.3445415488512846,39142,175752,214894,100457,3231211,1.956,4,0.00999837585282919,0.00999837585282919,0.00999837585282919,0.99122,0.981,0,31,457,0,3,0,6,0,3,0,0,102.886,143,465
3460000,2026-01-19T19:11:21.822786,316286,39257,215525,100760,171749,0.5504117020694431,0.3240612,0.34450767134872673,78.514,352.536,431.05,121.154,511.418,632.572,42.64,158.88,201.52,0.5504117020694431,6481.224,0.0006481224,343.498,0.0,0.0,0.34450767134872673,39257,176268,215525,100760,3240612,1.846,4,0.00999837585282919,0.00999837585282919,0.00999837585282919,0.99202,0.981,1,14,471,0,2,0,9,0,3,0,0,97.138,176,407
3470000,2026-01-19T19:11:36.618274,317181,39363,216133,101047,172242,0.5502481349722953,0.3250002,0.34446002575498913,78.726,353.54,432.266,121.504,512.858,634.362,42.776,159.318,202.094,0.5502481349722953,6500.004,0.0006500004,344.484,0.0,0.0,0.34446002575498913,39363,176770,216133,101047,3250002,1.896,4,0.00999837585282919,0.00999837585282919,0.00999837585282919,0.99084,0.98092,0,31,456,0,2,0,5,0,6,0,0,106.348,171,488
3480000,2026-01-19T19:11:51.190892,318103,39481,216760,101342,172734,0.5501769151170035,0.3259371,0.34443428806661297,78.962,354.558,433.52,121.856,514.35,636.206,42.894,159.79,202.684,0.5501769151170035,6518.742,0.0006518742,345.468,0.0,0.0,0.34443428806661297,39481,177279,216760,101342,3259371,1.778,4,0.00999837585282919,0.00999837585282919,0.00999837585282919,0.99086,0.98084,1,43,437,0,5,0,8,0,6,0,0,79.416,135,438
3490000,2026-01-19T19:12:05.896947,318973,39593,217355,101617,173208,0.5499964163639978,0.3268759,0.3443681302717138,79.186,355.524,434.71,122.194,515.752,637.946,43.006,160.228,203.234,0.5499964163639978,6537.518,0.0006537518,346.416,0.0,0.0,0.3443681302717138,39593,177762,217355,101617,3268759,1.918,4,0.00999837585282919,0.00999837585282919,0.00999837585282919,0.9902799999999999,0.9808600000000001,0,24,467,0,0,0,4,0,5,0,0,51.14,151,408
3500000,2026-01-19T19:12:20.714029,319878,39705,217971,101906,173698,0.5499852028251329,0.3278136,0.34436352263116826,79.41,356.532,435.942,122.538,517.218,639.756,43.126,160.686,203.812,0.5499852028251329,6556.272,0.0006556272,347.396,0.0,0.0,0.34436352263116826,39705,178266,217971,101906,3278136,1.93,4,0.00999837585282919,0.00999837585282919,0.00999837585282919,0.99238,0.98092,0,33,455,0,1,0,5,0,6,0,0,87.112,158,455
3510000,2026-01-19T19:12:36.343227,320806,39817,218602,102203,174205,0.5498706569060879,0.3287521,0.3443342310123452,79.634,357.57,437.204,122.888,518.724,641.612,43.252,161.154,204.406,0.5498706569060879,6575.042,0.0006575042,348.41,0.0,0.0,0.3443342310123452,39817,178785,218602,102203,3287521,1.87,4,0.00999837585282919,0.00999837585282919,0.00999837585282919,0.9920399999999999,0.98084,0,33,449,0,5,0,7,0,6,0,0,115.416,164,488
3520000,2026-01-19T19:12:51.480436,321708,39927,219214,102494,174709,0.5497777564359844,0.3296894,0.3443024413026902,79.854,358.574,438.428,123.228,520.188,643.416,43.374,161.614,204.988,0.5497777564359844,6593.788,0.0006593788,349.418,0.0,0.0,0.3443024413026902,39927,179287,219214,102494,3296894,1.848,4,0.00999837585282919,0.00999837585282919,0.00999837585282919,0.99144,0.98072,0,35,451,0,4,0,6,1,3,0,0,70.696,124,451
3530000,2026-01-19T19:13:06.398913,322616,40044,219833,102782,175189,0.549752062308834,0.3306274,0.34428434249805145,80.088,359.578,439.666,123.584,521.648,645.232,43.494,162.07,205.564,0.549752062308834,6612.548,0.0006612548000000001,350.378,0.0,0.0,0.34428434249805145,40044,179789,219833,102782,3306274,1.896,4,0.00999837585282919,0.00999837585282919,0.00999837585282919,0.99,0.98036,0,31,453,0,4,0,7,0,5,0,0,108.468,168,489
3540000,2026-01-19T19:13:21.464806,323544,40159,220472,103071,175692,0.5496474056289137,0.331549,0.344245195979308,80.318,360.626,440.944,123.948,523.14,647.088,43.628,162.514,206.142,0.5496474056289137,6630.98,0.000663098,351.384,0.0,0.0,0.344245195979308,40159,180313,220472,103071,3315490,1.852,4,0.00999837585282919,0.00999837585282919,0.00999837585282919,0.9927,0.98014,1,50,436,0,1,0,5,0,7,0,0,37.978,100,313
3550000,2026-01-19T19:13:36.442140,324478,40273,221108,103369,176204,0.5494219741319681,0.3324907,0.3441782761330949,80.546,361.67,442.216,124.306,524.65,648.956,43.76,162.978,206.738,0.5494219741319681,6649.814,0.0006649814000000001,352.408,0.0,0.0,0.3441782761330949,40273,180835,221108,103369,3324907,1.894,4,0.00999837585282919,0.00999837585282919,0.00999837585282919,0.9910599999999999,0.9799,1,15,470,0,2,0,8,0,4,0,0,55.272,179,208
3560000,2026-01-19T19:13:51.245842,325397,40389,221737,103659,176699,0.5491866763448549,0.3334258,0.3441046331961227,80.778,362.696,443.474,124.66,526.134,650.794,43.88,163.438,207.318,0.5491866763448549,6668.516,0.0006668516,353.398,0.0,0.0,0.3441046331961227,40389,181348,221737,103659,3334258,1.854,4,0.00999837585282919,0.00999837585282919,0.00999837585282919,0.99234,0.98,1,44,443,0,3,0,5,0,4,0,0,75.11,157,412
3570000,2026-01-19T19:14:05.762149,326284,40501,222339,103944,177179,0.5491254078169204,0.3343681,0.3440774409494002,81.002,363.676,444.678,124.994,527.574,652.568,43.992,163.896,207.888,0.5491254078169204,6687.362,0.0006687362,354.358,0.0,0.0,0.3440774409494002,40501,181838,222339,103944,3343681,1.834,4,0.00999837585282919,0.00999837585282919,0.00999837585282919,0.99338,0.9803,1,43,442,0,5,0,6,0,3,0,0,89.112,178,472
3580000,2026-01-19T19:14:19.935771,327179,40614,222945,104233,177665,0.5491128741501019,0.3353071,0.34406906709394935,81.228,364.662,445.89,125.348,529.01,654.358,44.118,164.348,208.466,0.5491128741501019,6706.142,0.0006706142,355.33,0.0,0.0,0.34406906709394935,40614,182331,222945,104233,3353071,1.802,4,0.00999837585282919,0.00999837585282919,0.00999837585282919,0.99102,0.98022,0,28,462,0,0,0,8,0,2,0,0,48.788,164,247
3590000,2026-01-19T19:14:35.832724,328101,40720,223569,104531,178180,0.5490950814083755,0.3362401,0.3440675325104023,81.44,365.698,447.138,125.7,530.502,656.202,44.258,164.804,209.062,0.5490950814083755,6724.802,0.0006724802,356.36,0.0,0.0,0.3440675325104023,40720,182849,223569,104531,3362401,1.98,4,0.00999837585282919,0.00999837585282919,0.00999837585282919,0.9916799999999999,0.98026,0,24,463,0,3,0,6,0,4,0,0,81.178,127,433
3600000,2026-01-19T19:14:50.891541,328965,40830,224155,104809,178655,0.5489980349971957,0.3371851,0.3440442633353045,81.66,366.65,448.31,126.02,531.91,657.93,44.358,165.26,209.618,0.5489980349971957,6743.702,0.0006743702,357.31,0.0,0.0,0.3440442633353045,40830,183325,224155,104809,3371851,1.786,4,0.00999837585282919,0.00999837585282919,0.00999837585282919,0.9850599999999999,0.98078,0,30,459,0,2,0,4,0,5,0,0,82.69,157,469
3610000,2026-01-19T19:15:05.998048,329883,40940,224772,105110,179173,0.5489812318717545,0.338111,0.344033708212393,81.88,367.664,449.544,126.348,533.418,659.766,44.466,165.754,210.22,0.5489812318717545,6762.22,0.000676222,358.346,0.0,0.0,0.344033708212393,40940,183832,224772,105110,3381110,1.92,4,0.00999837585282919,0.00999837585282919,0.00999837585282919,0.9917999999999999,0.9808,0,31,456,0,3,0,5,0,5,0,0,75.194,156,464
3620000,2026-01-19T19:15:20.259276,330804,41056,225402,105401,179660,0.5487581526187455,0.3390469,0.34396260483562235,82.112,368.692,450.804,126.706,534.902,661.608,44.592,166.21,210.802,0.5487581526187455,6780.938,0.0006780938,359.32,0.0,0.0,0.34396260483562235,41056,184346,225402,105401,3390469,1.904,4,0.00999837585282919,0.00999837585282919,0.00999837585282919,0.99258,0.98112,0,27,455,0,4,0,10,0,4,0,0,124.586,164,455
3630000,2026-01-19T19:15:35.054850,331692,41168,226010,105681,180148,0.5486938892047497,0.3399857,0.34393862298249955,82.336,369.684,452.02,127.034,536.35,663.384,44.698,166.664,211.362,0.5486938892047497,6799.714,0.0006799714,360.296,0.0,0.0,0.34393862298249955,41168,184842,226010,105681,3399857,1.814,4,0.00999837585282919,0.00999837585282919,0.00999837585282919,0.99364,0.98162,3,22,467,0,1,0,3,0,4,0,0,47.328,121,237
3640000,2026-01-19T19:15:49.547889,332651,41283,226659,105991,180674,0.5486053518491144,0.3409203,0.34392028187471224,82.566,370.752,453.318,127.398,537.904,665.302,44.832,167.15,211.982,0.5486053518491144,6818.406,0.0006818406000000001,361.348,0.0,0.0,0.34392028187471224,41283,185376,226659,105991,3409203,1.926,4,0.00999837585282919,0.00999837585282919,0.00999837585282919,0.9923200000000001,0.98132,0,33,455,0,1,0,5,0,6,0,0,90.098,170,464
3650000,2026-01-19T19:16:03.948487,333589,41396,227296,106292,181198,0.5485083319083464,0.3418476,0.34388546451951374,82.792,371.8,454.592,127.742,539.436,667.178,44.948,167.636,212.584,0.5485083319083464,6836.952,0.0006836952,362.396,0.0,0.0,0.34388546451951374,41396,185900,227296,106292,3418476,1.902,4,0.00999837585282919,0.00999837585282919,0.00999837585282919,0.99472,0.98076,0,44,446,0,2,0,5,0,3,0,0,58.046,105,417
3660000,2026-01-19T19:16:19.628557,334511,41515,227926,106585,181686,0.5482988959664064,0.3427928,0.34382817237677754,83.03,372.822,455.852,128.09,540.932,669.022,45.06,168.11,213.17,0.5482988959664064,6855.856,0.0006855856,363.372,0.0,0.0,0.34382817237677754,41515,186411,227926,106585,3427928,1.988,4,0.00999837585282919,0.00999837585282919,0.00999837585282919,0.99252,0.9800399999999999,0,34,450,0,3,1,8,0,4,0,0,122.406,174,437
3670000,2026-01-19T19:16:34.172928,335383,41634,228520,106862,182155,0.5482335465952319,0.3437308,0.3437971876226629,83.268,373.772,457.04,128.416,542.35,670.766,45.146,168.578,213.724,0.5482335465952319,6874.616,0.0006874616,364.31,0.0,0.0,0.3437971876226629,41634,186886,228520,106862,3437308,1.852,4,0.00999837585282919,0.00999837585282919,0.00999837585282919,0.99046,0.98008,0,39,455,0,0,0,2,0,4,0,0,45.786,136,227
3680000,2026-01-19T19:16:48.110956,336324,41750,229167,107156,182651,0.5479706401909256,0.3446668,0.343726060114271,83.5,374.834,458.334,128.792,543.856,672.648,45.29,169.022,214.312,0.5479706401909256,6893.336,0.0006893336,365.302,0.0,0.0,0.343726060114271,41750,187417,229167,107156,3446668,1.786,4,0.00999837585282919,0.00999837585282919,0.00999837585282919,0.9917,0.9800800000000001,0,42,444,0,2,0,6,0,6,0,0,83.256,169,457
3690000,2026-01-19T19:17:02.215673,337247,41860,229790,107456,183163,0.5479156693043026,0.3456038,0.34371165554703537,83.72,375.86,459.58,129.154,545.34,674.494,45.432,169.48,214.912,0.5479156693043026,6912.076,0.0006912076,366.326,0.0,0.0,0.34371165554703537,41860,187930,229790,107456,3456038,1.796,4,0.00999837585282919,0.00999837585282919,0.00999837585282919,0.99024,0.97952,0,15,473,0,3,0,5,0,4,0,0,120.626,169,451
3700000,2026-01-19T19:17:17.702146,338228,41975,230463,107764,183693,0.5476874815057319,0.3465336,0.34364519539713434,83.95,376.976,460.926,129.552,546.904,676.456,45.6,169.928,215.528,0.5476874815057319,6930.672,0.0006930672,367.386,0.0,0.0,0.34364519539713434,41975,188488,230463,107764,3465336,1.952,4,0.00999837585282919,0.00999837585282919,0.00999837585282919,0.9919399999999999,0.9789,0,37,450,0,0,0,5,0,8,0,0,73.736,146,421
3710000,2026-01-19T19:17:33.302680,339201,42095,231132,108069,184215,0.5474700336580125,0.3474678,0.34358177716296584,84.19,378.074,462.264,129.938,548.464,678.402,45.748,170.39,216.138,0.5474700336580125,6949.356,0.0006949356,368.43,0.0,0.0,0.34358177716296584,42095,189037,231132,108069,3474678,1.794,4,0.00999837585282919,0.00999837585282919,0.00999837585282919,0.99152,0.9789800000000001,0,31,456,0,2,1,7,0,3,0,0,103.702,175,457
3720000,2026-01-19T19:17:48.784071,340144,42210,231770,108373,184724,0.5472641820338796,0.3484015,0.34353082241536087,84.42,379.12,463.54,130.308,549.98,680.288,45.886,170.86,216.746,0.5472641820338796,6968.03,0.000696803,369.448,0.0,0.0,0.34353082241536087,42210,189560,231770,108373,3484015,1.862,4,0.00999837585282919,0.00999837585282919,0.00999837585282919,0.99218,0.97844,0,50,431,0,7,0,9,0,3,0,0,102.886,166,489
3730000,2026-01-19T19:18:03.024118,341099,42326,232418,108681,185250,0.5470387306288901,0.3493353,0.34346718770775325,84.652,380.184,464.836,130.678,551.52,682.198,46.026,171.336,217.362,0.5470387306288901,6986.706,0.0006986706000000001,370.5,0.0,0.0,0.34346718770775325,42326,190092,232418,108681,3493353,1.782,4,0.00999837585282919,0.00999837585282919,0.00999837585282919,0.99066,0.97874,0,27,456,1,2,0,8,0,6,0,0,82.64,181,475
3740000,2026-01-19T19:18:17.802914,342009,42436,233034,108974,185752,0.5468605415109837,0.3502704,0.34341071840010684,84.872,381.196,466.068,131.014,553.004,684.018,46.14,171.808,217.948,0.5468605415109837,7005.408,0.0007005408,371.504,0.0,0.0,0.34341071840010684,42436,190598,233034,108974,3502704,1.998,4,0.00999837585282919,0.00999837585282919,0.00999837585282919,0.99302,0.9792799999999999,0,28,454,0,2,0,9,0,7,0,0,100.436,151,469
3750000,2026-01-19T19:18:33.127882,342921,42546,233657,109263,186251,0.5467834274453538,0.3512078,0.3433889221704481,85.092,382.222,467.314,131.364,554.478,685.842,46.27,172.256,218.526,0.5467834274453538,7024.156,0.0007024156000000001,372.502,0.0,0.0,0.3433889221704481,42546,191111,233657,109263,3512078,1.782,4,0.00999837585282919,0.00999837585282919,0.00999837585282919,0.9936,0.9795799999999999,0,34,450,0,4,0,7,0,5,0,0,101.596,140,475
3760000,2026-01-19T19:18:48.090785,343843,42660,234284,109558,186752,0.5466065791778364,0.3521408,0.3433349258252288,85.32,383.248,468.568,131.72,555.966,687.686,46.398,172.718,219.116,0.5466065791778364,7042.816,0.0007042816,373.504,0.0,0.0,0.3433349258252288,42660,191624,234284,109558,3521408,2.016,4,0.00999837585282919,0.00999837585282919,0.00999837585282919,0.99286,0.9798600000000001,0,31,456,0,2,0,6,0,5,0,0,55.992,132,401
3770000,2026-01-19T19:19:02.699293,344745,42772,234904,109840,187248,0.5465028551328249,0.3530745,0.3432986428555528,85.544,384.264,469.808,132.06,557.43,689.49,46.514,173.166,219.68,0.5465028551328249,7061.49,0.000706149,374.496,0.0,0.0,0.3432986428555528,42772,192132,234904,109840,3530745,1.926,4,0.00999837585282919,0.00999837585282919,0.00999837585282919,0.99022,0.98014,0,36,461,0,0,0,1,0,2,0,0,32.114,96,274
3780000,2026-01-19T19:19:16.883725,345672,42884,235531,110140,187745,0.5465198616594175,0.3540191,0.3432990526955616,85.768,385.294,471.062,132.424,558.92,691.344,46.654,173.626,220.28,0.5465198616594175,7080.382,0.0007080382,375.49,0.0,0.0,0.3432990526955616,42884,192647,235531,110140,3540191,1.894,4,0.00999837585282919,0.00999837585282919,0.00999837585282919,0.99266,0.97996,0,42,442,0,2,0,6,0,8,0,0,91.536,172,485
3790000,2026-01-19T19:19:30.698767,346593,42992,236159,110433,188257,0.5464851178956576,0.3549446,0.3432749235173782,85.984,386.334,472.318,132.792,560.394,693.186,46.806,174.06,220.866,0.5464851178956576,7098.892,0.0007098892,376.514,0.0,0.0,0.3432749235173782,42992,193167,236159,110433,3549446,1.88,4,0.00999837585282919,0.00999837585282919,0.00999837585282919,0.9943,0.9793,0,35,456,0,0,0,6,0,3,0,0,16.968,95,112
3800000,2026-01-19T19:19:45.707230,347463,43112,236755,110707,188703,0.546278033506447,0.3558911,0.3432111290035049,86.224,387.286,473.51,133.138,561.788,694.926,46.912,174.502,221.414,0.546278033506447,7117.822,0.0007117822000000001,377.406,0.0,0.0,0.3432111290035049,43112,193643,236755,110707,3558911,1.89,4,0.00999837585282919,0.00999837585282919,0.00999837585282919,0.9923,0.97936,1,31,459,0,0,0,5,0,4,0,0,55.126,151,437
3810000,2026-01-19T19:20:01.000494,348379,43228,237381,110997,189191,0.5460959922410168,0.3568212,0.3431497967178251,86.456,388.306,474.762,133.474,563.284,696.758,47.016,174.978,221.994,0.5460959922410168,7136.424,0.0007136424,378.382,0.0,0.0,0.3431497967178251,43228,194153,237381,110997,3568212,1.83,4,0.00999837585282919,0.00999837585282919,0.00999837585282919,0.99158,0.97954,0,51,430,0,3,0,10,0,6,0,0,81.914,121,460
3820000,2026-01-19T19:20:16.206756,349252,43343,237979,111272,189655,0.5459023376771468,0.3577624,0.3430873264117884,86.686,389.272,475.958,133.828,564.676,698.504,47.14,175.404,222.544,0.5459023376771468,7155.248,0.0007155248,379.31,0.0,0.0,0.3430873264117884,43343,194636,237979,111272,3577624,1.954,4,0.00999837585282919,0.00999837585282919,0.00999837585282919,0.9935,0.9798,0,43,449,0,0,0,4,0,4,0,0,33.734,118,370
3830000,2026-01-19T19:20:30.428616,350173,43461,238605,111567,190150,0.5457499252292799,0.3587002,0.3430444762803692,86.922,390.288,477.21,134.174,566.172,700.346,47.252,175.882,223.134,0.5457499252292799,7174.004,0.0007174004,380.3,0.0,0.0,0.3430444762803692,43461,195144,238605,111567,3587002,1.854,4,0.00999837585282919,0.00999837585282919,0.00999837585282919,0.99212,0.98032,0,34,457,0,2,0,3,0,4,0,0,68.76,120,441
3840000,2026-01-19T19:20:44.558064,351133,43580,239257,111875,190671,0.5456454716106826,0.3596352,0.34301544179078264,87.16,391.354,478.514,134.542,567.724,702.266,47.382,176.368,223.75,0.5456454716106826,7192.704,0.0007192704,381.342,0.0,0.0,0.34301544179078264,43580,195677,239257,111875,3596352,1.984,4,0.00999837585282919,0.00999837585282919,0.00999837585282919,0.9903,0.9800800000000001,0,20,469,0,2,0,4,0,5,0,0,115.65,176,468
3850000,2026-01-19T19:20:59.885644,352045,43691,239880,112164,191165,0.5454312021119326,0.3605669,0.34295152764535486,87.382,392.378,479.76,134.898,569.192,704.09,47.514,176.814,224.328,0.5454312021119326,7211.338,0.0007211338,382.33,0.0,0.0,0.34295152764535486,43691,196189,239880,112164,3605669,1.646,4,0.00999837585282919,0.00999837585282919,0.00999837585282919,0.98876,0.98012,0,34,453,0,4,0,5,0,4,0,0,65.538,139,404
3860000,2026-01-19T19:21:14.762662,352967,43814,240508,112458,191651,0.5454108103144201,0.3615047,0.3429350047909561,87.628,393.388,481.016,135.258,570.676,705.934,47.628,177.288,224.916,0.5454108103144201,7230.094,0.0007230094000000001,383.302,0.0,0.0,0.3429350047909561,43814,196694,240508,112458,3615047,1.994,4,0.00999837585282919,0.00999837585282919,0.00999837585282919,0.99366,0.98036,0,41,449,0,2,0,4,0,4,0,0,79.772,141,463
3870000,2026-01-19T19:21:28.916186,353892,43922,241136,112755,192162,0.5453656210771458,0.3624425,0.3429143514028296,87.844,394.428,482.272,135.616,572.168,707.784,47.772,177.738,225.51,0.5453656210771458,7248.85,0.000724885,384.324,0.0,0.0,0.3429143514028296,43922,197214,241136,112755,3624425,1.892,4,0.00999837585282919,0.00999837585282919,0.00999837585282919,0.9934,0.9801799999999999,0,28,461,0,3,0,4,0,4,0,0,82.262,170,463
3880000,2026-01-19T19:21:43.133479,354888,44042,241810,113077,192711,0.5452824860625928,0.3633756,0.3428824016449078,88.084,395.536,483.62,135.994,573.782,709.776,47.91,178.244,226.154,0.5452824860625928,7267.512,0.0007267512,385.422,0.0,0.0,0.3428824016449078,44042,197768,241810,113077,3633756,1.882,4,0.00999837585282919,0.00999837585282919,0.00999837585282919,0.99174,0.97942,3,37,445,0,6,0,7,0,2,0,0,113.716,178,439
3890000,2026-01-19T19:21:58.851455,355763,44156,242405,113357,193186,0.5451408377577821,0.3643167,0.3428408474514757,88.312,396.498,484.81,136.318,575.208,711.526,48.006,178.708,226.714,0.5451408377577821,7286.334,0.0007286333999999999,386.372,0.0,0.0,0.3428408474514757,44156,198249,242405,113357,3643167,1.878,4,0.00999837585282919,0.00999837585282919,0.00999837585282919,0.99156,0.9798,1,21,471,0,1,0,1,0,5,0,0,45.284,120,251
3900000,2026-01-19T19:22:14.619346,356667,44266,243024,113642,193671,0.5449311658404519,0.3652473,0.34277588191793523,88.532,397.516,486.048,136.678,576.656,713.334,48.144,179.14,227.284,0.5449311658404519,7304.946,0.0007304946,387.342,0.0,0.0,0.34277588191793523,44266,198758,243024,113642,3652473,1.84,4,0.00999837585282919,0.00999837585282919,0.00999837585282919,0.99302,0.97992,0,46,447,0,1,0,2,0,4,0,0,39.222,89,373
3910000,2026-01-19T19:22:29.899390,357606,44377,243669,113936,194175,0.5447246681232503,0.3661903,0.3427141049335588,88.754,398.584,487.338,137.054,578.158,715.212,48.298,179.574,227.872,0.5447246681232503,7323.806,0.0007323806,388.35,0.0,0.0,0.3427141049335588,44377,199292,243669,113936,3661903,1.842,4,0.00999837585282919,0.00999837585282919,0.00999837585282919,0.9929,0.9795799999999999,0,31,457,0,2,0,5,0,5,0,0,95.994,156,395
3920000,2026-01-19T19:22:44.197511,358537,44494,244303,114233,194683,0.5445921927740993,0.3671219,0.3426825313202762,88.988,399.618,488.606,137.398,579.676,717.074,48.408,180.058,228.466,0.5445921927740993,7342.438,0.0007342438,389.366,0.0,0.0,0.3426825313202762,44494,199809,244303,114233,3671219,1.936,4,0.00999837585282919,0.00999837585282919,0.00999837585282919,0.9930800000000001,0.98008,0,41,448,0,1,0,4,0,6,0,0,46.302,104,322
3930000,2026-01-19T19:22:58.292454,359431,44606,244916,114515,195157,0.5442945820244567,0.3680649,0.3425956814758725,89.212,400.62,489.832,137.748,581.114,718.862,48.536,180.494,229.03,0.5442945820244567,7361.298,0.0007361297999999999,390.314,0.0,0.0,0.3425956814758725,44606,200310,244916,114515,3680649,1.884,4,0.00999837585282919,0.00999837585282919,0.00999837585282919,0.9909,0.98012,0,15,467,1,4,0,8,0,5,0,0,144.732,181,480
3940000,2026-01-19T19:23:12.052513,360344,44722,245545,114798,195642,0.5440583611618137,0.3689975,0.34250736952749733,89.444,401.646,491.09,138.1,582.588,720.688,48.654,180.942,229.596,0.5440583611618137,7379.95,0.000737995,391.284,0.0,0.0,0.34250736952749733,44722,200823,245545,114798,3689975,1.854,4,0.00999837585282919,0.00999837585282919,0.00999837585282919,0.99234,0.98008,0,32,451,0,2,0,8,0,7,0,0,123.222,173,481
3950000,2026-01-19T19:23:27.914649,361242,44832,246150,115091,196152,0.5439055482229314,0.3699319,0.342466017650914,89.664,402.636,492.3,138.44,584.044,722.484,48.774,181.408,230.182,0.5439055482229314,7398.638,0.0007398638,392.304,0.0,0.0,0.342466017650914,44832,201318,246150,115091,3699319,1.822,4,0.00999837585282919,0.00999837585282919,0.00999837585282919,0.9946799999999999,0.9801799999999999,0,44,448,0,0,0,5,0,3,0,0,28.56,105,402
3960000,2026-01-19T19:23:43.622995,362138,44946,246759,115378,196631,0.5437539373812897,0.3708771,0.3424265858234035,89.892,403.626,493.518,138.784,585.492,724.276,48.892,181.864,230.756,0.5437539373812897,7417.542,0.0007417542,393.262,0.0,0.0,0.3424265858234035,44946,201813,246759,115378,3708771,1.9,4,0.00999837585282919,0.00999837585282919,0.00999837585282919,0.9919,0.98024,0,31,456,0,3,0,5,0,5,0,0,108.452,172,430
3970000,2026-01-19T19:23:57.677041,363001,45060,247349,115651,197083,0.543650599595147,0.3718186,0.34238858011937445,90.12,404.578,494.698,139.122,586.88,726.002,49.002,182.3,231.302,0.543650599595147,7436.372,0.0007436372,394.166,0.0,0.0,0.34238858011937445,45060,202289,247349,115651,3718186,1.864,4,0.00999837585282919,0.00999837585282919,0.00999837585282919,0.9939,0.98036,0,26,459,0,3,0,7,0,5,0,0,126.062,177,474
3980000,2026-01-19T19:24:12.048362,363906,45168,247962,115944,197582,0.543484437364096,0.3727558,0.3423502721890378,90.336,405.588,495.924,139.466,588.346,727.812,49.13,182.758,231.888,0.543484437364096,7455.116,0.0007455116,395.164,0.0,0.0,0.3423502721890378,45168,202794,247962,115944,3727558,1.904,4,0.00999837585282919,0.00999837585282919,0.00999837585282919,0.9927999999999999,0.98054,0,27,453,1,5,0,8,0,6,0,0,124.872,181,481
3990000,2026-01-19T19:24:27.093736,364820,45279,248585,116234,198087,0.543420473064513,0.3736883,0.3423204047575732,90.558,406.612,497.17,139.81,589.83,729.64,49.25,183.218,232.468,0.543420473064513,7473.766,0.0007473766,396.174,0.0,0.0,0.3423204047575732,45279,203306,248585,116234,3736883,2.022,4,0.00999837585282919,0.00999837585282919,0.00999837585282919,0.99212,0.98036,0,28,459,0,2,0,5,0,6,0,0,78.05,144,463
4000000,2026-01-19T19:24:42.376803,365714,45397,249190,116523,198565,0.5433363590586372,0.3746251,0.342288510228017,90.794,407.586,498.38,140.162,591.266,731.428,49.366,183.68,233.046,0.5433363590586372,7492.502,0.0007492502,397.13,0.0,0.0,0.342288510228017,45397,203793,249190,116523,3746251,1.826,4,0.00999837585282919,0.00999837585282919,0.00999837585282919,0.99424,0.9805,0,33,457,0,0,0,5,0,5,0,0,33.728,104,244
4010000,2026-01-19T19:24:58.001327,366601,45505,249798,116802,199047,0.543232753455499,0.3755669,0.3422546231739677,91.01,408.586,499.596,140.508,592.694,733.202,49.496,184.108,233.604,0.543232753455499,7511.338,0.0007511337999999999,398.094,0.0,0.0,0.3422546231739677,45505,204293,249798,116802,3755669,1.938,4,0.00999837585282919,0.00999837585282919,0.00999837585282919,0.9926799999999999,0.9806999999999999,0,44,448,0,1,0,4,0,3,0,0,62.626,138,434
4020000,2026-01-19T19:25:13.785183,367494,45625,250406,117087,199514,0.54309749945332,0.3765098,0.34221226224173823,91.25,409.562,500.812,140.842,594.146,734.988,49.592,184.582,234.174,0.54309749945332,7530.196,0.0007530196,399.028,0.0,0.0,0.34221226224173823,45625,204781,250406,117087,3765098,1.862,4,0.00999837585282919,0.00999837585282919,0.00999837585282919,0.99124,0.9808600000000001,0,24,464,0,5,0,4,0,3,0,0,77.6,117,447
4030000,2026-01-19T19:25:28.722529,368370,45735,250992,117378,200003,0.5431690359765636,0.3774521,0.3422370596150214,91.47,410.514,501.984,141.17,595.57,736.74,49.7,185.056,234.756,0.5431690359765636,7549.042,0.0007549042,400.006,0.0,0.0,0.3422370596150214,45735,205257,250992,117378,3774521,1.766,4,0.00999837585282919,0.00999837585282919,0.00999837585282919,0.99286,0.98054,0,24,465,0,1,0,4,1,5,0,0,42.85,123,327
4040000,2026-01-19T19:25:43.614526,369235,45849,251584,117650,200451,0.5430134667395085,0.3783947,0.3421905820748619,91.698,411.47,503.168,141.508,596.962,738.47,49.808,185.492,235.3,0.5430134667395085,7567.894,0.0007567894,400.902,0.0,0.0,0.3421905820748619,45849,205735,251584,117650,3783947,2.016,4,0.00999837585282919,0.00999837585282919,0.00999837585282919,0.99436,0.9810800000000001,0,41,446,0,1,0,8,0,4,0,0,85.384,172,491
4050000,2026-01-19T19:25:58.606115,370112,45957,252189,117922,200920,0.5429705837620714,0.3793351,0.34215557168194777,91.914,412.464,504.378,141.85,598.374,740.224,49.936,185.908,235.844,0.5429705837620714,7586.702,0.0007586702,401.84,0.0,0.0,0.34215557168194777,45957,206232,252189,117922,3793351,1.812,4,0.00999837585282919,0.00999837585282919,0.00999837585282919,0.99046,0.98132,0,39,448,0,2,0,6,0,5,0,0,90.078,179,410
4060000,2026-01-19T19:26:14.060194,370944,46072,252760,118184,201357,0.5428382886286971,0.3802693,0.3421103075134672,92.144,413.376,505.52,142.178,599.71,741.888,50.034,186.334,236.368,0.5428382886286971,7605.386,0.0007605385999999999,402.714,0.0,0.0,0.3421103075134672,46072,206688,252760,118184,3802693,1.974,4,0.00999837585282919,0.00999837585282919,0.00999837585282919,0.99544,0.98184,0,38,454,0,0,0,4,1,3,0,0,31.04,124,179
4070000,2026-01-19T19:26:29.513947,371859,46190,253386,118472,201829,0.542686271950393,0.3812042,0.34206834854215057,92.38,414.392,506.772,142.542,601.176,743.718,50.16,186.784,236.944,0.542686271950393,7624.084,0.0007624084,403.658,0.0,0.0,0.34206834854215057,46190,207196,253386,118472,3812042,1.776,4,0.00999837585282919,0.00999837585282919,0.00999837585282919,0.9927999999999999,0.98114,0,27,456,0,1,0,9,0,7,0,0,66.242,135,486
4080000,2026-01-19T19:26:44.896726,372752,46307,253999,118753,202306,0.5425670035894694,0.3821477,0.3420218730776457,92.614,415.384,507.998,142.884,602.62,745.504,50.27,187.236,237.506,0.5425670035894694,7642.954,0.0007642953999999999,404.612,0.0,0.0,0.3420218730776457,46307,207692,253999,118753,3821477,1.886,4,0.00999837585282919,0.00999837585282919,0.00999837585282919,0.9916,0.9811,0,36,452,1,2,0,5,0,4,0,0,103.058,181,439
4090000,2026-01-19T19:27:00.869073,373681,46417,254638,119042,202807,0.5425064575063542,0.3830766,0.34199577487526034,92.834,416.442,509.276,143.254,604.108,747.362,50.418,187.666,238.084,0.5425064575063542,7661.532,0.0007661532,405.614,0.0,0.0,0.34199577487526034,46417,208221,254638,119042,3830766,2.05,4,0.00999837585282919,0.00999837585282919,0.00999837585282919,0.99166,0.98046,0,21,466,0,1,0,6,0,6,0,0,51.602,100,427
4100000,2026-01-19T19:27:17.005691,374605,46532,255267,119338,203309,0.5423557308885689,0.3840228,0.3419550541007261,93.064,417.47,510.534,143.612,605.598,749.21,50.548,188.128,238.676,0.5423557308885689,7680.456,0.0007680456,406.618,0.0,0.0,0.3419550541007261,46532,208735,255267,119338,3840228,1.814,4,0.00999837585282919,0.00999837585282919,0.00999837585282919,0.99248,0.98046,0,41,447,0,0,1,6,0,5,0,0,89.58,174,481
4110000,2026-01-19T19:27:32.006490,375495,46649,255882,119612,203762,0.5421337925404405,0.3849541,0.34188022473206714,93.298,418.466,511.764,143.98,607.01,750.99,50.68,188.544,239.224,0.5421337925404405,7699.082,0.0007699082,407.524,0.0,0.0,0.34188022473206714,46649,209233,255882,119612,3849541,1.854,4,0.00999837585282919,0.00999837585282919,0.00999837585282919,0.99234,0.98022,0,25,458,0,3,0,8,0,6,0,0,58.366,96,487
4120000,2026-01-19T19:27:48.025076,376314,46761,256443,119870,204202,0.541929428839354,0.3859034,0.34181577547291087,93.522,419.364,512.886,144.288,608.34,752.628,50.764,188.976,239.74,0.541929428839354,7718.068,0.0007718068,408.404,0.0,0.0,0.34181577547291087,46761,209682,256443,119870,3859034,1.736,4,0.00999837585282919,0.00999837585282919,0.00999837585282919,0.98832,0.9810800000000001,0,36,459,0,0,0,1,0,4,0,0,32.894,135,208
4130000,2026-01-19T19:28:03.145908,377232,46878,257069,120162,204693,0.541752530326162,0.3868334,0.34176875763680625,93.756,420.382,514.138,144.632,609.832,754.464,50.874,189.45,240.324,0.541752530326162,7736.668,0.0007736668,409.386,0.0,0.0,0.34176875763680625,46878,210191,257069,120162,3868334,1.874,4,0.00999837585282919,0.00999837585282919,0.00999837585282919,0.99422,0.9810599999999999,1,45,445,0,0,0,4,0,5,0,0,55.76,135,330
4140000,2026-01-19T19:28:18.797333,378179,46995,257714,120464,205201,0.5414870554195903,0.3877692,0.3417014998729373,93.99,421.438,515.428,145.006,611.352,756.358,51.014,189.914,240.928,0.5414870554195903,7755.384,0.0007755384,410.402,0.0,0.0,0.3417014998729373,46995,210719,257714,120464,3877692,1.976,4,0.00999837585282919,0.00999837585282919,0.00999837585282919,0.99248,0.98102,0,33,457,0,0,0,4,0,6,0,0,48.88,149,372
4150000,2026-01-19T19:28:34.902516,379105,47109,258350,120754,205697,0.5412592781822153,0.3887045,0.3416338559787098,94.218,422.482,516.7,145.364,612.846,758.21,51.144,190.364,241.508,0.5412592781822153,7774.09,0.0007774090000000001,411.394,0.0,0.0,0.3416338559787098,47109,211241,258350,120754,3887045,1.762,4,0.00999837585282919,0.00999837585282919,0.00999837585282919,0.9929600000000001,0.98088,0,33,456,0,0,0,6,0,5,0,0,55.22,145,398
4160000,2026-01-19T19:28:50.240642,379974,47222,258944,121029,206162,0.5410820728122815,0.3896472,0.34158117719086534,94.444,423.444,517.888,145.696,614.252,759.948,51.25,190.808,242.058,0.5410820728122815,7792.944,0.0007792944000000001,412.324,0.0,0.0,0.34158117719086534,47222,211722,258944,121029,3896472,1.78,4,0.00999837585282919,0.00999837585282919,0.00999837585282919,0.9900399999999999,0.9811599999999999,0,45,446,0,2,0,3,0,4,0,0,41.78,161,270
4170000,2026-01-19T19:29:04.644023,380929,47340,259602,121326,206674,0.5409344488762302,0.3905796,0.3415294492657337,94.68,424.524,519.204,146.058,615.8,761.858,51.378,191.274,242.652,0.5409344488762302,7811.592,0.0007811592000000001,413.348,0.0,0.0,0.3415294492657337,47340,212262,259602,121326,3905796,1.872,4,0.00999837585282919,0.00999837585282919,0.00999837585282919,0.98858,0.9803,1,33,454,0,1,0,7,0,4,0,0,68.498,120,426
4180000,2026-01-19T19:29:19.530947,381846,47461,260231,121614,207152,0.5408355049514807,0.3915156,0.34149217388303243,94.922,425.54,520.462,146.408,617.284,763.692,51.486,191.742,243.228,0.5408355049514807,7830.312,0.0007830312000000001,414.304,0.0,0.0,0.34149217388303243,47461,212770,260231,121614,3915156,1.97,4,0.00999837585282919,0.00999837585282919,0.00999837585282919,0.99376,0.9805799999999999,0,41,442,0,5,0,8,0,4,0,0,112.712,178,407
4190000,2026-01-19T19:29:33.771160,382763,47578,260856,121906,207643,0.5406368185077022,0.3924484,0.34143609745983183,95.156,426.556,521.712,146.77,618.756,765.526,51.612,192.2,243.812,0.5406368185077022,7848.968,0.0007848967999999999,415.286,0.0,0.0,0.34143609745983183,47578,213278,260856,121906,3924484,1.874,4,0.00999837585282919,0.00999837585282919,0.00999837585282919,0.99084,0.98036,0,30,455,0,3,0,7,0,5,0,0,75.43,126,350
4200000,2026-01-19T19:29:49.784350,383694,47702,261496,122197,208128,0.5405140514860824,0.3933863,0.34139552614963276,95.404,427.588,522.992,147.124,620.264,767.388,51.718,192.676,244.394,0.5405140514860824,7867.726,0.0007867726,416.256,0.0,0.0,0.34139552614963276,47702,213794,261496,122197,3933863,1.82,4,0.00999837585282919,0.00999837585282919,0.00999837585282919,0.99326,0.98012,0,38,445,0,2,0,10,0,5,0,0,94.418,138,457
4210000,2026-01-19T19:30:04.655319,384576,47819,262099,122476,208597,0.5404057653021449,0.394324,0.34135079859903716,95.638,428.56,524.198,147.448,621.704,769.152,51.808,193.144,244.952,0.5404057653021449,7886.48,0.000788648,417.194,0.0,0.0,0.34135079859903716,47819,214280,262099,122476,3943240,1.948,4,0.00999837585282919,0.00999837585282919,0.00999837585282919,0.99234,0.9800399999999999,0,56,427,0,4,0,9,0,4,0,0,61.884,112,371
4220000,2026-01-19T19:30:20.498514,385477,47929,262715,122761,209093,0.5402789734542156,0.3952636,0.3413187631679266,95.858,429.572,525.43,147.788,623.166,770.954,51.928,193.594,245.522,0.5402789734542156,7905.272,0.0007905272,418.186,0.0,0.0,0.3413187631679266,47929,214786,262715,122761,3952636,1.91,4,0.00999837585282919,0.00999837585282919,0.00999837585282919,0.9914,0.98014,0,32,456,0,1,0,6,0,5,0,0,68.606,126,448
4230000,2026-01-19T19:30:35.815104,386383,48044,263339,123043,209573,0.5400779930904492,0.3962014,0.3412461748898607,96.088,430.59,526.678,148.144,624.622,772.766,52.054,194.032,246.086,0.5400779930904492,7924.028,0.0007924027999999999,419.146,0.0,0.0,0.3412461748898607,48044,215295,263339,123043,3962014,1.874,4,0.00999837585282919,0.00999837585282919,0.00999837585282919,0.99356,0.9800599999999999,0,48,440,0,0,0,5,0,7,0,0,58.032,139,435
4240000,2026-01-19T19:30:51.559339,387261,48156,263939,123322,210047,0.5399476472239149,0.3971424,0.34120555134414304,96.312,431.566,527.878,148.466,626.056,774.522,52.154,194.49,246.644,0.5399476472239149,7942.848,0.0007942848,420.094,0.0,0.0,0.34120555134414304,48156,215783,263939,123322,3971424,1.866,4,0.00999837585282919,0.00999837585282919,0.00999837585282919,0.99068,0.98024,1,32,454,0,3,0,6,0,4,0,0,60.808,118,453
4250000,2026-01-19T19:31:06.820041,388170,48271,264560,123609,210534,0.5398349307267443,0.39808,0.34116435278155344,96.542,432.578,529.12,148.822,627.518,776.34,52.28,194.938,247.218,0.5398349307267443,7961.6,0.00079616,421.068,0.0,0.0,0.34116435278155344,48271,216289,264560,123609,3980800,2.0,4,0.00999837585282919,0.00999837585282919,0.00999837585282919,0.99212,0.9805,1,28,460,0,2,0,4,0,5,0,0,44.334,177,277
4260000,2026-01-19T19:31:22.049069,389035,48387,265152,123882,210987,0.5396566909973832,0.3990199,0.34110871535836773,96.774,433.53,530.304,149.166,628.904,778.07,52.392,195.372,247.764,0.5396566909973832,7980.398,0.0007980398,421.974,0.0,0.0,0.34110871535836773,48387,216765,265152,123882,3990199,1.93,4,0.00999837585282919,0.00999837585282919,0.00999837585282919,0.99278,0.98046,0,20,470,0,1,0,4,0,5,0,0,35.798,119,403
4270000,2026-01-19T19:31:38.000698,389919,48506,265757,124161,211440,0.5395188474180482,0.3999593,0.3410683736956333,97.012,434.502,531.514,149.518,630.32,779.838,52.504,195.818,248.322,0.5395188474180482,7999.186,0.0007999186,422.88,0.0,0.0,0.3410683736956333,48506,217251,265757,124161,3999593,1.83,4,0.00999837585282919,0.00999837585282919,0.00999837585282919,0.99064,0.98068,0,32,451,0,3,0,8,0,6,0,0,85.998,154,394
4280000,2026-01-19T19:31:52.258219,390802,48618,266362,124439,211918,0.5394533922434858,0.4008991,0.34104302375005746,97.236,435.488,532.724,149.866,631.738,781.604,52.63,196.248,248.878,0.5394533922434858,8017.982,0.0008017982,423.836,0.0,0.0,0.34104302375005746,48618,217744,266362,124439,4008991,1.924,4,0.00999837585282919,0.00999837585282919,0.00999837585282919,0.98824,0.98052,0,18,474,0,2,0,3,0,3,0,0,101.054,178,415
4290000,2026-01-19T19:32:06.035695,391668,48731,266959,124708,212372,0.5393570682569552,0.4018347,0.34100826914404925,97.462,436.456,533.918,150.206,633.13,783.336,52.742,196.674,249.416,0.5393570682569552,8036.694,0.0008036693999999999,424.744,0.0,0.0,0.34100826914404925,48731,218228,266959,124708,4018347,2.0,4,0.00999837585282919,0.00999837585282919,0.00999837585282919,0.99452,0.98056,0,41,451,0,0,0,5,0,3,0,0,60.438,140,390
4300000,2026-01-19T19:32:20.394632,392548,48846,267562,124985,212832,0.5392075515858767,0.4027738,0.34096133303430837,97.692,437.432,535.124,150.55,634.546,785.096,52.856,197.114,249.97,0.5392075515858767,8055.476,0.0008055476,425.664,0.0,0.0,0.34096133303430837,48846,218716,267562,124985,4027738,1.764,4,0.00999837585282919,0.00999837585282919,0.00999837585282919,0.98984,0.98066,0,40,450,0,1,0,4,0,5,0,0,64.372,118,476
4310000,2026-01-19T19:32:34.319927,393398,48955,268141,125256,213281,0.5390580080618359,0.4037125,0.34092003438709695,97.91,438.372,536.282,150.882,635.914,786.796,52.97,197.542,250.512,0.5390580080618359,8074.25,0.000807425,426.562,0.0,0.0,0.34092003438709695,48955,219186,268141,125256,4037125,1.708,4,0.00999837585282919,0.00999837585282919,0.00999837585282919,0.99386,0.98102,0,40,446,0,4,0,6,0,4,0,0,60.348,92,391
4320000,2026-01-19T19:32:48.675825,394259,49067,268732,125526,213728,0.5390114429980584,0.404659,0.3408946721849954,98.134,439.33,537.464,151.234,637.284,788.518,53.098,197.954,251.052,0.5390114429980584,8093.18,0.000809318,427.456,0.0,0.0,0.3408946721849954,49067,219665,268732,125526,4046590,1.882,4,0.00999837585282919,0.00999837585282919,0.00999837585282919,0.99184,0.9810399999999999,0,31,455,0,2,0,6,0,6,0,0,93.088,134,427
4330000,2026-01-19T19:33:02.840242,395185,49185,269368,125816,214217,0.5388748644971486,0.4055974,0.34085087982624884,98.37,440.366,538.736,151.612,638.758,790.37,53.24,198.392,251.632,0.5388748644971486,8111.948,0.0008111948,428.434,0.0,0.0,0.34085087982624884,49185,220183,269368,125816,4055974,1.826,4,0.00999837585282919,0.00999837585282919,0.00999837585282919,0.99212,0.98054,0,32,457,0,1,0,4,0,6,0,0,69.222,138,468
4340000,2026-01-19T19:33:17.724721,396093,49304,269997,126096,214684,0.5387324382340449,0.4065396,0.34079464454225167,98.608,441.386,539.994,151.97,640.216,792.186,53.362,198.83,252.192,0.5387324382340449,8130.792,0.0008130792,429.368,0.0,0.0,0.34079464454225167,49304,220693,269997,126096,4065396,1.96,4,0.00999837585282919,0.00999837585282919,0.00999837585282919,0.99184,0.97996,0,27,458,1,3,0,6,0,5,0,0,66.51,180,426
4350000,2026-01-19T19:33:33.210785,396979,49420,270602,126377,215150,0.5386046420693426,0.40748,0.3407522681265815,98.84,442.364,541.204,152.334,641.624,793.958,53.494,199.26,252.754,0.5386046420693426,8149.6,0.00081496,430.3,0.0,0.0,0.3407522681265815,49420,221182,270602,126377,4074800,1.956,4,0.00999837585282919,0.00999837585282919,0.00999837585282919,0.99272,0.97974,0,31,457,1,2,0,4,0,5,0,0,98.004,181,442
4360000,2026-01-19T19:33:48.353324,397869,49539,271209,126659,215613,0.538474315277582,0.4084141,0.34070390513217724,99.078,443.34,542.418,152.678,643.06,795.738,53.598,199.72,253.318,0.538474315277582,8168.282,0.0008168282,431.226,0.0,0.0,0.34070390513217724,49539,221670,271209,126659,4084141,1.85,4,0.00999837585282919,0.00999837585282919,0.00999837585282919,0.99312,0.9798,0,31,453,0,4,0,9,0,3,0,0,86.072,111,462
4370000,2026-01-19T19:34:03.122130,398757,49650,271815,126941,216093,0.5383382598553814,0.4093539,0.3406594221057079,99.3,444.33,543.63,153.024,644.49,797.514,53.722,200.16,253.882,0.5383382598553814,8187.078,0.0008187078,432.186,0.0,0.0,0.3406594221057079,49650,222165,271815,126941,4093539,1.922,4,0.00999837585282919,0.00999837585282919,0.00999837585282919,0.9935,0.97978,0,36,450,0,1,0,10,0,3,0,0,66.206,135,465
4380000,2026-01-19T19:34:17.360424,399699,49761,272459,127239,216616,0.5382701196653336,0.4102823,0.3406417634819883,99.522,445.396,544.918,153.386,646.012,799.398,53.862,200.616,254.478,0.5382701196653336,8205.646,0.0008205646,433.232,0.0,0.0,0.3406417634819883,49761,222698,272459,127239,4102823,1.76,4,0.00999837585282919,0.00999837585282919,0.00999837585282919,0.9928400000000001,0.9796,0,47,440,0,0,0,7,0,6,0,0,37.324,98,386
4390000,2026-01-19T19:34:32.786007,400618,49872,273092,127525,217115,0.5381083966071252,0.4112219,0.3405953302048301,99.744,446.44,546.184,153.75,647.486,801.236,54.004,201.046,255.05,0.5381083966071252,8224.438,0.0008224437999999999,434.23,0.0,0.0,0.3405953302048301,49872,223220,273092,127525,4112219,1.832,4,0.00999837585282919,0.00999837585282919,0.00999837585282919,0.99034,0.9795,0,24,470,0,0,0,2,0,4,0,0,43.174,154,312
4400000,2026-01-19T19:34:48.431477,401471,49987,273677,127793,217550,0.5379870352272592,0.4121637,0.3405539108001479,99.974,447.38,547.354,154.084,648.858,802.942,54.11,201.476,255.586,0.5379870352272592,8243.274,0.0008243274,435.1,0.0,0.0,0.3405539108001479,49987,223690,273677,127793,4121637,1.886,4,0.00999837585282919,0.00999837585282919,0.00999837585282919,0.99336,0.98034,0,33,454,0,2,0,6,0,5,0,0,43.952,119,383
4410000,2026-01-19T19:35:02.769902,402373,50099,274291,128081,218043,0.5379234306836407,0.4131041,0.3405278443343828,100.198,448.384,548.582,154.422,650.324,804.746,54.224,201.938,256.162,0.5379234306836407,8262.082,0.0008262082,436.086,0.0,0.0,0.3405278443343828,50099,224192,274291,128081,4131041,1.846,4,0.00999837585282919,0.00999837585282919,0.00999837585282919,0.99044,0.9800599999999999,1,26,459,0,3,0,7,0,4,0,0,100.834,178,415
4420000,2026-01-19T19:35:16.696513,403252,50215,274892,128359,218503,0.5377919963735363,0.4140399,0.34048475197343,100.43,449.354,549.784,154.762,651.742,806.504,54.33,202.388,256.718,0.5377919963735363,8280.798,0.0008280798000000001,437.006,0.0,0.0,0.34048475197343,50215,224677,274892,128359,4140399,1.886,4,0.00999837585282919,0.00999837585282919,0.00999837585282919,0.9935,0.9802,0,40,442,0,3,0,9,0,6,0,0,91.674,151,402
4430000,2026-01-19T19:35:32.760488,404177,50324,275526,128650,219008,0.5376926790349943,0.4149774,0.3404512808222213,100.648,450.404,551.052,155.144,653.21,808.354,54.494,202.806,257.3,0.5376926790349943,8299.548,0.0008299548,438.016,0.0,0.0,0.3404512808222213,50324,225202,275526,128650,4149774,1.846,4,0.00999837585282919,0.00999837585282919,0.00999837585282919,0.9921599999999999,0.9800599999999999,0,36,452,0,0,0,6,0,6,0,0,61.358,156,394
4440000,2026-01-19T19:35:48.216219,405054,50439,276127,128926,219478,0.5375904853654756,0.4159189,0.3404171646189109,100.878,451.376,552.254,155.472,654.636,810.108,54.594,203.258,257.852,0.5375904853654756,8318.378,0.0008318377999999999,438.956,0.0,0.0,0.3404171646189109,50439,225688,276127,128926,4159189,1.87,4,0.00999837585282919,0.00999837585282919,0.00999837585282919,0.99232,0.98032,3,30,461,0,1,0,2,0,3,0,0,17.918,121,213
4450000,2026-01-19T19:36:02.466666,405968,50554,276749,129218,219966,0.5375037726284023,0.4168564,0.34038886126129514,101.108,452.39,553.498,155.824,656.112,811.936,54.714,203.722,258.436,0.5375037726284023,8337.128,0.0008337128000000001,439.932,0.0,0.0,0.34038886126129514,50554,226195,276749,129218,4168564,1.946,4,0.00999837585282919,0.00999837585282919,0.00999837585282919,0.99366,0.98036,0,36,453,0,0,0,7,0,4,0,0,62.848,163,432
4460000,2026-01-19T19:36:17.426810,406867,50670,277366,129500,220433,0.5374352417625571,0.4177937,0.3403628310441103,101.34,453.392,554.732,156.178,657.556,813.734,54.838,204.162,259.0,0.5374352417625571,8355.874,0.0008355874,440.866,0.0,0.0,0.3403628310441103,50670,226696,277366,129500,4177937,1.81,4,0.00999837585282919,0.00999837585282919,0.00999837585282919,0.99364,0.97992,0,50,431,0,8,0,8,0,3,0,0,83.482,176,392
4470000,2026-01-19T19:36:33.369285,407757,50781,277977,129779,220923,0.5372711983490044,0.4187278,0.34030715745603646,101.562,454.392,555.954,156.51,659.004,815.514,54.946,204.612,259.558,0.5372711983490044,8374.556,0.0008374556,441.846,0.0,0.0,0.34030715745603646,50781,227196,277977,129779,4187278,1.892,4,0.00999837585282919,0.00999837585282919,0.00999837585282919,0.99166,0.97996,0,31,458,0,1,0,5,0,5,0,0,59.248,116,350
4480000,2026-01-19T19:36:48.924009,408679,50896,278604,130074,221411,0.537139315273831,0.4196692,0.34027744843938035,101.792,455.416,557.208,156.874,660.484,817.358,55.08,205.068,260.148,0.537139315273831,8393.384,0.0008393384,442.822,0.0,0.0,0.34027744843938035,50896,227708,278604,130074,4196692,1.904,4,0.00999837585282919,0.00999837585282919,0.00999837585282919,0.992,0.97978,0,31,449,0,3,0,9,0,8,0,0,90.226,172,482
4490000,2026-01-19T19:37:03.108537,409602,51011,279235,130366,221917,0.5370272076452158,0.4205926,0.340236940648637,102.022,456.448,558.47,157.234,661.97,819.204,55.21,205.522,260.732,0.5370272076452158,8411.852,0.0008411852,443.834,0.0,0.0,0.340236940648637,51011,228224,279235,130366,4205926,1.786,4,0.00999837585282919,0.00999837585282919,0.00999837585282919,0.99276,0.97968,0,32,454,0,3,0,6,0,5,0,0,76.978,111,476
4500000,2026-01-19T19:37:18.636756,410474,51123,279831,130642,222378,0.5368830339191526,0.4215381,0.3401952547940401,102.246,457.416,559.662,157.576,663.372,820.948,55.328,205.956,261.284,0.5368830339191526,8430.762,0.0008430762000000001,444.756,0.0,0.0,0.3401952547940401,51123,228708,279831,130642,4215381,1.82,4,0.00999837585282919,0.00999837585282919,0.00999837585282919,0.99272,0.98,0,35,450,0,3,0,8,0,4,0,0,117.434,153,469
4510000,2026-01-19T19:37:33.027996,411413,51242,280475,130937,222878,0.5366800313537868,0.4224728,0.340133885088813,102.484,458.466,560.95,157.944,664.882,822.826,55.458,206.416,261.874,0.5366800313537868,8449.456,0.0008449455999999999,445.756,0.0,0.0,0.340133885088813,51242,229233,280475,130937,4224728,1.808,4,0.00999837585282919,0.00999837585282919,0.00999837585282919,0.99158,0.9799399999999999,0,27,460,0,2,0,7,0,4,0,0,85.45,150,394
4520000,2026-01-19T19:37:49.285286,412321,51358,281096,131224,223361,0.5365841714006161,0.4234089,0.34010199701259597,102.716,459.476,562.192,158.28,666.362,824.642,55.562,206.886,262.448,0.5365841714006161,8468.178,0.0008468178,446.722,0.0,0.0,0.34010199701259597,51358,229738,281096,131224,4234089,1.884,4,0.00999837585282919,0.00999837585282919,0.00999837585282919,0.9917,0.9799,1,17,463,0,3,0,9,0,7,0,0,89.262,130,459
4530000,2026-01-19T19:38:04.424198,413183,51471,281691,131491,223814,0.5363478436694032,0.4243508,0.3400240737157586,102.942,460.44,563.382,158.626,667.74,826.366,55.682,207.3,262.982,0.5363478436694032,8487.016,0.0008487016,447.628,0.0,0.0,0.3400240737157586,51471,230220,281691,131491,4243508,1.756,4,0.00999837585282919,0.00999837585282919,0.00999837585282919,0.9890599999999999,0.98034,0,31,456,0,1,0,7,0,5,0,0,78.502,145,357
4540000,2026-01-19T19:38:19.517080,414073,51587,282301,131771,224284,0.536128532460804,0.4252883,0.33995952961699205,103.174,461.428,564.602,158.99,669.156,828.146,55.814,207.728,263.542,0.536128532460804,8505.766,0.0008505766,448.568,0.0,0.0,0.33995952961699205,51587,230714,282301,131771,4252883,1.936,4,0.00999837585282919,0.00999837585282919,0.00999837585282919,0.99386,0.98038,0,31,461,0,0,0,4,0,4,0,0,43.636,125,318
4550000,2026-01-19T19:38:34.022571,415000,51707,282933,132067,224784,0.5360540895514686,0.4262302,0.339939480293566,103.414,462.452,565.866,159.336,670.664,830.0,55.922,208.212,264.134,0.5360540895514686,8524.604,0.0008524604,449.568,0.0,0.0,0.339939480293566,51707,231226,282933,132067,4262302,1.89,4,0.00999837585282919,0.00999837585282919,0.00999837585282919,0.9930800000000001,0.9802799999999999,0,30,462,0,0,0,3,1,4,0,0,41.42,124,265
4560000,2026-01-19T19:38:48.793602,415852,51816,283510,132341,225239,0.5360103873307819,0.4271688,0.3399229034564673,103.632,463.388,567.02,159.672,672.032,831.704,56.038,208.644,264.682,0.5360103873307819,8543.376,0.0008543376,450.478,0.0,0.0,0.3399229034564673,51816,231694,283510,132341,4271688,1.87,4,0.00999837585282919,0.00999837585282919,0.00999837585282919,0.98998,0.98042,0,32,459,0,2,0,3,0,4,0,0,59.914,120,379
4570000,2026-01-19T19:39:03.889313,416740,51934,284122,132617,225704,0.5359351088388482,0.4281088,0.3398896510282704,103.868,464.376,568.244,160.004,673.476,833.48,56.134,209.1,265.234,0.5359351088388482,8562.176,0.0008562176,451.408,0.0,0.0,0.3398896510282704,51934,232188,284122,132617,4281088,1.978,4,0.00999837585282919,0.00999837585282919,0.00999837585282919,0.99218,0.9808,0,37,454,0,2,0,4,0,3,0,0,62.84,128,449
4580000,2026-01-19T19:39:18.176482,417648,52053,284742,132905,226183,0.5358646024339411,0.4290516,0.3398634096304835,104.106,465.378,569.484,160.346,674.95,835.296,56.24,209.57,265.81,0.5358646024339411,8581.032,0.0008581032,452.366,0.0,0.0,0.3398634096304835,52053,232689,284742,132905,4290516,1.942,4,0.00999837585282919,0.00999837585282919,0.00999837585282919,0.99056,0.981,0,32,454,0,4,0,8,0,2,0,0,121.01,176,418
4590000,2026-01-19T19:39:33.254073,418534,52166,285349,133184,226660,0.535749147734882,0.4299882,0.3398309316176139,104.332,466.366,570.698,160.688,676.38,837.068,56.356,210.012,266.368,0.535749147734882,8599.764,0.0008599764,453.32,0.0,0.0,0.3398309316176139,52166,233183,285349,133184,4299882,1.96,4,0.00999837585282919,0.00999837585282919,0.00999837585282919,0.9921599999999999,0.98098,0,40,449,0,3,0,4,0,4,0,0,78.25,177,454
4600000,2026-01-19T19:39:47.890431,419395,52285,285947,133447,227092,0.5356140182930514,0.4309277,0.33977365999717046,104.57,467.324,571.894,161.034,677.756,838.79,56.462,210.432,266.894,0.5356140182930514,8618.554,0.0008618554,454.184,0.0,0.0,0.33977365999717046,52285,233662,285947,133447,4309277,1.892,4,0.00999837585282919,0.00999837585282919,0.00999837585282919,0.99222,0.981,1,23,465,0,0,0,6,0,5,0,0,56.51,152,311
4610000,2026-01-19T19:40:02.198126,420271,52409,286548,133723,227537,0.5355512722202062,0.4318711,0.33974210571216557,104.818,468.278,573.096,161.366,679.176,840.542,56.548,210.898,267.446,0.5355512722202062,8637.422,0.0008637422,455.074,0.0,0.0,0.33974210571216557,52409,234139,286548,133723,4318711,1.894,4,0.00999837585282919,0.00999837585282919,0.00999837585282919,0.99386,0.98072,1,37,448,1,3,0,6,0,4,0,0,92.916,181,392
4620000,2026-01-19T19:40:16.399495,421174,52525,287175,133998,228003,0.5353651789269013,0.4327992,0.3396828456516604,105.05,469.3,574.35,161.74,680.608,842.348,56.688,211.308,267.996,0.5353651789269013,8655.984,0.0008655984,456.006,0.0,0.0,0.3396828456516604,52525,234650,287175,133998,4327992,1.876,4,0.00999837585282919,0.00999837585282919,0.00999837585282919,0.99218,0.98054,0,29,460,0,2,0,5,0,4,0,0,46.138,82,429
4630000,2026-01-19T19:40:30.783235,422050,52643,287778,134271,228446,0.5352644924640212,0.4337412,0.3396486236822276,105.286,470.27,575.556,162.1,682.0,844.1,56.812,211.73,268.542,0.5352644924640212,8674.824,0.0008674824,456.892,0.0,0.0,0.3396486236822276,52643,235135,287778,134271,4337412,1.826,4,0.00999837585282919,0.00999837585282919,0.00999837585282919,0.99152,0.98034,0,24,461,0,3,0,7,0,5,0,0,86.47,133,415
4640000,2026-01-19T19:40:45.449533,422948,52760,288393,134554,228922,0.5352526055564145,0.4346788,0.3396423363910719,105.52,471.266,576.786,162.446,683.45,845.896,56.924,212.184,269.108,0.5352526055564145,8693.576,0.0008693576,457.844,0.0,0.0,0.3396423363910719,52760,235633,288393,134554,4346788,1.906,4,0.00999837585282919,0.00999837585282919,0.00999837585282919,0.9919,0.98058,0,25,461,0,2,0,7,0,5,0,0,87.234,134,430
4650000,2026-01-19T19:41:00.103278,423836,52872,288991,134844,229402,0.5352075173998743,0.4356161,0.3396274224392303,105.744,472.238,577.982,162.796,684.876,847.672,57.05,212.638,269.688,0.5352075173998743,8712.322,0.0008712322000000001,458.804,0.0,0.0,0.3396274224392303,52872,236119,288991,134844,4356161,1.918,4,0.00999837585282919,0.00999837585282919,0.00999837585282919,0.99486,0.98022,0,40,444,0,3,0,7,0,6,0,0,69.098,106,461
4660000,2026-01-19T19:41:15.543321,424714,52993,289597,135116,229846,0.535111907878397,0.4365539,0.339581630306357,105.986,473.208,579.194,163.152,686.276,849.428,57.164,213.068,270.232,0.535111907878397,8731.078,0.0008731078,459.692,0.0,0.0,0.339581630306357,52993,236604,289597,135116,4365539,1.982,4,0.00999837585282919,0.00999837585282919,0.00999837585282919,0.99258,0.98,0,29,454,0,4,0,7,0,6,0,0,87.352,166,439
4670000,2026-01-19T19:41:31.855078,425608,53110,290210,135397,230317,0.5350079057082717,0.437488,0.3395535895502543,106.22,474.2,580.42,163.5,687.716,851.216,57.278,213.516,270.794,0.5350079057082717,8749.76,0.000874976,460.634,0.0,0.0,0.3395535895502543,53110,237100,290210,135397,4374880,1.902,4,0.00999837585282919,0.00999837585282919,0.00999837585282919,0.99382,0.97976,0,43,440,0,2,0,9,0,6,0,0,96.86,138,472
4680000,2026-01-19T19:41:47.767734,426531,53227,290852,135679,230811,0.5347589897932393,0.4384271,0.33947328294280105,106.454,475.25,581.704,163.87,689.192,853.062,57.416,213.942,271.358,0.5347589897932393,8768.542,0.0008768542,461.622,0.0,0.0,0.33947328294280105,53227,237625,290852,135679,4384271,1.902,4,0.00999837585282919,0.00999837585282919,0.00999837585282919,0.99098,0.97948,1,24,469,0,0,1,2,0,3,0,0,72.828,174,324
4690000,2026-01-19T19:42:03.710471,427382,53341,291428,135953,231256,0.5347089297742326,0.4393625,0.33945895617561084,106.682,476.174,582.856,164.202,690.562,854.764,57.518,214.388,271.906,0.5347089297742326,8787.25,0.000878725,462.512,0.0,0.0,0.33945895617561084,53341,238087,291428,135953,4393625,1.986,4,0.00999837585282919,0.00999837585282919,0.00999837585282919,0.9927999999999999,0.97992,0,37,454,0,0,0,4,0,5,0,0,23.586,102,183
4700000,2026-01-19T19:42:18.732937,428331,53459,292075,136255,231769,0.5346590333888439,0.440301,0.3394464444817994,106.918,477.232,584.15,164.568,692.094,856.662,57.648,214.862,272.51,0.5346590333888439,8806.02,0.000880602,463.538,0.0,0.0,0.3394464444817994,53459,238616,292075,136255,4403010,1.912,4,0.00999837585282919,0.00999837585282919,0.00999837585282919,0.9942000000000001,0.9796999999999999,0,51,439,0,0,0,5,0,5,0,0,44.944,134,421
4710000,2026-01-19T19:42:35.605732,429236,53580,292695,136540,232227,0.5344791102761879,0.4412428,0.33940040834616036,107.16,478.23,585.39,164.924,693.548,858.472,57.762,215.318,273.08,0.5344791102761879,8824.856,0.0008824856,464.454,0.0,0.0,0.33940040834616036,53580,239115,292695,136540,4412428,1.86,4,0.00999837585282919,0.00999837585282919,0.00999837585282919,0.99102,0.97978,0,18,461,0,5,0,11,0,5,0,0,135.95,166,479
4720000,2026-01-19T19:42:53.216699,430115,53695,293296,136818,232698,0.5342966471583087,0.4421806,0.3393431456910803,107.39,479.202,586.592,165.282,694.948,860.23,57.89,215.746,273.636,0.5342966471583087,8843.612,0.0008843611999999999,465.396,0.0,0.0,0.3393431456910803,53695,239601,293296,136818,4421806,1.812,4,0.00999837585282919,0.00999837585282919,0.00999837585282919,0.99342,0.97938,0,42,449,0,0,0,5,0,4,0,0,49.884,129,361
4730000,2026-01-19T19:43:09.952746,431039,53810,293926,137112,233206,0.5342206332973038,0.4431158,0.3393239120158805,107.62,480.232,587.852,165.626,696.452,862.078,58.006,216.218,274.224,0.5342206332973038,8862.316,0.0008862316,466.412,0.0,0.0,0.3393239120158805,53810,240116,293926,137112,4431158,1.854,4,0.00999837585282919,0.00999837585282919,0.00999837585282919,0.995,0.97944,2,49,440,0,1,0,5,0,3,0,0,56.884,121,465
4740000,2026-01-19T19:43:26.320119,431945,53929,294548,137397,233674,0.5341363720182546,0.4440553,0.33928826257987144,107.858,481.238,589.096,165.976,697.914,863.89,58.118,216.676,274.794,0.5341363720182546,8881.106,0.0008881106,467.348,0.0,0.0,0.33928826257987144,53929,240619,294548,137397,4440553,1.866,4,0.00999837585282919,0.00999837585282919,0.00999837585282919,0.99034,0.97976,0,35,446,1,5,0,10,0,3,0,0,101.052,180,473
4750000,2026-01-19T19:43:41.201002,432830,54042,295158,137671,234137,0.5339981108680574,0.4449927,0.3392415299715198,108.084,482.232,590.316,166.352,699.308,865.66,58.266,217.076,275.342,0.5339981108680574,8899.854,0.0008899854000000001,468.274,0.0,0.0,0.3392415299715198,54042,241116,295158,137671,4449927,2.002,4,0.00999837585282919,0.00999837585282919,0.00999837585282919,0.9940599999999999,0.98022,0,42,445,0,1,0,7,0,5,0,0,86.048,156,468
4760000,2026-01-19T19:43:54.926027,433717,54159,295764,137953,234610,0.5339453222624586,0.4459285,0.3392261838875571,108.318,483.21,591.528,166.702,700.732,867.434,58.384,217.522,275.906,0.5339453222624586,8918.57,0.000891857,469.22,0.0,0.0,0.3392261838875571,54159,241605,295764,137953,4459285,1.912,4,0.00999837585282919,0.00999837585282919,0.00999837585282919,0.9911599999999999,0.9798600000000001,0,28,464,0,0,0,3,1,4,0,0,28.96,123,210
4770000,2026-01-19T19:44:09.526458,434650,54271,296396,138253,235105,0.5338783960175465,0.4468659,0.339206470628137,108.542,484.25,592.792,167.068,702.232,869.3,58.526,217.98,276.506,0.5338783960175465,8937.318,0.0008937318,470.21,0.0,0.0,0.339206470628137,54271,242125,296396,138253,4468659,1.936,4,0.00999837585282919,0.00999837585282919,0.00999837585282919,0.99242,0.97942,0,38,441,0,4,0,10,0,7,0,0,128.174,177,402
4780000,2026-01-19T19:44:23.638103,435534,54386,297005,138528,235570,0.5337254166959198,0.4478029,0.33916051371977507,108.772,485.238,594.01,167.418,703.65,871.068,58.644,218.412,277.056,0.5337254166959198,8956.058,0.0008956058,471.14,0.0,0.0,0.33916051371977507,54386,242619,297005,138528,4478029,1.818,4,0.00999837585282919,0.00999837585282919,0.00999837585282919,0.9886,0.97948,0,31,448,0,2,0,9,0,10,0,0,116.814,169,493
4790000,2026-01-19T19:44:37.499969,436403,54504,297606,138796,236023,0.5335996527409734,0.4487356,0.33910306468855117,109.008,486.204,595.212,167.76,705.046,872.806,58.75,218.842,277.592,0.5335996527409734,8974.712,0.0008974712,472.046,0.0,0.0,0.33910306468855117,54504,243102,297606,138796,4487356,1.918,4,0.00999837585282919,0.00999837585282919,0.00999837585282919,0.99244,0.97972,0,34,455,0,0,0,7,0,4,0,0,40.126,138,249
4800000,2026-01-19T19:44:51.062795,437333,54623,298240,139092,236532,0.5335137243028301,0.4496711,0.3390701076300359,109.246,487.234,596.48,168.096,706.57,874.666,58.848,219.336,278.184,0.5335137243028301,8993.422,0.0008993422,473.064,0.0,0.0,0.3390701076300359,54623,243617,298240,139092,4496711,1.79,4,0.00999837585282919,0.00999837585282919,0.00999837585282919,0.9909,0.97968,0,46,444,0,2,0,4,0,4,0,0,99.132,144,405
4810000,2026-01-19T19:45:04.542613,438258,54741,298868,139389,237025,0.5334447759673063,0.4506082,0.3390422847013946,109.482,488.254,597.736,168.446,708.07,876.516,58.962,219.816,278.778,0.5334447759673063,9012.164,0.0009012164000000001,474.05,0.0,0.0,0.3390422847013946,54741,244127,298868,139389,4506082,1.828,4,0.00999837585282919,0.00999837585282919,0.00999837585282919,0.99124,0.9798600000000001,0,33,449,0,2,0,9,0,7,0,0,110.31,165,444
4820000,2026-01-19T19:45:18.087240,439139,54860,299477,139661,237478,0.5332278027124988,0.4515387,0.33897063349356904,109.72,489.234,598.954,168.802,709.476,878.278,59.08,220.242,279.322,0.5332278027124988,9030.774,0.0009030774,474.956,0.0,0.0,0.33897063349356904,54860,244617,299477,139661,4515387,1.884,4,0.00999837585282919,0.00999837585282919,0.00999837585282919,0.99366,0.9798,0,21,465,0,4,0,7,0,3,0,0,55.928,93,414
4830000,2026-01-19T19:45:31.885095,440062,54968,300098,139963,237998,0.5331982160080382,0.452481,0.33895736495811535,109.936,490.26,600.196,169.14,710.984,880.124,59.202,220.724,279.926,0.5331982160080382,9049.62,0.000904962,475.996,0.0,0.0,0.33895736495811535,54968,245130,300098,139963,4524810,1.81,4,0.00999837585282919,0.00999837585282919,0.00999837585282919,0.9914,0.97952,0,43,443,0,0,0,7,0,7,0,0,70.026,155,326
4840000,2026-01-19T19:45:46.572762,441007,55083,300739,140267,238516,0.5331256921710517,0.4534174,0.33893433898782055,110.166,491.312,601.478,169.502,712.512,882.014,59.336,221.198,280.534,0.5331256921710517,9068.348,0.0009068348000000001,477.032,0.0,0.0,0.33893433898782055,55083,245656,300739,140267,4534174,1.926,4,0.00999837585282919,0.00999837585282919,0.00999837585282919,0.9891599999999999,0.97926,0,25,459,0,5,0,8,0,3,0,0,128.942,176,437
4850000,2026-01-19T19:46:00.882081,441878,55203,301339,140538,238964,0.5329852870490212,0.4543542,0.3388859202196947,110.406,492.272,602.678,169.856,713.9,883.756,59.448,221.628,281.076,0.5329852870490212,9087.084,0.0009087084,477.928,0.0,0.0,0.3388859202196947,55203,246136,301339,140538,4543542,1.81,4,0.00999837585282919,0.00999837585282919,0.00999837585282919,0.99076,0.97946,0,36,456,0,0,0,5,0,3,0,0,44.88,147,348
4860000,2026-01-19T19:46:16.476355,442759,55321,301941,140817,239407,0.5328725165158814,0.4552968,0.33884808755913626,110.642,493.24,603.882,170.216,715.302,885.518,59.572,222.062,281.634,0.5328725165158814,9105.936,0.0009105936,478.814,0.0,0.0,0.33884808755913626,55321,246620,301941,140817,4552968,1.928,4,0.00999837585282919,0.00999837585282919,0.00999837585282919,0.9929600000000001,0.97944,0,34,446,0,3,0,9,0,8,0,0,109.602,169,481
4870000,2026-01-19T19:46:30.060736,443616,55433,302532,141084,239862,0.532697041434597,0.4562358,0.33879138186548174,110.866,494.198,605.064,170.564,716.668,887.232,59.698,222.47,282.168,0.532697041434597,9124.716,0.0009124716000000001,479.724,0.0,0.0,0.33879138186548174,55433,247099,302532,141084,4562358,1.962,4,0.00999837585282919,0.00999837585282919,0.00999837585282919,0.9936200000000001,0.97964,0,25,464,1,1,0,5,0,4,0,0,60.278,181,266
4880000,2026-01-19T19:46:44.991988,444480,55546,303127,141352,240310,0.5325726786517216,0.4571754,0.33875186288648573,111.092,495.162,606.254,170.894,718.066,888.96,59.8,222.904,282.704,0.5325726786517216,9143.508,0.0009143508,480.62,0.0,0.0,0.33875186288648573,55546,247581,303127,141352,4571754,1.694,4,0.00999837585282919,0.00999837585282919,0.00999837585282919,0.9900599999999999,0.97992,0,34,452,0,5,0,6,0,3,0,0,108.258,166,469
4890000,2026-01-19T19:46:58.582418,445381,55666,303748,141632,240770,0.5325354434995,0.4581099,0.33872641552592464,111.332,496.164,607.496,171.25,719.512,890.762,59.916,223.348,283.264,0.5325354434995,9162.198,0.0009162198000000001,481.54,0.0,0.0,0.33872641552592464,55666,248082,303748,141632,4581099,1.902,4,0.00999837585282919,0.00999837585282919,0.00999837585282919,0.9877999999999999,0.97988,0,28,453,0,3,0,11,0,5,0,0,106.056,145,481
4900000,2026-01-19T19:47:12.153456,446289,55779,304373,141915,241271,0.5323743854448318,0.4590417,0.3386797941131517,111.558,497.188,608.746,171.598,720.98,892.578,60.038,223.792,283.83,0.5323743854448318,9180.834,0.0009180834,482.542,0.0,0.0,0.3386797941131517,55779,248594,304373,141915,4590417,1.936,4,0.00999837585282919,0.00999837585282919,0.00999837585282919,0.99254,0.9798199999999999,0,42,450,0,0,0,5,0,3,0,0,36.236,117,299
4910000,2026-01-19T19:47:26.088005,447139,55894,304951,142187,241716,0.5322785913790844,0.4599848,0.3386542981704303,111.788,498.114,609.902,171.918,722.36,894.278,60.128,224.246,284.374,0.5322785913790844,9199.696,0.0009199696000000001,483.432,0.0,0.0,0.3386542981704303,55894,249057,304951,142187,4599848,1.884,4,0.00999837585282919,0.00999837585282919,0.00999837585282919,0.9940599999999999,0.9801599999999999,0,29,459,0,1,0,5,0,6,0,0,63.95,112,404
4920000,2026-01-19T19:47:39.747189,448041,56008,305579,142461,242190,0.5321289586413451,0.4609223,0.3386014435474666,112.016,499.142,611.158,172.258,723.824,896.082,60.24,224.682,284.922,0.5321289586413451,9218.446,0.0009218446,484.38,0.0,0.0,0.3386014435474666,56008,249571,305579,142461,4609223,1.942,4,0.00999837585282919,0.00999837585282919,0.00999837585282919,0.99174,0.98048,0,33,453,0,1,0,8,0,5,0,0,93.298,150,461
4930000,2026-01-19T19:47:53.239270,448926,56124,306179,142746,242662,0.5320826622171151,0.4618628,0.33859186146228565,112.248,500.11,612.358,172.598,725.254,897.852,60.348,225.144,285.492,0.5320826622171151,9237.256,0.0009237256,485.324,0.0,0.0,0.33859186146228565,56124,250055,306179,142746,4618628,1.838,4,0.00999837585282919,0.00999837585282919,0.00999837585282919,0.99066,0.98064,0,26,460,0,3,0,7,0,4,0,0,103.662,151,444
4940000,2026-01-19T19:48:06.733864,449806,56244,306790,143015,243102,0.5319159700018435,0.4628043,0.33852909435849204,112.488,501.092,613.58,172.966,726.646,899.612,60.476,225.554,286.03,0.5319159700018435,9256.086,0.0009256086,486.204,0.0,0.0,0.33852909435849204,56244,250546,306790,143015,4628043,1.864,4,0.00999837585282919,0.00999837585282919,0.00999837585282919,0.99164,0.98056,0,33,455,0,1,0,6,0,5,0,0,83.854,171,456
4950000,2026-01-19T19:48:20.407182,450717,56356,307410,143306,243589,0.5318335982155009,0.4637405,0.3385019005274547,112.712,502.108,614.82,173.318,728.116,901.434,60.604,226.008,286.612,0.5318335982155009,9274.81,0.000927481,487.178,0.0,0.0,0.3385019005274547,56356,251054,307410,143306,4637405,1.866,4,0.00999837585282919,0.00999837585282919,0.00999837585282919,0.9910599999999999,0.98024,0,20,459,0,4,0,12,0,5,0,0,130.622,169,470
4960000,2026-01-19T19:48:34.065112,451568,56468,307991,143576,244044,0.5316736938125618,0.464678,0.33844778848150237,112.936,503.046,615.982,173.646,729.49,903.136,60.71,226.442,287.152,0.5316736938125618,9293.56,0.000929356,488.088,0.0,0.0,0.33844778848150237,56468,251523,307991,143576,4646780,1.858,4,0.00999837585282919,0.00999837585282919,0.00999837585282919,0.99218,0.9798199999999999,0,28,457,0,5,0,7,0,3,0,0,78.434,121,448
4970000,2026-01-19T19:48:47.840771,452459,56584,308607,143851,244510,0.5314865491694322,0.4656107,0.33838299995028887,113.168,504.046,617.214,174.012,730.906,904.918,60.842,226.86,287.702,0.5314865491694322,9312.214,0.0009312214,489.02,0.0,0.0,0.33838299995028887,56584,252023,308607,143851,4656107,1.786,4,0.00999837585282919,0.00999837585282919,0.00999837585282919,0.99238,0.97948,0,36,455,0,1,0,4,0,4,0,0,79.588,164,486
4980000,2026-01-19T19:49:01.321986,453351,56706,309227,144123,244953,0.5312900324757824,0.4665482,0.338314273564682,113.412,505.042,618.454,174.366,732.336,906.702,60.952,227.294,288.246,0.5312900324757824,9330.964,0.0009330964,489.906,0.0,0.0,0.338314273564682,56706,252521,309227,144123,4665482,1.922,4,0.00999837585282919,0.00999837585282919,0.00999837585282919,0.9922000000000001,0.9795,0,44,438,0,3,0,8,0,7,0,0,115.664,162,467
4990000,2026-01-19T19:49:14.940371,454252,56821,309849,144403,245429,0.5311586203271221,0.4674857,0.33826476634863656,113.642,506.056,619.698,174.724,733.78,908.504,61.082,227.724,288.806,0.5311586203271221,9349.714,0.0009349714,490.858,0.0,0.0,0.33826476634863656,56821,253028,309849,144403,4674857,1.842,4,0.00999837585282919,0.00999837585282919,0.00999837585282919,0.99086,0.97966,0,24,461,1,3,0,7,0,4,0,0,122.82,181,419
5000000,2026-01-19T19:49:28.451887,455077,56938,310421,144655,245846,0.5309908809113203,0.4684179,0.33820448614833537,113.876,506.966,620.842,175.064,735.09,910.154,61.186,228.124,289.31,0.5309908809113203,9368.358,0.0009368358,491.692,0.0,0.0,0.33820448614833537,56938,253483,310421,144655,4684179,1.884,4,0.00999837585282919,0.00999837585282919,0.00999837585282919,0.9940399999999999,0.9795,0,58,435,0,0,0,5,0,2,0,0,30.314,87,278
5010000,2026-01-19T19:49:41.874017,455978,57049,311041,144936,246321,0.5307865799324116,0.4693631,0.3381493384297532,114.098,507.984,622.082,175.42,736.536,911.956,61.322,228.55,289.872,0.5307865799324116,9387.262,0.0009387261999999999,492.642,0.0,0.0,0.3381493384297532,57049,253992,311041,144936,4693631,1.796,4,0.00999837585282919,0.00999837585282919,0.00999837585282919,0.98954,0.9792799999999999,0,27,458,0,5,0,6,0,4,0,0,97.886,179,484
5020000,2026-01-19T19:49:55.783312,456839,57167,311627,145211,246768,0.5307138077091633,0.4703068,0.338129770230279,114.334,508.92,623.254,175.766,737.912,913.678,61.43,228.992,290.422,0.5307138077091633,9406.136,0.0009406136000000001,493.536,0.0,0.0,0.338129770230279,57167,254460,311627,145211,4703068,1.766,4,0.00999837585282919,0.00999837585282919,0.00999837585282919,0.99018,0.97978,0,12,477,0,0,0,7,0,4,0,0,42.542,170,258
5030000,2026-01-19T19:50:10.608241,457752,57292,312266,145485,247221,0.5304917074745629,0.4712387,0.33805666953837266,114.584,509.948,624.532,176.134,739.37,915.504,61.548,229.422,290.97,0.5304917074745629,9424.774,0.0009424774,494.442,0.0,0.0,0.33805666953837266,57292,254974,312266,145485,4712387,1.842,4,0.00999837585282919,0.00999837585282919,0.00999837585282919,0.99352,0.97942,0,43,444,0,0,0,5,0,8,0,0,70.862,149,451
5040000,2026-01-19T19:50:25.697978,458584,57405,312837,145746,247657,0.530477897270048,0.4721833,0.33803970579821396,114.81,510.864,625.674,176.444,740.724,917.168,61.634,229.858,291.492,0.530477897270048,9443.666,0.0009443666,495.314,0.0,0.0,0.33803970579821396,57405,255432,312837,145746,4721833,1.99,4,0.00999837585282919,0.00999837585282919,0.00999837585282919,0.9897400000000001,0.9800399999999999,0,7,480,0,3,0,7,0,3,0,0,67.31,178,237
5050000,2026-01-19T19:50:40.215545,459448,57520,313439,146008,248095,0.5303572459568356,0.473123,0.33799572095319735,115.04,511.838,626.878,176.8,742.096,918.896,61.758,230.258,292.016,0.5303572459568356,9462.46,0.000946246,496.19,0.0,0.0,0.33799572095319735,57520,255919,313439,146008,4731230,1.776,4,0.00999837585282919,0.00999837585282919,0.00999837585282919,0.9890599999999999,0.9796999999999999,0,38,450,0,0,0,6,0,6,0,0,90.934,171,483
5060000,2026-01-19T19:50:55.635056,460330,57642,314049,146280,248531,0.5301651441106008,0.474057,0.33792833623725343,115.284,512.814,628.098,177.164,743.496,920.66,61.878,230.682,292.56,0.5301651441106008,9481.14,0.000948114,497.062,0.0,0.0,0.33792833623725343,57642,256407,314049,146280,4740570,1.83,4,0.00999837585282919,0.00999837585282919,0.00999837585282919,0.9889199999999999,0.9798600000000001,0,26,456,0,5,0,10,0,3,0,0,91.752,125,461
5070000,2026-01-19T19:51:10.097642,461159,57759,314624,146534,248944,0.530040083337298,0.4750034,0.3378785667273665,115.518,513.73,629.248,177.502,744.816,922.318,61.982,231.086,293.068,0.530040083337298,9500.068,0.0009500068,497.888,0.0,0.0,0.3378785667273665,57759,256865,314624,146534,4750034,1.846,4,0.00999837585282919,0.00999837585282919,0.00999837585282919,0.98954,0.98034,0,38,446,0,3,0,7,0,6,0,0,122.428,157,473
5080000,2026-01-19T19:51:24.271559,462056,57873,315238,146817,249420,0.5299123094281122,0.4759395,0.33784259538028283,115.746,514.73,630.476,177.868,746.244,924.112,62.12,231.514,293.634,0.5299123094281122,9518.79,0.000951879,498.84,0.0,0.0,0.33784259538028283,57873,257365,315238,146817,4759395,1.846,4,0.00999837585282919,0.00999837585282919,0.00999837585282919,0.9946799999999999,0.9791,0,44,442,0,1,0,7,0,6,0,0,58.142,118,370
5090000,2026-01-19T19:51:37.874615,462881,57987,315798,147082,249856,0.5298102023384528,0.4768897,0.33780768237123676,115.974,515.622,631.596,178.184,747.578,925.762,62.21,231.954,294.164,0.5298102023384528,9537.794,0.0009537793999999999,499.712,0.0,0.0,0.33780768237123676,57987,257811,315798,147082,4768897,1.806,4,0.00999837585282919,0.00999837585282919,0.00999837585282919,0.99164,0.98002,1,24,468,0,2,0,2,0,3,0,0,75.19,176,334
5100000,2026-01-19T19:51:52.011693,463765,58109,316414,147351,250297,0.5296261471980778,0.4778291,0.33773832044016683,116.218,516.61,632.828,178.542,748.988,927.53,62.324,232.378,294.702,0.5296261471980778,9556.582,0.0009556582,500.594,0.0,0.0,0.33773832044016683,58109,258305,316414,147351,4778291,2.014,4,0.00999837585282919,0.00999837585282919,0.00999837585282919,0.98862,0.9796999999999999,0,23,466,0,2,1,5,0,3,0,0,89.188,175,485
5110000,2026-01-19T19:52:05.892127,464676,58224,317047,147628,250769,0.5294101722542465,0.4787642,0.33767359318343687,116.448,517.646,634.094,178.906,750.446,929.352,62.458,232.798,295.256,0.5294101722542465,9575.284,0.0009575283999999999,501.538,0.0,0.0,0.33767359318343687,58224,258823,317047,147628,4787642,1.886,4,0.00999837585282919,0.00999837585282919,0.00999837585282919,0.99276,0.9793999999999999,1,24,460,0,4,0,7,0,4,0,0,97.144,179,354
5120000,2026-01-19T19:52:19.544735,465518,58337,317625,147892,251204,0.5293423106740442,0.479705,0.33764426572929396,116.674,518.576,635.25,179.246,751.79,931.036,62.57,233.214,295.784,0.5293423106740442,9594.1,0.00095941,502.408,0.0,0.0,0.33764426572929396,58337,259288,317625,147892,4797050,1.824,4,0.00999837585282919,0.00999837585282919,0.00999837585282919,0.99222,0.97892,0,40,446,0,3,0,7,0,4,0,0,113.524,154,463
5130000,2026-01-19T19:52:33.130302,466359,58447,318210,148148,251641,0.5291090879282517,0.4806404,0.3375705240223589,116.894,519.526,636.42,179.58,753.138,932.718,62.684,233.612,296.296,0.5291090879282517,9612.808,0.0009612808000000001,503.282,0.0,0.0,0.3375705240223589,58447,259763,318210,148148,4806404,1.914,4,0.00999837585282919,0.00999837585282919,0.00999837585282919,0.993,0.9791599999999999,0,40,452,0,0,0,4,0,4,0,0,29.864,111,243
5140000,2026-01-19T19:52:46.817817,467273,58566,318836,148436,252113,0.5289576563701138,0.4815828,0.33752446550811244,117.132,520.54,637.672,179.942,754.604,934.546,62.81,234.062,296.872,0.5289576563701138,9631.656,0.0009631656,504.226,0.0,0.0,0.33752446550811244,58566,260270,318836,148436,4815828,1.802,4,0.00999837585282919,0.00999837585282919,0.00999837585282919,0.99214,0.97914,0,50,435,0,4,0,6,0,5,0,0,107.294,178,485
5150000,2026-01-19T19:53:00.739202,468132,58680,319419,148712,252575,0.5289024591399514,0.4825256,0.33751154331495636,117.36,521.478,638.838,180.262,756.002,936.264,62.9,234.524,297.424,0.5289024591399514,9650.512,0.0009650512,505.15,0.0,0.0,0.33751154331495636,58680,260739,319419,148712,4825256,1.876,4,0.00999837585282919,0.00999837585282919,0.00999837585282919,0.9933,0.97908,1,19,471,0,0,0,5,0,4,0,0,66.082,171,271
5160000,2026-01-19T19:53:14.319894,468984,58794,319997,148986,253023,0.5287895295270321,0.4834603,0.3374798400530337,117.588,522.406,639.994,180.586,757.382,937.968,62.996,234.976,297.972,0.5287895295270321,9669.206,0.0009669206,506.046,0.0,0.0,0.3374798400530337,58794,261203,319997,148986,4834603,1.874,4,0.00999837585282919,0.00999837585282919,0.00999837585282919,0.9939399999999999,0.97962,0,52,433,0,5,0,7,0,3,0,0,54.726,87,377
5170000,2026-01-19T19:53:27.904390,469821,58906,320575,149245,253460,0.5286329888069378,0.4844024,0.33742614877376925,117.812,523.338,641.15,180.914,758.728,939.642,63.1,235.39,298.49,0.5286329888069378,9688.048,0.0009688048,506.92,0.0,0.0,0.33742614877376925,58906,261669,320575,149245,4844024,1.724,4,0.00999837585282919,0.00999837585282919,0.00999837585282919,0.9915,0.97972,0,32,457,0,0,0,5,0,6,0,0,48.782,106,381
5180000,2026-01-19T19:53:41.569586,470680,59023,321169,149510,253894,0.5284431402400861,0.485347,0.3373579661606889,118.046,524.292,642.338,181.256,760.104,941.36,63.208,235.812,299.02,0.5284431402400861,9706.94,0.000970694,507.788,0.0,0.0,0.3373579661606889,59023,262146,321169,149510,4853470,2.03,4,0.00999837585282919,0.00999837585282919,0.00999837585282919,0.9900599999999999,0.97988,1,36,449,0,2,0,7,0,5,0,0,92.18,158,471
5190000,2026-01-19T19:53:55.100547,471606,59143,321808,149798,254381,0.5283358084358716,0.4862841,0.33732669292925443,118.286,525.33,643.616,181.626,761.586,943.212,63.34,236.256,299.596,0.5283358084358716,9725.682,0.0009725682,508.762,0.0,0.0,0.33732669292925443,59143,262665,321808,149798,4862841,1.93,4,0.00999837585282919,0.00999837585282919,0.00999837585282919,0.98836,0.9796,0,29,459,1,3,0,4,0,4,0,0,109.842,180,460
5200000,2026-01-19T19:54:08.666507,472474,59259,322409,150064,254829,0.528139760955819,0.48722,0.33726361109365205,118.518,526.3,644.818,181.968,762.98,944.948,63.448,236.68,300.128,0.528139760955819,9744.4,0.0009744399999999999,509.658,0.0,0.0,0.33726361109365205,59259,263150,322409,150064,4872200,1.998,4,0.00999837585282919,0.00999837585282919,0.00999837585282919,0.9920599999999999,0.97932,0,30,460,0,2,0,4,0,4,0,0,81.482,169,424
5210000,2026-01-19T19:54:22.244758,473379,59375,323029,150349,255299,0.5280113077612693,0.4881537,0.3372237581908874,118.75,527.308,646.058,182.326,764.432,946.758,63.574,237.124,300.698,0.5280113077612693,9763.074,0.0009763074000000001,510.598,0.0,0.0,0.3372237581908874,59375,263654,323029,150349,4881537,1.798,4,0.00999837585282919,0.00999837585282919,0.00999837585282919,0.9923,0.97952,0,35,446,0,2,0,10,0,7,0,0,97.926,141,487
5220000,2026-01-19T19:54:35.827262,474274,59486,323646,150627,255785,0.527886305971643,0.4890873,0.337180012635705,118.972,528.32,647.292,182.68,765.868,948.548,63.706,237.548,301.254,0.527886305971643,9781.746,0.0009781746,511.57,0.0,0.0,0.337180012635705,59486,264160,323646,150627,4890873,1.836,4,0.00999837585282919,0.00999837585282919,0.00999837585282919,0.99242,0.97924,1,38,449,0,2,0,5,0,5,0,0,86.074,141,461
5230000,2026-01-19T19:54:49.471528,475144,59603,324245,150898,256230,0.5277657935714224,0.4900171,0.33713877434268097,119.206,529.284,648.49,183.018,767.27,950.288,63.81,237.986,301.796,0.5277657935714224,9800.342,0.0009800342,512.46,0.0,0.0,0.33713877434268097,59603,264642,324245,150898,4900171,1.742,4,0.00999837585282919,0.00999837585282919,0.00999837585282919,0.99312,0.97938,0,45,438,0,4,0,9,0,4,0,0,75.172,104,491
5240000,2026-01-19T19:55:03.033467,476004,59713,324834,151169,256682,0.5275679445879573,0.4909617,0.3370825489623561,119.426,530.242,649.668,183.37,768.638,952.008,63.942,238.396,302.338,0.5275679445879573,9819.234,0.0009819234,513.364,0.0,0.0,0.3370825489623561,59713,265121,324834,151169,4909617,1.948,4,0.00999837585282919,0.00999837585282919,0.00999837585282919,0.9913,0.9799,0,32,450,0,4,0,9,0,5,0,0,119.364,166,457
5250000,2026-01-19T19:55:16.730628,476865,59826,325428,151436,257134,0.5274444452830139,0.4918986,0.3370342037479053,119.652,531.204,650.856,183.722,770.008,953.73,64.068,238.804,302.872,0.5274444452830139,9837.972,0.0009837972,514.268,0.0,0.0,0.3370342037479053,59826,265602,325428,151436,4918986,1.836,4,0.00999837585282919,0.00999837585282919,0.00999837585282919,0.99222,0.97974,0,25,466,0,1,0,4,0,4,0,0,49.586,129,436
5260000,2026-01-19T19:55:30.267323,477775,59944,326052,151722,257607,0.5273131843619061,0.4928344,0.33699471039880813,119.888,532.216,652.104,184.094,771.456,955.55,64.204,239.24,303.444,0.5273131843619061,9856.688,0.0009856688,515.214,0.0,0.0,0.33699471039880813,59944,266108,326052,151722,4928344,1.876,4,0.00999837585282919,0.00999837585282919,0.00999837585282919,0.99064,0.97926,1,32,457,0,0,0,5,0,5,0,0,33.38,103,247
5270000,2026-01-19T19:55:43.863639,478680,60057,326675,152004,258087,0.5271789891484705,0.493773,0.33694968667147956,120.114,533.236,653.35,184.44,772.92,957.36,64.324,239.684,304.008,0.5271789891484705,9875.46,0.000987546,516.174,0.0,0.0,0.33694968667147956,60057,266618,326675,152004,4937730,1.892,4,0.00999837585282919,0.00999837585282919,0.00999837585282919,0.99102,0.9793999999999999,0,24,462,0,2,0,7,0,5,0,0,109.314,155,413
5280000,2026-01-19T19:55:57.439349,479605,60179,327316,152289,258574,0.5270375458460528,0.49471,0.3369105491365125,120.358,534.274,654.632,184.8,774.41,959.21,64.442,240.136,304.578,0.5270375458460528,9894.2,0.00098942,517.148,0.0,0.0,0.3369105491365125,60179,267137,327316,152289,4947100,1.874,4,0.00999837585282919,0.00999837585282919,0.00999837585282919,0.9934,0.97902,0,47,445,0,0,0,4,0,4,0,0,33.886,117,480
5290000,2026-01-19T19:56:11.042231,480403,60296,327869,152533,258965,0.526815791246458,0.4956536,0.33684246310771804,120.592,535.146,655.738,185.122,775.684,960.806,64.528,240.538,305.066,0.526815791246458,9913.072,0.0009913072,517.93,0.0,0.0,0.33684246310771804,60296,267573,327869,152533,4956536,1.888,4,0.00999837585282919,0.00999837585282919,0.00999837585282919,0.99344,0.97926,0,30,460,0,0,0,5,0,5,0,0,67.724,162,393
5300000,2026-01-19T19:56:24.545654,481264,60413,328461,152802,259397,0.5266889281844462,0.4965963,0.33679667856378,120.826,536.096,656.922,185.474,777.054,962.528,64.648,240.956,305.604,0.5266889281844462,9931.926,0.0009931926,518.794,0.0,0.0,0.33679667856378,60413,268048,328461,152802,4965963,2.008,4,0.00999837585282919,0.00999837585282919,0.00999837585282919,0.9902000000000001,0.97968,1,27,456,0,4,0,7,0,5,0,0,116.666,176,462
5310000,2026-01-19T19:56:38.113660,482101,60522,329034,153066,259831,0.526574307319024,0.4975316,0.3367577071540786,121.044,537.024,658.068,185.808,778.394,964.202,64.762,241.37,306.132,0.526574307319024,9950.632,0.0009950632,519.662,0.0,0.0,0.3367577071540786,60522,268512,329034,153066,4975316,1.79,4,0.00999837585282919,0.00999837585282919,0.00999837585282919,0.9907,0.9799,0,44,436,0,3,0,10,0,7,0,0,122.754,165,492
5320000,2026-01-19T19:56:51.612540,483031,60641,329677,153353,260322,0.5264206323629923,0.498467,0.3366996512378185,121.282,538.072,659.354,186.18,779.882,966.062,64.898,241.808,306.706,0.5264206323629923,9969.34,0.0009969339999999999,520.644,0.0,0.0,0.3366996512378185,60641,269036,329677,153353,4984670,1.912,4,0.00999837585282919,0.00999837585282919,0.00999837585282919,0.99174,0.97936,0,34,450,0,3,0,8,0,5,0,0,115.44,176,448
5330000,2026-01-19T19:57:05.210603,483942,60757,330308,153633,260794,0.5262550539607653,0.4993968,0.3366354332298388,121.514,539.102,660.616,186.546,781.338,967.884,65.03,242.236,307.266,0.5262550539607653,9987.936,0.0009987936,521.588,0.0,0.0,0.3366354332298388,60757,269551,330308,153633,4993968,1.948,4,0.00999837585282919,0.00999837585282919,0.00999837585282919,0.99318,0.9788199999999999,0,28,454,0,1,0,8,0,9,0,0,45.38,86,389
5340000,2026-01-19T19:57:18.787228,484807,60874,330901,153905,261242,0.5261406159113704,0.500345,0.3365933073005588,121.748,540.054,661.802,186.878,782.736,969.614,65.13,242.68,307.81,0.5261406159113704,10006.9,0.00100069,522.484,0.0,0.0,0.3365933073005588,60874,270027,330901,153905,5003450,1.85,4,0.00999837585282919,0.00999837585282919,0.00999837585282919,0.99276,0.97948,0,26,455,0,2,0,9,0,8,0,0,131.26,177,488
5350000,2026-01-19T19:57:32.322753,485679,60992,331503,154175,261698,0.5259816499710509,0.501281,0.3365449259693838,121.984,541.022,663.006,187.224,784.134,971.358,65.238,243.112,308.35,0.5259816499710509,10025.62,0.001002562,523.396,0.0,0.0,0.3365449259693838,60992,270511,331503,154175,5012810,1.91,4,0.00999837585282919,0.00999837585282919,0.00999837585282919,0.99038,0.9790399999999999,0,23,467,0,1,0,4,0,5,0,0,61.048,129,364
5360000,2026-01-19T19:57:45.905010,486548,61109,332100,154447,262145,0.5259406275928765,0.5022188,0.3365224651824423,122.218,541.982,664.2,187.574,785.522,973.096,65.354,243.54,308.894,0.5259406275928765,10044.376,0.0010044376,524.29,0.0,0.0,0.3365224651824423,61109,270991,332100,154447,5022188,1.946,4,0.00999837585282919,0.00999837585282919,0.00999837585282919,0.99178,0.9791599999999999,0,26,464,0,2,0,4,0,4,0,0,60.578,101,450
5370000,2026-01-19T19:57:59.467626,487434,61225,332708,154725,262608,0.5257968206481398,0.5031603,0.3364759851641084,122.45,542.966,665.416,187.928,786.94,974.868,65.476,243.974,309.45,0.5257968206481398,10063.206,0.0010063206,525.216,0.0,0.0,0.3364759851641084,61225,271483,332708,154725,5031603,1.794,4,0.00999837585282919,0.00999837585282919,0.00999837585282919,0.99478,0.97938,0,53,436,0,0,0,4,0,7,0,0,28.632,117,243
5380000,2026-01-19T19:58:13.039809,488309,61337,333310,154999,263073,0.5256434773391971,0.5041036,0.3364273345523657,122.674,543.946,666.62,188.268,788.35,976.618,65.594,244.404,309.998,0.5256434773391971,10082.072,0.0010082072,526.146,0.0,0.0,0.3364273345523657,61337,271973,333310,154999,5041036,1.864,4,0.00999837585282919,0.00999837585282919,0.00999837585282919,0.9936,0.9796999999999999,0,17,474,0,0,0,4,1,4,0,0,34.6,123,293
5390000,2026-01-19T19:58:26.630966,489170,61451,333897,155272,263526,0.5255328419325023,0.5050397,0.3363934392146274,122.902,544.892,667.794,188.602,789.738,978.34,65.698,244.846,310.544,0.5255328419325023,10100.794,0.0010100794,527.052,0.0,0.0,0.3363934392146274,61451,272446,333897,155272,5050397,1.83,4,0.00999837585282919,0.00999837585282919,0.00999837585282919,0.9941599999999999,0.97962,0,43,448,0,1,0,4,0,4,0,0,37.514,117,406
5400000,2026-01-19T19:58:40.178393,490037,61567,334493,155543,263974,0.5253625392014885,0.5059852,0.336341367871679,123.134,545.852,668.986,188.942,791.132,980.074,65.808,245.278,311.086,0.5253625392014885,10119.704,0.0010119704,527.948,0.0,0.0,0.336341367871679,61567,272926,334493,155543,5059852,1.938,4,0.00999837585282919,0.00999837585282919,0.00999837585282919,0.9909,0.9801,2,32,457,0,2,0,3,0,4,0,0,56.236,177,362
5410000,2026-01-19T19:58:53.712911,490941,61674,335108,155832,264463,0.5252390080068146,0.5069229,0.3363053438647327,123.348,546.868,670.216,189.292,792.59,981.882,65.942,245.722,311.664,0.5252390080068146,10138.458,0.0010138457999999998,528.926,0.0,0.0,0.3363053438647327,61674,273434,335108,155832,5069229,1.97,4,0.00999837585282919,0.00999837585282919,0.00999837585282919,0.99098,0.97942,1,34,447,0,5,0,10,0,3,0,0,122.426,154,478
5420000,2026-01-19T19:59:07.320599,491794,61788,335704,156089,264908,0.5250498351721661,0.5078599,0.3362377442868339,123.576,547.832,671.408,189.626,793.962,983.588,66.048,246.13,312.178,0.5250498351721661,10157.198,0.0010157198,529.816,0.0,0.0,0.3362377442868339,61788,273916,335704,156089,5078599,1.894,4,0.00999837585282919,0.00999837585282919,0.00999837585282919,0.9929,0.9796999999999999,0,26,465,0,0,0,5,0,4,0,0,40.02,138,263
5430000,2026-01-19T19:59:20.856977,492661,61903,336296,156364,265364,0.5249289442209595,0.5087997,0.3362092787865137,123.806,548.786,672.592,189.954,795.368,985.322,66.146,246.582,312.728,0.5249289442209595,10175.994,0.0010175994,530.728,0.0,0.0,0.3362092787865137,61903,274393,336296,156364,5087997,1.85,4,0.00999837585282919,0.00999837585282919,0.00999837585282919,0.9928400000000001,0.9800399999999999,0,49,442,0,2,0,4,0,3,0,0,54.344,135,359
5440000,2026-01-19T19:59:34.339152,493554,62019,336915,156638,265820,0.5248268044582002,0.509735,0.33616677093131647,124.038,549.792,673.83,190.306,796.802,987.108,66.266,247.01,313.276,0.5248268044582002,10194.7,0.0010194700000000002,531.64,0.0,0.0,0.33616677093131647,62019,274896,336915,156638,5097350,1.85,4,0.00999837585282919,0.00999837585282919,0.00999837585282919,0.99324,0.97938,0,37,445,0,2,0,9,0,7,0,0,83.626,117,439
5450000,2026-01-19T19:59:47.916370,494378,62135,337496,156881,266217,0.5245341141311795,0.5106787,0.3360718919087303,124.27,550.722,674.992,190.648,798.108,988.756,66.376,247.386,313.762,0.5245341141311795,10213.574,0.0010213574,532.434,0.0,0.0,0.3360718919087303,62135,275361,337496,156881,5106787,1.798,4,0.00999837585282919,0.00999837585282919,0.00999837585282919,0.9909199999999999,0.9791799999999999,0,39,441,0,2,0,10,0,8,0,0,83.078,130,484
5460000,2026-01-19T20:00:01.517688,495220,62254,338084,157136,266652,0.5244057662610638,0.5116255,0.33602070558831904,124.508,551.66,676.168,190.976,799.464,990.44,66.468,247.804,314.272,0.5244057662610638,10232.51,0.001023251,533.304,0.0,0.0,0.33602070558831904,62254,275830,338084,157136,5116255,1.782,4,0.00999837585282919,0.00999837585282919,0.00999837585282919,0.99098,0.97996,0,17,476,0,0,0,2,1,4,0,0,28.386,123,165
5470000,2026-01-19T20:00:15.002320,496095,62366,338680,157414,267116,0.5243251893117046,0.5125559,0.3359899589413661,124.732,552.628,677.36,191.302,800.888,992.19,66.568,248.26,314.828,0.5243251893117046,10251.118,0.0010251117999999998,534.232,0.0,0.0,0.3359899589413661,62366,276314,338680,157414,5125559,1.904,4,0.00999837585282919,0.00999837585282919,0.00999837585282919,0.99446,0.9796,0,59,428,0,0,0,10,0,3,0,0,37.572,122,447
5480000,2026-01-19T20:00:28.592862,496948,62483,339259,157689,267569,0.5243313482065416,0.5135035,0.33598597083958603,124.966,553.552,678.518,191.628,802.268,993.896,66.662,248.716,315.378,0.5243313482065416,10270.07,0.001027007,535.138,0.0,0.0,0.33598597083958603,62483,276776,339259,157689,5135035,2.028,4,0.00999837585282919,0.00999837585282919,0.00999837585282919,0.9929,0.9798600000000001,0,25,464,1,1,0,4,0,5,0,0,76.582,180,368
5490000,2026-01-19T20:00:42.164771,497797,62594,339845,157951,268011,0.5241510210514847,0.5144443,0.33593300584565394,125.188,554.502,679.69,191.968,803.626,995.594,66.78,249.122,315.902,0.5241510210514847,10288.886,0.0010288886,536.022,0.0,0.0,0.33593300584565394,62594,277251,339845,157951,5144443,1.882,4,0.00999837585282919,0.00999837585282919,0.00999837585282919,0.99214,0.9796,0,35,457,0,2,0,3,0,3,0,0,39.836,111,387
5500000,2026-01-19T20:00:55.685072,498699,62715,340472,158226,268478,0.5239824839060376,0.5153819,0.33587509220103534,125.43,555.514,680.944,192.31,805.088,997.398,66.88,249.572,316.452,0.5239824839060376,10307.638,0.0010307638,536.956,0.0,0.0,0.33587509220103534,62715,277757,340472,158226,5153819,1.848,4,0.00999837585282919,0.00999837585282919,0.00999837585282919,0.99254,0.97932,0,48,445,0,1,0,4,0,2,0,0,25.79,113,449
5510000,2026-01-19T20:01:09.253289,499542,62826,341054,158487,268908,0.5238447460799702,0.5163141,0.3358335027334297,125.652,556.456,682.108,192.656,806.428,999.084,67.002,249.972,316.974,0.5238447460799702,10326.282,0.0010326282,537.816,0.0,0.0,0.3358335027334297,62826,278228,341054,158487,5163141,1.848,4,0.00999837585282919,0.00999837585282919,0.00999837585282919,0.99352,0.9791799999999999,0,27,462,0,2,0,5,0,4,0,0,65.954,127,482
5520000,2026-01-19T20:01:22.743558,500439,62938,341661,158777,269392,0.5237416423258522,0.5172568,0.3358034384965471,125.876,557.446,683.322,192.974,807.904,1000.878,67.096,250.458,317.554,0.5237416423258522,10345.136,0.0010345136,538.784,0.0,0.0,0.3358034384965471,62938,278723,341661,158777,5172568,1.932,4,0.00999837585282919,0.00999837585282919,0.00999837585282919,0.9919199999999999,0.97934,0,26,454,0,6,0,12,0,2,0,0,140.99,168,485
5530000,2026-01-19T20:01:36.439605,501307,63055,342252,159054,269862,0.5236684509925532,0.5181979,0.3357815457796988,126.11,558.394,684.504,193.298,809.316,1002.614,67.186,250.922,318.108,0.5236684509925532,10363.958,0.0010363958,539.724,0.0,0.0,0.3357815457796988,63055,279197,342252,159054,5181979,1.956,4,0.00999837585282919,0.00999837585282919,0.00999837585282919,0.9901,0.97962,0,29,463,0,1,0,3,0,4,0,0,66.696,163,428
5540000,2026-01-19T20:01:50.125926,502181,63173,342862,159319,270297,0.5235202599708724,0.5191377,0.3357249485523852,126.346,559.378,685.724,193.658,810.704,1004.362,67.312,251.326,318.638,0.5235202599708724,10382.754,0.0010382754,540.594,0.0,0.0,0.3357249485523852,63173,279689,342862,159319,5191377,1.92,4,0.00999837585282919,0.00999837585282919,0.00999837585282919,0.9916799999999999,0.97976,0,28,460,0,2,1,4,0,5,0,0,111.932,174,473
5550000,2026-01-19T20:02:03.751283,503127,63290,343514,159612,270796,0.5234190089663362,0.5200637,0.33568772281565307,126.58,560.448,687.028,194.03,812.224,1006.254,67.448,251.776,319.224,0.5234190089663362,10401.274,0.0010401274,541.592,0.0,0.0,0.33568772281565307,63290,280224,343514,159612,5200637,1.992,4,0.00999837585282919,0.00999837585282919,0.00999837585282919,0.99214,0.97942,0,28,456,0,1,0,8,0,7,0,0,97.952,171,466
5560000,2026-01-19T20:02:17.246511,504026,63404,344134,159891,271259,0.5233100854981915,0.5210001,0.33564822917551157,126.808,561.46,688.268,194.4,813.652,1008.052,67.592,252.19,319.782,0.5233100854981915,10420.002,0.0010420002,542.518,0.0,0.0,0.33564822917551157,63404,280730,344134,159891,5210001,1.84,4,0.00999837585282919,0.00999837585282919,0.00999837585282919,0.9930800000000001,0.97902,0,29,447,0,5,0,12,0,7,0,0,126.648,177,488
5570000,2026-01-19T20:02:30.792831,504936,63514,344750,160185,271777,0.5232773190139549,0.5219356,0.33564541677638404,127.028,562.472,689.5,194.744,815.128,1009.872,67.714,252.656,320.37,0.5232773190139549,10438.712,0.0010438711999999999,543.554,0.0,0.0,0.33564541677638404,63514,281236,344750,160185,5219356,1.83,4,0.00999837585282919,0.00999837585282919,0.00999837585282919,0.99064,0.9789399999999999,0,35,458,0,1,0,2,0,4,0,0,63.884,162,401
5580000,2026-01-19T20:02:44.325415,505809,63629,345354,160455,272218,0.523138017271902,0.5228765,0.33559424180462905,127.258,563.45,690.708,195.09,816.528,1011.618,67.832,253.078,320.91,0.523138017271902,10457.53,0.001045753,544.436,0.0,0.0,0.33559424180462905,63629,281725,345354,160455,5228765,1.702,4,0.00999837585282919,0.00999837585282919,0.00999837585282919,0.9909199999999999,0.97922,0,45,437,0,2,1,7,0,8,0,0,123.862,175,481
5590000,2026-01-19T20:02:57.913241,506695,63747,345968,160726,272670,0.5230213614327079,0.5238151,0.3355547367286078,127.494,564.442,691.936,195.452,817.938,1013.39,67.958,253.494,321.452,0.5230213614327079,10476.302,0.0010476302,545.34,0.0,0.0,0.3355547367286078,63747,282221,345968,160726,5238151,1.91,4,0.00999837585282919,0.00999837585282919,0.00999837585282919,0.99282,0.9790399999999999,1,33,449,0,3,0,8,0,6,0,0,118.478,179,479
5600000,2026-01-19T20:03:11.445377,507572,63862,346573,160998,273132,0.5228271624314416,0.5247498,0.33549706378502187,127.724,565.422,693.146,195.794,819.35,1015.144,68.068,253.928,321.996,0.5228271624314416,10494.996,0.0010494996000000002,546.264,0.0,0.0,0.33549706378502187,63862,282711,346573,160998,5247498,1.978,4,0.00999837585282919,0.00999837585282919,0.00999837585282919,0.99322,0.97878,0,31,455,0,3,0,7,0,4,0,0,79.224,122,466
5610000,2026-01-19T20:03:25.016354,508464,63980,347184,161280,273604,0.5227174006040715,0.5256936,0.335461825778618,127.96,566.408,694.368,196.132,820.796,1016.928,68.172,254.388,322.56,0.5227174006040715,10513.872,0.0010513872,547.208,0.0,0.0,0.335461825778618,63980,283204,347184,161280,5256936,1.9,4,0.00999837585282919,0.00999837585282919,0.00999837585282919,0.99052,0.97922,0,38,451,0,1,1,5,0,4,0,0,86.118,145,478
5620000,2026-01-19T20:03:38.585785,509324,64092,347778,161545,274049,0.5225785258269622,0.5266226,0.3354119952972244,128.184,567.372,695.556,196.488,822.16,1018.648,68.302,254.788,323.09,0.5225785258269622,10532.452,0.0010532452,548.098,0.0,0.0,0.3354119952972244,64092,283686,347778,161545,5266226,1.978,4,0.00999837585282919,0.00999837585282919,0.00999837585282919,0.9916200000000001,0.97942,0,35,455,0,0,0,4,0,6,0,0,30.41,95,466
5630000,2026-01-19T20:03:52.184844,510227,64211,348397,161829,274529,0.5225154559958638,0.5275665,0.33538661793314467,128.422,568.372,696.794,196.826,823.628,1020.454,68.404,255.254,323.658,0.5225154559958638,10551.33,0.0010551330000000002,549.058,0.0,0.0,0.33538661793314467,64211,284186,348397,161829,5275665,1.846,4,0.00999837585282919,0.00999837585282919,0.00999837585282919,0.9863,0.97948,0,14,479,0,1,0,2,0,4,0,0,55.718,121,400
5640000,2026-01-19T20:04:05.781798,511079,64324,348981,162097,274960,0.5223545504815921,0.5285073,0.335336436790171,128.648,569.314,697.962,197.176,824.982,1022.158,68.526,255.668,324.194,0.5223545504815921,10570.146,0.0010570146,549.92,0.0,0.0,0.335336436790171,64324,284657,348981,162097,5285073,1.788,4,0.00999837585282919,0.00999837585282919,0.00999837585282919,0.9932000000000001,0.97936,0,46,439,0,2,0,8,0,5,0,0,107.894,152,467
5650000,2026-01-19T20:04:19.413719,511907,64442,349557,162349,275372,0.52223759244431,0.5294521,0.3352893226035676,128.884,570.23,699.114,197.518,826.296,1023.814,68.634,256.064,324.698,0.52223759244431,10589.042,0.0010589042,550.744,0.0,0.0,0.3352893226035676,64442,285115,349557,162349,5294521,1.904,4,0.00999837585282919,0.00999837585282919,0.00999837585282919,0.9931599999999999,0.97914,1,8,481,0,2,0,6,0,2,0,0,50.114,179,169
5660000,2026-01-19T20:04:32.936279,512800,64558,350171,162628,275844,0.5221416421258284,0.5303894,0.3352504388063672,129.116,571.226,700.342,197.858,827.742,1025.6,68.742,256.514,325.256,0.5221416421258284,10607.788,0.0010607788000000001,551.688,0.0,0.0,0.3352504388063672,64558,285613,350171,162628,5303894,2.012,4,0.00999837585282919,0.00999837585282919,0.00999837585282919,0.99102,0.97946,0,37,453,0,4,0,4,0,2,0,0,89.218,178,437
5670000,2026-01-19T20:04:46.500574,513650,64671,350756,162893,276282,0.522020819320224,0.5313215,0.33521330488892453,129.342,572.17,701.512,198.194,829.106,1027.3,68.85,256.936,325.786,0.522020819320224,10626.43,0.001062643,552.564,0.0,0.0,0.33521330488892453,64671,286085,350756,162893,5313215,1.772,4,0.00999837585282919,0.00999837585282919,0.00999837585282919,0.99202,0.97932,0,33,454,0,1,0,7,0,5,0,0,59.49,110,380
5680000,2026-01-19T20:05:00.008788,514511,64780,351343,163167,276737,0.5219214600328143,0.5322674,0.33518439154408264,129.56,573.126,702.686,198.538,830.484,1029.022,68.976,257.358,326.334,0.5219214600328143,10645.348,0.0010645347999999998,553.474,0.0,0.0,0.33518439154408264,64780,286563,351343,163167,5322674,2.024,4,0.00999837585282919,0.00999837585282919,0.00999837585282919,0.9926200000000001,0.97924,0,25,461,0,2,0,6,0,6,0,0,110.834,156,450
5690000,2026-01-19T20:05:13.574325,515414,64895,351966,163447,277217,0.5217924218069311,0.5332006,0.3351424101930412,129.79,574.142,703.932,198.89,831.938,1030.828,69.098,257.796,326.894,0.5217924218069311,10664.012,0.0010664012,554.434,0.0,0.0,0.3351424101930412,64895,287071,351966,163447,5332006,1.942,4,0.00999837585282919,0.00999837585282919,0.00999837585282919,0.99334,0.97914,0,53,436,0,2,0,5,0,4,0,0,76.234,120,437
5700000,2026-01-19T20:05:27.183999,516287,65008,352568,163718,277675,0.521698163864421,0.5341431,0.3351059474409399,130.016,575.12,705.136,199.238,833.336,1032.574,69.222,258.214,327.436,0.521698163864421,10682.862,0.0010682862,555.35,0.0,0.0,0.3351059474409399,65008,287560,352568,163718,5341431,1.932,4,0.00999837585282919,0.00999837585282919,0.00999837585282919,0.99042,0.9793,1,31,460,0,2,0,3,0,3,0,0,73.44,179,454
5710000,2026-01-19T20:05:40.755954,517115,65121,353136,163978,278098,0.5215970688230644,0.5350784,0.33506892592314946,130.242,576.03,706.272,199.574,834.656,1034.23,69.33,258.626,327.956,0.5215970688230644,10701.568,0.0010701568,556.196,0.0,0.0,0.33506892592314946,65121,288015,353136,163978,5350784,1.88,4,0.00999837585282919,0.00999837585282919,0.00999837585282919,0.99518,0.97942,0,43,448,0,1,0,5,0,3,0,0,46.92,92,336
5720000,2026-01-19T20:05:54.284345,517997,65242,353742,164254,278551,0.5214817984189066,0.5360223,0.3350299619831254,130.484,577.0,707.484,199.916,836.078,1035.994,69.43,259.078,328.508,0.5214817984189066,10720.446,0.0010720445999999998,557.102,0.0,0.0,0.3350299619831254,65242,288500,353742,164254,5360223,1.978,4,0.00999837585282919,0.00999837585282919,0.00999837585282919,0.99246,0.9798199999999999,0,22,470,0,0,0,4,0,4,0,0,35.88,134,363
5730000,2026-01-19T20:06:07.889786,518902,65358,354363,164538,279032,0.5214058944817473,0.5369618,0.3350010721385793,130.716,578.01,708.726,200.258,837.546,1037.804,69.54,259.536,329.076,0.5214058944817473,10739.236,0.0010739236,558.064,0.0,0.0,0.3350010721385793,65358,289005,354363,164538,5369618,1.8,4,0.00999837585282919,0.00999837585282919,0.00999837585282919,0.9930800000000001,0.97964,0,32,459,0,0,0,4,0,5,0,0,70.044,171,458
5740000,2026-01-19T20:06:21.483168,519785,65472,354969,164815,279500,0.5213045374727039,0.5378896,0.33496954602138124,130.944,578.994,709.938,200.598,838.972,1039.57,69.652,259.978,329.63,0.5213045374727039,10757.792,0.0010757791999999999,559.0,0.0,0.0,0.33496954602138124,65472,289497,354969,164815,5378896,1.86,4,0.00999837585282919,0.00999837585282919,0.00999837585282919,0.99258,0.97954,0,38,455,0,0,0,4,0,3,0,0,19.928,80,273
5750000,2026-01-19T20:06:35.027202,520649,65583,355560,165088,279944,0.5211841997702846,0.5388326,0.33493250361419913,131.166,579.954,711.12,200.956,840.342,1041.298,69.788,260.388,330.176,0.5211841997702846,10776.652,0.0010776652,559.888,0.0,0.0,0.33493250361419913,65583,289977,355560,165088,5388326,1.89,4,0.00999837585282919,0.00999837585282919,0.00999837585282919,0.99334,0.9791799999999999,0,51,434,0,5,0,7,0,3,0,0,61.53,86,457
5760000,2026-01-19T20:06:48.638944,521489,65693,356138,165351,280385,0.5210675985749993,0.5397774,0.33489270453774456,131.386,580.89,712.276,201.284,841.694,1042.978,69.898,260.804,330.702,0.5210675985749993,10795.548,0.0010795548,560.77,0.0,0.0,0.33489270453774456,65693,290445,356138,165351,5397774,1.828,4,0.00999837585282919,0.00999837585282919,0.00999837585282919,0.99522,0.97944,0,54,430,1,3,0,7,0,5,0,0,67.008,181,490
5770000,2026-01-19T20:07:02.235539,522360,65805,356737,165622,280848,0.520944793294856,0.5407135,0.3348549508915644,131.61,581.864,713.474,201.636,843.084,1044.72,70.024,261.22,331.244,0.520944793294856,10814.27,0.0010814269999999998,561.696,0.0,0.0,0.3348549508915644,65805,290932,356737,165622,5407135,1.824,4,0.00999837585282919,0.00999837585282919,0.00999837585282919,0.98754,0.97888,0,21,470,0,0,0,4,0,5,0,0,72.468,162,345
5780000,2026-01-19T20:07:15.898555,523158,65923,357284,165874,281251,0.5208716448818433,0.541661,0.33483246527900523,131.846,582.722,714.568,201.946,844.37,1046.316,70.1,261.648,331.748,0.5208716448818433,10833.22,0.0010833219999999998,562.502,0.0,0.0,0.33483246527900523,65923,291361,357284,165874,5416610,1.824,4,0.00999837585282919,0.00999837585282919,0.00999837585282919,0.99076,0.97996,0,36,458,0,0,0,2,1,3,0,0,50.418,124,360
5790000,2026-01-19T20:07:29.487671,524008,66035,357870,166137,281687,0.5207738299868023,0.5426009,0.33479909857725537,132.07,583.67,715.74,202.286,845.73,1048.016,70.214,262.06,332.274,0.5207738299868023,10852.018,0.0010852018,563.374,0.0,0.0,0.33479909857725537,66035,291835,357870,166137,5426009,1.882,4,0.00999837585282919,0.00999837585282919,0.00999837585282919,0.9908199999999999,0.9801599999999999,0,25,466,0,0,0,4,0,5,0,0,72.67,163,444
5800000,2026-01-19T20:07:42.994652,524866,66150,358462,166403,282123,0.5206528863554041,0.5435387,0.3347587860939277,132.3,584.624,716.924,202.626,847.106,1049.732,70.324,262.482,332.806,0.5206528863554041,10870.774,0.0010870774,564.246,0.0,0.0,0.3347587860939277,66150,292312,358462,166403,5435387,2.05,4,0.00999837585282919,0.00999837585282919,0.00999837585282919,0.9925,0.98012,0,24,459,0,3,0,8,0,6,0,0,87.274,125,410
5810000,2026-01-19T20:07:56.585641,525714,66270,359046,166667,282551,0.5205415242831235,0.5444859,0.3347164602067867,132.54,585.552,718.092,202.97,848.458,1051.428,70.428,262.906,333.334,0.5205415242831235,10889.718,0.0010889717999999998,565.102,0.0,0.0,0.3347164602067867,66270,292776,359046,166667,5444859,1.94,4,0.00999837585282919,0.00999837585282919,0.00999837585282919,0.9932000000000001,0.97992,0,32,453,0,1,0,7,0,7,0,0,108.974,161,475
5820000,2026-01-19T20:08:10.183133,526524,66382,359609,166914,282960,0.5203919044685636,0.5454252,0.3346651519209128,132.764,586.454,719.218,203.306,849.742,1053.048,70.54,263.288,333.828,0.5203919044685636,10908.504,0.0010908504000000001,565.92,0.0,0.0,0.3346651519209128,66382,293227,359609,166914,5454252,1.924,4,0.00999837585282919,0.00999837585282919,0.00999837585282919,0.9932000000000001,0.98038,1,40,451,0,0,0,4,0,4,0,0,19.376,100,218
5830000,2026-01-19T20:08:23.662202,527395,66495,360209,167185,283406,0.5202871272253421,0.5463735,0.33462882049691706,132.99,587.428,720.418,203.656,851.134,1054.79,70.666,263.704,334.37,0.5202871272253421,10927.47,0.0010927469999999998,566.812,0.0,0.0,0.33462882049691706,66495,293714,360209,167185,5463735,1.82,4,0.00999837585282919,0.00999837585282919,0.00999837585282919,0.99184,0.98034,0,23,463,0,4,0,7,0,3,0,0,108.044,179,359
5840000,2026-01-19T20:08:37.197193,528276,66610,360813,167463,283865,0.5201707283029988,0.5473116,0.3345948694718561,133.22,588.406,721.626,204.026,852.526,1056.552,70.806,264.12,334.926,0.5201707283029988,10946.232,0.0010946232,567.73,0.0,0.0,0.3345948694718561,66610,294203,360813,167463,5473116,1.834,4,0.00999837585282919,0.00999837585282919,0.00999837585282919,0.9936200000000001,0.97966,0,47,440,0,0,1,6,0,6,0,0,80.96,175,490
5850000,2026-01-19T20:08:50.716722,529191,66727,361441,167749,284348,0.5200506361210254,0.5482474,0.33455970026304066,133.454,589.428,722.882,204.388,853.994,1058.382,70.932,264.566,335.498,0.5200506361210254,10964.948,0.0010964948,568.696,0.0,0.0,0.33455970026304066,66727,294714,361441,167749,5482474,1.814,4,0.00999837585282919,0.00999837585282919,0.00999837585282919,0.99282,0.97896,0,36,451,0,2,0,6,0,5,0,0,61.512,161,312
5860000,2026-01-19T20:09:04.210433,530069,66843,362044,168024,284807,0.5199441967009992,0.5491823,0.3345258395018821,133.686,590.402,724.088,204.726,855.412,1060.138,71.038,265.01,336.048,0.5199441967009992,10983.646,0.0010983646,569.614,0.0,0.0,0.3345258395018821,66843,295201,362044,168024,5491823,1.832,4,0.00999837585282919,0.00999837585282919,0.00999837585282919,0.9909399999999999,0.97946,0,19,466,0,4,0,8,0,3,0,0,78.824,122,417
5870000,2026-01-19T20:09:17.756929,530906,66956,362618,168287,285241,0.5198645680628093,0.550127,0.33449431261775847,133.912,591.324,725.236,205.06,856.752,1061.812,71.146,265.428,336.574,0.5198645680628093,11002.54,0.0011002540000000002,570.482,0.0,0.0,0.33449431261775847,66956,295662,362618,168287,5501270,1.844,4,0.00999837585282919,0.00999837585282919,0.00999837585282919,0.99118,0.97976,0,40,447,0,1,0,6,0,6,0,0,111.272,150,481
5880000,2026-01-19T20:09:31.295059,531800,67068,363247,168552,285693,0.5196754350565846,0.5510604,0.33443170148700124,134.136,592.358,726.494,205.44,858.16,1063.6,71.302,265.802,337.104,0.5196754350565846,11021.208,0.0011021208000000001,571.386,0.0,0.0,0.33443170148700124,67068,296179,363247,168552,5510604,1.908,4,0.00999837585282919,0.00999837585282919,0.00999837585282919,0.9914,0.98008,0,23,461,0,3,0,7,0,6,0,0,87.994,139,485
5890000,2026-01-19T20:09:44.753960,532694,67187,363865,168828,286156,0.5195763393251602,0.5520019,0.33439920387211186,134.374,593.356,727.73,205.79,859.598,1065.388,71.416,266.24,337.656,0.5195763393251602,11040.038,0.0011040038000000002,572.312,0.0,0.0,0.33439920387211186,67187,296678,363865,168828,5520019,1.856,4,0.00999837585282919,0.00999837585282919,0.00999837585282919,0.9924,0.97978,0,47,438,0,4,0,6,0,5,0,0,98.406,179,434
5900000,2026-01-19T20:09:58.196238,533602,67305,364496,169105,286627,0.5194702298923828,0.5529358,0.33435655044074986,134.61,594.382,728.992,206.154,861.05,1067.204,71.542,266.668,338.21,0.5194702298923828,11058.716,0.0011058716,573.254,0.0,0.0,0.33435655044074986,67305,297191,364496,169105,5529358,1.842,4,0.00999837585282919,0.00999837585282919,0.00999837585282919,0.98856,0.9791,0,35,454,0,2,0,4,0,5,0,0,103.85,153,458
5910000,2026-01-19T20:10:11.723187,534457,67418,365084,169372,287074,0.519329122527994,0.5538772,0.3343131711928686,134.836,595.332,730.168,206.484,862.43,1068.914,71.646,267.098,338.744,0.519329122527994,11077.544,0.0011077544,574.148,0.0,0.0,0.3343131711928686,67418,297666,365084,169372,5538772,1.818,4,0.00999837585282919,0.00999837585282919,0.00999837585282919,0.99282,0.9790599999999999,0,42,448,0,0,0,6,0,4,0,0,46.18,143,353
5920000,2026-01-19T20:10:25.254794,535347,67540,365706,169640,287514,0.5192368324548654,0.5548174,0.3342786795144272,135.08,596.332,731.412,206.846,863.848,1070.694,71.764,267.516,339.28,0.5192368324548654,11096.348,0.0011096348,575.028,0.0,0.0,0.3342786795144272,67540,298166,365706,169640,5548174,1.822,4,0.00999837585282919,0.00999837585282919,0.00999837585282919,0.99068,0.9791799999999999,0,42,444,0,3,0,7,0,4,0,0,96.218,162,430
5930000,2026-01-19T20:10:38.835860,536209,67655,366300,169909,287965,0.5191781042797111,0.5557602,0.33425668795268537,135.31,597.29,732.6,207.172,865.246,1072.418,71.862,267.956,339.818,0.5191781042797111,11115.204,0.0011115204,575.93,0.0,0.0,0.33425668795268537,67655,298645,366300,169909,5557602,1.916,4,0.00999837585282919,0.00999837585282919,0.00999837585282919,0.99112,0.97968,0,27,459,0,4,0,6,1,3,0,0,73.55,123,460
5940000,2026-01-19T20:10:52.268314,537101,67771,366920,170180,288416,0.5189892319661399,0.556695,0.3341984424468363,135.542,598.298,733.84,207.54,866.662,1074.202,71.996,268.364,340.36,0.5189892319661399,11133.9,0.0011133900000000001,576.832,0.0,0.0,0.3341984424468363,67771,299149,366920,170180,5566950,1.952,4,0.00999837585282919,0.00999837585282919,0.00999837585282919,0.99248,0.97922,0,20,464,0,1,0,9,0,6,0,0,104.534,147,482
5950000,2026-01-19T20:11:05.910009,537969,67885,367515,170453,288869,0.5188708328454268,0.5576367,0.3341647911614814,135.77,599.26,735.03,207.88,868.058,1075.938,72.108,268.798,340.906,0.5188708328454268,11152.734,0.0011152733999999999,577.738,0.0,0.0,0.3341647911614814,67885,299630,367515,170453,5576367,1.82,4,0.00999837585282919,0.00999837585282919,0.00999837585282919,0.99072,0.97972,0,27,456,0,4,0,8,0,5,0,0,95.564,159,460
5960000,2026-01-19T20:11:20.110614,538868,68003,368132,170735,289342,0.5187560248641242,0.5585725,0.33413480148047764,136.006,600.258,736.264,208.242,869.494,1077.736,72.234,269.236,341.47,0.5187560248641242,11171.45,0.0011171450000000002,578.684,0.0,0.0,0.33413480148047764,68003,300129,368132,170735,5585725,1.898,4,0.00999837585282919,0.00999837585282919,0.00999837585282919,0.9903,0.9796999999999999,0,37,451,0,0,0,7,0,5,0,0,70.038,149,363
5970000,2026-01-19T20:11:34.411709,539690,68117,368705,170984,289757,0.5185947386676001,0.5595115,0.3340798940059602,136.234,601.176,737.41,208.576,870.804,1079.38,72.34,269.628,341.968,0.5185947386676001,11190.23,0.001119023,579.514,0.0,0.0,0.3340798940059602,68117,300588,368705,170984,5595115,1.908,4,0.00999837585282919,0.00999837585282919,0.00999837585282919,0.99288,0.97988,0,39,453,0,1,0,3,0,4,0,0,34.146,100,364
5980000,2026-01-19T20:11:48.822987,540583,68233,369321,171262,290213,0.5184359335085678,0.5604549,0.33403109000207426,136.466,602.176,738.642,208.934,872.232,1081.166,72.468,270.056,342.524,0.5184359335085678,11209.098,0.0011209097999999999,580.426,0.0,0.0,0.33403109000207426,68233,301088,369321,171262,5604549,1.916,4,0.00999837585282919,0.00999837585282919,0.00999837585282919,0.99022,0.9802799999999999,0,15,469,1,2,0,8,0,5,0,0,89.972,181,347
5990000,2026-01-19T20:12:02.944623,541458,68345,369913,171544,290685,0.5183969441600659,0.5613928,0.3340229857519194,136.69,603.136,739.826,209.264,873.652,1082.916,72.572,270.516,343.088,0.5183969441600659,11227.856,0.0011227856,581.37,0.0,0.0,0.3340229857519194,68345,301568,369913,171544,5613928,1.822,4,0.00999837585282919,0.00999837585282919,0.00999837585282919,0.99056,0.9805799999999999,0,54,430,0,0,0,9,0,7,0,0,59.55,146,379
6000000,2026-01-19T20:12:17.014530,542319,68466,370508,171810,291124,0.5182981257317166,0.562331,0.333989170046887,136.932,604.084,741.016,209.602,875.036,1084.638,72.668,270.952,343.62,0.5182981257317166,11246.62,0.001124662,582.248,0.0,0.0,0.333989170046887,68466,302042,370508,171810,5623310,1.83,4,0.00999837585282919,0.00999837585282919,0.00999837585282919,0.99238,0.98062,0,39,447,0,2,0,7,0,5,0,0,78.61,134,431
6010000,2026-01-19T20:12:31.194658,543225,68585,371130,172094,291609,0.5181852481763695,0.5632656,0.33395411391704516,137.17,605.09,742.26,209.946,876.504,1086.45,72.774,271.414,344.188,0.5181852481763695,11265.312,0.0011265312000000001,583.218,0.0,0.0,0.33395411391704516,68585,302545,371130,172094,5632656,1.912,4,0.00999837585282919,0.00999837585282919,0.00999837585282919,0.99352,0.9801599999999999,0,50,440,0,1,0,5,0,4,0,0,64.384,126,402
6020000,2026-01-19T20:12:45.269345,544089,68697,371719,172369,292067,0.518119557259999,0.5642106,0.3339332088337989,137.394,606.044,743.438,210.288,877.89,1088.178,72.892,271.846,344.738,0.518119557259999,11284.212,0.0011284212,584.134,0.0,0.0,0.3339332088337989,68697,303022,371719,172369,5642106,1.886,4,0.00999837585282919,0.00999837585282919,0.00999837585282919,0.9930800000000001,0.98012,0,56,435,0,0,0,5,0,4,0,0,68.096,156,422
6030000,2026-01-19T20:12:59.269672,544948,68808,372306,172641,292524,0.5180092024731596,0.5651514,0.3338992229376644,137.616,606.996,744.612,210.616,879.28,1089.896,72.998,272.284,345.282,0.5180092024731596,11303.028,0.0011303028,585.048,0.0,0.0,0.3338992229376644,68808,303498,372306,172641,5651514,1.792,4,0.00999837585282919,0.00999837585282919,0.00999837585282919,0.9925,0.9799,0,42,449,0,1,0,4,0,4,0,0,62.628,138,292
6040000,2026-01-19T20:13:13.370070,545819,68924,372908,172910,292967,0.517913949448088,0.5660895,0.3338606390063419,137.848,607.968,745.816,210.972,880.666,1091.638,73.122,272.698,345.82,0.517913949448088,11321.79,0.001132179,585.934,0.0,0.0,0.3338606390063419,68924,303984,372908,172910,5660895,1.922,4,0.00999837585282919,0.00999837585282919,0.00999837585282919,0.9927,0.97984,0,34,455,0,1,0,6,0,4,0,0,74.368,132,425
6050000,2026-01-19T20:13:27.584956,546658,69041,373486,173172,293390,0.5177984696611029,0.5670324,0.333814607624273,138.082,608.89,746.972,211.31,882.006,1093.316,73.228,273.116,346.344,0.5177984696611029,11340.648,0.0011340648,586.78,0.0,0.0,0.333814607624273,69041,304445,373486,173172,5670324,1.876,4,0.00999837585282919,0.00999837585282919,0.00999837585282919,0.99264,0.98012,1,38,448,1,1,0,5,0,6,0,0,79.816,180,402
6060000,2026-01-19T20:13:41.630776,547566,69166,374119,173447,293839,0.5176094825997292,0.5679677,0.33375280975276367,138.332,609.906,748.238,211.674,883.458,1095.132,73.342,273.552,346.894,0.5176094825997292,11359.354,0.0011359354,587.678,0.0,0.0,0.33375280975276367,69166,304953,374119,173447,5679677,1.91,4,0.00999837585282919,0.00999837585282919,0.00999837585282919,0.99118,0.9798199999999999,0,33,448,1,4,0,8,0,6,0,0,140.756,180,478
6070000,2026-01-19T20:13:55.635825,548447,69281,374723,173723,294310,0.5174723415939676,0.5689079,0.3337146847079116,138.562,610.884,749.446,212.012,884.882,1096.894,73.45,273.996,347.446,0.5174723415939676,11378.158,0.0011378158,588.62,0.0,0.0,0.3337146847079116,69281,305442,374723,173723,5689079,1.982,4,0.00999837585282919,0.00999837585282919,0.00999837585282919,0.9927,0.9799,0,27,461,0,2,0,6,0,4,0,0,57.048,122,392
6080000,2026-01-19T20:14:09.701013,549311,69395,375316,173994,294762,0.5173750424573048,0.5698461,0.33367820643907126,138.79,611.842,750.632,212.354,886.268,1098.622,73.562,274.426,347.988,0.5173750424573048,11396.922,0.0011396922,589.524,0.0,0.0,0.33367820643907126,69395,305921,375316,173994,5698461,1.8,4,0.00999837585282919,0.00999837585282919,0.00999837585282919,0.98872,0.97984,0,22,467,0,0,0,5,0,6,0,0,80.068,142,384
6090000,2026-01-19T20:14:23.725650,550214,69509,375941,174272,295234,0.5172802398901174,0.5707776,0.3336488574590868,139.018,612.864,751.882,212.72,887.708,1100.428,73.7,274.844,348.544,0.5172802398901174,11415.552,0.0011415552,590.468,0.0,0.0,0.3336488574590868,69509,306432,375941,174272,5707776,1.916,4,0.00999837585282919,0.00999837585282919,0.00999837585282919,0.99278,0.9790599999999999,0,45,443,0,0,0,6,0,6,0,0,38.836,107,375
6100000,2026-01-19T20:14:37.742719,551072,69625,376534,174537,295678,0.5171355023022313,0.5717228,0.33360560235319964,139.25,613.818,753.068,213.06,889.084,1102.144,73.808,275.266,349.074,0.5171355023022313,11434.456,0.0011434455999999999,591.356,0.0,0.0,0.33360560235319964,69625,306909,376534,174537,5717228,1.964,4,0.00999837585282919,0.00999837585282919,0.00999837585282919,0.9920599999999999,0.9789399999999999,0,21,471,0,0,0,3,0,5,0,0,40.736,130,235
6110000,2026-01-19T20:14:51.865674,551973,69748,377162,174810,296124,0.5169945494058158,0.5726597,0.33355415509518493,139.496,614.828,754.324,213.438,890.508,1103.946,73.94,275.68,349.62,0.5169945494058158,11453.194,0.0011453194,592.248,0.0,0.0,0.33355415509518493,69748,307414,377162,174810,5726597,1.934,4,0.00999837585282919,0.00999837585282919,0.00999837585282919,0.98922,0.97872,0,31,458,0,0,0,7,0,4,0,0,76.242,149,403
6120000,2026-01-19T20:15:06.042517,552786,69862,377725,175060,296532,0.5168350452895185,0.5736042,0.33350563667775496,139.724,615.726,755.45,213.756,891.816,1105.572,74.03,276.09,350.12,0.5168350452895185,11472.084,0.0011472084,593.064,0.0,0.0,0.33350563667775496,69862,307863,377725,175060,5736042,1.956,4,0.00999837585282919,0.00999837585282919,0.00999837585282919,0.99126,0.9792799999999999,0,23,465,0,2,0,6,0,4,0,0,115.418,164,437
6130000,2026-01-19T20:15:20.144607,553635,69970,378307,175327,296988,0.5167663300355252,0.5745402,0.33348502092842736,139.94,616.674,756.614,214.084,893.186,1107.27,74.142,276.512,350.654,0.5167663300355252,11490.804,0.0011490804,593.976,0.0,0.0,0.33348502092842736,69970,308337,378307,175327,5745402,2.034,4,0.00999837585282919,0.00999837585282919,0.00999837585282919,0.99336,0.9796999999999999,0,34,457,0,2,0,4,0,3,0,0,71.538,113,429
6140000,2026-01-19T20:15:34.260635,554561,70084,378940,175620,297478,0.5166908541383733,0.5754783,0.3334577551381358,140.168,617.712,757.88,214.45,894.672,1109.122,74.28,276.96,351.24,0.5166908541383733,11509.566,0.0011509566,594.956,0.0,0.0,0.3334577551381358,70084,308856,378940,175620,5754783,1.802,4,0.00999837585282919,0.00999837585282919,0.00999837585282919,0.99202,0.97942,0,43,440,0,5,0,8,0,4,0,0,92.836,150,491
6150000,2026-01-19T20:15:48.470122,555396,70195,379511,175884,297911,0.5165735951753146,0.5764237,0.33342244638053653,140.39,618.632,759.022,214.782,896.01,1110.792,74.39,277.378,351.768,0.5165735951753146,11528.474,0.0011528474,595.822,0.0,0.0,0.33342244638053653,70195,309316,379511,175884,5764237,1.864,4,0.00999837585282919,0.00999837585282919,0.00999837585282919,0.99226,0.9793,0,44,438,0,5,0,8,0,5,0,0,77.596,159,422
6160000,2026-01-19T20:16:02.664308,556262,70313,380114,176147,298363,0.5163993002716271,0.577359,0.33336930886209554,140.626,619.602,760.228,215.118,897.406,1112.524,74.49,277.804,352.294,0.5163993002716271,11547.18,0.0011547179999999999,596.726,0.0,0.0,0.33336930886209554,70313,309801,380114,176147,5773590,1.906,4,0.00999837585282919,0.00999837585282919,0.00999837585282919,0.99434,0.97972,0,43,448,0,0,0,6,0,3,0,0,47.794,113,357
6170000,2026-01-19T20:16:16.980267,557120,70427,380703,176417,298811,0.5163481830187359,0.5783046,0.3333477996844079,140.854,620.552,761.406,215.444,898.796,1114.24,74.59,278.244,352.834,0.5163481830187359,11566.092,0.0011566092,597.622,0.0,0.0,0.3333477996844079,70427,310276,380703,176417,5783046,1.87,4,0.00999837585282919,0.00999837585282919,0.00999837585282919,0.99068,0.9801599999999999,0,41,445,1,2,0,6,0,5,0,0,112.66,180,377
6180000,2026-01-19T20:16:31.277885,557985,70542,381294,176690,299256,0.5162993066862432,0.5792453,0.3333357223769995,141.084,621.504,762.588,215.776,900.194,1115.97,74.69,278.69,353.38,0.5162993066862432,11584.906,0.0011584905999999999,598.512,0.0,0.0,0.3333357223769995,70542,310752,381294,176690,5792453,1.92,4,0.00999837585282919,0.00999837585282919,0.00999837585282919,0.9900399999999999,0.98052,0,28,451,0,5,0,10,0,6,0,0,134.546,163,481
6190000,2026-01-19T20:16:45.552841,558845,70655,381886,176958,299716,0.5162451113668505,0.5801831,0.3333130749536816,141.31,622.462,763.772,216.112,901.578,1117.69,74.8,279.116,353.916,0.5162451113668505,11603.662,0.0011603662,599.432,0.0,0.0,0.3333130749536816,70655,311231,381886,176958,5801831,1.972,4,0.00999837585282919,0.00999837585282919,0.00999837585282919,0.9930399999999999,0.9798,0,28,460,0,0,0,5,0,7,0,0,57.93,162,329
6200000,2026-01-19T20:16:59.784712,559728,70766,382491,177236,300195,0.5161581524060392,0.5811171,0.3332892101767449,141.532,623.45,764.982,216.442,903.014,1119.456,74.908,279.564,354.472,0.5161581524060392,11622.342,0.0011622342000000001,600.39,0.0,0.0,0.3332892101767449,70766,311725,382491,177236,5811171,1.896,4,0.00999837585282919,0.00999837585282919,0.00999837585282919,0.99052,0.98076,0,35,453,0,2,0,5,0,5,0,0,86.884,136,414
6210000,2026-01-19T20:17:14.076569,560594,70879,383086,177507,300645,0.5160872971469481,0.5820619,0.3332628171864553,141.758,624.414,766.172,216.796,904.392,1121.188,75.038,279.976,355.014,0.5160872971469481,11641.238,0.0011641238,601.29,0.0,0.0,0.3332628171864553,70879,312207,383086,177507,5820619,1.874,4,0.00999837585282919,0.00999837585282919,0.00999837585282919,0.99172,0.9808199999999999,0,28,459,0,4,0,5,0,4,0,0,133.884,179,459
6220000,2026-01-19T20:17:28.193619,561496,70989,383710,177785,301121,0.5159911449832135,0.5829926,0.33323076248473477,141.978,625.442,767.42,217.164,905.828,1122.992,75.184,280.386,355.57,0.5159911449832135,11659.852,0.0011659851999999999,602.242,0.0,0.0,0.33323076248473477,70989,312721,383710,177785,5829926,1.96,4,0.00999837585282919,0.00999837585282919,0.00999837585282919,0.99242,0.9802799999999999,0,34,450,0,4,0,8,0,4,0,0,78.022,117,464
6230000,2026-01-19T20:17:42.477713,562310,71106,384277,178032,301525,0.5158123762270782,0.5839384,0.3331748106253067,142.212,626.342,768.554,217.502,907.118,1124.62,75.288,280.776,356.064,0.5158123762270782,11678.768,0.0011678768,603.05,0.0,0.0,0.3331748106253067,71106,313171,384277,178032,5839384,2.0,4,0.00999837585282919,0.00999837585282919,0.00999837585282919,0.99338,0.98048,0,35,456,0,0,0,6,0,3,0,0,30.706,125,178
6240000,2026-01-19T20:17:56.688284,563234,71219,384907,178326,302023,0.5157710335658817,0.5848801,0.33316238616934785,142.438,627.376,769.814,217.864,908.604,1126.468,75.424,281.228,356.652,0.5157710335658817,11697.602,0.0011697602,604.046,0.0,0.0,0.33316238616934785,71219,313688,384907,178326,5848801,1.904,4,0.00999837585282919,0.00999837585282919,0.00999837585282919,0.9900399999999999,0.98008,0,17,473,0,0,0,4,0,6,0,0,72.568,171,309
6250000,2026-01-19T20:18:10.901006,564082,71336,385491,178591,302459,0.5156741507143903,0.585822,0.333130172371829,142.672,628.31,770.982,218.2,909.964,1128.164,75.528,281.654,357.182,0.5156741507143903,11716.44,0.001171644,604.918,0.0,0.0,0.333130172371829,71336,314155,385491,178591,5858220,1.836,4,0.00999837585282919,0.00999837585282919,0.00999837585282919,0.99356,0.9801,0,43,449,1,1,0,2,0,4,0,0,80.044,180,381
6260000,2026-01-19T20:18:25.142920,564968,71448,386097,178870,302930,0.5155646992112307,0.5867607,0.33309319081542704,142.896,629.298,772.194,218.546,911.39,1129.936,75.65,282.09,357.74,0.5155646992112307,11735.214,0.0011735214,605.86,0.0,0.0,0.33309319081542704,71448,314649,386097,178870,5867607,1.826,4,0.00999837585282919,0.00999837585282919,0.00999837585282919,0.99212,0.9798199999999999,0,34,457,0,1,0,4,0,4,0,0,30.134,119,248
6270000,2026-01-19T20:18:39.448154,565879,71560,386725,179153,303409,0.5153877362796316,0.5876972,0.33304842025331655,143.12,630.33,773.45,218.908,912.85,1131.758,75.786,282.52,358.306,0.5153877362796316,11753.944,0.0011753944,606.818,0.0,0.0,0.33304842025331655,71560,315165,386725,179153,5876972,1.996,4,0.00999837585282919,0.00999837585282919,0.00999837585282919,0.9932000000000001,0.98008,0,28,456,0,2,0,9,0,5,0,0,99.83,170,478
6280000,2026-01-19T20:18:53.684374,566749,71678,387322,179426,303863,0.5153188150766288,0.5886382,0.3330270505523986,143.356,631.288,774.644,219.248,914.25,1133.498,75.892,282.96,358.852,0.5153188150766288,11772.764,0.0011772764,607.726,0.0,0.0,0.3330270505523986,71678,315644,387322,179426,5886382,1.794,4,0.00999837585282919,0.00999837585282919,0.00999837585282919,0.99058,0.9803999999999999,2,25,463,0,2,0,4,0,4,0,0,64.182,121,346
6290000,2026-01-19T20:19:07.810281,567657,71787,387944,179713,304356,0.5152072096309694,0.5895767,0.33298938988605975,143.574,632.314,775.888,219.612,915.702,1135.314,76.038,283.388,359.426,0.5152072096309694,11791.534,0.0011791534,608.712,0.0,0.0,0.33298938988605975,71787,316157,387944,179713,5895767,1.842,4,0.00999837585282919,0.00999837585282919,0.00999837585282919,0.9911,0.98,0,43,449,1,2,0,2,0,3,0,0,93.014,181,432
6300000,2026-01-19T20:19:21.994103,568531,71901,388539,179992,304820,0.515086631216002,0.5905184,0.3329524122933284,143.802,633.276,777.078,219.942,917.12,1137.062,76.14,283.844,359.984,0.515086631216002,11810.368,0.0011810368,609.64,0.0,0.0,0.3329524122933284,71901,316638,388539,179992,5905184,1.908,4,0.00999837585282919,0.00999837585282919,0.00999837585282919,0.99254,0.9795799999999999,0,38,449,0,4,1,6,0,2,0,0,95.028,174,478
6310000,2026-01-19T20:19:36.175370,569388,72011,389128,180260,305273,0.5150177272317068,0.5914572,0.33292982450415215,144.022,634.234,778.256,220.284,918.492,1138.776,76.262,284.258,360.52,0.5150177272317068,11829.144,0.0011829144,610.546,0.0,0.0,0.33292982450415215,72011,317117,389128,180260,5914572,1.832,4,0.00999837585282919,0.00999837585282919,0.00999837585282919,0.99064,0.9792799999999999,0,26,462,0,1,1,6,0,4,0,0,92.278,175,442
6320000,2026-01-19T20:19:50.300176,570249,72126,389720,180528,305718,0.5149456859571327,0.5923978,0.33291041981248104,144.252,635.188,779.44,220.632,919.866,1140.498,76.378,284.678,361.056,0.5149456859571327,11847.956,0.0011847956,611.436,0.0,0.0,0.33291041981248104,72126,317594,389720,180528,5923978,1.79,4,0.00999837585282919,0.00999837585282919,0.00999837585282919,0.9890599999999999,0.97956,0,31,458,0,1,0,4,0,6,0,0,102.396,173,419
6330000,2026-01-19T20:20:04.447376,571086,72240,390300,180785,306147,0.5148557388852608,0.5933345,0.3328775029839064,144.48,636.12,780.6,220.97,921.202,1142.172,76.488,285.082,361.57,0.5148557388852608,11866.69,0.001186669,612.294,0.0,0.0,0.3328775029839064,72240,318060,390300,180785,5933345,1.85,4,0.00999837585282919,0.00999837585282919,0.00999837585282919,0.99236,0.97954,0,42,452,0,0,0,2,0,4,0,0,30.892,126,298
6340000,2026-01-19T20:20:18.533534,571949,72356,390892,181056,306590,0.5147940250667429,0.5942814,0.33285963963561305,144.712,637.072,781.784,221.298,922.6,1143.898,76.586,285.526,362.112,0.5147940250667429,11885.628,0.0011885627999999998,613.18,0.0,0.0,0.33285963963561305,72356,318536,390892,181056,5942814,1.972,4,0.00999837585282919,0.00999837585282919,0.00999837585282919,0.99348,0.98012,0,33,454,1,3,0,4,0,5,0,0,83.564,180,422
6350000,2026-01-19T20:20:32.599043,572800,72473,391483,181316,307025,0.5147209157160774,0.5952161,0.33283179225673726,144.946,638.02,782.966,221.638,923.962,1145.6,76.69,285.942,362.632,0.5147209157160774,11904.322,0.0011904322,614.05,0.0,0.0,0.33283179225673726,72473,319010,391483,181316,5952161,1.81,4,0.00999837585282919,0.00999837585282919,0.00999837585282919,0.99112,0.9805,0,47,444,0,1,0,5,0,3,0,0,51.824,105,469
6360000,2026-01-19T20:20:46.676561,573667,72596,392089,181577,307447,0.514589248510688,0.596161,0.3327811430936281,145.192,638.986,784.178,222.006,925.328,1147.334,76.812,286.342,363.154,0.514589248510688,11923.22,0.001192322,614.894,0.0,0.0,0.3327811430936281,72596,319493,392089,181577,5961610,1.842,4,0.00999837585282919,0.00999837585282919,0.00999837585282919,0.9909199999999999,0.98048,0,36,453,0,1,0,4,0,6,0,0,105.444,169,460
6370000,2026-01-19T20:21:00.708683,574594,72716,392727,181866,307938,0.5144766948441087,0.5970971,0.3327494376446371,145.432,640.022,785.454,222.376,926.812,1149.188,76.944,286.788,363.732,0.5144766948441087,11941.942,0.0011941942,615.876,0.0,0.0,0.3327494376446371,72716,320011,392727,181866,5970971,2.014,4,0.00999837585282919,0.00999837585282919,0.00999837585282919,0.99334,0.98026,0,54,439,0,1,0,3,0,3,0,0,47.804,120,445
6380000,2026-01-19T20:21:14.762074,575482,72826,393336,182145,308408,0.5144026639767358,0.5980369,0.3327249414248638,145.652,641.02,786.672,222.736,928.228,1150.964,77.084,287.206,364.29,0.5144026639767358,11960.738,0.0011960738,616.816,0.0,0.0,0.3327249414248638,72826,320510,393336,182145,5980369,1.916,4,0.00999837585282919,0.00999837585282919,0.00999837585282919,0.99226,0.98002,0,23,468,0,1,0,5,0,3,0,0,53.986,179,302
6390000,2026-01-19T20:21:28.973089,576311,72943,393906,182404,308824,0.5143159087759452,0.5989795,0.33269869003055974,145.886,641.926,787.812,223.074,929.548,1152.622,77.186,287.622,364.808,0.5143159087759452,11979.59,0.001197959,617.648,0.0,0.0,0.33269869003055974,72943,320963,393906,182404,5989795,1.884,4,0.00999837585282919,0.00999837585282919,0.00999837585282919,0.9919199999999999,0.98002,0,33,457,0,0,0,4,0,6,0,0,72.738,163,429
6400000,2026-01-19T20:21:42.995889,577231,73053,394541,182689,309325,0.5141366568274542,0.5999068,0.33264430380945353,146.106,642.976,789.082,223.418,931.044,1154.462,77.31,288.068,365.378,0.5141366568274542,11998.136,0.0011998135999999999,618.65,0.0,0.0,0.33264430380945353,73053,321488,394541,182689,5999068,1.882,4,0.00999837585282919,0.00999837585282919,0.00999837585282919,0.99338,0.9796999999999999,1,41,447,0,1,0,5,0,5,0,0,47.49,122,362
6410000,2026-01-19T20:21:57.117001,578103,73167,395146,182956,309773,0.5139972047861268,0.6008503,0.3325883488936035,146.334,643.958,790.292,223.772,932.434,1156.206,77.436,288.476,365.912,0.5139972047861268,12017.006,0.0012017006,619.546,0.0,0.0,0.3325883488936035,73167,321979,395146,182956,6008503,1.828,4,0.00999837585282919,0.00999837585282919,0.00999837585282919,0.99214,0.98008,0,36,454,0,0,0,3,0,7,0,0,69.318,146,399
6420000,2026-01-19T20:22:11.270396,578952,73290,395734,183217,310194,0.5139445851488832,0.6017931,0.33256870631958346,146.58,644.888,791.468,224.12,933.784,1157.904,77.538,288.896,366.434,0.5139445851488832,12035.862,0.0012035862,620.388,0.0,0.0,0.33256870631958346,73290,322444,395734,183217,6017931,1.856,4,0.00999837585282919,0.00999837585282919,0.00999837585282919,0.9914,0.97996,0,39,453,0,0,0,5,0,3,0,0,60.314,154,313
6430000,2026-01-19T20:22:25.462712,579833,73409,396346,183486,310632,0.5138115917807702,0.6027327,0.33252267249634526,146.818,645.874,792.692,224.474,935.192,1159.666,77.654,289.318,366.972,0.5138115917807702,12054.654,0.0012054654,621.264,0.0,0.0,0.33252267249634526,73409,322937,396346,183486,6027327,1.912,4,0.00999837585282919,0.00999837585282919,0.00999837585282919,0.99176,0.9798600000000001,0,22,461,0,3,0,8,0,6,0,0,113.93,166,436
6440000,2026-01-19T20:22:39.572314,580720,73522,396956,183763,311099,0.5137595912959909,0.6036712,0.33250354717542846,147.044,646.868,793.912,224.832,936.608,1161.44,77.788,289.738,367.526,0.5137595912959909,12073.424,0.0012073423999999998,622.198,0.0,0.0,0.33250354717542846,73522,323434,396956,183763,6036712,1.864,4,0.00999837585282919,0.00999837585282919,0.00999837585282919,0.994,0.9799399999999999,0,42,442,0,5,0,7,0,4,0,0,97.052,178,454
6450000,2026-01-19T20:22:53.694662,581556,73640,397531,184024,311526,0.5136916915797893,0.6046151,0.3324836446241151,147.28,647.782,795.062,225.162,937.95,1163.112,77.882,290.166,368.048,0.5136916915797893,12092.302,0.0012092302,623.052,0.0,0.0,0.3324836446241151,73640,323891,397531,184024,6046151,1.872,4,0.00999837585282919,0.00999837585282919,0.00999837585282919,0.99144,0.9800399999999999,0,27,459,0,3,0,6,0,5,0,0,96.178,170,451
6460000,2026-01-19T20:23:07.777340,582420,73751,398125,184294,311990,0.5136424147202552,0.605549,0.3324680080559149,147.502,648.748,796.25,225.492,939.348,1164.84,77.988,290.6,368.588,0.5136424147202552,12110.98,0.001211098,623.98,0.0,0.0,0.3324680080559149,73751,324374,398125,184294,6055490,1.864,4,0.00999837585282919,0.00999837585282919,0.00999837585282919,0.9936,0.98002,0,23,468,0,0,0,4,0,5,0,0,48.138,121,355
6470000,2026-01-19T20:23:22.021065,583258,73872,398704,184554,312410,0.5135256939023533,0.6064978,0.3324298218683696,147.744,649.664,797.408,225.82,940.696,1166.516,78.076,291.032,369.108,0.5135256939023533,12129.956,0.0012129956,624.82,0.0,0.0,0.3324298218683696,73872,324832,398704,184554,6064978,1.972,4,0.00999837585282919,0.00999837585282919,0.00999837585282919,0.9898199999999999,0.98032,0,19,473,0,0,0,4,1,3,0,0,55.904,123,301
6480000,2026-01-19T20:23:36.053393,584111,73986,399291,184819,312842,0.5134617509286545,0.6074391,0.332403107528161,147.972,650.61,798.582,226.15,942.072,1168.222,78.178,291.46,369.638,0.5134617509286545,12148.782,0.0012148782,625.684,0.0,0.0,0.332403107528161,73986,325305,399291,184819,6074391,2.002,4,0.00999837585282919,0.00999837585282919,0.00999837585282919,0.99124,0.9806,0,28,456,0,3,0,6,0,7,0,0,91.524,177,443
6490000,2026-01-19T20:23:50.126603,584983,74104,399896,185086,313292,0.5133072495119739,0.6083752,0.3323555552111251,148.208,651.584,799.792,226.502,943.464,1169.966,78.292,291.88,370.172,0.5133072495119739,12167.504,0.0012167504,626.584,0.0,0.0,0.3323555552111251,74104,325792,399896,185086,6083752,1.886,4,0.00999837585282919,0.00999837585282919,0.00999837585282919,0.9902000000000001,0.9801,0,33,457,0,1,0,5,0,4,0,0,56.222,141,382
6500000,2026-01-19T20:24:04.297719,585863,74223,400500,185362,313749,0.5132425602680722,0.609312,0.33233222596472245,148.446,652.554,801.0,226.852,944.874,1171.726,78.404,292.32,370.724,0.5132425602680722,12186.24,0.001218624,627.498,0.0,0.0,0.33233222596472245,74223,326277,400500,185362,6093120,1.948,4,0.00999837585282919,0.00999837585282919,0.00999837585282919,0.9900399999999999,0.97988,0,33,460,0,0,0,3,0,4,0,0,30.906,138,233
6510000,2026-01-19T20:24:18.537263,586725,74338,401090,185634,314188,0.5131618859380245,0.6102524,0.33230335906604125,148.676,653.504,802.18,227.19,946.26,1173.45,78.512,292.756,371.268,0.5131618859380245,12205.048,0.0012205048000000001,628.376,0.0,0.0,0.33230335906604125,74338,326752,401090,185634,6102524,1.884,4,0.00999837585282919,0.00999837585282919,0.00999837585282919,0.9919199999999999,0.9799399999999999,0,28,455,0,3,0,8,0,6,0,0,110.374,152,489
6520000,2026-01-19T20:24:32.816215,587626,74464,401724,185901,314637,0.5130024330229725,0.611189,0.3322487518228863,148.928,654.52,803.448,227.552,947.7,1175.252,78.624,293.178,371.802,0.5130024330229725,12223.78,0.0012223779999999999,629.274,0.0,0.0,0.3322487518228863,74464,327260,401724,185901,6111890,1.996,4,0.00999837585282919,0.00999837585282919,0.00999837585282919,0.99146,0.97954,2,25,461,0,3,0,5,0,4,0,0,66.332,120,386
6530000,2026-01-19T20:24:47.096315,588549,74573,402358,186190,315135,0.5128650899760377,0.6121203,0.33221045019141276,149.146,655.57,804.716,227.91,949.188,1177.098,78.762,293.618,372.38,0.5128650899760377,12242.406,0.0012242406,630.27,0.0,0.0,0.33221045019141276,74573,327785,402358,186190,6121203,1.894,4,0.00999837585282919,0.00999837585282919,0.00999837585282919,0.9939600000000001,0.97908,0,33,451,0,2,0,8,0,6,0,0,79.496,124,464
6540000,2026-01-19T20:25:01.311059,589432,74685,402967,186464,315600,0.5127999991064228,0.6130608,0.33218838336985046,149.37,656.564,805.934,228.26,950.604,1178.864,78.888,294.04,372.928,0.5127999991064228,12261.216,0.0012261216,631.2,0.0,0.0,0.33218838336985046,74685,328282,402967,186464,6130608,1.86,4,0.00999837585282919,0.00999837585282919,0.00999837585282919,0.99256,0.9790599999999999,0,43,442,0,4,0,9,0,2,0,0,114.306,159,454
6550000,2026-01-19T20:25:15.433952,590313,74801,403562,186751,316067,0.5128294394525167,0.6140029,0.3321982789193598,149.602,657.522,807.124,228.598,952.028,1180.626,78.996,294.506,373.502,0.5128294394525167,12280.058,0.0012280058,632.134,0.0,0.0,0.3321982789193598,74801,328761,403562,186751,6140029,1.944,4,0.00999837585282919,0.00999837585282919,0.00999837585282919,0.99146,0.97938,0,24,455,1,5,0,9,0,6,0,0,148.312,181,475
6560000,2026-01-19T20:25:29.540758,591217,74923,404194,187022,316527,0.5127053398408287,0.6149301,0.332155158569228,149.846,658.542,808.388,228.976,953.458,1182.434,79.128,294.916,374.044,0.5127053398408287,12298.602,0.0012298602,633.054,0.0,0.0,0.332155158569228,74923,329271,404194,187022,6149301,1.88,4,0.00999837585282919,0.00999837585282919,0.00999837585282919,0.9919600000000001,0.97922,0,33,457,0,0,0,6,0,4,0,0,56.576,126,356
6570000,2026-01-19T20:25:43.839677,592081,75041,404786,187294,316968,0.5126169249608925,0.6158743,0.33213068453828726,150.082,659.49,809.572,229.324,954.838,1184.162,79.242,295.346,374.588,0.5126169249608925,12317.486,0.0012317486,633.936,0.0,0.0,0.33213068453828726,75041,329745,404786,187294,6158743,1.94,4,0.00999837585282919,0.00999837585282919,0.00999837585282919,0.99338,0.9790800000000001,1,38,447,0,2,0,6,0,6,0,0,55.3,119,342
6580000,2026-01-19T20:25:58.101092,592955,75149,405388,187566,317433,0.5125029399435475,0.6168108,0.3320965763836518,150.298,660.478,810.776,229.672,956.238,1185.91,79.372,295.76,375.132,0.5125029399435475,12336.216,0.0012336216,634.866,0.0,0.0,0.3320965763836518,75149,330239,405388,187566,6168108,2.006,4,0.00999837585282919,0.00999837585282919,0.00999837585282919,0.99236,0.97938,0,27,459,0,3,0,7,0,4,0,0,103.388,138,452
6590000,2026-01-19T20:26:12.342485,593788,75263,405956,187831,317868,0.5124481446933937,0.6177595,0.3320827275297827,150.526,661.386,811.912,229.994,957.582,1187.576,79.468,296.194,375.662,0.5124481446933937,12355.19,0.001235519,635.736,0.0,0.0,0.3320827275297827,75263,330693,405956,187831,6177595,1.978,4,0.00999837585282919,0.00999837585282919,0.00999837585282919,0.99054,0.9799,0,20,467,0,2,0,7,0,4,0,0,118.65,179,430
6600000,2026-01-19T20:26:26.543172,594629,75380,406531,188097,318305,0.5123853602026683,0.618701,0.3320615404382587,150.76,662.302,813.062,230.326,958.932,1189.258,79.566,296.628,376.194,0.5123853602026683,12374.02,0.0012374019999999999,636.61,0.0,0.0,0.3320615404382587,75380,331151,406531,188097,6187010,1.92,4,0.00999837585282919,0.00999837585282919,0.00999837585282919,0.9908199999999999,0.9798,4,40,449,0,2,0,2,0,3,0,0,46.732,120,288
6610000,2026-01-19T20:26:40.839902,595455,75492,407100,188355,318721,0.512319377390773,0.6196462,0.3320336029154987,150.984,663.216,814.2,230.66,960.25,1190.91,79.676,297.034,376.71,0.512319377390773,12392.924,0.0012392924,637.442,0.0,0.0,0.3320336029154987,75492,331608,407100,188355,6196462,1.988,4,0.00999837585282919,0.00999837585282919,0.00999837585282919,0.99126,0.9798199999999999,0,22,464,0,2,1,7,0,4,0,0,112.956,174,438
6620000,2026-01-19T20:26:55.079587,596319,75608,407691,188627,319164,0.5122251347457558,0.6205854,0.3320043850273077,151.216,664.166,815.382,230.998,961.64,1192.638,79.78,297.474,377.254,0.5122251347457558,12411.708,0.0012411707999999998,638.328,0.0,0.0,0.3320043850273077,75608,332083,407691,188627,6205854,1.908,4,0.00999837585282919,0.00999837585282919,0.00999837585282919,0.99342,0.98022,0,22,457,0,5,0,10,0,6,0,0,95.444,156,470
6630000,2026-01-19T20:27:09.258053,597176,75728,408287,188888,319603,0.512119152236396,0.6215268,0.3319669951597095,151.456,665.118,816.574,231.342,963.01,1194.352,79.886,297.89,377.776,0.512119152236396,12430.536,0.0012430536,639.206,0.0,0.0,0.3319669951597095,75728,332559,408287,188888,6215268,1.892,4,0.00999837585282919,0.00999837585282919,0.00999837585282919,0.9929199999999999,0.9808600000000001,0,45,445,0,1,0,5,0,4,0,0,67.836,177,462
6640000,2026-01-19T20:27:23.323585,598055,75846,408890,189164,320061,0.5120802558705129,0.6224583,0.3319515438574551,151.692,666.088,817.78,231.678,964.432,1196.11,79.984,298.344,378.328,0.5120802558705129,12449.166,0.0012449166,640.122,0.0,0.0,0.3319515438574551,75846,333044,408890,189164,6224583,1.872,4,0.00999837585282919,0.00999837585282919,0.00999837585282919,0.99366,0.98078,0,23,467,0,0,0,5,0,5,0,0,31.746,98,341
6650000,2026-01-19T20:27:37.458840,598964,75964,409521,189442,320523,0.5119874291863746,0.6233973,0.33191762313275175,151.928,667.114,819.042,232.058,965.87,1197.928,80.128,298.756,378.884,0.5119874291863746,12467.946,0.0012467946,641.046,0.0,0.0,0.33191762313275175,75964,333557,409521,189442,6233973,1.864,4,0.00999837585282919,0.00999837585282919,0.00999837585282919,0.99274,0.9801799999999999,0,39,447,0,1,0,6,0,7,0,0,74.588,137,444
6660000,2026-01-19T20:27:51.602781,599830,76075,410119,189710,320979,0.5118850355669944,0.6243328,0.3318839282031986,152.15,668.088,820.238,232.42,967.24,1199.66,80.268,299.152,379.42,0.5118850355669944,12486.656,0.0012486656000000001,641.958,0.0,0.0,0.3318839282031986,76075,334044,410119,189710,6243328,1.908,4,0.00999837585282919,0.00999837585282919,0.00999837585282919,0.99424,0.9798600000000001,0,33,459,0,0,0,4,0,4,0,0,30.158,101,389
6670000,2026-01-19T20:28:05.764324,600689,76195,410711,189977,321406,0.5117919447833008,0.6252781,0.33185497688850857,152.39,669.032,821.422,232.762,968.616,1201.378,80.372,299.582,379.954,0.5117919447833008,12505.562,0.0012505562,642.812,0.0,0.0,0.33185497688850857,76195,334516,410711,189977,6252781,1.9,4,0.00999837585282919,0.00999837585282919,0.00999837585282919,0.99358,0.97992,2,33,448,0,3,0,7,0,7,0,0,46.662,122,343
6680000,2026-01-19T20:28:19.982727,601554,76305,411301,190252,321878,0.5117373568499652,0.6262172,0.3318400640707847,152.61,669.992,822.602,233.096,970.012,1203.108,80.484,300.02,380.504,0.5117373568499652,12524.344,0.0012524344,643.756,0.0,0.0,0.3318400640707847,76305,334996,411301,190252,6262172,2.034,4,0.00999837585282919,0.00999837585282919,0.00999837585282919,0.9899399999999999,0.9799800000000001,0,18,473,0,1,0,3,0,5,0,0,73.864,146,437
6690000,2026-01-19T20:28:34.139250,602446,76425,411920,190525,322328,0.5116289953675672,0.6271535,0.33180124765274716,152.85,670.99,823.84,233.466,971.426,1204.892,80.614,300.436,381.05,0.5116289953675672,12543.07,0.001254307,644.656,0.0,0.0,0.33180124765274716,76425,335495,411920,190525,6271535,1.936,4,0.00999837585282919,0.00999837585282919,0.00999837585282919,0.98832,0.97992,0,35,455,0,2,0,4,0,4,0,0,92.114,146,412
6700000,2026-01-19T20:28:48.235992,603286,76539,412500,190785,322753,0.5115317382202094,0.6280909,0.33176490325148494,153.078,671.922,825.0,233.8,972.772,1206.572,80.72,300.85,381.57,0.5115317382202094,12561.818,0.0012561818,645.506,0.0,0.0,0.33176490325148494,76539,335961,412500,190785,6280909,1.88,4,0.00999837585282919,0.00999837585282919,0.00999837585282919,0.9921,0.97976,0,43,442,0,2,0,8,0,5,0,0,64.416,120,346
6710000,2026-01-19T20:29:02.388537,604141,76658,413095,191045,323190,0.5114167371239302,0.6290351,0.33172401799915324,153.316,672.874,826.19,234.136,974.146,1208.282,80.82,301.27,382.09,0.5114167371239302,12580.702,0.0012580701999999999,646.38,0.0,0.0,0.33172401799915324,76658,336437,413095,191045,6290351,1.93,4,0.00999837585282919,0.00999837585282919,0.00999837585282919,0.9897999999999999,0.9799,0,31,460,0,1,0,5,0,3,0,0,103.514,176,339
6720000,2026-01-19T20:29:16.414968,605019,76777,413704,191314,323632,0.5112952475801825,0.6299748,0.33168795757065384,153.554,673.854,827.408,234.494,975.544,1210.038,80.94,301.688,382.628,0.5112952475801825,12599.496,0.0012599496,647.264,0.0,0.0,0.33168795757065384,76777,336927,413704,191314,6299748,1.908,4,0.00999837585282919,0.00999837585282919,0.00999837585282919,0.99274,0.9795,7,14,469,0,1,0,4,0,5,0,0,31.468,122,186
6730000,2026-01-19T20:29:30.473315,605875,76890,414293,191581,324069,0.5112182893474364,0.6309138,0.3316614646496764,153.78,674.806,828.586,234.838,976.912,1211.75,81.056,302.106,383.162,0.5112182893474364,12618.276,0.0012618275999999999,648.138,0.0,0.0,0.3316614646496764,76890,337403,414293,191581,6309138,1.94,4,0.00999837585282919,0.00999837585282919,0.00999837585282919,0.9921,0.9792799999999999,0,40,443,0,2,0,8,0,7,0,0,90.144,137,467
6740000,2026-01-19T20:29:44.585041,606706,77007,414863,191842,324498,0.5111449164300416,0.6318566,0.3316381935755141,154.014,675.712,829.726,235.168,978.244,1213.412,81.152,302.532,383.684,0.5111449164300416,12637.132,0.0012637132,648.996,0.0,0.0,0.3316381935755141,77007,337856,414863,191842,6318566,1.784,4,0.00999837585282919,0.00999837585282919,0.00999837585282919,0.9923,0.9791599999999999,0,55,436,0,1,0,5,0,3,0,0,51.046,122,407
6750000,2026-01-19T20:29:58.625483,607588,77130,415473,192114,324939,0.5110557955666909,0.6327998,0.3316104429433322,154.26,676.686,830.946,235.524,979.652,1215.176,81.264,302.964,384.228,0.5110557955666909,12655.996,0.0012655996,649.878,0.0,0.0,0.3316104429433322,77130,338343,415473,192114,6327998,1.932,4,0.00999837585282919,0.00999837585282919,0.00999837585282919,0.99382,0.97924,1,33,456,0,1,0,7,0,2,0,0,54.568,178,481
6760000,2026-01-19T20:30:12.642761,608471,77249,416090,192380,325383,0.510946639656973,0.6337315,0.33156848262186583,154.498,677.682,832.18,235.89,981.052,1216.942,81.39,303.37,384.76,0.510946639656973,12674.63,0.001267463,650.766,0.0,0.0,0.33156848262186583,77249,338841,416090,192380,6337315,1.79,4,0.00999837585282919,0.00999837585282919,0.00999837585282919,0.98734,0.97924,0,30,460,0,2,0,4,0,4,0,0,81.564,157,412
6770000,2026-01-19T20:30:26.731600,609334,77367,416689,192644,325808,0.5108429668709227,0.6346739,0.33153324385967364,154.734,678.644,833.378,236.254,982.414,1218.668,81.52,303.768,385.288,0.5108429668709227,12693.478,0.0012693478,651.616,0.0,0.0,0.33153324385967364,77367,339322,416689,192644,6346739,1.738,4,0.00999837585282919,0.00999837585282919,0.00999837585282919,0.98966,0.97924,0,24,460,0,3,0,7,0,6,0,0,128.666,179,467
6780000,2026-01-19T20:30:40.853564,610188,77481,417276,192911,326265,0.5107515276257226,0.6356099,0.33150181277644747,154.962,679.59,834.552,236.572,983.804,1220.376,81.608,304.214,385.822,0.5107515276257226,12712.198,0.0012712198,652.53,0.0,0.0,0.33150181277644747,77481,339795,417276,192911,6356099,1.956,4,0.00999837585282919,0.00999837585282919,0.00999837585282919,0.99058,0.97972,0,35,459,0,0,0,2,0,4,0,0,67.186,136,391
6790000,2026-01-19T20:30:55.038333,611049,77599,417869,193179,326691,0.5106614567631013,0.636555,0.33147134803667516,155.198,680.54,835.738,236.924,985.174,1222.098,81.726,304.632,386.358,0.5106614567631013,12731.1,0.00127311,653.382,0.0,0.0,0.33147134803667516,77599,340270,417869,193179,6365550,1.958,4,0.00999837585282919,0.00999837585282919,0.00999837585282919,0.99226,0.97952,1,30,454,0,2,0,7,0,6,0,0,98.442,172,387
6800000,2026-01-19T20:31:09.131410,611888,77712,418449,193438,327129,0.5105905804946584,0.6374946,0.33144861385716334,155.424,681.474,836.898,237.234,986.542,1223.776,81.808,305.068,386.876,0.5105905804946584,12749.892,0.0012749892,654.258,0.0,0.0,0.33144861385716334,77712,340737,418449,193438,6374946,1.774,4,0.00999837585282919,0.00999837585282919,0.00999837585282919,0.99322,0.98,0,48,439,0,2,0,6,0,5,0,0,75.22,167,445
6810000,2026-01-19T20:31:23.314884,612723,77834,419026,193696,327541,0.510489374102224,0.6384316,0.3314139305112818,155.668,682.384,838.052,237.564,987.882,1225.446,81.894,305.498,387.392,0.510489374102224,12768.632,0.0012768632,655.082,0.0,0.0,0.3314139305112818,77834,341192,419026,193696,6384316,1.89,4,0.00999837585282919,0.00999837585282919,0.00999837585282919,0.9910599999999999,0.9796,0,23,464,0,4,0,5,0,4,0,0,90.298,132,435
6820000,2026-01-19T20:31:37.299359,613611,77951,419636,193974,328010,0.5104352126925703,0.6393707,0.33139696281333825,155.902,683.37,839.272,237.906,989.316,1227.222,82.002,305.946,387.948,0.5104352126925703,12787.414,0.0012787413999999998,656.02,0.0,0.0,0.33139696281333825,77951,341685,419636,193974,6393707,1.962,4,0.00999837585282919,0.00999837585282919,0.00999837585282919,0.99278,0.97962,0,37,453,0,2,0,6,0,2,0,0,56.894,145,355
6830000,2026-01-19T20:31:51.441797,614537,78067,420270,194266,328502,0.510394138367721,0.6403066,0.331379734177781,156.134,684.406,840.54,238.26,990.814,1229.074,82.124,306.408,388.532,0.510394138367721,12806.132,0.0012806132,657.004,0.0,0.0,0.331379734177781,78067,342203,420270,194266,6403066,1.842,4,0.00999837585282919,0.00999837585282919,0.00999837585282919,0.99236,0.97938,0,24,460,0,2,0,8,0,6,0,0,114.392,160,483
6840000,2026-01-19T20:32:05.592686,615418,78180,420877,194540,328969,0.5103395425135558,0.6412415,0.3313574689624301,156.36,685.394,841.754,238.61,992.226,1230.836,82.248,306.832,389.08,0.5103395425135558,12824.83,0.001282483,657.938,0.0,0.0,0.3313574689624301,78180,342697,420877,194540,6412415,1.828,4,0.00999837585282919,0.00999837585282919,0.00999837585282919,0.9926200000000001,0.9791799999999999,0,38,452,0,1,0,4,0,5,0,0,47.096,108,378
6850000,2026-01-19T20:32:19.830607,616290,78297,421477,194812,329418,0.5102902833820523,0.6421877,0.3313399888710221,156.594,686.36,842.954,238.958,993.622,1232.58,82.362,307.262,389.624,0.5102902833820523,12843.754,0.0012843754,658.836,0.0,0.0,0.3313399888710221,78297,343180,421477,194812,6421877,1.83,4,0.00999837585282919,0.00999837585282919,0.00999837585282919,0.9912000000000001,0.97924,0,33,457,0,1,0,4,0,5,0,0,86.066,156,459
6860000,2026-01-19T20:32:34.000025,617159,78411,422073,195086,329867,0.5102049365937374,0.6431302,0.33131652721173727,156.822,687.324,844.146,239.306,995.012,1234.318,82.484,307.688,390.172,0.5102049365937374,12862.604,0.0012862604,659.734,0.0,0.0,0.33131652721173727,78411,343662,422073,195086,6431302,1.918,4,0.00999837585282919,0.00999837585282919,0.00999837585282919,0.99114,0.97938,0,30,456,1,4,0,5,0,4,0,0,139.08,180,483
6870000,2026-01-19T20:32:48.216931,618031,78525,422675,195355,330323,0.5101206479055764,0.6440638,0.3312907044733421,157.05,688.3,845.35,239.656,996.406,1236.062,82.604,308.106,390.71,0.5101206479055764,12881.276,0.0012881276,660.646,0.0,0.0,0.3312907044733421,78525,344150,422675,195355,6440638,1.814,4,0.00999837585282919,0.00999837585282919,0.00999837585282919,0.9941599999999999,0.97936,0,55,435,0,0,0,5,0,5,0,0,45.518,117,293
6880000,2026-01-19T20:33:02.389616,618896,78638,423271,195624,330781,0.5100463479838836,0.6450063,0.33126458099310796,157.276,689.266,846.542,239.982,997.81,1237.792,82.704,308.544,391.248,0.5100463479838836,12900.126,0.0012900126,661.562,0.0,0.0,0.33126458099310796,78638,344633,423271,195624,6450063,1.972,4,0.00999837585282919,0.00999837585282919,0.00999837585282919,0.9893,0.9793999999999999,0,33,458,0,0,0,4,0,5,0,0,32.004,141,223
6890000,2026-01-19T20:33:16.662935,619736,78751,423851,195885,331210,0.5100161460904764,0.645952,0.33125083504282005,157.502,690.2,847.702,240.328,999.144,1239.472,82.826,308.944,391.77,0.5100161460904764,12919.04,0.001291904,662.42,0.0,0.0,0.33125083504282005,78751,345100,423851,195885,6459520,2.002,4,0.00999837585282919,0.00999837585282919,0.00999837585282919,0.9935,0.9790599999999999,0,34,457,0,0,0,5,1,3,0,0,42.994,124,473
6900000,2026-01-19T20:33:31.013413,620583,78865,424436,196147,331641,0.5099389353502761,0.6468942,0.33122403421328395,157.73,691.142,848.872,240.668,1000.498,1241.166,82.938,309.356,392.294,0.5099389353502761,12937.884,0.0012937883999999998,663.282,0.0,0.0,0.33122403421328395,78865,345571,424436,196147,6468942,1.788,4,0.00999837585282919,0.00999837585282919,0.00999837585282919,0.9950800000000001,0.97884,0,48,441,0,1,0,5,1,4,0,0,34.968,124,264
6910000,2026-01-19T20:33:45.335605,621419,78986,425019,196399,332044,0.5097860482065759,0.6478334,0.3311702399996727,157.972,692.066,850.038,241.018,1001.82,1242.838,83.044,309.754,392.798,0.5097860482065759,12956.668,0.0012956668,664.088,0.0,0.0,0.3311702399996727,78986,346033,425019,196399,6478334,1.866,4,0.00999837585282919,0.00999837585282919,0.00999837585282919,0.9927,0.9788,0,42,447,0,0,0,6,0,5,0,0,63.884,161,286
6920000,2026-01-19T20:33:59.558752,622293,79106,425624,196668,332484,0.5096630273069234,0.6487722,0.33113270627292035,158.212,693.036,851.248,241.366,1003.22,1244.586,83.152,310.184,393.336,0.5096630273069234,12975.444,0.0012975444,664.968,0.0,0.0,0.33113270627292035,79106,346518,425624,196668,6487722,1.862,4,0.00999837585282919,0.00999837585282919,0.00999837585282919,0.993,0.9789,0,46,439,0,0,0,9,0,6,0,0,40.124,148,288
6930000,2026-01-19T20:34:13.892319,623160,79220,426222,196937,332933,0.5095645509069152,0.6497073,0.3311010171086721,158.44,694.004,852.444,241.71,1004.61,1246.32,83.268,310.606,393.874,0.5095645509069152,12994.146,0.0012994146,665.866,0.0,0.0,0.3311010171086721,79220,347002,426222,196937,6497073,1.922,4,0.00999837585282919,0.00999837585282919,0.00999837585282919,0.98932,0.97872,0,34,451,0,1,0,8,0,6,0,0,57.306,94,489
6940000,2026-01-19T20:34:28.097550,624065,79339,426852,197213,333397,0.5094815342281086,0.6506507,0.3310750799440436,158.678,695.026,853.704,242.076,1006.054,1248.13,83.398,311.028,394.426,0.5094815342281086,13013.014,0.0013013014,666.794,0.0,0.0,0.3310750799440436,79339,347513,426852,197213,6506507,1.886,4,0.00999837585282919,0.00999837585282919,0.00999837585282919,0.99354,0.97834,0,38,448,1,2,0,7,0,4,0,0,120.43,180,432
6950000,2026-01-19T20:34:42.486881,624924,79460,427450,197474,333826,0.509417263730781,0.6515818,0.33104272753480307,158.92,695.98,854.9,242.416,1007.432,1249.848,83.496,311.452,394.948,0.509417263730781,13031.636,0.0013031636,667.652,0.0,0.0,0.33104272753480307,79460,347990,427450,197474,6515818,1.826,4,0.00999837585282919,0.00999837585282919,0.00999837585282919,0.9910599999999999,0.9789399999999999,0,38,449,0,1,1,6,0,5,0,0,106.938,174,440
6960000,2026-01-19T20:34:56.710681,625812,79576,428058,197753,334288,0.5093644791329615,0.6525158,0.331024346707605,159.152,696.964,856.116,242.77,1008.854,1251.624,83.616,311.89,395.506,0.5093644791329615,13050.316,0.0013050315999999999,668.576,0.0,0.0,0.331024346707605,79576,348482,428058,197753,6525158,1.876,4,0.00999837585282919,0.00999837585282919,0.00999837585282919,0.9922000000000001,0.97896,0,45,438,0,4,0,8,0,5,0,0,79.784,116,457
6970000,2026-01-19T20:35:10.985157,626691,79691,428672,198018,334738,0.5092101607941549,0.6534521,0.3309745694946431,159.382,697.962,857.344,243.138,1010.244,1253.382,83.754,312.282,396.036,0.5092101607941549,13069.042,0.0013069041999999999,669.476,0.0,0.0,0.3309745694946431,79691,348981,428672,198018,6534521,2.034,4,0.00999837585282919,0.00999837585282919,0.00999837585282919,0.99372,0.97874,0,36,454,0,0,0,7,0,3,0,0,17.344,90,167
6980000,2026-01-19T20:35:25.290056,627568,79811,429277,198290,335175,0.5091210372383438,0.6544002,0.3309449960985185,159.622,698.932,858.554,243.5,1011.636,1255.136,83.878,312.702,396.58,0.5091210372383438,13088.004,0.0013088004,670.35,0.0,0.0,0.3309449960985185,79811,349466,429277,198290,6544002,1.9,4,0.00999837585282919,0.00999837585282919,0.00999837585282919,0.9929399999999999,0.97876,0,50,434,0,2,0,6,0,8,0,0,94.852,172,453
6990000,2026-01-19T20:35:39.565678,628407,79919,429859,198547,335615,0.5090192633738164,0.6553356,0.33090744452358495,159.838,699.88,859.718,243.826,1012.988,1256.814,83.986,313.108,397.094,0.5090192633738164,13106.712,0.0013106712,671.23,0.0,0.0,0.33090744452358495,79919,349940,429859,198547,6553356,2.01,4,0.00999837585282919,0.00999837585282919,0.00999837585282919,0.99,0.9791,0,33,453,0,3,0,8,0,3,0,0,52.458,89,439
7000000,2026-01-19T20:35:53.933715,629226,80040,430425,198800,336021,0.5089678870356045,0.6562837,0.3308879092019819,160.08,700.77,860.85,244.146,1014.306,1258.452,84.064,313.536,397.6,0.5089678870356045,13125.674,0.0013125674,672.042,0.0,0.0,0.3308879092019819,80040,350385,430425,198800,6562837,1.93,4,0.00999837585282919,0.00999837585282919,0.00999837585282919,0.99372,0.97972,0,43,444,0,2,0,6,0,5,0,0,97.5,144,404
7010000,2026-01-19T20:36:08.249400,630118,80156,431042,199075,336500,0.5089359423683166,0.6572203,0.3308731036450662,160.312,701.772,862.084,244.484,1015.752,1260.236,84.17,313.98,398.15,0.5089359423683166,13144.406,0.0013144406,673.0,0.0,0.0,0.3308731036450662,80156,350886,431042,199075,6572203,1.838,4,0.00999837585282919,0.00999837585282919,0.00999837585282919,0.989,0.97964,0,34,458,0,0,0,3,0,5,0,0,79.408,150,385
7020000,2026-01-19T20:36:22.521344,630981,80267,431634,199346,336948,0.5088633166315242,0.6581632,0.3308549447792786,160.534,702.734,863.268,244.826,1017.136,1261.962,84.292,314.4,398.692,0.5088633166315242,13163.264,0.0013163264,673.896,0.0,0.0,0.3308549447792786,80267,351367,431634,199346,6581632,1.846,4,0.00999837585282919,0.00999837585282919,0.00999837585282919,0.98878,0.97972,0,25,462,0,2,0,6,0,5,0,0,101.396,179,478
7030000,2026-01-19T20:36:36.733907,631819,80381,432213,199605,337382,0.5088118917348664,0.6591007,0.3308358289497461,160.762,703.664,864.426,245.162,1018.476,1263.638,84.398,314.812,399.21,0.5088118917348664,13182.014,0.0013182013999999999,674.764,0.0,0.0,0.3308358289497461,80381,351832,432213,199605,6591007,1.912,4,0.00999837585282919,0.00999837585282919,0.00999837585282919,0.99434,0.9801599999999999,0,46,447,0,0,0,4,0,3,0,0,37.876,130,315
7040000,2026-01-19T20:36:50.997489,632733,80498,432840,199892,337853,0.5087377976249546,0.6600422,0.33081440065085993,160.996,704.684,865.68,245.524,1019.942,1265.466,84.528,315.256,399.784,0.5087377976249546,13200.844,0.0013200844000000002,675.706,0.0,0.0,0.33081440065085993,80498,352342,432840,199892,6600422,1.95,4,0.00999837585282919,0.00999837585282919,0.00999837585282919,0.99148,0.97956,1,38,442,0,5,0,9,0,5,0,0,136.434,179,487
7050000,2026-01-19T20:37:05.193435,633631,80621,433462,200169,338315,0.5086575479437135,0.6609767,0.330783751704227,161.242,705.682,866.924,245.896,1021.366,1267.262,84.654,315.684,400.338,0.5086575479437135,13219.534,0.0013219534,676.63,0.0,0.0,0.330783751704227,80621,352841,433462,200169,6609767,1.986,4,0.00999837585282919,0.00999837585282919,0.00999837585282919,0.9926799999999999,0.979,0,31,457,1,2,0,4,0,5,0,0,87.082,180,423
7060000,2026-01-19T20:37:19.312034,634508,80745,434070,200437,338750,0.5085728642405501,0.6619104,0.33074894519992787,161.49,706.65,868.14,246.256,1022.76,1269.016,84.764,316.11,400.874,0.5085728642405501,13238.208,0.0013238208,677.5,0.0,0.0,0.33074894519992787,80745,353325,434070,200437,6619104,1.948,4,0.00999837585282919,0.00999837585282919,0.00999837585282919,0.9921599999999999,0.97852,0,50,438,0,1,0,6,0,5,0,0,44.91,129,329
7070000,2026-01-19T20:37:33.456696,635401,80871,434693,200707,339188,0.5084983152537456,0.662851,0.3307181903307925,161.742,707.644,869.386,246.618,1024.184,1270.802,84.876,316.538,401.414,0.5084983152537456,13257.02,0.001325702,678.376,0.0,0.0,0.3307181903307925,80871,353822,434693,200707,6628510,1.868,4,0.00999837585282919,0.00999837585282919,0.00999837585282919,0.9934,0.9779800000000001,1,19,467,0,3,0,6,0,4,0,0,93.716,179,358
7080000,2026-01-19T20:37:47.612325,636214,80982,435258,200955,339596,0.5083711059155931,0.6637936,0.33067599429918326,161.964,708.552,870.516,246.954,1025.474,1272.428,84.99,316.92,401.91,0.5083711059155931,13275.872,0.0013275872,679.192,0.0,0.0,0.33067599429918326,80982,354276,435258,200955,6637936,1.86,4,0.00999837585282919,0.00999837585282919,0.00999837585282919,0.9921599999999999,0.9780599999999999,0,33,455,0,3,0,6,0,3,0,0,102.056,176,408
7090000,2026-01-19T20:38:01.765206,637108,81097,435871,201236,340071,0.5083117205193569,0.6647288,0.3306509733368546,162.194,709.548,871.742,247.308,1026.908,1274.216,85.112,317.36,402.472,0.5083117205193569,13294.576,0.0013294576,680.142,0.0,0.0,0.3306509733368546,81097,354774,435871,201236,6647288,1.97,4,0.00999837585282919,0.00999837585282919,0.00999837585282919,0.99218,0.97766,0,38,454,0,0,0,3,0,5,0,0,49.448,129,406
7100000,2026-01-19T20:38:16.007872,637968,81212,436462,201505,340514,0.5082466786263198,0.6656726,0.3306306633096966,162.424,710.5,872.924,247.64,1028.296,1275.936,85.216,317.794,403.01,0.5082466786263198,13313.452,0.0013313452,681.028,0.0,0.0,0.3306306633096966,81212,355250,436462,201505,6656726,1.8,4,0.00999837585282919,0.00999837585282919,0.00999837585282919,0.991,0.9781599999999999,0,29,458,0,2,0,5,0,6,0,0,93.412,125,451
7110000,2026-01-19T20:38:30.300046,638820,81330,437058,201761,340941,0.5081292017944286,0.6666129,0.33058893021291197,162.66,711.456,874.116,247.986,1029.654,1277.64,85.326,318.196,403.522,0.5081292017944286,13332.258,0.0013332258,681.882,0.0,0.0,0.33058893021291197,81330,355728,437058,201761,6666129,1.984,4,0.00999837585282919,0.00999837585282919,0.00999837585282919,0.9939600000000001,0.97856,0,30,461,0,2,0,4,0,3,0,0,59.018,176,348
7120000,2026-01-19T20:38:44.500918,639670,81446,437656,202013,341357,0.5079849822071402,0.6675499,0.3305353588609244,162.892,712.42,875.312,248.34,1031.0,1279.34,85.446,318.58,404.026,0.5079849822071402,13350.998,0.0013350998,682.714,0.0,0.0,0.3305353588609244,81446,356210,437656,202013,6675499,1.966,4,0.00999837585282919,0.00999837585282919,0.00999837585282919,0.99086,0.97832,0,15,473,0,3,0,5,0,4,0,0,108.398,167,427
7130000,2026-01-19T20:38:58.668285,640563,81569,438273,202289,341808,0.5078482662295046,0.6684868,0.33048897137231065,163.138,713.408,876.546,248.694,1032.432,1281.126,85.554,319.024,404.578,0.5078482662295046,13369.736,0.0013369736000000002,683.616,0.0,0.0,0.33048897137231065,81569,356704,438273,202289,6684868,1.79,4,0.00999837585282919,0.00999837585282919,0.00999837585282919,0.99272,0.97824,0,42,441,0,1,0,10,0,6,0,0,88.526,155,414
7140000,2026-01-19T20:39:12.954014,641380,81684,438838,202541,342216,0.50775035646439,0.6694261,0.330454130529812,163.368,714.308,877.676,249.032,1033.728,1282.76,85.662,319.42,405.082,0.50775035646439,13388.522,0.0013388522,684.432,0.0,0.0,0.330454130529812,81684,357154,438838,202541,6694261,1.964,4,0.00999837585282919,0.00999837585282919,0.00999837585282919,0.9898199999999999,0.97848,0,29,457,0,2,0,6,0,6,0,0,92.222,152,482
7150000,2026-01-19T20:39:27.182927,642231,81799,439427,202803,342648,0.5076676356728146,0.67037,0.33042691578408195,163.598,715.256,878.854,249.384,1035.078,1284.462,85.786,319.82,405.606,0.5076676356728146,13407.4,0.00134074,685.296,0.0,0.0,0.33042691578408195,81799,357628,439427,202803,6703700,1.952,4,0.00999837585282919,0.00999837585282919,0.00999837585282919,0.98932,0.97856,0,19,468,0,2,0,6,0,5,0,0,109.078,179,417
7160000,2026-01-19T20:39:41.431840,643090,81924,440022,203067,343065,0.5076120802541645,0.671307,0.3304057106544766,163.848,716.196,880.044,249.74,1036.44,1286.18,85.89,320.244,406.134,0.5076120802541645,13426.14,0.001342614,686.13,0.0,0.0,0.3304057106544766,81924,358098,440022,203067,6713070,1.89,4,0.00999837585282919,0.00999837585282919,0.00999837585282919,0.9896,0.97866,0,22,461,0,3,0,8,0,6,0,0,85.554,129,473
7170000,2026-01-19T20:39:55.734779,643963,82043,440632,203330,343497,0.5074596379413523,0.6722452,0.33034800872388,164.086,717.178,881.264,250.098,1037.828,1287.926,86.01,320.65,406.66,0.5074596379413523,13444.904,0.0013444904,686.994,0.0,0.0,0.33034800872388,82043,358589,440632,203330,6722452,1.832,4,0.00999837585282919,0.00999837585282919,0.00999837585282919,0.99336,0.97856,0,48,433,0,3,0,9,0,7,0,0,74.998,136,446
7180000,2026-01-19T20:40:09.956296,644822,82165,441230,203591,343932,0.5073860766427226,0.6731889,0.3303164148180301,164.33,718.13,882.46,250.446,1039.198,1289.644,86.114,321.068,407.182,0.5073860766427226,13463.778,0.0013463778,687.864,0.0,0.0,0.3303164148180301,82165,359065,441230,203591,6731889,1.874,4,0.00999837585282919,0.00999837585282919,0.00999837585282919,0.98748,0.97912,0,31,459,0,2,0,3,0,5,0,0,85.6,165,448
7190000,2026-01-19T20:40:24.233248,645661,82283,441802,203858,344356,0.5073210744210578,0.6741339,0.33029773649029043,164.566,719.038,883.604,250.784,1040.538,1291.322,86.218,321.498,407.716,0.5073210744210578,13482.678,0.0013482677999999998,688.712,0.0,0.0,0.33029773649029043,82283,359519,441802,203858,6741339,1.918,4,0.00999837585282919,0.00999837585282919,0.00999837585282919,0.99472,0.9789,0,40,447,0,2,0,7,0,4,0,0,83.38,179,424
7200000,2026-01-19T20:40:38.515980,646562,82402,442429,204132,344817,0.507243934714678,0.6750684,0.33026243087274787,164.804,720.054,884.858,251.152,1041.972,1293.124,86.346,321.918,408.264,0.507243934714678,13501.368,0.0013501368,689.634,0.0,0.0,0.33026243087274787,82402,360027,442429,204132,6750684,1.89,4,0.00999837585282919,0.00999837585282919,0.00999837585282919,0.9899399999999999,0.97852,0,33,459,0,1,0,3,0,4,0,0,63.306,142,418
7210000,2026-01-19T20:40:52.790587,647420,82518,443025,204394,345254,0.5071735569431499,0.67601,0.3302317425230426,165.036,721.014,886.05,251.49,1043.35,1294.84,86.454,322.334,408.788,0.5071735569431499,13520.2,0.00135202,690.508,0.0,0.0,0.3302317425230426,82518,360507,443025,204394,6760100,1.918,4,0.00999837585282919,0.00999837585282919,0.00999837585282919,0.99288,0.97864,0,32,457,0,2,0,5,0,4,0,0,52.426,120,421
7220000,2026-01-19T20:41:06.992697,648344,82629,443659,204684,345757,0.5070853148665248,0.6769402,0.33020593565249395,165.258,722.06,887.318,251.848,1044.84,1296.688,86.588,322.78,409.368,0.5070853148665248,13538.804,0.0013538804,691.514,0.0,0.0,0.33020593565249395,82629,361030,443659,204684,6769402,1.85,4,0.00999837585282919,0.00999837585282919,0.00999837585282919,0.99144,0.9781799999999999,0,37,453,0,0,0,6,0,4,0,0,38.602,120,359
7230000,2026-01-19T20:41:21.221711,649225,82743,444263,204962,346229,0.5070328999621408,0.6778834,0.33019075839252376,165.486,723.04,888.526,252.182,1046.268,1298.45,86.696,323.228,409.924,0.5070328999621408,13557.668,0.0013557668,692.458,0.0,0.0,0.33019075839252376,82743,361520,444263,204962,6778834,1.93,4,0.00999837585282919,0.00999837585282919,0.00999837585282919,0.9908199999999999,0.97844,0,23,467,1,2,0,3,0,4,0,0,72.772,180,413
7240000,2026-01-19T20:41:35.550990,650045,82858,444827,205217,346643,0.5069614016151345,0.6788265,0.3301689879141747,165.716,723.938,889.654,252.504,1047.586,1300.09,86.788,323.646,410.434,0.5069614016151345,13576.53,0.001357653,693.286,0.0,0.0,0.3301689879141747,82858,361969,444827,205217,6788265,1.902,4,0.00999837585282919,0.00999837585282919,0.00999837585282919,0.9938400000000001,0.9792799999999999,0,25,465,0,2,0,5,0,3,0,0,75.826,176,379
7250000,2026-01-19T20:41:49.810271,650939,82976,445443,205495,347108,0.5069167888004542,0.6797614,0.3301579437621954,165.952,724.934,890.886,252.854,1049.024,1301.878,86.9,324.09,410.99,0.5069167888004542,13595.228,0.0013595228,694.216,0.0,0.0,0.3301579437621954,82976,362467,445443,205495,6797614,2.036,4,0.00999837585282919,0.00999837585282919,0.00999837585282919,0.99346,0.9788600000000001,0,30,459,0,0,0,7,0,4,0,0,32.906,114,354
7260000,2026-01-19T20:42:04.311657,651785,83094,446032,205752,347535,0.5067863526527807,0.6806991,0.3301164584626898,166.188,725.876,892.064,253.192,1050.378,1303.57,87.002,324.502,411.504,0.5067863526527807,13613.982,0.0013613982,695.07,0.0,0.0,0.3301164584626898,83094,362938,446032,205752,6806991,1.956,4,0.00999837585282919,0.00999837585282919,0.00999837585282919,0.99026,0.9789399999999999,0,36,454,0,0,0,5,0,5,0,0,35.522,124,278
7270000,2026-01-19T20:42:18.566756,652693,83214,446672,206020,347980,0.5065998623552767,0.6816365,0.33005752975221714,166.428,726.916,893.344,253.586,1051.8,1305.386,87.156,324.884,412.04,0.5065998623552767,13632.73,0.001363273,695.96,0.0,0.0,0.33005752975221714,83214,363458,446672,206020,6816365,1.744,4,0.00999837585282919,0.00999837585282919,0.00999837585282919,0.9930399999999999,0.9788199999999999,0,34,453,0,1,0,6,0,6,0,0,89.11,148,441
7280000,2026-01-19T20:42:32.842710,653518,83329,447243,206275,348395,0.5065349700025567,0.6825792,0.33003254561083045,166.658,727.828,894.486,253.926,1053.11,1307.036,87.268,325.282,412.55,0.5065349700025567,13651.584,0.0013651584000000001,696.79,0.0,0.0,0.33003254561083045,83329,363914,447243,206275,6825792,1.852,4,0.00999837585282919,0.00999837585282919,0.00999837585282919,0.98918,0.97902,0,30,457,0,3,0,5,1,4,0,0,92.626,124,485
7290000,2026-01-19T20:42:47.141700,654372,83440,447834,206537,348841,0.506481646312588,0.6835117,0.3300076481226168,166.88,728.788,895.668,254.268,1054.476,1308.744,87.386,325.688,413.074,0.506481646312588,13670.234,0.0013670234000000001,697.682,0.0,0.0,0.3300076481226168,83440,364394,447834,206537,6835117,1.922,4,0.00999837585282919,0.00999837585282919,0.00999837585282919,0.99398,0.97936,0,37,456,0,0,0,4,0,3,0,0,39.528,108,328
7300000,2026-01-19T20:43:01.448888,655261,83554,448448,206812,349292,0.506339750468211,0.6844517,0.3299664512494557,167.108,729.788,896.896,254.62,1055.902,1310.522,87.51,326.114,413.624,0.506339750468211,13689.034,0.0013689034,698.584,0.0,0.0,0.3299664512494557,83554,364894,448448,206812,6844517,1.856,4,0.00999837585282919,0.00999837585282919,0.00999837585282919,0.99102,0.9793,0,30,450,0,4,0,10,0,6,0,0,111.142,148,484
7310000,2026-01-19T20:43:15.764991,656084,83665,449011,207072,349725,0.5062698732559885,0.6853942,0.32994387088811367,167.33,730.692,898.022,254.948,1057.22,1312.168,87.616,326.528,414.144,0.5062698732559885,13707.884,0.0013707883999999999,699.45,0.0,0.0,0.32994387088811367,83665,365346,449011,207072,6853942,1.842,4,0.00999837585282919,0.00999837585282919,0.00999837585282919,0.9902799999999999,0.97978,0,32,454,0,2,0,7,0,5,0,0,94.182,138,474
7320000,2026-01-19T20:43:30.065789,656921,83782,449594,207327,350151,0.5061990933989844,0.6863398,0.32991305322677617,167.564,731.624,899.188,255.288,1058.554,1313.842,87.724,326.93,414.654,0.5061990933989844,13726.796,0.0013726796,700.302,0.0,0.0,0.32991305322677617,83782,365812,449594,207327,6863398,1.936,4,0.00999837585282919,0.00999837585282919,0.00999837585282919,0.99056,0.98,0,17,477,0,0,1,2,0,3,0,0,75.258,174,403
7330000,2026-01-19T20:43:44.413990,657780,83901,450188,207591,350563,0.5061116167388322,0.6872791,0.32988148323896127,167.802,732.574,900.376,255.642,1059.918,1315.56,87.84,327.342,415.182,0.5061116167388322,13745.582,0.0013745582,701.126,0.0,0.0,0.32988148323896127,83901,366287,450188,207591,6872791,1.902,4,0.00999837585282919,0.00999837585282919,0.00999837585282919,0.9916799999999999,0.98,0,33,443,0,8,0,11,0,5,0,0,146.092,179,489
7340000,2026-01-19T20:43:58.679015,658648,84017,450785,207862,351029,0.5060660822834021,0.6882153,0.329865191265715,168.034,733.536,901.57,255.974,1061.322,1317.296,87.938,327.786,415.724,0.5060660822834021,13764.306,0.0013764305999999999,702.058,0.0,0.0,0.329865191265715,84017,366768,450785,207862,6882153,1.88,4,0.00999837585282919,0.00999837585282919,0.00999837585282919,0.99266,0.98002,0,38,452,0,0,0,7,0,3,0,0,41.54,144,339
7350000,2026-01-19T20:44:12.890008,659527,84133,451396,208130,351475,0.5059844475690684,0.6891553,0.32983396765462547,168.266,734.526,902.792,256.334,1062.72,1319.054,88.066,328.194,416.26,0.5059844475690684,13783.106,0.0013783106,702.95,0.0,0.0,0.32983396765462547,84133,367263,451396,208130,6891553,1.888,4,0.00999837585282919,0.00999837585282919,0.00999837585282919,0.9941,0.97972,0,43,443,0,1,0,7,0,6,0,0,69.398,171,459
7360000,2026-01-19T20:44:27.275886,660365,84253,451988,208376,351878,0.5058191328592637,0.6900907,0.32977555819616167,168.506,735.47,903.976,256.678,1064.052,1320.73,88.17,328.582,416.752,0.5058191328592637,13801.814,0.0013801814,703.756,0.0,0.0,0.32977555819616167,84253,367735,451988,208376,6900907,1.936,4,0.00999837585282919,0.00999837585282919,0.00999837585282919,0.99438,0.9796,0,36,449,0,4,0,8,0,3,0,0,66.26,143,351
7370000,2026-01-19T20:44:41.622161,661222,84373,452585,208636,352304,0.5057448260367806,0.6910259,0.3297444474958018,168.746,736.424,905.17,257.036,1065.408,1322.444,88.288,328.984,417.272,0.5057448260367806,13820.518,0.0013820517999999999,704.608,0.0,0.0,0.3297444474958018,84373,368212,452585,208636,6910259,1.922,4,0.00999837585282919,0.00999837585282919,0.00999837585282919,0.9897400000000001,0.97914,0,22,466,0,1,0,6,0,5,0,0,65.796,124,345
7380000,2026-01-19T20:44:55.853026,662068,84483,453169,208898,352752,0.5056853207589852,0.6919646,0.3297242404306185,168.966,737.372,906.338,257.364,1066.772,1324.136,88.396,329.4,417.796,0.5056853207589852,13839.292,0.0013839292000000002,705.504,0.0,0.0,0.3297242404306185,84483,368686,453169,208898,6919646,1.968,4,0.00999837585282919,0.00999837585282919,0.00999837585282919,0.99202,0.9789,0,25,464,0,3,0,5,0,3,0,0,76.662,115,438
7390000,2026-01-19T20:45:10.083281,662954,84601,453786,209167,353205,0.5055934721810662,0.6929026,0.32969062793914045,169.202,738.37,907.572,257.718,1068.19,1325.908,88.514,329.82,418.334,0.5055934721810662,13858.052,0.0013858052,706.41,0.0,0.0,0.32969062793914045,84601,369185,453786,209167,6929026,1.934,4,0.00999837585282919,0.00999837585282919,0.00999837585282919,0.99142,0.9786999999999999,0,34,459,0,0,0,4,0,3,0,0,27.508,110,201
7400000,2026-01-19T20:45:24.280406,663809,84712,454376,209432,353655,0.5055122434786479,0.6938459,0.3296684481198203,169.424,739.328,908.752,258.054,1069.564,1327.618,88.628,330.236,418.864,0.5055122434786479,13876.918,0.0013876918,707.31,0.0,0.0,0.3296684481198203,84712,369664,454376,209432,6938459,1.774,4,0.00999837585282919,0.00999837585282919,0.00999837585282919,0.9907999999999999,0.9783999999999999,0,34,459,0,1,0,2,0,4,0,0,81.334,152,403
7410000,2026-01-19T20:45:38.427099,664722,84832,455004,209717,354127,0.5054546787231265,0.6947829,0.3296520365571684,169.664,740.344,910.008,258.426,1071.018,1329.444,88.76,330.674,419.434,0.5054546787231265,13895.658,0.0013895658,708.254,0.0,0.0,0.3296520365571684,84832,370172,455004,209717,6947829,2.004,4,0.00999837585282919,0.00999837585282919,0.00999837585282919,0.99224,0.97824,0,44,445,0,1,0,4,0,6,0,0,89.374,150,441
7420000,2026-01-19T20:45:52.734411,665591,84948,455602,209988,354577,0.5053645401513971,0.6957201,0.3296255745157277,169.896,741.308,911.204,258.778,1072.404,1331.182,88.88,331.096,419.976,0.5053645401513971,13914.402,0.0013914402,709.154,0.0,0.0,0.3296255745157277,84948,370654,455602,209988,6957201,1.78,4,0.00999837585282919,0.00999837585282919,0.00999837585282919,0.99444,0.97844,1,29,460,0,0,0,5,0,5,0,0,45.898,116,370
7430000,2026-01-19T20:46:07.014885,666455,85060,456202,210253,355022,0.5052907156164165,0.6966667,0.3295986435509313,170.12,742.284,912.404,259.13,1073.78,1332.91,89.01,331.496,420.506,0.5052907156164165,13933.334,0.0013933334,710.044,0.0,0.0,0.3295986435509313,85060,371142,456202,210253,6966667,1.79,4,0.00999837585282919,0.00999837585282919,0.00999837585282919,0.9899600000000001,0.978,0,32,458,1,1,0,3,0,5,0,0,103.622,180,444
7440000,2026-01-19T20:46:21.181392,667338,85180,456805,210532,355474,0.5052671903087141,0.6976057,0.3295915313440147,170.36,743.25,913.61,259.48,1075.196,1334.676,89.118,331.946,421.064,0.5052671903087141,13952.114,0.0013952114,710.948,0.0,0.0,0.3295915313440147,85180,371625,456805,210532,6976057,1.894,4,0.00999837585282919,0.00999837585282919,0.00999837585282919,0.99318,0.9780399999999999,0,40,446,0,0,0,9,0,5,0,0,60.286,146,343
7450000,2026-01-19T20:46:35.376020,668227,85296,457413,210814,355948,0.5052313313741799,0.6985478,0.3295808784868611,170.592,744.234,914.826,259.814,1076.64,1336.454,89.222,332.406,421.628,0.5052313313741799,13970.956,0.0013970956,711.896,0.0,0.0,0.3295808784868611,85296,372117,457413,210814,6985478,1.92,4,0.00999837585282919,0.00999837585282919,0.00999837585282919,0.99248,0.97852,0,37,451,0,1,1,6,0,4,0,0,81.21,175,423
7460000,2026-01-19T20:46:49.767255,669059,85411,457992,211066,356367,0.5051410184961549,0.699487,0.3295478317238324,170.822,745.162,915.984,260.14,1077.978,1338.118,89.316,332.816,422.132,0.5051410184961549,13989.74,0.0013989739999999999,712.734,0.0,0.0,0.3295478317238324,85411,372581,457992,211066,6994870,1.88,4,0.00999837585282919,0.00999837585282919,0.00999837585282919,0.9923,0.97956,0,29,459,0,2,0,8,0,2,0,0,88.736,163,450
7470000,2026-01-19T20:47:04.049976,669955,85535,458613,211342,356813,0.5050566136841084,0.7004244,0.32951639097935637,171.07,746.156,917.226,260.5,1079.41,1339.91,89.43,333.254,422.684,0.5050566136841084,14008.488,0.0014008488,713.626,0.0,0.0,0.32951639097935637,85535,373078,458613,211342,7004244,1.87,4,0.00999837585282919,0.00999837585282919,0.00999837585282919,0.9904,0.97932,0,32,451,1,2,0,8,0,6,0,0,61.612,181,444
7480000,2026-01-19T20:47:18.308149,670857,85650,459236,211621,357289,0.5049823030842849,0.7013614,0.32949049849087125,171.3,747.172,918.472,260.85,1080.864,1341.714,89.55,333.692,423.242,0.5049823030842849,14027.228,0.0014027228,714.578,0.0,0.0,0.32949049849087125,85650,373586,459236,211621,7013614,1.788,4,0.00999837585282919,0.00999837585282919,0.00999837585282919,0.99144,0.97932,0,42,442,0,2,0,8,1,5,0,0,50.016,124,475
7490000,2026-01-19T20:47:32.510537,671743,85764,459851,211892,357745,0.5048736585195216,0.7022939,0.32945663809576864,171.528,748.174,919.702,261.21,1082.276,1343.486,89.682,334.102,423.784,0.5048736585195216,14045.878,0.0014045878,715.49,0.0,0.0,0.32945663809576864,85764,374087,459851,211892,7022939,1.884,4,0.00999837585282919,0.00999837585282919,0.00999837585282919,0.99324,0.97952,0,36,446,0,4,0,7,0,7,0,0,115.308,178,487
7500000,2026-01-19T20:47:46.731797,672593,85879,460439,212153,358188,0.5047945484170774,0.7032344,0.3294262343148631,171.758,749.12,920.878,261.544,1083.642,1345.186,89.784,334.522,424.306,0.5047945484170774,14064.688,0.0014064688,716.376,0.0,0.0,0.3294262343148631,85879,374560,460439,212153,7032344,1.842,4,0.00999837585282919,0.00999837585282919,0.00999837585282919,0.9907,0.97952,0,23,467,0,0,0,5,0,5,0,0,78.308,167,357
7510000,2026-01-19T20:48:01.014810,673478,85999,461055,212422,358636,0.5047109949263198,0.7041653,0.32940010809679654,171.998,750.112,922.11,261.902,1085.054,1346.956,89.902,334.942,424.844,0.5047109949263198,14083.306,0.0014083306,717.272,0.0,0.0,0.32940010809679654,85999,375056,461055,212422,7041653,1.914,4,0.00999837585282919,0.00999837585282919,0.00999837585282919,0.9910399999999999,0.9793999999999999,0,42,446,0,2,0,4,0,6,0,0,70.952,130,460
7520000,2026-01-19T20:48:15.329870,674322,86113,461636,212685,359071,0.5046194802637145,0.7051077,0.32936943816776193,172.226,751.046,923.272,262.236,1086.408,1348.644,90.008,335.362,425.37,0.5046194802637145,14102.154,0.0014102154,718.142,0.0,0.0,0.32936943816776193,86113,375523,461636,212685,7051077,1.832,4,0.00999837585282919,0.00999837585282919,0.00999837585282919,0.99012,0.9793999999999999,0,24,465,0,1,0,5,0,5,0,0,94.652,151,440
7530000,2026-01-19T20:48:29.649784,675175,86231,462224,212950,359509,0.5045399886120839,0.7060503,0.32934451844352963,172.462,751.986,924.448,262.57,1087.78,1350.35,90.108,335.792,425.9,0.5045399886120839,14121.006,0.0014121006,719.018,0.0,0.0,0.32934451844352963,86231,375993,462224,212950,7060503,1.996,4,0.00999837585282919,0.00999837585282919,0.00999837585282919,0.9927999999999999,0.97968,3,37,454,0,1,0,1,0,4,0,0,43.438,120,340
7540000,2026-01-19T20:48:43.921529,676077,86345,462841,213235,359972,0.5045034896647279,0.70699,0.3293339876896741,172.69,752.992,925.682,262.94,1089.214,1352.154,90.248,336.222,426.47,0.5045034896647279,14139.8,0.00141398,719.944,0.0,0.0,0.3293339876896741,86345,376496,462841,213235,7069900,1.94,4,0.00999837585282919,0.00999837585282919,0.00999837585282919,0.9924,0.97912,0,29,454,0,1,0,9,0,7,0,0,110.242,170,477
7550000,2026-01-19T20:48:58.124952,676918,86461,463422,213496,360395,0.5044625944720725,0.7079339,0.32931958251679005,172.922,753.922,926.844,263.28,1090.556,1353.836,90.358,336.634,426.992,0.5044625944720725,14158.678,0.0014158678,720.79,0.0,0.0,0.32931958251679005,86461,376961,463422,213496,7079339,1.914,4,0.00999837585282919,0.00999837585282919,0.00999837585282919,0.9920800000000001,0.97932,0,18,462,0,3,1,9,0,7,0,0,127.642,175,467
7560000,2026-01-19T20:49:12.374727,677782,86581,464017,213764,360846,0.5044331967270614,0.7088729,0.32930813216679083,173.162,754.872,928.034,263.618,1091.946,1355.564,90.454,337.074,427.528,0.5044331967270614,14177.458,0.0014177458,721.692,0.0,0.0,0.32930813216679083,86581,377436,464017,213764,7088729,1.862,4,0.00999837585282919,0.00999837585282919,0.00999837585282919,0.99232,0.97888,0,36,453,0,1,0,5,0,5,0,0,75.216,159,383
7570000,2026-01-19T20:49:26.608451,678638,86694,464613,214024,361289,0.5043249637981729,0.709805,0.329271506736659,173.388,755.838,929.226,263.96,1093.316,1357.276,90.57,337.478,428.048,0.5043249637981729,14196.1,0.00141961,722.578,0.0,0.0,0.329271506736659,86694,377919,464613,214024,7098050,1.83,4,0.00999837585282919,0.00999837585282919,0.00999837585282919,0.9929,0.97876,0,46,447,0,0,0,3,0,4,0,0,25.132,94,267
7580000,2026-01-19T20:49:41.048976,679470,86812,465195,214274,361692,0.5042077362362227,0.7107482,0.3292334288250338,173.624,756.766,930.39,264.304,1094.636,1358.94,90.678,337.87,428.548,0.5042077362362227,14214.964,0.0014214964,723.384,0.0,0.0,0.3292334288250338,86812,378383,465195,214274,7107482,1.828,4,0.00999837585282919,0.00999837585282919,0.00999837585282919,0.99282,0.9795799999999999,0,45,445,0,0,0,4,0,6,0,0,26.224,103,212
7590000,2026-01-19T20:49:54.701382,680338,86936,465798,214539,362117,0.5041008113383575,0.7116921,0.3291961969636887,173.872,757.724,931.596,264.652,1096.024,1360.676,90.78,338.298,429.078,0.5041008113383575,14233.842,0.0014233842,724.234,0.0,0.0,0.3291961969636887,86936,378862,465798,214539,7116921,1.916,4,0.00999837585282919,0.00999837585282919,0.00999837585282919,0.99302,0.98032,0,33,451,0,1,0,7,0,8,0,0,97.058,176,491
7600000,2026-01-19T20:50:08.192061,681237,87058,466422,214814,362566,0.5039868957836107,0.7126288,0.32915687744635197,174.116,758.728,932.844,265.024,1097.45,1362.474,90.906,338.722,429.628,0.5039868957836107,14252.576,0.0014252575999999999,725.132,0.0,0.0,0.32915687744635197,87058,379364,466422,214814,7126288,1.936,4,0.00999837585282919,0.00999837585282919,0.00999837585282919,0.98926,0.97954,0,24,458,0,4,0,8,0,6,0,0,136.31,166,475
7610000,2026-01-19T20:50:21.772170,682091,87177,467016,215074,362999,0.5038996904718628,0.7135652,0.3291257899937998,174.354,759.678,934.032,265.364,1098.818,1364.182,91.008,339.14,430.148,0.5038996904718628,14271.304,0.0014271304000000001,725.998,0.0,0.0,0.3291257899937998,87177,379839,467016,215074,7135652,1.83,4,0.00999837585282919,0.00999837585282919,0.00999837585282919,0.99342,0.97924,0,33,453,0,2,0,8,0,4,0,0,89.568,161,464
7620000,2026-01-19T20:50:35.347570,682928,87300,467598,215329,363415,0.503786795687322,0.7145052,0.3290874995820087,174.6,760.596,935.196,265.7,1100.156,1365.856,91.098,339.56,430.658,0.503786795687322,14290.104,0.0014290104,726.83,0.0,0.0,0.3290874995820087,87300,380298,467598,215329,7145052,1.864,4,0.00999837585282919,0.00999837585282919,0.00999837585282919,0.9889399999999999,0.97942,0,14,481,0,0,0,1,0,4,0,0,63.61,142,342
7630000,2026-01-19T20:50:48.938889,683759,87415,468174,215584,363833,0.5036980514887522,0.7154459,0.32905521533029053,174.83,761.518,936.348,266.028,1101.49,1367.518,91.196,339.972,431.168,0.5036980514887522,14308.918,0.0014308918,727.666,0.0,0.0,0.32905521533029053,87415,380759,468174,215584,7154459,1.858,4,0.00999837585282919,0.00999837585282919,0.00999837585282919,0.9923200000000001,0.97974,0,29,462,0,1,0,4,0,4,0,0,45.536,123,224
7640000,2026-01-19T20:51:02.486834,684643,87528,468785,215857,364296,0.5035862221868178,0.7163829,0.3290228124938008,175.056,762.514,937.57,266.38,1102.906,1369.286,91.322,340.392,431.714,0.5035862221868178,14327.658,0.0014327658000000002,728.592,0.0,0.0,0.3290228124938008,87528,381257,468785,215857,7163829,1.792,4,0.00999837585282919,0.00999837585282919,0.00999837585282919,0.9931599999999999,0.9795,0,43,450,0,0,0,4,0,3,0,0,27.028,109,328
7650000,2026-01-19T20:51:16.075989,685512,87647,469394,216117,364721,0.5034857705770659,0.7173199,0.32898418919556754,175.294,763.494,938.788,266.738,1104.286,1371.024,91.442,340.792,432.234,0.5034857705770659,14346.398,0.0014346398,729.442,0.0,0.0,0.32898418919556754,87647,381747,469394,216117,7173199,1.996,4,0.00999837585282919,0.00999837585282919,0.00999837585282919,0.9920800000000001,0.97968,0,31,457,0,2,0,5,0,5,0,0,53.178,95,430
7660000,2026-01-19T20:51:30.364836,686331,87763,469958,216372,365138,0.5034006891399976,0.7182714,0.32895858222678864,175.526,764.39,939.916,267.052,1105.61,1372.662,91.526,341.218,432.744,0.5034006891399976,14365.428,0.0014365428,730.276,0.0,0.0,0.32895858222678864,87763,382195,469958,216372,7182714,1.966,4,0.00999837585282919,0.00999837585282919,0.00999837585282919,0.99274,0.9800599999999999,0,29,461,0,2,0,4,0,4,0,0,102.5,177,393
7670000,2026-01-19T20:51:46.390022,687199,87883,470563,216635,365568,0.5032546417314978,0.7192049,0.32891168292346334,175.766,765.36,941.126,267.406,1106.992,1374.398,91.638,341.632,433.27,0.5032546417314978,14384.098,0.0014384098000000001,731.136,0.0,0.0,0.32891168292346334,87883,382680,470563,216635,7192049,1.8,4,0.00999837585282919,0.00999837585282919,0.00999837585282919,0.99482,0.97964,0,42,442,0,2,0,8,0,6,0,0,108.402,153,464
7680000,2026-01-19T20:52:01.990142,688012,87996,471124,216887,365982,0.5031966301675749,0.7201498,0.3288879527540868,175.992,766.256,942.248,267.744,1108.28,1376.024,91.75,342.024,433.774,0.5031966301675749,14402.996,0.0014402996,731.964,0.0,0.0,0.3288879527540868,87996,383128,471124,216887,7201498,1.938,4,0.00999837585282919,0.00999837585282919,0.00999837585282919,0.9919600000000001,0.97946,0,36,455,0,0,0,6,0,3,0,0,50.54,158,370
7690000,2026-01-19T20:52:17.923883,688915,88123,471750,217164,366427,0.503098719323573,0.7210866,0.32885393820742936,176.246,767.254,943.5,268.112,1109.718,1377.83,91.864,342.464,434.328,0.503098719323573,14421.732,0.0014421732,732.854,0.0,0.0,0.32885393820742936,88123,383627,471750,217164,7210866,1.984,4,0.00999837585282919,0.00999837585282919,0.00999837585282919,0.9910599999999999,0.97872,0,41,446,0,1,0,5,0,7,0,0,107.514,162,471
7700000,2026-01-19T20:52:32.464157,689742,88235,472329,217412,366850,0.5030281661345838,0.722026,0.32882472991594036,176.47,768.188,944.658,268.446,1111.038,1379.484,91.974,342.85,434.824,0.5030281661345838,14440.52,0.001444052,733.7,0.0,0.0,0.32882472991594036,88235,384094,472329,217412,7220260,1.772,4,0.00999837585282919,0.00999837585282919,0.00999837585282919,0.99234,0.97862,0,24,468,0,0,0,4,0,4,0,0,56.628,147,316
7710000,2026-01-19T20:52:48.642262,690625,88351,472939,217686,367301,0.5029718511140071,0.7229683,0.3288044820922715,176.702,769.176,945.878,268.782,1112.468,1381.25,92.08,343.292,435.372,0.5029718511140071,14459.366,0.0014459366,734.602,0.0,0.0,0.3288044820922715,88351,384588,472939,217686,7229683,1.962,4,0.00999837585282919,0.00999837585282919,0.00999837585282919,0.98952,0.97854,0,28,453,0,3,1,10,0,5,0,0,89.038,174,489
7720000,2026-01-19T20:53:07.024738,691452,88463,473513,217938,367737,0.5029017562455764,0.7239089,0.3287792278742724,176.926,770.1,947.026,269.1,1113.804,1382.904,92.172,343.704,435.876,0.5029017562455764,14478.178,0.0014478178,735.474,0.0,0.0,0.3287792278742724,88463,385050,473513,217938,7239089,1.84,4,0.00999837585282919,0.00999837585282919,0.00999837585282919,0.9940599999999999,0.9788,0,44,444,0,1,0,6,0,5,0,0,72.126,163,464
7730000,2026-01-19T20:53:22.226174,692284,88576,474087,218197,368170,0.5028011123934316,0.7248535,0.3287501413103834,177.152,771.022,948.174,269.426,1115.142,1384.568,92.274,344.12,436.394,0.5028011123934316,14497.07,0.0014497070000000002,736.34,0.0,0.0,0.3287501413103834,88576,385511,474087,218197,7248535,1.946,4,0.00999837585282919,0.00999837585282919,0.00999837585282919,0.99154,0.97874,0,21,472,0,0,1,2,0,4,0,0,85.892,175,393
7740000,2026-01-19T20:53:37.066467,693170,88687,474688,218481,368637,0.5027848421821641,0.7257933,0.3287454728394181,177.374,772.002,949.376,269.77,1116.57,1386.34,92.396,344.566,436.962,0.5027848421821641,14515.866,0.0014515866,737.274,0.0,0.0,0.3287454728394181,88687,386001,474688,218481,7257933,1.92,4,0.00999837585282919,0.00999837585282919,0.00999837585282919,0.99438,0.97874,0,41,441,0,4,0,8,0,6,0,0,95.568,177,484
7750000,2026-01-19T20:53:52.522053,694032,88801,475286,218745,369082,0.5027132439881172,0.7267322,0.3287194255373704,177.602,772.97,950.572,270.124,1117.94,1388.064,92.52,344.97,437.49,0.5027132439881172,14534.644,0.0014534644000000002,738.164,0.0,0.0,0.3287194255373704,88801,386485,475286,218745,7267322,1.858,4,0.00999837585282919,0.00999837585282919,0.00999837585282919,0.99226,0.97862,0,33,453,0,1,0,7,0,6,0,0,84.992,166,438
7760000,2026-01-19T20:54:09.915106,694841,88917,475842,218998,369494,0.5026525882338257,0.7276718,0.3286995265699225,177.834,773.85,951.684,270.448,1119.234,1389.682,92.612,345.384,437.996,0.5026525882338257,14553.436,0.0014553436,738.988,0.0,0.0,0.3286995265699225,88917,386925,475842,218998,7276718,1.844,4,0.00999837585282919,0.00999837585282919,0.00999837585282919,0.99212,0.97872,0,22,470,0,0,0,2,0,6,0,0,23.114,110,259
7770000,2026-01-19T20:54:26.292198,695717,89040,476453,219263,369925,0.5025460083519728,0.7286169,0.3286645128992086,178.08,774.826,952.906,270.808,1120.626,1391.434,92.726,345.8,438.526,0.5025460083519728,14572.338,0.0014572338000000001,739.85,0.0,0.0,0.3286645128992086,89040,387413,476453,219263,7286169,1.904,4,0.00999837585282919,0.00999837585282919,0.00999837585282919,0.99154,0.97876,0,40,449,0,1,0,5,0,5,0,0,96.504,173,459
7780000,2026-01-19T20:54:41.947601,696593,89162,477057,219535,370362,0.5024953888258294,0.7295573,0.32864890971429633,178.324,775.79,954.114,271.166,1122.02,1393.186,92.842,346.228,439.07,0.5024953888258294,14591.146,0.0014591145999999998,740.724,0.0,0.0,0.32864890971429633,89162,387895,477057,219535,7295573,1.876,4,0.00999837585282919,0.00999837585282919,0.00999837585282919,0.98976,0.9783,0,31,454,0,4,0,7,0,4,0,0,115.238,178,478
7790000,2026-01-19T20:54:58.393159,697448,89281,477647,219801,370805,0.5024674801296728,0.7304997,0.32863838205692814,178.562,776.732,955.294,271.494,1123.402,1394.896,92.932,346.67,439.602,0.5024674801296728,14609.994,0.0014609993999999999,741.61,0.0,0.0,0.32863838205692814,89281,388366,477647,219801,7304997,1.902,4,0.00999837585282919,0.00999837585282919,0.00999837585282919,0.9915,0.9788199999999999,0,27,461,0,1,0,3,1,7,0,0,49.7,123,319
7800000,2026-01-19T20:55:13.905684,698285,89399,478229,220055,371216,0.5023515412710681,0.7314371,0.3286029231639884,178.798,777.66,956.458,271.84,1124.73,1396.57,93.04,347.07,440.11,0.5023515412710681,14628.742,0.0014628742,742.432,0.0,0.0,0.3286029231639884,89399,388830,478229,220055,7314371,1.808,4,0.00999837585282919,0.00999837585282919,0.00999837585282919,0.99302,0.9790599999999999,0,26,464,0,0,0,5,0,5,0,0,33.266,124,209
7810000,2026-01-19T20:55:28.804731,699113,89518,478803,220309,371623,0.5022826233508773,0.7323851,0.3285822050270473,179.036,778.57,957.606,272.184,1126.042,1398.226,93.148,347.47,440.618,0.5022826233508773,14647.702,0.0014647702,743.246,0.0,0.0,0.3285822050270473,89518,389285,478803,220309,7323851,1.798,4,0.00999837585282919,0.00999837585282919,0.00999837585282919,0.98998,0.97896,0,16,472,0,3,0,6,0,3,0,0,95.39,176,367
7820000,2026-01-19T20:55:43.080468,700035,89634,479436,220598,372107,0.5022197847922236,0.733317,0.32856274289844994,179.268,779.604,958.872,272.56,1127.51,1400.07,93.29,347.906,441.196,0.5022197847922236,14666.34,0.001466634,744.214,0.0,0.0,0.32856274289844994,89634,389802,479436,220598,7333170,1.858,4,0.00999837585282919,0.00999837585282919,0.00999837585282919,0.98944,0.9789399999999999,0,29,458,0,1,0,5,0,7,0,0,71.556,122,456
7830000,2026-01-19T20:55:57.380604,700851,89746,479997,220853,372528,0.5021320362890629,0.7342605,0.3285356935830205,179.492,780.502,959.994,272.884,1128.818,1401.702,93.39,348.316,441.706,0.5021320362890629,14685.21,0.001468521,745.056,0.0,0.0,0.3285356935830205,89746,390251,479997,220853,7342605,1.822,4,0.00999837585282919,0.00999837585282919,0.00999837585282919,0.9916,0.97896,0,26,465,0,0,0,5,0,4,0,0,58.396,132,317
7840000,2026-01-19T20:56:11.498982,701709,89868,480587,221121,372953,0.5020895474303024,0.7352074,0.3285198334692289,179.736,781.438,961.174,273.224,1130.194,1403.418,93.488,348.754,442.242,0.5020895474303024,14704.148,0.0014704147999999998,745.906,0.0,0.0,0.3285198334692289,89868,390719,480587,221121,7352074,1.84,4,0.00999837585282919,0.00999837585282919,0.00999837585282919,0.99322,0.97902,0,56,429,0,3,0,5,0,7,0,0,63.086,133,463
7850000,2026-01-19T20:56:25.769816,702572,89984,481186,221385,373396,0.5020224605962308,0.7361388,0.32849481085330784,179.968,782.404,962.372,273.562,1131.582,1405.144,93.592,349.178,442.77,0.5020224605962308,14722.776,0.0014722776,746.792,0.0,0.0,0.32849481085330784,89984,391202,481186,221385,7361388,1.926,4,0.00999837585282919,0.00999837585282919,0.00999837585282919,0.993,0.97878,0,48,438,0,1,0,8,0,5,0,0,42.114,94,382
7860000,2026-01-19T20:56:39.962795,703419,90096,481773,221645,373836,0.5019578369801024,0.7370857,0.32847330890731513,180.192,783.354,963.546,273.904,1132.934,1406.838,93.71,349.58,443.29,0.5019578369801024,14741.714,0.0014741714,747.672,0.0,0.0,0.32847330890731513,90096,391677,481773,221645,7370857,1.946,4,0.00999837585282919,0.00999837585282919,0.00999837585282919,0.9929199999999999,0.9788,0,42,448,0,1,0,5,0,4,0,0,49.814,160,307
7870000,2026-01-19T20:56:54.243837,704285,90221,482374,221910,374267,0.5018836028898644,0.7380211,0.32844621622549147,180.442,784.306,964.748,274.24,1134.33,1408.57,93.796,350.024,443.82,0.5018836028898644,14760.422,0.0014760422,748.534,0.0,0.0,0.32844621622549147,90221,392153,482374,221910,7380211,1.958,4,0.00999837585282919,0.00999837585282919,0.00999837585282919,0.99418,0.97892,0,20,471,0,1,0,4,0,4,0,0,57.426,114,313
7880000,2026-01-19T20:57:08.661776,705149,90332,482969,222179,374719,0.5018399636357133,0.73896,0.3284327848063092,180.664,785.274,965.938,274.58,1135.718,1410.298,93.914,350.444,444.358,0.5018399636357133,14779.2,0.00147792,749.438,0.0,0.0,0.3284327848063092,90332,392637,482969,222179,7389600,1.848,4,0.00999837585282919,0.00999837585282919,0.00999837585282919,0.99288,0.9789399999999999,1,31,457,0,0,0,6,0,5,0,0,23.742,89,191
7890000,2026-01-19T20:57:24.916163,706010,90449,483560,222450,375157,0.5017765306522921,0.7399071,0.32841497256663593,180.898,786.222,967.12,274.918,1137.102,1412.02,94.02,350.88,444.9,0.5017765306522921,14798.142,0.0014798142000000002,750.314,0.0,0.0,0.32841497256663593,90449,393111,483560,222450,7399071,1.838,4,0.00999837585282919,0.00999837585282919,0.00999837585282919,0.99288,0.9790599999999999,1,30,451,0,3,1,8,0,6,0,0,123.266,166,475
7900000,2026-01-19T20:57:41.257815,706845,90562,484131,222714,375598,0.5017534858985695,0.7408499,0.3284061397020793,181.124,787.138,968.262,275.242,1138.448,1413.69,94.118,351.31,445.428,0.5017534858985695,14816.998,0.0014816998,751.196,0.0,0.0,0.3284061397020793,90562,393569,484131,222714,7408499,1.89,4,0.00999837585282919,0.00999837585282919,0.00999837585282919,0.9913,0.97976,0,32,456,1,1,0,5,0,5,0,0,80.392,181,428
7910000,2026-01-19T20:57:59.510914,707665,90679,484700,222965,376001,0.5016689075005084,0.7417931,0.32837775193879354,181.358,788.042,969.4,275.574,1139.756,1415.33,94.216,351.714,445.93,0.5016689075005084,14835.862,0.0014835862,752.002,0.0,0.0,0.32837775193879354,90679,394021,484700,222965,7417931,1.95,4,0.00999837585282919,0.00999837585282919,0.00999837585282919,0.99314,0.98046,0,29,458,0,0,1,7,0,5,0,0,79.018,174,470
7920000,2026-01-19T20:58:16.278128,708553,90802,485313,223239,376445,0.5015734676563041,0.7427303,0.3283455069657684,181.604,789.022,970.626,275.936,1141.17,1417.106,94.332,352.146,446.478,0.5015734676563041,14854.606,0.0014854605999999998,752.89,0.0,0.0,0.3283455069657684,90802,394511,485313,223239,7427303,1.996,4,0.00999837585282919,0.00999837585282919,0.00999837585282919,0.99098,0.9795799999999999,0,36,451,0,2,0,6,0,5,0,0,52.704,120,296
7930000,2026-01-19T20:58:32.918384,709412,90924,485913,223498,376873,0.5014766137712514,0.7436692,0.3283105547831721,181.848,789.978,971.826,276.284,1142.54,1418.824,94.436,352.56,446.996,0.5014766137712514,14873.384,0.0014873384,753.746,0.0,0.0,0.3283105547831721,90924,394989,485913,223498,7436692,1.898,4,0.00999837585282919,0.00999837585282919,0.00999837585282919,0.98944,0.97888,0,40,453,0,1,0,4,0,2,0,0,45.738,112,464
7940000,2026-01-19T20:58:48.521044,710272,91042,486513,223758,377296,0.5013783123187786,0.7446063,0.32827757360992527,182.084,790.942,973.026,276.64,1143.904,1420.544,94.554,352.962,447.516,0.5013783123187786,14892.126,0.0014892126000000002,754.592,0.0,0.0,0.32827757360992527,91042,395471,486513,223758,7446063,1.786,4,0.00999837585282919,0.00999837585282919,0.00999837585282919,0.99454,0.97856,0,54,433,0,0,0,7,0,6,0,0,42.984,119,446
7950000,2026-01-19T20:59:04.653419,711128,91160,487115,224012,377717,0.5012773705487746,0.7455458,0.3282420824315384,182.32,791.91,974.23,276.998,1145.258,1422.256,94.676,353.348,448.024,0.5012773705487746,14910.916,0.0014910916000000001,755.434,0.0,0.0,0.3282420824315384,91160,395955,487115,224012,7455458,1.87,4,0.00999837585282919,0.00999837585282919,0.00999837585282919,0.9908199999999999,0.9790599999999999,0,25,464,0,1,0,6,0,4,0,0,78.778,159,432
7960000,2026-01-19T20:59:21.371459,711961,91275,487694,224267,378128,0.5012392256203524,0.7464908,0.32822320973388164,182.55,792.838,975.388,277.332,1146.59,1423.922,94.782,353.752,448.534,0.5012392256203524,14929.816,0.0014929816,756.256,0.0,0.0,0.32822320973388164,91275,396419,487694,224267,7464908,1.882,4,0.00999837585282919,0.00999837585282919,0.00999837585282919,0.99202,0.9789,1,36,447,0,3,0,7,0,6,0,0,65.16,119,473
7970000,2026-01-19T20:59:36.457348,712817,91388,488285,224532,378579,0.5011295166401024,0.7474291,0.32819232838702556,182.776,793.794,976.57,277.658,1147.976,1425.634,94.882,354.182,449.064,0.5011295166401024,14948.582,0.0014948582,757.158,0.0,0.0,0.32819232838702556,91388,396897,488285,224532,7474291,1.928,4,0.00999837585282919,0.00999837585282919,0.00999837585282919,0.9889,0.97908,0,19,466,0,2,1,7,0,5,0,0,96.056,174,413
7980000,2026-01-19T20:59:51.396922,713633,91499,488849,224783,378986,0.5010708934420134,0.7483679,0.32817313343604204,182.998,794.7,977.698,277.998,1149.268,1427.266,94.998,354.568,449.566,0.5010708934420134,14967.358,0.0014967358,757.972,0.0,0.0,0.32817313343604204,91499,397350,488849,224783,7483679,1.848,4,0.00999837585282919,0.00999837585282919,0.00999837585282919,0.9916200000000001,0.97896,0,25,457,0,2,0,8,0,8,0,0,76.46,119,465
7990000,2026-01-19T21:00:06.287286,714461,91612,489425,225035,379408,0.5010096956903255,0.7493167,0.3281545041189616,183.224,795.626,978.85,278.334,1150.588,1428.922,95.108,354.962,450.07,0.5010096956903255,14986.334,0.0014986333999999998,758.816,0.0,0.0,0.3281545041189616,91612,397813,489425,225035,7493167,1.996,4,0.00999837585282919,0.00999837585282919,0.00999837585282919,0.99072,0.9788199999999999,0,10,478,0,1,0,5,0,6,0,0,117.896,170,456
8000000,2026-01-19T21:00:21.139004,715301,91726,490012,225288,379824,0.5008989414383828,0.7502499,0.32811844523328415,183.452,796.572,980.024,278.686,1151.916,1430.602,95.232,355.344,450.576,0.5008989414383828,15004.998,0.0015004998,759.648,0.0,0.0,0.32811844523328415,91726,398286,490012,225288,7502499,1.916,4,0.00999837585282919,0.00999837585282919,0.00999837585282919,0.99402,0.9788600000000001,0,45,442,0,1,0,6,0,6,0,0,56.914,128,350
8010000,2026-01-19T21:00:37.403908,716158,91849,490605,225552,380252,0.5008229556114695,0.7511952,0.32809552548943743,183.698,797.512,981.21,279.038,1153.278,1432.316,95.338,355.766,451.104,0.5008229556114695,15023.904,0.0015023903999999999,760.504,0.0,0.0,0.32809552548943743,91849,398756,490605,225552,7511952,1.92,4,0.00999837585282919,0.00999837585282919,0.00999837585282919,0.99302,0.97838,0,22,471,0,0,0,4,0,3,0,0,66.0,161,247
8020000,2026-01-19T21:00:56.834835,716992,91963,491188,225804,380673,0.5007399970240126,0.7521344,0.32806448566557556,183.926,798.45,982.376,279.38,1154.604,1433.984,95.454,356.154,451.608,0.5007399970240126,15042.688,0.0015042688,761.346,0.0,0.0,0.32806448566557556,91963,399225,491188,225804,7521344,1.842,4,0.00999837585282919,0.00999837585282919,0.00999837585282919,0.99176,0.97888,0,19,476,0,0,0,1,1,3,0,0,40.114,123,301
8030000,2026-01-19T21:01:14.187605,717832,92078,491767,226064,381097,0.5006510168309108,0.7530685,0.328036813952314,184.156,799.378,983.534,279.72,1155.944,1435.664,95.562,356.566,452.128,0.5006510168309108,15061.37,0.001506137,762.194,0.0,0.0,0.328036813952314,92078,399689,491767,226064,7530685,1.962,4,0.00999837585282919,0.00999837585282919,0.00999837585282919,0.9948400000000001,0.9791,0,33,459,0,0,0,3,0,5,0,0,23.528,87,212
8040000,2026-01-19T21:01:30.853996,718682,92196,492364,226317,381514,0.500477518795545,0.7540152,0.32797931202408614,184.392,800.336,984.728,280.062,1157.302,1437.364,95.668,356.966,452.634,0.500477518795545,15080.304,0.0015080304,763.028,0.0,0.0,0.32797931202408614,92196,400168,492364,226317,7540152,1.924,4,0.00999837585282919,0.00999837585282919,0.00999837585282919,0.99026,0.97926,0,35,454,0,0,0,5,0,6,0,0,109.184,173,485
8050000,2026-01-19T21:01:47.699261,719547,92309,492965,226581,381954,0.5003851429286484,0.7549544,0.32794933196851606,184.618,801.312,985.93,280.424,1158.67,1439.094,95.806,357.356,453.162,0.5003851429286484,15099.088,0.0015099088,763.908,0.0,0.0,0.32794933196851606,92309,400656,492965,226581,7549544,1.988,4,0.00999837585282919,0.00999837585282919,0.00999837585282919,0.9896,0.97934,0,14,472,0,3,0,7,0,4,0,0,89.43,177,338
8060000,2026-01-19T21:02:03.887359,720383,92427,493544,226838,382375,0.5003022142996543,0.7558975,0.32792081583711064,184.854,802.234,987.088,280.77,1159.996,1440.766,95.916,357.76,453.676,0.5003022142996543,15117.95,0.001511795,764.75,0.0,0.0,0.32792081583711064,92427,401117,493544,226838,7558975,1.958,4,0.00999837585282919,0.00999837585282919,0.00999837585282919,0.98988,0.97908,1,25,466,0,2,0,2,0,4,0,0,87.92,176,399
8070000,2026-01-19T21:02:18.822323,721231,92550,494143,227087,382775,0.5002058471982069,0.7568338,0.32788143311027057,185.1,803.186,988.286,281.11,1161.352,1442.462,96.008,358.166,454.174,0.5002058471982069,15136.676,0.0015136676,765.55,0.0,0.0,0.32788143311027057,92550,401593,494143,227087,7568338,1.894,4,0.00999837585282919,0.00999837585282919,0.00999837585282919,0.99026,0.97866,0,28,456,0,4,0,8,0,4,0,0,68.09,147,347
8080000,2026-01-19T21:02:36.240076,722056,92662,494707,227348,383201,0.5001519966303273,0.7577791,0.32786712092967146,185.324,804.09,989.414,281.43,1162.682,1444.112,96.104,358.592,454.696,0.5001519966303273,15155.582,0.0015155582,766.402,0.0,0.0,0.32786712092967146,92662,402045,494707,227348,7577791,1.868,4,0.00999837585282919,0.00999837585282919,0.00999837585282919,0.99344,0.97896,1,57,424,0,4,0,8,0,6,0,0,111.768,167,488
8090000,2026-01-19T21:02:54.635174,722905,92775,495292,227612,383650,0.5000984763859192,0.7587111,0.3278540118105746,185.55,805.034,990.584,281.77,1164.04,1445.81,96.218,359.006,455.224,0.5000984763859192,15174.222,0.0015174222,767.3,0.0,0.0,0.3278540118105746,92775,402517,495292,227612,7587111,1.854,4,0.00999837585282919,0.00999837585282919,0.00999837585282919,0.99488,0.97876,0,50,442,0,0,0,3,0,5,0,0,14.978,57,222
8100000,2026-01-19T21:03:11.686981,723757,92895,495872,227885,384088,0.5000684342148812,0.7596636,0.32784628460936066,185.79,805.954,991.744,282.09,1165.424,1447.514,96.3,359.47,455.77,0.5000684342148812,15193.272,0.0015193272,768.176,0.0,0.0,0.32784628460936066,92895,402977,495872,227885,7596636,1.948,4,0.00999837585282919,0.00999837585282919,0.00999837585282919,0.99326,0.97902,0,29,459,1,3,0,4,0,4,0,0,84.706,180,459
8110000,2026-01-19T21:03:26.202709,724588,93016,496449,228138,384492,0.5000053650247673,0.7606016,0.3278246210961545,186.032,806.866,992.898,282.432,1166.744,1449.176,96.398,359.878,456.276,0.5000053650247673,15212.032,0.0015212032,768.984,0.0,0.0,0.3278246210961545,93016,403433,496449,228138,7606016,2.02,4,0.00999837585282919,0.00999837585282919,0.00999837585282919,0.99266,0.97914,0,17,473,0,1,0,5,0,4,0,0,71.3,128,415
8120000,2026-01-19T21:03:40.633938,725412,93137,497024,228388,384898,0.4999164200386606,0.7615499,0.32779312453689463,186.274,807.774,994.048,282.77,1168.054,1450.824,96.496,360.28,456.776,0.4999164200386606,15230.998,0.0015230998,769.796,0.0,0.0,0.32779312453689463,93137,403887,497024,228388,7615499,1.904,4,0.00999837585282919,0.00999837585282919,0.00999837585282919,0.9906,0.97976,0,28,468,1,1,0,0,0,2,0,0,80.306,181,352
8130000,2026-01-19T21:03:55.119266,726262,93251,497615,228646,385319,0.4998408768676384,0.7624888,0.32775979680448225,186.502,808.728,995.23,283.09,1169.434,1452.524,96.586,360.706,457.292,0.4998408768676384,15249.776,0.0015249775999999998,770.638,0.0,0.0,0.32775979680448225,93251,404364,497615,228646,7624888,1.864,4,0.00999837585282919,0.00999837585282919,0.00999837585282919,0.99134,0.97968,0,27,454,0,4,0,12,0,3,0,0,101.948,144,406
8140000,2026-01-19T21:04:10.591131,727113,93365,498201,228911,385769,0.499809268649791,0.763425,0.3277455481844421,186.73,809.672,996.402,283.428,1170.798,1454.226,96.696,361.126,457.822,0.499809268649791,15268.5,0.00152685,771.538,0.0,0.0,0.3277455481844421,93365,404836,498201,228911,7634250,2.04,4,0.00999837585282919,0.00999837585282919,0.00999837585282919,0.993,0.97936,0,37,454,0,0,0,6,0,3,0,0,43.782,118,308
8150000,2026-01-19T21:04:25.026009,727992,93482,498809,229182,386215,0.4997558179008943,0.7643641,0.3277298679668374,186.964,810.654,997.618,283.78,1172.204,1455.984,96.814,361.55,458.364,0.4997558179008943,15287.282,0.0015287281999999999,772.43,0.0,0.0,0.3277298679668374,93482,405327,498809,229182,7643641,1.9,4,0.00999837585282919,0.00999837585282919,0.00999837585282919,0.99074,0.97934,0,31,457,0,2,0,5,0,5,0,0,66.3,114,477
8160000,2026-01-19T21:04:39.767229,728818,93595,499381,229436,386637,0.4997335139948385,0.7653108,0.3277206625697431,187.19,811.572,998.762,284.108,1173.528,1457.636,96.916,361.956,458.872,0.4997335139948385,15306.216,0.0015306216,773.274,0.0,0.0,0.3277206625697431,93595,405786,499381,229436,7653108,1.822,4,0.00999837585282919,0.00999837585282919,0.00999837585282919,0.99318,0.9793,0,34,455,0,0,0,5,0,6,0,0,39.194,137,359
8170000,2026-01-19T21:04:56.345165,729683,93709,499979,229703,387075,0.4996665738883361,0.766253,0.3276982893621991,187.418,812.54,999.958,284.452,1174.914,1459.366,97.032,362.374,459.406,0.4996665738883361,15325.06,0.0015325059999999999,774.15,0.0,0.0,0.3276982893621991,93709,406270,499979,229703,7662530,1.92,4,0.00999837585282919,0.00999837585282919,0.00999837585282919,0.9891599999999999,0.97908,0,33,448,0,2,0,10,0,7,0,0,117.722,162,472
8180000,2026-01-19T21:05:12.532278,730582,93821,500605,229976,387552,0.4995777027735256,0.7671896,0.3276698797185883,187.642,813.568,1001.21,284.812,1176.352,1461.164,97.17,362.782,459.952,0.4995777027735256,15343.792,0.0015343792,775.104,0.0,0.0,0.3276698797185883,93821,406784,500605,229976,7671896,1.818,4,0.00999837585282919,0.00999837585282919,0.00999837585282919,0.9880599999999999,0.9789,0,25,462,0,1,0,7,0,5,0,0,85.898,170,345
8190000,2026-01-19T21:05:31.733431,731456,93940,501214,230241,387995,0.49950781910868847,0.7681278,0.3276457322834089,187.88,814.548,1002.428,285.166,1177.746,1462.912,97.284,363.198,460.482,0.49950781910868847,15362.556,0.0015362556,775.99,0.0,0.0,0.3276457322834089,93940,407274,501214,230241,7681278,1.864,4,0.00999837585282919,0.00999837585282919,0.00999837585282919,0.9898199999999999,0.97872,0,33,456,0,0,0,5,0,6,0,0,57.828,173,469
8200000,2026-01-19T21:05:50.110350,732278,94057,501786,230491,388400,0.4994626751252788,0.7690666,0.327625015179442,188.114,815.458,1003.572,285.498,1179.058,1464.556,97.382,363.6,460.982,0.4994626751252788,15381.332,0.0015381332000000002,776.8,0.0,0.0,0.327625015179442,94057,407729,501786,230491,7690666,2.094,4,0.00999837585282919,0.00999837585282919,0.00999837585282919,0.9909,0.9789,0,24,464,0,1,0,7,0,4,0,0,65.934,145,333
8210000,2026-01-19T21:06:07.525342,733158,94175,502389,230768,388864,0.49943271752938484,0.7700025,0.3276167642680356,188.35,816.428,1004.778,285.846,1180.47,1466.316,97.494,364.042,461.536,0.49943271752938484,15400.05,0.001540005,777.728,0.0,0.0,0.3276167642680356,94175,408214,502389,230768,7700025,1.922,4,0.00999837585282919,0.00999837585282919,0.00999837585282919,0.9927999999999999,0.9788600000000001,0,24,471,0,0,0,1,0,4,0,0,25.91,96,316
8220000,2026-01-19T21:06:25.213454,734020,94293,502989,231030,389287,0.4993255792007517,0.7709411,0.32758118677444675,188.586,817.392,1005.978,286.2,1181.84,1468.04,97.614,364.446,462.06,0.4993255792007517,15418.822,0.0015418822000000001,778.574,0.0,0.0,0.32758118677444675,94293,408696,502989,231030,7709411,1.672,4,0.00999837585282919,0.00999837585282919,0.00999837585282919,0.99166,0.9786999999999999,2,41,444,0,1,0,5,0,7,0,0,49.564,170,362
8230000,2026-01-19T21:06:41.397249,734863,94409,503573,231289,389713,0.49927752806870745,0.7718843,0.3275643037694386,188.818,818.328,1007.146,286.538,1183.188,1469.726,97.72,364.858,462.578,0.49927752806870745,15437.686,0.0015437686,779.426,0.0,0.0,0.3275643037694386,94409,409164,503573,231289,7718843,1.972,4,0.00999837585282919,0.00999837585282919,0.00999837585282919,0.9916,0.97866,0,43,444,0,4,0,5,0,4,0,0,79.222,122,476
8240000,2026-01-19T21:06:57.027024,735723,94525,504178,231544,390138,0.4991655196410853,0.7728227,0.32752233334194103,189.05,819.306,1008.356,286.892,1184.554,1471.446,97.84,365.248,463.088,0.4991655196410853,15456.454,0.0015456454,780.276,0.0,0.0,0.32752233334194103,94525,409653,504178,231544,7728227,1.87,4,0.00999837585282919,0.00999837585282919,0.00999837585282919,0.9943200000000001,0.97846,0,37,448,0,2,0,6,0,7,0,0,109.7,167,495
8250000,2026-01-19T21:07:11.503469,736591,94638,504784,231806,390587,0.499048615154297,0.7737613,0.3274849876244573,189.276,820.292,1009.568,287.248,1185.934,1473.182,97.972,365.64,463.612,0.499048615154297,15475.226,0.0015475226,781.174,0.0,0.0,0.3274849876244573,94638,410146,504784,231806,7737613,1.894,4,0.00999837585282919,0.00999837585282919,0.00999837585282919,0.9918199999999999,0.978,0,34,458,0,1,0,3,0,4,0,0,81.312,179,450
8260000,2026-01-19T21:07:26.532112,737453,94755,505380,232072,391019,0.49896746206119774,0.7746972,0.32746025685535135,189.51,821.25,1010.76,287.598,1187.308,1474.906,98.086,366.058,464.144,0.49896746206119774,15493.944,0.0015493943999999999,782.038,0.0,0.0,0.32746025685535135,94755,410625,505380,232072,7746972,1.942,4,0.00999837585282919,0.00999837585282919,0.00999837585282919,0.9919600000000001,0.9778199999999999,0,31,456,0,2,0,6,0,5,0,0,102.47,141,456
8270000,2026-01-19T21:07:43.676362,738309,94870,505978,232330,391453,0.4988999409947394,0.7756334,0.32743598330541684,189.74,822.216,1011.956,287.934,1188.684,1476.618,98.192,366.468,464.66,0.4988999409947394,15512.668,0.0015512668,782.906,0.0,0.0,0.32743598330541684,94870,411108,505978,232330,7756334,1.856,4,0.00999837585282919,0.00999837585282919,0.00999837585282919,0.99412,0.9781799999999999,0,33,452,0,2,0,7,0,6,0,0,66.916,128,460
8280000,2026-01-19T21:07:58.854410,739139,94990,506559,232580,391862,0.4987911953330793,0.7765815,0.3273970673279199,189.98,823.138,1013.118,288.266,1190.012,1478.278,98.286,366.874,465.16,0.4987911953330793,15531.63,0.001553163,783.724,0.0,0.0,0.3273970673279199,94990,411569,506559,232580,7765815,1.958,4,0.00999837585282919,0.00999837585282919,0.00999837585282919,0.99174,0.9788,0,29,459,1,2,0,4,0,5,0,0,64.372,181,297
8290000,2026-01-19T21:08:15.205064,740019,95106,507164,232854,392322,0.49874069026519885,0.7775161,0.32737916596537536,190.212,824.116,1014.328,288.616,1191.422,1480.038,98.402,367.306,465.708,0.49874069026519885,15550.322,0.0015550322,784.644,0.0,0.0,0.32737916596537536,95106,412058,507164,232854,7775161,2.004,4,0.00999837585282919,0.00999837585282919,0.00999837585282919,0.9899,0.97846,0,41,451,0,0,0,6,0,2,0,0,32.106,123,308
8300000,2026-01-19T21:08:29.826773,740823,95225,507718,233105,392718,0.4986991237658299,0.778467,0.3273652742451613,190.45,824.986,1015.436,288.934,1192.712,1481.646,98.484,367.726,466.21,0.4986991237658299,15569.34,0.001556934,785.436,0.0,0.0,0.3273652742451613,95225,412493,507718,233105,7784670,1.906,4,0.00999837585282919,0.00999837585282919,0.00999837585282919,0.99036,0.9792,0,11,478,0,0,0,5,1,5,0,0,15.586,123,128
8310000,2026-01-19T21:08:44.418720,741656,95336,508290,233365,393153,0.4986614279931617,0.7794037,0.3273531079595215,190.672,825.908,1016.58,289.268,1194.044,1483.312,98.594,368.136,466.73,0.4986614279931617,15588.074,0.0015588074,786.306,0.0,0.0,0.3273531079595215,95336,412954,508290,233365,7794037,1.888,4,0.00999837585282919,0.00999837585282919,0.00999837585282919,0.9949600000000001,0.97896,0,32,463,0,0,0,2,0,3,0,0,26.75,102,232
8320000,2026-01-19T21:08:59.515629,742490,95457,508879,233610,393545,0.4985594775831822,0.7803516,0.32731171680842236,190.914,826.844,1017.758,289.622,1195.358,1484.98,98.708,368.512,467.22,0.4985594775831822,15607.032,0.0015607032000000002,787.09,0.0,0.0,0.32731171680842236,95457,413422,508879,233610,7803516,1.894,4,0.00999837585282919,0.00999837585282919,0.00999837585282919,0.98852,0.97926,1,18,474,0,1,0,1,0,5,0,0,60.11,171,319
8330000,2026-01-19T21:09:14.573564,743340,95578,509470,233870,393960,0.4984836452682728,0.7812933,0.3272842331501949,191.156,827.784,1018.94,289.972,1196.708,1486.68,98.816,368.924,467.74,0.4984836452682728,15625.866,0.0015625866,787.92,0.0,0.0,0.3272842331501949,95578,413892,509470,233870,7812933,1.888,4,0.00999837585282919,0.00999837585282919,0.00999837585282919,0.9900800000000001,0.97902,0,29,458,1,4,0,4,0,4,0,0,99.314,181,451
8340000,2026-01-19T21:09:30.953910,744198,95703,510070,234127,394373,0.4984310469538761,0.7822286,0.3272605865346873,191.406,828.734,1020.14,290.322,1198.074,1488.396,98.914,369.34,468.254,0.4984310469538761,15644.572,0.0015644572,788.746,0.0,0.0,0.3272605865346873,95703,414367,510070,234127,7822286,1.934,4,0.00999837585282919,0.00999837585282919,0.00999837585282919,0.99188,0.97892,0,38,449,0,1,0,6,0,6,0,0,70.306,117,445
8350000,2026-01-19T21:09:45.410803,745057,95824,510671,234385,394801,0.49835277673683376,0.7831732,0.3272322571012874,191.648,829.694,1021.342,290.672,1199.442,1490.114,99.022,369.748,468.77,0.49835277673683376,15663.464,0.0015663464,789.602,0.0,0.0,0.3272322571012874,95824,414847,510671,234385,7831732,1.918,4,0.00999837585282919,0.00999837585282919,0.00999837585282919,0.99418,0.9788,0,37,454,0,0,0,5,0,4,0,0,70.498,159,360
8360000,2026-01-19T21:10:00.012424,745930,95940,511270,234659,395250,0.49827068431157046,0.7841115,0.3272097890396611,191.88,830.66,1022.54,291.022,1200.838,1491.86,99.14,370.178,469.318,0.49827068431157046,15682.23,0.0015682229999999999,790.5,0.0,0.0,0.3272097890396611,95940,415330,511270,234659,7841115,2.02,4,0.00999837585282919,0.00999837585282919,0.00999837585282919,0.99272,0.9782799999999999,0,18,471,0,1,0,5,0,5,0,0,84.274,157,423
8370000,2026-01-19T21:10:15.156955,746783,96062,511868,234914,395654,0.49816525482085594,0.7850486,0.32717272158794025,192.124,831.612,1023.736,291.374,1202.192,1493.566,99.248,370.58,469.828,0.49816525482085594,15700.972,0.0015700972,791.308,0.0,0.0,0.32717272158794025,96062,415806,511868,234914,7850486,1.98,4,0.00999837585282919,0.00999837585282919,0.00999837585282919,0.99454,0.97848,0,30,450,0,2,0,9,0,9,0,0,82.9,135,451
8380000,2026-01-19T21:10:29.988585,747624,96178,512450,235174,396083,0.4981539688443091,0.7859893,0.3271666317234542,192.356,832.544,1024.9,291.722,1203.526,1495.248,99.366,370.982,470.348,0.4981539688443091,15719.786,0.0015719786,792.166,0.0,0.0,0.3271666317234542,96178,416272,512450,235174,7859893,1.962,4,0.00999837585282919,0.00999837585282919,0.00999837585282919,0.9929600000000001,0.97822,0,24,461,1,4,0,6,0,4,0,0,99.94,181,469
8390000,2026-01-19T21:10:44.525789,748495,96298,513050,235444,396528,0.4980549908525563,0.78693,0.327136325999106,192.596,833.504,1026.1,292.066,1204.924,1496.99,99.47,371.418,470.888,0.4980549908525563,15738.6,0.00157386,793.056,0.0,0.0,0.327136325999106,96298,416752,513050,235444,7869300,1.896,4,0.00999837585282919,0.00999837585282919,0.00999837585282919,0.9947,0.9781799999999999,0,30,458,0,1,0,4,0,7,0,0,95.978,173,439
8400000,2026-01-19T21:10:59.050598,749396,96411,513672,235723,397008,0.49799263758418544,0.7878682,0.32711476088162433,192.822,834.522,1027.344,292.412,1206.38,1498.792,99.59,371.856,471.446,0.49799263758418544,15757.364,0.0015757364,794.016,0.0,0.0,0.32711476088162433,96411,417261,513672,235723,7878682,1.93,4,0.00999837585282919,0.00999837585282919,0.00999837585282919,0.99358,0.97792,0,46,440,0,1,0,7,0,6,0,0,109.048,178,425
8410000,2026-01-19T21:11:14.610261,750249,96528,514262,235986,397446,0.49795050420413434,0.7888089,0.3270962393658094,193.056,835.468,1028.524,292.748,1207.75,1500.498,99.69,372.282,471.972,0.49795050420413434,15776.178,0.0015776178,794.892,0.0,0.0,0.3270962393658094,96528,417734,514262,235986,7888089,2.026,4,0.00999837585282919,0.00999837585282919,0.00999837585282919,0.9895,0.97796,1,34,454,0,2,0,4,0,5,0,0,110.744,161,412
8420000,2026-01-19T21:11:30.296839,751063,96644,514829,236233,397844,0.4978731619006711,0.7897414,0.32707016479537854,193.288,836.37,1029.658,293.086,1209.04,1502.126,99.796,372.67,472.466,0.4978731619006711,15794.828,0.0015794828000000002,795.688,0.0,0.0,0.32707016479537854,96644,418185,514829,236233,7897414,1.886,4,0.00999837585282919,0.00999837585282919,0.00999837585282919,0.99178,0.9779,0,36,452,0,2,0,5,0,5,0,0,40.36,82,371
8430000,2026-01-19T21:11:44.915359,751878,96763,515404,236473,398234,0.49775937523545033,0.7906924,0.3270286611193864,193.526,837.282,1030.808,293.42,1210.336,1503.756,99.894,373.052,472.946,0.49775937523545033,15813.848,0.0015813848,796.468,0.0,0.0,0.3270286611193864,96763,418641,515404,236473,7906924,2.046,4,0.00999837585282919,0.00999837585282919,0.00999837585282919,0.9911599999999999,0.97808,2,46,440,0,1,0,5,0,6,0,0,47.32,119,330
8440000,2026-01-19T21:12:00.204356,752765,96878,516020,236745,398691,0.4976703458918621,0.7916303,0.32699828740850667,193.756,838.284,1032.04,293.78,1211.75,1505.53,100.024,373.466,473.49,0.4976703458918621,15832.606,0.0015832606,797.382,0.0,0.0,0.32699828740850667,96878,419142,516020,236745,7916303,1.89,4,0.00999837585282919,0.00999837585282919,0.00999837585282919,0.99156,0.9779399999999999,0,35,451,0,1,1,7,0,5,0,0,120.108,174,451
8450000,2026-01-19T21:12:15.746988,753624,96990,516607,237016,399147,0.49762300783228414,0.7925703,0.32698598413356633,193.98,839.234,1033.214,294.114,1213.134,1507.248,100.132,373.9,474.032,0.49762300783228414,15851.406,0.0015851405999999998,798.294,0.0,0.0,0.32698598413356633,96990,419617,516607,237016,7925703,1.894,4,0.00999837585282919,0.00999837585282919,0.00999837585282919,0.9932000000000001,0.9778600000000001,0,35,453,0,1,0,6,0,5,0,0,91.69,154,473
8460000,2026-01-19T21:12:31.436891,754455,97108,517186,237268,399560,0.49758896420668813,0.7935086,0.3269678702575479,194.216,840.156,1034.372,294.45,1214.46,1508.91,100.232,374.304,474.536,0.49758896420668813,15870.172,0.0015870172,799.12,0.0,0.0,0.3269678702575479,97108,420078,517186,237268,7935086,1.974,4,0.00999837585282919,0.00999837585282919,0.00999837585282919,0.9934,0.97792,0,30,459,0,1,0,5,0,5,0,0,48.926,125,276
8470000,2026-01-19T21:12:47.529006,755312,97234,517791,237520,399962,0.49747311888509516,0.7944514,0.3269282303424681,194.468,841.114,1035.582,294.806,1215.818,1510.624,100.336,374.704,475.04,0.49747311888509516,15889.028,0.0015889028000000002,799.924,0.0,0.0,0.3269282303424681,97234,420557,517791,237520,7944514,1.92,4,0.00999837585282919,0.00999837585282919,0.00999837585282919,0.99136,0.9780599999999999,0,33,451,0,0,0,7,0,9,0,0,86.524,158,488
8480000,2026-01-19T21:13:02.553175,756172,97349,518395,237776,400398,0.4973793477990458,0.7953895,0.3268915907893944,194.698,842.092,1036.79,295.164,1217.18,1512.344,100.464,375.088,475.552,0.4973793477990458,15907.79,0.0015907789999999998,800.796,0.0,0.0,0.3268915907893944,97349,421046,518395,237776,7953895,1.968,4,0.00999837585282919,0.00999837585282919,0.00999837585282919,0.99024,0.97764,0,35,457,0,0,0,4,0,4,0,0,44.536,147,234
8490000,2026-01-19T21:13:17.026701,756993,97458,518964,238028,400818,0.4973274165241958,0.7963278,0.3268742903826325,194.916,843.012,1037.928,295.496,1218.49,1513.986,100.578,375.478,476.056,0.4973274165241958,15926.556,0.0015926556,801.636,0.0,0.0,0.3268742903826325,97458,421506,518964,238028,7963278,1.944,4,0.00999837585282919,0.00999837585282919,0.00999837585282919,0.9939,0.97826,0,33,461,0,1,0,3,0,2,0,0,48.5,89,394
8500000,2026-01-19T21:13:31.487229,757829,97580,519546,238282,401224,0.4972864176609835,0.7972784,0.3268554901150891,195.16,843.932,1039.092,295.834,1219.824,1515.658,100.672,375.892,476.564,0.4972864176609835,15945.568,0.0015945568,802.448,0.0,0.0,0.3268554901150891,97580,421966,519546,238282,7972784,1.878,4,0.00999837585282919,0.00999837585282919,0.00999837585282919,0.99276,0.97844,0,34,457,0,0,0,3,0,6,0,0,85.334,170,426
8510000,2026-01-19T21:13:46.092832,758647,97693,520115,238531,401632,0.4972328969325232,0.7982186,0.32683333324174785,195.386,844.844,1040.23,296.166,1221.128,1517.294,100.778,376.284,477.062,0.4972328969325232,15964.372,0.0015964372,803.264,0.0,0.0,0.32683333324174785,97693,422422,520115,238531,7982186,1.816,4,0.00999837585282919,0.00999837585282919,0.00999837585282919,0.9949199999999999,0.97856,0,40,450,0,0,0,4,0,6,0,0,37.644,129,366
8520000,2026-01-19T21:14:00.635499,759486,97816,520703,238782,402040,0.49711308126490394,0.7991586,0.32679197243396607,195.632,845.774,1041.406,296.51,1222.462,1518.972,100.876,376.688,477.564,0.49711308126490394,15983.172,0.0015983172000000002,804.08,0.0,0.0,0.32679197243396607,97816,422887,520703,238782,7991586,1.9,4,0.00999837585282919,0.00999837585282919,0.00999837585282919,0.9920399999999999,0.9788600000000001,0,26,468,0,0,0,2,0,4,0,0,70.296,140,367
8530000,2026-01-19T21:14:15.088103,760339,97942,521298,239040,402446,0.4970582542381456,0.8000983,0.32677164946250076,195.884,846.712,1042.596,296.862,1223.816,1520.678,100.976,377.104,478.08,0.4970582542381456,16001.966,0.0016001966000000001,804.892,0.0,0.0,0.32677164946250076,97942,423356,521298,239040,8000983,2.088,4,0.00999837585282919,0.00999837585282919,0.00999837585282919,0.99146,0.97864,0,21,469,0,0,0,5,0,5,0,0,44.548,137,421
8540000,2026-01-19T21:14:29.511232,761213,98065,521912,239300,402872,0.4969685897323428,0.8010328,0.3267358426360959,196.13,847.694,1043.824,297.232,1225.194,1522.426,101.1,377.5,478.6,0.4969685897323428,16020.656,0.0016020656,805.744,0.0,0.0,0.3267358426360959,98065,423847,521912,239300,8010328,1.748,4,0.00999837585282919,0.00999837585282919,0.00999837585282919,0.99366,0.9785799999999999,0,47,444,0,1,0,4,0,4,0,0,44.962,87,400
8550000,2026-01-19T21:14:44.044064,762095,98183,522518,239576,403322,0.49695297264007404,0.8019808,0.3267313216562311,196.366,848.67,1045.036,297.576,1226.614,1524.19,101.21,377.942,479.152,0.49695297264007404,16039.616,0.0016039616,806.644,0.0,0.0,0.3267313216562311,98183,424335,522518,239576,8019808,1.912,4,0.00999837585282919,0.00999837585282919,0.00999837585282919,0.99126,0.97842,0,23,460,0,3,0,8,0,6,0,0,108.026,171,425
8560000,2026-01-19T21:14:58.381625,762953,98300,523114,239838,403764,0.4968758537142529,0.802919,0.32670280806316154,196.6,849.628,1046.228,297.922,1227.984,1525.906,101.32,378.356,479.676,0.4968758537142529,16058.38,0.001605838,807.528,0.0,0.0,0.32670280806316154,98300,424814,523114,239838,8029190,1.842,4,0.00999837585282919,0.00999837585282919,0.00999837585282919,0.99286,0.97824,0,42,448,0,0,0,6,0,4,0,0,54.202,142,291
8570000,2026-01-19T21:15:12.741357,763776,98411,523680,240095,404189,0.49681275233426536,0.8038582,0.32668583805935375,196.822,850.538,1047.36,298.264,1229.288,1527.552,101.44,378.75,480.19,0.49681275233426536,16077.164,0.0016077163999999998,808.378,0.0,0.0,0.32668583805935375,98411,425269,523680,240095,8038582,1.948,4,0.00999837585282919,0.00999837585282919,0.00999837585282919,0.9918199999999999,0.9786,0,28,466,0,0,0,2,0,4,0,0,19.922,78,243
8580000,2026-01-19T21:15:27.290665,764628,98528,524277,240350,404611,0.49674809934451203,0.8047969,0.3266585216515038,197.056,851.498,1048.554,298.602,1230.654,1529.256,101.544,379.156,480.7,0.49674809934451203,16095.938,0.0016095938000000001,809.222,0.0,0.0,0.3266585216515038,98528,425749,524277,240350,8047969,2.004,4,0.00999837585282919,0.00999837585282919,0.00999837585282919,0.99202,0.9789,0,23,464,0,2,0,6,0,5,0,0,100.398,147,480
8590000,2026-01-19T21:15:41.697724,765487,98646,524880,240607,405047,0.49667250005797786,0.8057366,0.32662693138601984,197.292,852.468,1049.76,298.94,1232.034,1530.974,101.648,379.566,481.214,0.49667250005797786,16114.732,0.0016114732,810.094,0.0,0.0,0.32662693138601984,98646,426234,524880,240607,8057366,2.016,4,0.00999837585282919,0.00999837585282919,0.00999837585282919,0.9920399999999999,0.97892,0,36,456,0,0,1,4,0,3,0,0,94.794,175,467
8600000,2026-01-19T21:15:56.113602,766363,98770,525489,240873,405473,0.4966035326940368,0.8066756,0.326602760685849,197.54,853.438,1050.978,299.304,1233.422,1532.726,101.764,379.982,481.746,0.4966035326940368,16133.512,0.0016133512000000001,810.946,0.0,0.0,0.326602760685849,98770,426719,525489,240873,8066756,1.892,4,0.00999837585282919,0.00999837585282919,0.00999837585282919,0.98926,0.97874,3,23,463,0,1,0,4,0,6,0,0,45.36,121,264
8610000,2026-01-19T21:16:10.536189,767209,98888,526071,241138,405908,0.49659833310123214,0.807618,0.32659906608252676,197.776,854.366,1052.142,299.63,1234.788,1534.418,101.854,380.422,482.276,0.49659833310123214,16152.36,0.001615236,811.816,0.0,0.0,0.32659906608252676,98888,427183,526071,241138,8076180,1.862,4,0.00999837585282919,0.00999837585282919,0.00999837585282919,0.99122,0.9793,0,26,466,0,1,1,3,0,3,0,0,52.768,174,428
8620000,2026-01-19T21:16:25.034511,768074,99003,526679,241394,406333,0.496479940825731,0.8085514,0.3265614901755503,198.006,855.352,1053.358,299.992,1236.156,1536.148,101.984,380.804,482.788,0.496479940825731,16171.028,0.0016171028,812.666,0.0,0.0,0.3265614901755503,99003,427676,526679,241394,8085514,1.926,4,0.00999837585282919,0.00999837585282919,0.00999837585282919,0.9920399999999999,0.97932,0,37,449,0,1,0,7,0,6,0,0,67.798,112,467
8630000,2026-01-19T21:16:39.553431,768912,99122,527261,241650,406744,0.49642983598425444,0.8094976,0.32654260969535154,198.244,856.278,1054.522,300.338,1237.486,1537.824,102.092,381.208,483.3,0.49642983598425444,16189.952,0.0016189952,813.488,0.0,0.0,0.32654260969535154,99122,428139,527261,241650,8094976,2.022,4,0.00999837585282919,0.00999837585282919,0.00999837585282919,0.99234,0.97926,0,34,450,0,1,0,7,0,8,0,0,93.442,158,456
8640000,2026-01-19T21:16:54.018899,769740,99242,527836,241904,407159,0.4963628653812894,0.8104429,0.32652003854829603,198.484,857.188,1055.672,300.666,1238.814,1539.48,102.182,381.626,483.808,0.4963628653812894,16208.858,0.0016208858,814.318,0.0,0.0,0.32652003854829603,99242,428594,527836,241904,8104429,2.026,4,0.00999837585282919,0.00999837585282919,0.00999837585282919,0.99202,0.97922,0,39,450,1,2,0,4,0,4,0,0,84.344,181,488
8650000,2026-01-19T21:17:08.856799,770583,99361,528422,242160,407575,0.49629692732600805,0.8113815,0.32649727538360945,198.722,858.122,1056.844,301.026,1240.14,1541.166,102.302,382.018,484.32,0.49629692732600805,16227.63,0.001622763,815.15,0.0,0.0,0.32649727538360945,99361,429061,528422,242160,8113815,1.944,4,0.00999837585282919,0.00999837585282919,0.00999837585282919,0.9909,0.9793999999999999,0,29,462,0,0,0,2,0,7,0,0,52.578,158,273
8660000,2026-01-19T21:17:23.760009,771450,99477,529020,242429,408007,0.4962354302245204,0.8123219,0.32647855060229275,198.954,859.086,1058.04,301.374,1241.526,1542.9,102.418,382.44,484.858,0.4962354302245204,16246.438,0.0016246438,816.014,0.0,0.0,0.32647855060229275,99477,429543,529020,242429,8123219,1.964,4,0.00999837585282919,0.00999837585282919,0.00999837585282919,0.99038,0.97908,0,25,454,0,5,0,10,0,6,0,0,118.302,150,493
8670000,2026-01-19T21:17:38.997666,772361,99596,529651,242710,408492,0.49619990428397703,0.8132553,0.3264648208569869,199.192,860.11,1059.302,301.738,1242.984,1544.722,102.546,382.874,485.42,0.49619990428397703,16265.106,0.0016265106,816.984,0.0,0.0,0.3264648208569869,99596,430055,529651,242710,8132553,1.974,4,0.00999837585282919,0.00999837585282919,0.00999837585282919,0.9939,0.9790399999999999,0,43,445,0,1,0,4,1,6,0,0,43.946,124,362
8680000,2026-01-19T21:17:53.410200,773216,99719,530246,242969,408915,0.4961002878398698,0.8141904,0.32643058729162955,199.438,861.054,1060.492,302.074,1244.358,1546.432,102.634,383.304,485.938,0.4961002878398698,16283.808,0.0016283807999999999,817.83,0.0,0.0,0.32643058729162955,99719,430527,530246,242969,8141904,1.892,4,0.00999837585282919,0.00999837585282919,0.00999837585282919,0.9880599999999999,0.9792799999999999,0,33,459,0,1,0,3,0,4,0,0,52.706,123,262
8690000,2026-01-19T21:18:08.197773,774090,99835,530854,243235,409351,0.49603718452404433,0.8151337,0.32640794709932364,199.67,862.038,1061.708,302.426,1245.754,1548.18,102.754,383.716,486.47,0.49603718452404433,16302.674,0.0016302673999999998,818.702,0.0,0.0,0.32640794709932364,99835,431019,530854,243235,8151337,1.876,4,0.00999837585282919,0.00999837585282919,0.00999837585282919,0.98976,0.97932,0,24,459,0,3,0,9,0,5,0,0,111.286,154,468
8700000,2026-01-19T21:18:22.793022,774953,99947,531442,243510,409804,0.49600663702370895,0.8160767,0.32640090542054057,199.894,862.99,1062.884,302.78,1247.126,1549.906,102.884,384.136,487.02,0.49600663702370895,16321.534,0.0016321534,819.608,0.0,0.0,0.32640090542054057,99947,431495,531442,243510,8160767,1.838,4,0.00999837585282919,0.00999837585282919,0.00999837585282919,0.98946,0.97914,0,28,455,0,3,0,8,0,6,0,0,98.724,162,486
8710000,2026-01-19T21:18:37.345140,775791,100063,532016,243774,410232,0.4959905314739269,0.817021,0.3263962592822951,200.126,863.906,1064.032,303.114,1248.468,1551.582,102.986,384.562,487.548,0.4959905314739269,16340.42,0.001634042,820.464,0.0,0.0,0.3263962592822951,100063,431953,532016,243774,8170210,1.856,4,0.00999837585282919,0.00999837585282919,0.00999837585282919,0.99288,0.97944,0,42,442,0,3,0,7,0,6,0,0,99.056,168,483
8720000,2026-01-19T21:18:52.019661,776661,100177,532617,244043,410679,0.49592325991462677,0.8179611,0.32637706093333585,200.354,864.88,1065.234,303.472,1249.85,1553.322,103.118,384.968,488.086,0.49592325991462677,16359.222,0.0016359222,821.358,0.0,0.0,0.32637706093333585,100177,432440,532617,244043,8179611,1.982,4,0.00999837585282919,0.00999837585282919,0.00999837585282919,0.99068,0.9791599999999999,0,22,462,0,3,0,8,0,5,0,0,130.574,177,434
8730000,2026-01-19T21:19:06.660680,777462,100294,533172,244289,411076,0.49588724009296886,0.8189071,0.3263611730507809,200.588,865.756,1066.344,303.802,1251.122,1554.924,103.214,385.364,488.578,0.49588724009296886,16378.142,0.0016378142,822.152,0.0,0.0,0.3263611730507809,100294,432878,533172,244289,8189071,2.052,4,0.00999837585282919,0.00999837585282919,0.00999837585282919,0.9884,0.97976,0,18,471,0,3,0,4,0,4,0,0,131.788,179,429
8740000,2026-01-19T21:19:21.294510,778337,100413,533782,244554,411515,0.4958006164618611,0.8198447,0.3263294101673086,200.826,866.738,1067.564,304.15,1252.524,1556.674,103.324,385.784,489.108,0.4958006164618611,16396.894,0.0016396893999999999,823.03,0.0,0.0,0.3263294101673086,100413,433369,533782,244554,8198447,1.95,4,0.00999837585282919,0.00999837585282919,0.00999837585282919,0.99414,0.9791599999999999,0,33,453,0,3,0,6,0,5,0,0,109.604,176,449
8750000,2026-01-19T21:19:35.928987,779195,100530,534376,244818,411954,0.4957244063567605,0.8207818,0.3263025605930751,201.06,867.692,1068.752,304.478,1253.912,1558.39,103.416,386.22,489.636,0.4957244063567605,16415.636,0.0016415636,823.908,0.0,0.0,0.3263025605930751,100530,433846,534376,244818,8207818,1.932,4,0.00999837585282919,0.00999837585282919,0.00999837585282919,0.9909,0.97934,0,16,467,0,4,0,8,0,5,0,0,125.5,160,483
8760000,2026-01-19T21:19:50.545244,780065,100656,534985,245079,412380,0.495637510810372,0.8217207,0.3262689906947587,201.312,868.658,1069.97,304.836,1255.294,1560.13,103.522,386.636,490.158,0.495637510810372,16434.414,0.0016434414,824.76,0.0,0.0,0.3262689906947587,100656,434329,534985,245079,8217207,1.882,4,0.00999837585282919,0.00999837585282919,0.00999837585282919,0.99218,0.97888,0,20,470,0,0,0,5,0,5,0,0,37.816,154,179
8770000,2026-01-19T21:20:05.223759,780861,100775,535545,245315,412757,0.49557286541113393,0.8226671,0.32624254081059256,201.55,869.54,1071.09,305.166,1256.556,1561.722,103.616,387.014,490.63,0.49557286541113393,16453.342,0.0016453341999999999,825.514,0.0,0.0,0.32624254081059256,100775,434770,535545,245315,8226671,1.888,4,0.00999837585282919,0.00999837585282919,0.00999837585282919,0.98978,0.9789,0,22,469,0,2,0,5,0,2,0,0,56.714,178,418
8780000,2026-01-19T21:20:19.887244,781689,100888,536118,245570,413173,0.495531154113629,0.8236085,0.3262258847304397,201.776,870.46,1072.236,305.504,1257.874,1563.378,103.726,387.414,491.14,0.495531154113629,16472.17,0.0016472169999999999,826.346,0.0,0.0,0.3262258847304397,100888,435230,536118,245570,8236085,2.026,4,0.00999837585282919,0.00999837585282919,0.00999837585282919,0.9930599999999999,0.9788199999999999,1,44,444,0,0,0,6,0,5,0,0,73.562,159,446
8790000,2026-01-19T21:20:34.542131,782561,101004,536719,245841,413633,0.4954788103369182,0.8245438,0.32621148677381834,202.008,871.43,1073.438,305.846,1259.276,1565.122,103.836,387.846,491.682,0.4954788103369182,16490.876,0.0016490876,827.266,0.0,0.0,0.32621148677381834,101004,435715,536719,245841,8245438,1.898,4,0.00999837585282919,0.00999837585282919,0.00999837585282919,0.99148,0.9785799999999999,0,35,461,0,0,0,1,0,3,0,0,40.658,136,234
8800000,2026-01-19T21:20:49.241308,783439,101117,537327,246111,414082,0.4954308272603881,0.8254786,0.32619456063620916,202.234,872.42,1074.654,306.194,1260.684,1566.878,103.958,388.264,492.222,0.4954308272603881,16509.572,0.0016509571999999998,828.164,0.0,0.0,0.32619456063620916,101117,436210,537327,246111,8254786,2.034,4,0.00999837585282919,0.00999837585282919,0.00999837585282919,0.99214,0.97866,0,22,465,0,3,0,6,0,4,0,0,91.928,123,451
8810000,2026-01-19T21:21:03.973793,784295,101234,537921,246373,414523,0.49536656054802863,0.8264145,0.3261728266069405,202.468,873.374,1075.842,306.53,1262.06,1568.59,104.06,388.686,492.746,0.49536656054802863,16528.29,0.0016528290000000002,829.046,0.0,0.0,0.3261728266069405,101234,436687,537921,246373,8264145,1.88,4,0.00999837585282919,0.00999837585282919,0.00999837585282919,0.99412,0.97854,0,49,444,0,0,0,3,0,4,0,0,41.538,106,266
8820000,2026-01-19T21:21:18.537018,785159,101352,538520,246638,414959,0.495339480001364,0.8273592,0.3261597403649511,202.704,874.336,1077.04,306.856,1263.462,1570.318,104.15,389.126,493.276,0.495339480001364,16547.184,0.0016547183999999998,829.918,0.0,0.0,0.3261597403649511,101352,437168,538520,246638,8273592,1.886,4,0.00999837585282919,0.00999837585282919,0.00999837585282919,0.99056,0.97876,0,22,464,0,2,0,6,0,6,0,0,111.616,163,461
8830000,2026-01-19T21:21:33.164946,785974,101469,539089,246884,415361,0.49527293120020516,0.8283044,0.32613247350330554,202.938,875.24,1078.178,307.194,1264.754,1571.948,104.256,389.512,493.768,0.49527293120020516,16566.088,0.0016566088,830.722,0.0,0.0,0.32613247350330554,101469,437620,539089,246884,8283044,2.066,4,0.00999837585282919,0.00999837585282919,0.00999837585282919,0.9857400000000001,0.9788199999999999,0,21,470,0,1,0,3,0,5,0,0,58.28,120,442
8840000,2026-01-19T21:21:47.755655,786832,101593,539691,247140,415780,0.4952004555691498,0.8292425,0.3261058532824862,203.186,876.196,1079.382,307.53,1266.134,1573.664,104.342,389.938,494.28,0.4952004555691498,16584.85,0.001658485,831.56,0.0,0.0,0.3261058532824862,101593,438098,539691,247140,8292425,2.066,4,0.00999837585282919,0.00999837585282919,0.00999837585282919,0.98988,0.97888,0,17,474,0,0,0,5,0,4,0,0,65.764,153,330
8850000,2026-01-19T21:22:02.332972,787718,101711,540304,247414,416230,0.49514885050112034,0.8301818,0.32608983900895966,203.422,877.186,1080.608,307.882,1267.554,1575.436,104.46,390.368,494.828,0.49514885050112034,16603.636,0.0016603636,832.46,0.0,0.0,0.32608983900895966,101711,438593,540304,247414,8301818,1.956,4,0.00999837585282919,0.00999837585282919,0.00999837585282919,0.99164,0.97808,0,45,439,1,3,0,7,0,5,0,0,112.298,180,478
8860000,2026-01-19T21:22:17.180630,788526,101823,540874,247651,416632,0.49505717076217776,0.8311208,0.32605336857733175,203.646,878.102,1081.748,308.214,1268.838,1577.052,104.566,390.736,495.302,0.49505717076217776,16622.416,0.0016622416,833.264,0.0,0.0,0.32605336857733175,101823,439051,540874,247651,8311208,1.88,4,0.00999837585282919,0.00999837585282919,0.00999837585282919,0.9889399999999999,0.97848,0,32,461,0,0,0,2,0,5,0,0,48.244,140,391
8870000,2026-01-19T21:22:32.378155,789357,101937,541443,247913,417066,0.495019880479588,0.8320557,0.3260447389822465,203.874,879.012,1082.886,308.514,1270.2,1578.714,104.638,391.188,495.826,0.495019880479588,16641.114,0.0016641114,834.132,0.0,0.0,0.3260447389822465,101937,439506,541443,247913,8320557,2.054,4,0.00999837585282919,0.00999837585282919,0.00999837585282919,0.9909,0.9781799999999999,0,24,466,0,0,0,5,0,5,0,0,50.984,123,369
8880000,2026-01-19T21:22:47.877925,790181,102054,542010,248171,417475,0.4949810523788857,0.8330033,0.32603083054815224,204.108,879.912,1084.02,308.836,1271.526,1580.362,104.728,391.614,496.342,0.4949810523788857,16660.066,0.0016660066,834.95,0.0,0.0,0.32603083054815224,102054,439956,542010,248171,8330033,1.95,4,0.00999837585282919,0.00999837585282919,0.00999837585282919,0.99258,0.97856,0,25,458,0,4,1,8,0,4,0,0,129.676,174,473
8890000,2026-01-19T21:23:03.021837,791024,102173,542598,248425,417892,0.49489698773597224,0.8339427,0.3260018889135229,204.346,880.85,1085.196,309.18,1272.868,1582.048,104.834,392.016,496.85,0.49489698773597224,16678.854,0.0016678854000000002,835.784,0.0,0.0,0.3260018889135229,102173,440425,542598,248425,8339427,1.962,4,0.00999837585282919,0.00999837585282919,0.00999837585282919,0.99242,0.97864,1,29,455,0,3,0,8,0,4,0,0,124.842,177,473
8900000,2026-01-19T21:23:17.473058,791842,102285,543167,248674,418310,0.49484221681545704,0.8348804,0.3259800405343635,204.57,881.764,1086.334,309.502,1274.182,1583.684,104.93,392.418,497.348,0.49484221681545704,16697.608,0.0016697608,836.62,0.0,0.0,0.3259800405343635,102285,440882,543167,248674,8348804,1.984,4,0.00999837585282919,0.00999837585282919,0.00999837585282919,0.99236,0.97872,0,43,448,0,2,0,4,0,3,0,0,60.236,102,413
8910000,2026-01-19T21:23:31.999207,792689,102406,543758,248930,418726,0.4947570951452646,0.8358223,0.32594826591342113,204.812,882.704,1087.516,309.854,1275.524,1585.378,105.04,392.82,497.86,0.4947570951452646,16716.446,0.0016716446000000001,837.452,0.0,0.0,0.32594826591342113,102406,441352,543758,248930,8358223,1.92,4,0.00999837585282919,0.00999837585282919,0.00999837585282919,0.9910800000000001,0.97812,0,38,453,0,1,0,3,0,5,0,0,56.658,122,297
8920000,2026-01-19T21:23:46.519103,793536,102523,544345,249191,419152,0.49469793016279867,0.8367673,0.32592599597031663,205.046,883.644,1088.69,310.202,1276.87,1587.072,105.156,393.226,498.382,0.49469793016279867,16735.346,0.0016735346,838.304,0.0,0.0,0.32592599597031663,102523,441822,544345,249191,8367673,1.97,4,0.00999837585282919,0.00999837585282919,0.00999837585282919,0.98902,0.97812,0,19,472,1,3,0,2,0,3,0,0,114.324,180,395
8930000,2026-01-19T21:24:00.996187,794367,102639,544925,249441,419559,0.4946230697445137,0.8377086,0.3259001011799362,205.278,884.572,1089.85,310.54,1278.194,1588.734,105.26,393.622,498.882,0.4946230697445137,16754.172,0.0016754172,839.118,0.0,0.0,0.3259001011799362,102639,442286,544925,249441,8377086,1.886,4,0.00999837585282919,0.00999837585282919,0.00999837585282919,0.99098,0.97832,0,41,449,0,1,0,4,0,5,0,0,68.098,157,401
8940000,2026-01-19T21:24:15.547950,795204,102755,545496,249707,419984,0.4946074612431177,0.8386478,0.3258950437432663,205.51,885.482,1090.992,310.854,1279.554,1590.408,105.344,394.07,499.414,0.4946074612431177,16772.956,0.0016772956,839.968,0.0,0.0,0.3258950437432663,102755,442741,545496,249707,8386478,2.022,4,0.00999837585282919,0.00999837585282919,0.00999837585282919,0.9913,0.97866,0,35,443,0,7,0,12,0,3,0,0,143.07,179,489
8950000,2026-01-19T21:24:30.069951,796064,102880,546098,249965,420407,0.49452147363402416,0.8395884,0.32586333844410253,205.76,886.436,1092.196,311.222,1280.906,1592.128,105.462,394.468,499.93,0.49452147363402416,16791.768,0.0016791768,840.814,0.0,0.0,0.32586333844410253,102880,443218,546098,249965,8395884,2.002,4,0.00999837585282919,0.00999837585282919,0.00999837585282919,0.98748,0.97862,0,24,465,0,3,0,3,0,5,0,0,79.5,121,382
8960000,2026-01-19T21:24:44.643500,796857,102998,546648,250208,420799,0.49446673409858594,0.8405259,0.32584430996356206,205.996,887.3,1093.296,311.538,1282.176,1593.714,105.54,394.876,500.416,0.49446673409858594,16810.518,0.0016810518,841.598,0.0,0.0,0.32584430996356206,102998,443650,546648,250208,8405259,1.916,4,0.00999837585282919,0.00999837585282919,0.00999837585282919,0.9858,0.9789800000000001,0,31,460,0,0,0,5,0,4,0,0,80.706,169,344
8970000,2026-01-19T21:24:59.208930,797698,103116,547230,250467,421209,0.4944480511530331,0.8414678,0.32583605986517317,206.232,888.228,1094.46,311.892,1283.504,1595.396,105.658,395.276,500.934,0.4944480511530331,16829.356,0.0016829356,842.418,0.0,0.0,0.32583605986517317,103116,444114,547230,250467,8414678,1.972,4,0.00999837585282919,0.00999837585282919,0.00999837585282919,0.991,0.97846,0,31,453,0,1,0,6,0,9,0,0,113.364,157,465
8980000,2026-01-19T21:25:13.726653,798542,103235,547820,250721,421633,0.49440743936364706,0.8424066,0.3258179705530714,206.47,889.17,1095.64,312.228,1284.856,1597.084,105.756,395.686,501.442,0.49440743936364706,16848.132,0.0016848132,843.266,0.0,0.0,0.3258179705530714,103235,444585,547820,250721,8424066,1.96,4,0.00999837585282919,0.00999837585282919,0.00999837585282919,0.9929199999999999,0.97942,0,44,448,0,0,0,5,0,3,0,0,44.614,134,325
8990000,2026-01-19T21:25:28.291129,799352,103356,548383,250968,422019,0.4943337546378566,0.8433479,0.32579160476659136,206.712,890.054,1096.766,312.566,1286.138,1598.704,105.852,396.084,501.936,0.4943337546378566,16866.958,0.0016866958,844.038,0.0,0.0,0.32579160476659136,103356,445027,548383,250968,8433479,1.978,4,0.00999837585282919,0.00999837585282919,0.00999837585282919,0.99302,0.9795,0,38,451,0,0,0,6,0,5,0,0,18.04,95,286
9000000,2026-01-19T21:25:42.979954,800188,103472,548973,251214,422426,0.49425198650068636,0.8442951,0.3257641058721524,206.944,891.002,1097.946,312.912,1287.464,1600.376,105.966,396.462,502.428,0.49425198650068636,16885.902,0.0016885901999999999,844.852,0.0,0.0,0.3257641058721524,103472,445501,548973,251214,8442951,1.92,4,0.00999837585282919,0.00999837585282919,0.00999837585282919,0.99176,0.9798,0,26,463,0,3,0,5,0,3,0,0,86.394,159,460
9010000,2026-01-19T21:25:57.653615,801052,103586,549565,251486,422882,0.4942207431371965,0.8452372,0.32575521571383814,207.172,891.958,1099.13,313.234,1288.87,1602.104,106.06,396.912,502.972,0.4942207431371965,16904.744,0.0016904744,845.764,0.0,0.0,0.32575521571383814,103586,445979,549565,251486,8452372,1.942,4,0.00999837585282919,0.00999837585282919,0.00999837585282919,0.9929199999999999,0.97996,0,25,465,0,1,0,4,0,5,0,0,74.624,170,472
9020000,2026-01-19T21:26:12.377436,801884,103705,550138,251745,423293,0.49418025779375024,0.8461809,0.32573969760839616,207.41,892.866,1100.276,313.562,1290.206,1603.768,106.15,397.34,503.49,0.49418025779375024,16923.618,0.0016923618,846.586,0.0,0.0,0.32573969760839616,103705,446433,550138,251745,8461809,2.008,4,0.00999837585282919,0.00999837585282919,0.00999837585282919,0.99012,0.97934,0,41,442,0,2,0,8,0,7,0,0,122.682,170,466
9030000,2026-01-19T21:26:26.883314,802712,103831,550724,251987,423682,0.4940947137669954,0.8471221,0.32570449944753943,207.662,893.786,1101.448,313.912,1291.512,1605.424,106.248,397.726,503.974,0.4940947137669954,16942.442,0.0016942442,847.364,0.0,0.0,0.32570449944753943,103831,446893,550724,251987,8471221,2.024,4,0.00999837585282919,0.00999837585282919,0.00999837585282919,0.9853,0.979,0,16,475,0,0,0,4,0,5,0,0,47.766,155,277
9040000,2026-01-19T21:26:41.748201,803549,103951,551300,252249,424109,0.4940656188875394,0.8480674,0.32569621914992025,207.902,894.698,1102.6,314.242,1292.856,1607.098,106.34,398.158,504.498,0.4940656188875394,16961.348,0.0016961348,848.218,0.0,0.0,0.32569621914992025,103951,447349,551300,252249,8480674,1.904,4,0.00999837585282919,0.00999837585282919,0.00999837585282919,0.99424,0.9786999999999999,0,34,461,0,1,0,1,1,2,0,0,33.282,124,241
9050000,2026-01-19T21:26:56.361857,804412,104070,551904,252507,424529,0.4939824279957124,0.8490078,0.32566815011147504,208.14,895.668,1103.808,314.606,1294.218,1608.824,106.466,398.548,505.014,0.4939824279957124,16980.156,0.0016980156,849.058,0.0,0.0,0.32566815011147504,104070,447834,551904,252507,8490078,1.838,4,0.00999837585282919,0.00999837585282919,0.00999837585282919,0.99166,0.97846,3,28,460,0,1,0,3,0,5,0,0,46.36,122,290
9060000,2026-01-19T21:27:11.062792,805255,104186,552492,252762,424951,0.4939171347344599,0.8499474,0.32564252849136516,208.372,896.612,1104.984,314.94,1295.57,1610.51,106.566,398.958,505.524,0.4939171347344599,16998.948,0.0016998948,849.902,0.0,0.0,0.32564252849136516,104186,448306,552492,252762,8499474,2.016,4,0.00999837585282919,0.00999837585282919,0.00999837585282919,0.99298,0.9781799999999999,0,20,469,0,1,0,5,0,5,0,0,65.46,152,393
9070000,2026-01-19T21:27:27.064421,806119,104301,553087,253031,425397,0.4938667881407952,0.8508904,0.325628190843826,208.602,897.572,1106.174,315.282,1296.956,1612.238,106.68,399.382,506.062,0.4938667881407952,17017.808,0.0017017808,850.794,0.0,0.0,0.325628190843826,104301,448786,553087,253031,8508904,1.962,4,0.00999837585282919,0.00999837585282919,0.00999837585282919,0.99424,0.97848,0,32,457,0,2,0,5,0,4,0,0,63.152,176,406
9080000,2026-01-19T21:27:42.709865,806975,104427,553691,253284,425800,0.4937920161755497,0.8518301,0.32560343852100176,208.854,898.528,1107.382,315.644,1298.306,1613.95,106.79,399.778,506.568,0.4937920161755497,17036.602,0.0017036602000000001,851.6,0.0,0.0,0.32560343852100176,104427,449264,553691,253284,8518301,1.922,4,0.00999837585282919,0.00999837585282919,0.00999837585282919,0.99322,0.97822,0,30,455,0,2,1,7,0,5,0,0,96.838,174,414
9090000,2026-01-19T21:27:58.391225,807791,104538,554251,253539,426228,0.4937539273860028,0.8527709,0.3255890177495077,209.076,899.426,1108.502,315.97,1299.612,1615.582,106.892,400.186,507.078,0.4937539273860028,17055.418,0.0017055418,852.456,0.0,0.0,0.3255890177495077,104538,449713,554251,253539,8527709,2.016,4,0.00999837585282919,0.00999837585282919,0.00999837585282919,0.9892799999999999,0.9791,0,25,470,0,0,0,1,0,4,0,0,44.428,142,290
9100000,2026-01-19T21:28:13.852467,808657,104657,554853,253804,426661,0.49367089679564136,0.853713,0.325563592606277,209.314,900.392,1109.706,316.306,1301.008,1617.314,106.992,400.616,507.608,0.49367089679564136,17074.26,0.001707426,853.322,0.0,0.0,0.325563592606277,104657,450196,554853,253804,8537130,1.894,4,0.00999837585282919,0.00999837585282919,0.00999837585282919,0.99188,0.9790599999999999,0,25,463,1,2,0,5,0,4,0,0,107.23,180,422
9110000,2026-01-19T21:28:29.338954,809507,104768,555435,254071,427100,0.4936281831007212,0.8546468,0.325552242380609,209.536,901.334,1110.87,316.638,1302.376,1619.014,107.1,401.042,508.142,0.4936281831007212,17092.936,0.0017092936000000002,854.2,0.0,0.0,0.325552242380609,104768,450667,555435,254071,8546468,1.85,4,0.00999837585282919,0.00999837585282919,0.00999837585282919,0.99146,0.9788600000000001,0,42,441,0,4,0,8,0,5,0,0,70.94,99,470
9120000,2026-01-19T21:28:44.930889,810327,104886,556008,254318,427504,0.4935416574154972,0.8555956,0.3255227025567816,209.772,902.244,1112.016,316.984,1303.67,1620.654,107.212,401.424,508.636,0.4935416574154972,17111.912,0.0017111912,855.008,0.0,0.0,0.3255227025567816,104886,451122,556008,254318,8555956,1.988,4,0.00999837585282919,0.00999837585282919,0.00999837585282919,0.98932,0.97862,0,25,467,0,3,0,2,0,3,0,0,88.254,177,345
9130000,2026-01-19T21:29:00.513141,811157,105005,556585,254571,427913,0.4934764752289857,0.8565359,0.32549859162569883,210.01,903.16,1113.17,317.322,1304.992,1622.314,107.31,401.832,509.142,0.4934764752289857,17130.718,0.0017130718,855.826,0.0,0.0,0.32549859162569883,105005,451580,556585,254571,8565359,2.054,4,0.00999837585282919,0.00999837585282919,0.00999837585282919,0.99202,0.9785,0,28,463,0,0,0,4,0,5,0,0,48.714,154,233
9140000,2026-01-19T21:29:15.980627,812008,105124,557171,254836,428348,0.4934642618960471,0.8574811,0.3254908067690405,210.248,904.094,1114.342,317.66,1306.356,1624.016,107.412,402.26,509.672,0.4934642618960471,17149.622,0.0017149622,856.696,0.0,0.0,0.3254908067690405,105124,452047,557171,254836,8574811,1.98,4,0.00999837585282919,0.00999837585282919,0.00999837585282919,0.99,0.97848,6,13,475,0,1,0,4,0,1,0,0,32.558,122,209
9150000,2026-01-19T21:29:31.490080,812852,105234,557758,255093,428781,0.4934106190513097,0.858418,0.3254725834114894,210.468,905.048,1115.516,317.99,1307.714,1625.704,107.52,402.666,510.186,0.4934106190513097,17168.36,0.001716836,857.562,0.0,0.0,0.3254725834114894,105234,452524,557758,255093,8584180,1.962,4,0.00999837585282919,0.00999837585282919,0.00999837585282919,0.9939,0.9783999999999999,0,41,451,0,1,0,4,0,3,0,0,72.248,140,395
9160000,2026-01-19T21:29:46.999493,813707,105347,558357,255349,429206,0.49332011407388243,0.8593611,0.3254414746937734,210.694,906.02,1116.714,318.342,1309.072,1627.414,107.646,403.052,510.698,0.49332011407388243,17187.222,0.0017187222,858.412,0.0,0.0,0.3254414746937734,105347,453010,558357,255349,8593611,1.878,4,0.00999837585282919,0.00999837585282919,0.00999837585282919,0.9922000000000001,0.97854,0,34,453,0,2,0,6,0,5,0,0,103.524,165,446
9170000,2026-01-19T21:30:02.518292,814576,105469,558978,255597,429617,0.49322315607826284,0.8602992,0.3254047458328828,210.938,907.018,1117.956,318.71,1310.442,1629.152,107.77,403.424,511.194,0.49322315607826284,17205.984,0.0017205984000000002,859.234,0.0,0.0,0.3254047458328828,105469,453509,558978,255597,8602992,1.87,4,0.00999837585282919,0.00999837585282919,0.00999837585282919,0.99134,0.97862,0,30,454,0,2,0,7,0,7,0,0,86.69,168,457
9180000,2026-01-19T21:30:17.601616,815408,105581,559555,255852,430036,0.4931539671263226,0.8612376,0.3253819111505892,211.162,907.948,1119.11,319.038,1311.778,1630.816,107.874,403.83,511.704,0.4931539671263226,17224.752,0.0017224752,860.072,0.0,0.0,0.3253819111505892,105581,453974,559555,255852,8612376,1.882,4,0.00999837585282919,0.00999837585282919,0.00999837585282919,0.99274,0.97874,0,30,450,0,3,0,10,0,7,0,0,88.012,127,492
9190000,2026-01-19T21:30:32.519920,816276,105702,560156,256119,430487,0.49314139017541947,0.8621732,0.32537540917585006,211.404,908.908,1120.312,319.376,1313.176,1632.552,107.97,404.268,512.238,0.49314139017541947,17243.464,0.0017243464,860.974,0.0,0.0,0.32537540917585006,105702,454454,560156,256119,8621732,2.0,4,0.00999837585282919,0.00999837585282919,0.00999837585282919,0.99326,0.97852,0,38,453,0,0,0,5,0,4,0,0,39.084,101,310
9200000,2026-01-19T21:30:47.536699,817103,105819,560731,256371,430902,0.49305988186440736,0.8631199,0.32534821851390083,211.638,909.824,1121.462,319.704,1314.502,1634.206,108.064,404.678,512.742,0.49305988186440736,17262.398,0.0017262398000000001,861.804,0.0,0.0,0.32534821851390083,105819,454912,560731,256371,8631199,1.896,4,0.00999837585282919,0.00999837585282919,0.00999837585282919,0.99156,0.97932,0,33,459,0,0,0,3,0,5,0,0,45.166,138,252
9210000,2026-01-19T21:31:02.044671,817943,105940,561310,256632,431316,0.4929949870966178,0.8640651,0.3253267070416176,211.88,910.74,1122.62,320.03,1315.856,1635.886,108.148,405.116,513.264,0.4929949870966178,17281.302,0.0017281302,862.632,0.0,0.0,0.3253267070416176,105940,455370,561310,256632,8640651,1.934,4,0.00999837585282919,0.00999837585282919,0.00999837585282919,0.99336,0.97888,0,32,454,0,1,0,6,0,7,0,0,75.942,154,412
9220000,2026-01-19T21:31:16.468631,818775,106062,561895,256880,431724,0.4929207121007706,0.8650077,0.3252985096957443,212.124,911.666,1123.79,320.37,1317.18,1637.55,108.246,405.514,513.76,0.4929207121007706,17300.154,0.0017300154,863.448,0.0,0.0,0.3252985096957443,106062,455833,561895,256880,8650077,1.858,4,0.00999837585282919,0.00999837585282919,0.00999837585282919,0.9876,0.979,0,28,463,1,1,0,1,0,6,0,0,77.064,180,427
9230000,2026-01-19T21:31:30.918615,819618,106180,562485,257132,432140,0.4928523144432312,0.8659417,0.3252719256258737,212.36,912.61,1124.97,320.714,1318.522,1639.236,108.352,405.912,514.264,0.4928523144432312,17318.834,0.0017318834000000002,864.28,0.0,0.0,0.3252719256258737,106180,456305,562485,257132,8659417,2.036,4,0.00999837585282919,0.00999837585282919,0.00999837585282919,0.99286,0.97838,0,38,454,0,0,0,5,0,3,0,0,63.154,130,419
9240000,2026-01-19T21:31:45.378259,820467,106298,563072,257394,432562,0.49280677955370694,0.8668762,0.3252545146481182,212.596,913.548,1126.144,321.064,1319.87,1640.934,108.466,406.322,514.788,0.49280677955370694,17337.524,0.0017337524,865.124,0.0,0.0,0.3252545146481182,106298,456774,563072,257394,8668762,1.88,4,0.00999837585282919,0.00999837585282919,0.00999837585282919,0.9886,0.9781799999999999,0,28,460,0,2,0,5,0,5,0,0,60.622,102,448
9250000,2026-01-19T21:31:59.812133,821315,106417,563656,257658,432995,0.49276590521774005,0.8678258,0.32523959467504215,212.834,914.478,1127.312,321.402,1321.228,1642.63,108.568,406.748,515.316,0.49276590521774005,17356.516,0.0017356516,865.99,0.0,0.0,0.32523959467504215,106417,457239,563656,257658,8678258,1.99,4,0.00999837585282919,0.00999837585282919,0.00999837585282919,0.99188,0.9781599999999999,1,30,461,0,3,0,2,0,3,0,0,75.162,120,352
9260000,2026-01-19T21:32:14.307744,822113,106539,564217,257895,433364,0.4926896809175528,0.8687702,0.32520847325337077,213.078,915.356,1128.434,321.742,1322.484,1644.226,108.662,407.128,515.79,0.4926896809175528,17375.404,0.0017375404,866.728,0.0,0.0,0.32520847325337077,106539,457678,564217,257895,8687702,1.968,4,0.00999837585282919,0.00999837585282919,0.00999837585282919,0.99056,0.97792,0,29,461,0,2,0,4,0,4,0,0,108.414,161,456
9270000,2026-01-19T21:32:28.514573,822965,106658,564809,258155,433791,0.4926237975120156,0.8697104,0.32518559499621874,213.316,916.302,1129.618,322.102,1323.828,1645.93,108.784,407.526,516.31,0.4926237975120156,17394.208,0.0017394208,867.582,0.0,0.0,0.32518559499621874,106658,458151,564809,258155,8697104,1.832,4,0.00999837585282919,0.00999837585282919,0.00999837585282919,0.98878,0.9775799999999999,0,23,473,0,0,0,1,0,3,0,0,61.076,149,389
9280000,2026-01-19T21:32:42.724418,823820,106779,565401,258418,434214,0.49258624263925277,0.8706516,0.32517192504308695,213.558,917.244,1130.802,322.436,1325.204,1647.64,108.876,407.96,516.836,0.49258624263925277,17413.032,0.0017413031999999999,868.428,0.0,0.0,0.32517192504308695,106779,458622,565401,258418,8706516,1.794,4,0.00999837585282919,0.00999837585282919,0.00999837585282919,0.9914,0.9779399999999999,0,41,450,0,0,0,4,0,5,0,0,52.82,152,458
9290000,2026-01-19T21:32:57.028910,824647,106898,565974,258672,434628,0.4925352911054255,0.8715926,0.32515057907522776,213.796,918.152,1131.948,322.76,1326.534,1649.294,108.962,408.382,517.344,0.4925352911054255,17431.852,0.0017431852,869.256,0.0,0.0,0.32515057907522776,106898,459076,565974,258672,8715926,2.008,4,0.00999837585282919,0.00999837585282919,0.00999837585282919,0.9881,0.97846,0,27,466,0,0,0,2,0,5,0,0,72.548,143,447
9300000,2026-01-19T21:33:11.324190,825511,107007,566563,258947,435089,0.4925297569842369,0.8725335,0.3251530367976207,214.014,919.112,1133.126,323.086,1327.936,1651.022,109.072,408.822,517.894,0.4925297569842369,17450.67,0.0017450669999999999,870.178,0.0,0.0,0.3251530367976207,107007,459556,566563,258947,8725335,1.906,4,0.00999837585282919,0.00999837585282919,0.00999837585282919,0.99186,0.97874,0,34,453,0,3,0,8,0,2,0,0,129.166,179,381
9310000,2026-01-19T21:33:25.634645,826343,107132,567143,259199,435489,0.4924677293716239,0.8734757,0.32513095230228306,214.264,920.022,1134.286,323.442,1329.244,1652.686,109.178,409.22,518.398,0.4924677293716239,17469.514,0.0017469514,870.978,0.0,0.0,0.32513095230228306,107132,460011,567143,259199,8734757,1.976,4,0.00999837585282919,0.00999837585282919,0.00999837585282919,0.98612,0.97876,2,18,472,0,1,0,2,0,5,0,0,43.244,121,243
9320000,2026-01-19T21:33:39.962542,827184,107249,567728,259455,435903,0.49240784477076566,0.8744134,0.3251081176378636,214.498,920.958,1135.456,323.778,1330.59,1654.368,109.278,409.632,518.91,0.49240784477076566,17488.268,0.0017488268,871.806,0.0,0.0,0.3251081176378636,107249,460479,567728,259455,8744134,1.974,4,0.00999837585282919,0.00999837585282919,0.00999837585282919,0.9911,0.9789,0,29,455,0,1,0,7,0,8,0,0,108.198,170,438
9330000,2026-01-19T21:33:54.295106,828002,107373,568308,259693,436285,0.4923450132472409,0.8753514,0.32508060666259403,214.746,921.87,1136.616,324.126,1331.878,1656.004,109.378,410.008,519.386,0.4923450132472409,17507.028,0.0017507028,872.57,0.0,0.0,0.32508060666259403,107373,460935,568308,259693,8753514,1.954,4,0.00999837585282919,0.00999837585282919,0.00999837585282919,0.98922,0.9785799999999999,0,29,459,0,2,0,6,0,4,0,0,55.424,164,325
9340000,2026-01-19T21:34:08.561956,828855,107487,568900,259954,436710,0.4922976639921611,0.8762923,0.32506370105118065,214.974,922.826,1137.8,324.47,1333.24,1657.71,109.494,410.414,519.908,0.4922976639921611,17525.846,0.0017525846,873.42,0.0,0.0,0.32506370105118065,107487,461413,568900,259954,8762923,1.786,4,0.00999837585282919,0.00999837585282919,0.00999837585282919,0.99066,0.97836,0,31,446,0,6,0,12,0,5,0,0,125.39,157,483
9350000,2026-01-19T21:34:22.898291,829658,107603,569464,260193,437111,0.49221852095793023,0.8772337,0.32503419607545864,215.206,923.722,1138.928,324.79,1334.526,1659.316,109.582,410.804,520.386,0.49221852095793023,17544.674,0.0017544674,874.222,0.0,0.0,0.32503419607545864,107603,461861,569464,260193,8772337,2.014,4,0.00999837585282919,0.00999837585282919,0.00999837585282919,0.98918,0.97856,0,20,469,0,2,0,6,0,3,0,0,72.786,163,408
9360000,2026-01-19T21:34:37.157697,830510,107720,570050,260459,437551,0.4922070527977504,0.8781756,0.3250299052878184,215.44,924.66,1140.1,325.124,1335.896,1661.02,109.682,411.236,520.918,0.4922070527977504,17563.512,0.0017563511999999998,875.102,0.0,0.0,0.3250299052878184,107720,462330,570050,260459,8781756,1.872,4,0.00999837585282919,0.00999837585282919,0.00999837585282919,0.9890599999999999,0.97836,0,46,444,0,1,0,4,0,5,0,0,85.07,171,435
9370000,2026-01-19T21:34:51.468479,831301,107841,570602,260698,437927,0.492156910309484,0.8791202,0.32501120965726216,215.682,925.522,1141.204,325.444,1337.158,1662.602,109.762,411.634,521.396,0.492156910309484,17582.404,0.0017582404,875.854,0.0,0.0,0.32501120965726216,107841,462761,570602,260698,8791202,1.954,4,0.00999837585282919,0.00999837585282919,0.00999837585282919,0.9877400000000001,0.9790399999999999,0,23,467,0,2,0,3,0,5,0,0,102.638,176,351
9380000,2026-01-19T21:35:05.678389,832136,107961,571197,260939,438317,0.4920534422383752,0.8800611,0.3249711544842002,215.922,926.472,1142.394,325.812,1338.46,1664.272,109.89,411.988,521.878,0.4920534422383752,17601.222,0.0017601222,876.634,0.0,0.0,0.3249711544842002,107961,463236,571197,260939,8800611,1.856,4,0.00999837585282919,0.00999837585282919,0.00999837585282919,0.99242,0.97866,0,35,455,0,1,0,4,1,4,0,0,72.81,124,332
9390000,2026-01-19T21:35:19.969266,832966,108084,571776,261189,438710,0.4919462742502024,0.8810038,0.3249379368818635,216.168,927.384,1143.552,326.162,1339.77,1665.932,109.992,412.386,522.378,0.4919462742502024,17620.076,0.0017620076,877.42,0.0,0.0,0.3249379368818635,108084,463692,571776,261189,8810038,1.902,4,0.00999837585282919,0.00999837585282919,0.00999837585282919,0.9921,0.9782799999999999,0,34,455,0,2,0,4,0,5,0,0,89.424,156,477
9400000,2026-01-19T21:35:34.260642,833793,108197,572344,261448,439131,0.4919279631634428,0.8819454,0.3249327388042719,216.394,928.294,1144.688,326.496,1341.09,1667.586,110.1,412.796,522.896,0.4919279631634428,17638.908,0.0017638908,878.262,0.0,0.0,0.3249327388042719,108197,464147,572344,261448,8819454,1.884,4,0.00999837585282919,0.00999837585282919,0.00999837585282919,0.9923200000000001,0.97832,0,23,464,0,2,0,5,0,6,0,0,95.132,130,477
9410000,2026-01-19T21:35:48.521226,834612,108317,572914,261697,439527,0.4918818484274538,0.8828935,0.32491836016733305,216.634,929.194,1145.828,326.842,1342.382,1669.224,110.206,413.188,523.394,0.4918818484274538,17657.87,0.001765787,879.054,0.0,0.0,0.32491836016733305,108317,464597,572914,261697,8828935,2.07,4,0.00999837585282919,0.00999837585282919,0.00999837585282919,0.98744,0.97832,0,27,461,0,3,0,5,0,4,0,0,122.824,167,440
9420000,2026-01-19T21:36:02.831702,835416,108432,573472,261943,439929,0.4918224175217411,0.8838281,0.3248964354144444,216.864,930.08,1146.944,327.158,1343.674,1670.832,110.292,413.594,523.886,0.4918224175217411,17676.562,0.0017676562000000001,879.858,0.0,0.0,0.3248964354144444,108432,465040,573472,261943,8838281,1.932,4,0.00999837585282919,0.00999837585282919,0.00999837585282919,0.9909600000000001,0.9785,0,36,455,0,0,0,5,0,4,0,0,35.786,80,415
9430000,2026-01-19T21:36:17.125614,836238,108541,574043,262195,440342,0.4917953228116289,0.8847786,0.32488962495273593,217.082,931.004,1148.086,327.5,1344.976,1672.476,110.418,413.972,524.39,0.4917953228116289,17695.572,0.0017695572,880.684,0.0,0.0,0.32488962495273593,108541,465502,574043,262195,8847786,1.972,4,0.00999837585282919,0.00999837585282919,0.00999837585282919,0.99078,0.97836,0,26,460,1,2,0,4,0,7,0,0,105.114,181,415
9440000,2026-01-19T21:36:31.466904,837134,108657,574667,262467,440803,0.4917357604949805,0.8857165,0.3248711420812979,217.314,932.02,1149.334,327.864,1346.404,1674.268,110.55,414.384,524.934,0.4917357604949805,17714.33,0.001771433,881.606,0.0,0.0,0.3248711420812979,108657,466010,574667,262467,8857165,1.962,4,0.00999837585282919,0.00999837585282919,0.00999837585282919,0.99222,0.97824,0,24,461,0,1,0,8,1,5,0,0,48.238,123,412
9450000,2026-01-19T21:36:45.737387,837991,108774,575260,262730,441227,0.491667793757251,0.8866552,0.3248502365967951,217.548,932.972,1150.52,328.206,1347.776,1675.982,110.658,414.802,525.46,0.491667793757251,17733.104,0.0017733103999999999,882.454,0.0,0.0,0.3248502365967951,108774,466486,575260,262730,8866552,1.954,4,0.00999837585282919,0.00999837585282919,0.00999837585282919,0.9920599999999999,0.9785799999999999,0,35,443,0,6,0,11,0,5,0,0,103.47,140,430
9460000,2026-01-19T21:37:00.069336,838883,108893,575868,263014,441703,0.4916631634102887,0.8875907,0.32485292822402523,217.786,933.95,1151.736,328.552,1349.214,1677.766,110.764,415.264,526.028,0.4916631634102887,17751.814,0.0017751814,883.406,0.0,0.0,0.32485292822402523,108893,466975,575868,263014,8875907,1.82,4,0.00999837585282919,0.00999837585282919,0.00999837585282919,0.99278,0.97956,0,39,446,0,2,0,10,0,3,0,0,74.246,139,480
9470000,2026-01-19T21:37:14.379487,839789,109013,576498,263290,442170,0.4916192034446999,0.8885294,0.3248375911687645,218.026,934.97,1152.996,328.916,1350.662,1679.578,110.89,415.69,526.58,0.4916192034446999,17770.588,0.0017770588,884.34,0.0,0.0,0.3248375911687645,109013,467485,576498,263290,8885294,1.948,4,0.00999837585282919,0.00999837585282919,0.00999837585282919,0.99224,0.9791,0,32,454,0,2,0,7,0,5,0,0,69.266,172,405
9480000,2026-01-19T21:37:29.820770,840621,109132,577082,263538,442577,0.49155165792839417,0.8894683,0.32481155210748347,218.264,935.9,1154.164,329.26,1351.982,1681.242,110.994,416.082,527.076,0.49155165792839417,17789.366,0.0017789366,885.154,0.0,0.0,0.32481155210748347,109132,467950,577082,263538,8894683,1.924,4,0.00999837585282919,0.00999837585282919,0.00999837585282919,0.9884,0.9793,0,28,461,0,0,0,5,0,6,0,0,66.828,172,413
9490000,2026-01-19T21:37:45.277471,841458,109250,577665,263792,442988,0.4914921857307751,0.8904102,0.3247917585120347,218.5,936.83,1155.33,329.606,1353.31,1682.916,111.104,416.48,527.584,0.4914921857307751,17808.204,0.0017808204000000002,885.976,0.0,0.0,0.3247917585120347,109250,468415,577665,263792,8904102,1.992,4,0.00999837585282919,0.00999837585282919,0.00999837585282919,0.99312,0.9792799999999999,0,32,455,0,1,0,6,0,6,0,0,100.658,168,476
9500000,2026-01-19T21:38:00.129108,842324,109370,578265,264058,443425,0.4914381972600155,0.8913484,0.3247733315622878,218.74,937.79,1156.53,329.964,1354.684,1684.648,111.222,416.894,528.116,0.4914381972600155,17826.968,0.0017826968000000001,886.85,0.0,0.0,0.3247733315622878,109370,468895,578265,264058,8913484,1.906,4,0.00999837585282919,0.00999837585282919,0.00999837585282919,0.9907999999999999,0.97864,0,59,432,0,0,0,5,0,4,0,0,32.498,143,412
9510000,2026-01-19T21:38:14.683000,843159,109495,578842,264316,443830,0.4913957739784986,0.8922916,0.3247588982226307,218.99,938.694,1157.684,330.298,1356.02,1686.318,111.306,417.326,528.632,0.4913957739784986,17845.832,0.0017845832,887.66,0.0,0.0,0.3247588982226307,109495,469347,578842,264316,8922916,1.88,4,0.00999837585282919,0.00999837585282919,0.00999837585282919,0.9900399999999999,0.97874,0,30,460,0,1,0,5,0,4,0,0,62.238,135,365
9520000,2026-01-19T21:38:29.529242,844042,109613,579451,264590,444276,0.4913542828609417,0.893233,0.32474363583942145,219.226,939.676,1158.902,330.662,1357.422,1688.084,111.434,417.746,529.18,0.4913542828609417,17864.66,0.001786466,888.552,0.0,0.0,0.32474363583942145,109613,469838,579451,264590,8932330,1.984,4,0.00999837585282919,0.00999837585282919,0.00999837585282919,0.9922000000000001,0.97808,0,38,444,0,2,0,9,0,7,0,0,100.11,156,460
9530000,2026-01-19T21:38:46.440529,844849,109733,580014,264835,444671,0.4913057545945082,0.8941793,0.3247266687625956,219.466,940.562,1160.028,330.996,1358.702,1689.698,111.53,418.14,529.67,0.4913057545945082,17883.586,0.0017883586,889.342,0.0,0.0,0.3247266687625956,109733,470281,580014,264835,8941793,1.964,4,0.00999837585282919,0.00999837585282919,0.00999837585282919,0.99202,0.97822,0,32,456,0,0,0,5,1,6,0,0,39.784,124,369
9540000,2026-01-19T21:39:01.311640,845756,109853,580640,265115,445134,0.4912620754717024,0.8951166,0.324714538883625,219.706,941.574,1161.28,331.362,1360.15,1691.512,111.656,418.574,530.23,0.4912620754717024,17902.332,0.0017902332,890.268,0.0,0.0,0.324714538883625,109853,470787,580640,265115,8951166,2.02,4,0.00999837585282919,0.00999837585282919,0.00999837585282919,0.98824,0.97878,0,27,458,0,3,0,7,0,5,0,0,128.344,176,443
9550000,2026-01-19T21:39:18.211046,846594,109974,581226,265367,445543,0.49116337452445447,0.8960535,0.3246803810368918,219.948,942.504,1162.452,331.718,1361.47,1693.188,111.768,418.966,530.734,0.49116337452445447,17921.07,0.0017921069999999998,891.086,0.0,0.0,0.3246803810368918,109974,471252,581226,265367,8960535,1.944,4,0.00999837585282919,0.00999837585282919,0.00999837585282919,0.99278,0.9785799999999999,0,36,455,0,0,0,4,0,5,0,0,52.568,127,365
9560000,2026-01-19T21:39:33.790762,847454,110094,581828,265625,445964,0.49107974411904104,0.8969965,0.3246516294922426,220.188,943.468,1163.656,332.09,1362.818,1694.908,111.902,419.348,531.25,0.49107974411904104,17939.93,0.001793993,891.928,0.0,0.0,0.3246516294922426,110094,471734,581828,265625,8969965,2.126,4,0.00999837585282919,0.00999837585282919,0.00999837585282919,0.99084,0.9779399999999999,1,19,473,0,1,0,3,0,3,0,0,34.418,121,197
9570000,2026-01-19T21:39:49.868398,848315,110210,582429,265886,446398,0.49103457690897917,0.8979362,0.3246361539490698,220.42,944.438,1164.858,332.432,1364.198,1696.63,112.012,419.76,531.772,0.49103457690897917,17958.724,0.0017958724,892.796,0.0,0.0,0.3246361539490698,110210,472219,582429,265886,8979362,2.076,4,0.00999837585282919,0.00999837585282919,0.00999837585282919,0.9908199999999999,0.97792,0,17,473,1,1,0,4,0,4,0,0,102.84,180,342
9580000,2026-01-19T21:40:05.855901,849168,110332,583021,266146,446824,0.49098348458859337,0.8988718,0.32462032608907626,220.664,945.378,1166.042,332.77,1365.566,1698.336,112.104,420.188,532.292,0.49098348458859337,17977.436,0.0017977436,893.648,0.0,0.0,0.32462032608907626,110332,472689,583021,266146,8988718,2.058,4,0.00999837585282919,0.00999837585282919,0.00999837585282919,0.99346,0.9776999999999999,0,44,450,0,0,0,3,0,3,0,0,45.99,113,296
9590000,2026-01-19T21:40:21.791948,850037,110448,583632,266404,447249,0.49090462022116865,0.8998135,0.32459075465026055,220.896,946.368,1167.264,333.128,1366.946,1700.074,112.23,420.578,532.808,0.49090462022116865,17996.27,0.001799627,894.498,0.0,0.0,0.32459075465026055,110448,473184,583632,266404,8998135,2.022,4,0.00999837585282919,0.00999837585282919,0.00999837585282919,0.99346,0.97784,1,33,451,0,3,0,6,0,6,0,0,80.658,146,461
9600000,2026-01-19T21:40:38.355724,850844,110562,584190,266653,447660,0.49085415395611953,0.9007577,0.3245729193396822,221.124,947.256,1168.38,333.454,1368.234,1701.688,112.328,420.978,533.306,0.49085415395611953,18015.154,0.0018015154,895.32,0.0,0.0,0.3245729193396822,110562,473628,584190,266653,9007577,1.928,4,0.00999837585282919,0.00999837585282919,0.00999837585282919,0.9892000000000001,0.9780399999999999,0,43,450,0,0,0,2,0,5,0,0,65.112,138,422
9610000,2026-01-19T21:40:53.968560,851639,110681,584741,266897,448039,0.4907997057459376,0.9017022,0.3245545585234595,221.362,948.12,1169.482,333.784,1369.494,1703.278,112.42,421.374,533.794,0.4907997057459376,18034.044,0.0018034044000000001,896.078,0.0,0.0,0.3245545585234595,110681,474060,584741,266897,9017022,1.972,4,0.00999837585282919,0.00999837585282919,0.00999837585282919,0.98834,0.9785799999999999,0,24,465,0,2,0,4,0,5,0,0,79.724,124,425
9620000,2026-01-19T21:41:08.865479,852492,110794,585337,267154,448466,0.49071231823238676,0.9026466,0.3245271163962876,221.588,949.086,1170.674,334.136,1370.848,1704.984,112.546,421.762,534.308,0.49071231823238676,18052.932,0.0018052932,896.932,0.0,0.0,0.3245271163962876,110794,474543,585337,267154,9026466,2.034,4,0.00999837585282919,0.00999837585282919,0.00999837585282919,0.9887,0.97848,0,19,467,0,3,0,6,0,5,0,0,91.752,163,464
9630000,2026-01-19T21:41:23.861033,853321,110906,585918,267402,448872,0.4906508812116459,0.9035849,0.3245038120650814,221.812,950.024,1171.836,334.488,1372.154,1706.642,112.674,422.13,534.804,0.4906508812116459,18071.698,0.0018071698,897.744,0.0,0.0,0.3245038120650814,110906,475012,585918,267402,9035849,1.896,4,0.00999837585282919,0.00999837585282919,0.00999837585282919,0.9906,0.97884,1,29,453,0,3,0,8,0,6,0,0,86.786,126,422
9640000,2026-01-19T21:41:38.836259,854225,111025,586553,267671,449336,0.4905834716160744,0.9045215,0.3244779010333678,222.05,951.056,1173.106,334.862,1373.588,1708.45,112.81,422.532,535.342,0.4905834716160744,18090.43,0.001809043,898.672,0.0,0.0,0.3244779010333678,111025,475528,586553,267671,9045215,1.956,4,0.00999837585282919,0.00999837585282919,0.00999837585282919,0.99112,0.97834,1,32,458,0,0,0,4,0,5,0,0,57.466,156,331
9650000,2026-01-19T21:41:52.588758,855072,111141,587148,267923,449756,0.4905195395238447,0.9054563,0.32445586492012835,222.282,952.014,1174.296,335.202,1374.942,1710.144,112.918,422.928,535.846,0.4905195395238447,18109.126,0.0018109126,899.512,0.0,0.0,0.32445586492012835,111141,476007,587148,267923,9054563,1.924,4,0.00999837585282919,0.00999837585282919,0.00999837585282919,0.99178,0.97824,0,41,450,0,0,0,5,0,4,0,0,21.938,101,347
9660000,2026-01-19T21:42:06.250993,855934,111259,587743,268190,450195,0.4904794409973225,0.9063969,0.32444175387826474,222.518,952.968,1175.486,335.548,1376.32,1711.868,113.028,423.352,536.38,0.4904794409973225,18127.938,0.0018127937999999999,900.39,0.0,0.0,0.32444175387826474,111259,476484,587743,268190,9063969,1.894,4,0.00999837585282919,0.00999837585282919,0.00999837585282919,0.99046,0.9781799999999999,0,47,444,0,2,0,3,0,4,0,0,45.792,99,321
9670000,2026-01-19T21:42:19.846075,856749,111377,588310,268438,450589,0.4904217727143024,0.9073483,0.32442297068330866,222.754,953.866,1176.62,335.884,1377.614,1713.498,113.128,423.748,536.876,0.4904217727143024,18146.966,0.0018146966,901.178,0.0,0.0,0.32442297068330866,111377,476933,588310,268438,9073483,1.936,4,0.00999837585282919,0.00999837585282919,0.00999837585282919,0.99072,0.97824,0,13,476,0,1,0,4,0,6,0,0,96.676,166,406
9680000,2026-01-19T21:42:33.410591,857502,111492,588837,268664,450946,0.49033309008043935,0.9082903,0.32439174269793397,222.984,954.69,1177.674,336.188,1378.816,1715.004,113.202,424.126,537.328,0.49033309008043935,18165.806,0.0018165806,901.892,0.0,0.0,0.32439174269793397,111492,477345,588837,268664,9082903,1.924,4,0.00999837585282919,0.00999837585282919,0.00999837585282919,0.99144,0.97866,0,26,463,0,2,0,5,0,4,0,0,67.524,116,428
9690000,2026-01-19T21:42:46.997758,858320,111606,589405,268914,451357,0.4902893657459656,0.9092406,0.32437377917111604,223.212,955.598,1178.81,336.506,1380.134,1716.64,113.294,424.534,537.828,0.4902893657459656,18184.812,0.0018184812,902.714,0.0,0.0,0.32437377917111604,111606,477799,589405,268914,9092406,1.97,4,0.00999837585282919,0.00999837585282919,0.00999837585282919,0.99068,0.97902,1,21,465,0,3,0,5,0,5,0,0,73.268,176,305
9700000,2026-01-19T21:43:00.541406,859198,111726,590018,269180,451792,0.49022648715514466,0.910181,0.3243492825056688,223.452,956.584,1180.036,336.874,1381.522,1718.396,113.422,424.938,538.36,0.49022648715514466,18203.62,0.001820362,903.584,0.0,0.0,0.3243492825056688,111726,478292,590018,269180,9101810,2.08,4,0.00999837585282919,0.00999837585282919,0.00999837585282919,0.9899199999999999,0.9785,0,15,471,1,2,0,5,0,6,0,0,63.532,180,491
9710000,2026-01-19T21:43:14.116682,860025,111841,590593,269431,452201,0.490171010753512,0.9111225,0.324332325907631,223.682,957.504,1181.186,337.208,1382.842,1720.05,113.526,425.336,538.862,0.490171010753512,18222.45,0.001822245,904.402,0.0,0.0,0.324332325907631,111841,478752,590593,269431,9111225,1.932,4,0.00999837585282919,0.00999837585282919,0.00999837585282919,0.9887,0.97808,0,30,453,0,5,0,8,0,4,0,0,140.356,176,487
9720000,2026-01-19T21:43:27.715576,860904,111961,591206,269697,452639,0.490118007748766,0.9120595,0.3243143318624227,223.922,958.49,1182.412,337.568,1384.24,1721.808,113.646,425.748,539.394,0.490118007748766,18241.19,0.0018241190000000001,905.278,0.0,0.0,0.3243143318624227,111961,479245,591206,269697,9120595,1.994,4,0.00999837585282919,0.00999837585282919,0.00999837585282919,0.99222,0.97766,0,42,439,0,5,0,9,0,5,0,0,100.164,178,473
9730000,2026-01-19T21:43:41.296433,861744,112084,591798,269946,453049,0.49004625728425016,0.9129999,0.3242880051068754,224.168,959.428,1183.596,337.932,1385.556,1723.488,113.764,426.128,539.892,0.49004625728425016,18259.998,0.0018259997999999999,906.098,0.0,0.0,0.3242880051068754,112084,479714,591798,269946,9129999,1.86,4,0.00999837585282919,0.00999837585282919,0.00999837585282919,0.9877,0.97784,1,28,466,0,0,1,1,0,3,0,0,88.772,175,323
9740000,2026-01-19T21:43:54.853182,862601,112203,592393,270207,453474,0.48997663694457294,0.9139286,0.324264850162511,224.406,960.38,1184.786,338.268,1386.934,1725.202,113.86,426.554,540.414,0.48997663694457294,18278.572,0.0018278571999999999,906.948,0.0,0.0,0.324264850162511,112203,480190,592393,270207,9139286,2.022,4,0.00999837585282919,0.00999837585282919,0.00999837585282919,0.9862799999999999,0.97808,0,25,462,0,2,0,7,0,4,0,0,118.958,162,457
9750000,2026-01-19T21:44:08.434763,863355,112322,592931,270423,453817,0.48985973770426566,0.914869,0.3242231677237322,224.644,961.218,1185.862,338.586,1388.124,1726.71,113.94,426.906,540.846,0.48985973770426566,18297.38,0.001829738,907.634,0.0,0.0,0.3242231677237322,112322,480609,592931,270423,9148690,2.042,4,0.00999837585282919,0.00999837585282919,0.00999837585282919,0.9922000000000001,0.97872,0,27,463,0,0,0,5,0,5,0,0,31.2,99,396
9760000,2026-01-19T21:44:22.084999,864165,112431,593491,270673,454220,0.4898276786067156,0.915818,0.32421302519196576,224.862,962.12,1186.982,338.914,1389.416,1728.33,114.05,427.296,541.346,0.4898276786067156,18316.36,0.001831636,908.44,0.0,0.0,0.32421302519196576,112431,481060,593491,270673,9158180,1.97,4,0.00999837585282919,0.00999837585282919,0.00999837585282919,0.9926200000000001,0.97914,0,25,457,0,2,0,11,0,5,0,0,104.806,159,446
9770000,2026-01-19T21:44:35.646127,864982,112551,594063,270918,454611,0.4897364128841913,0.9167582,0.3241816963006712,225.102,963.024,1188.126,339.252,1390.712,1729.964,114.148,427.688,541.836,0.4897364128841913,18335.164,0.0018335164,909.222,0.0,0.0,0.3241816963006712,112551,481512,594063,270918,9167582,1.944,4,0.00999837585282919,0.00999837585282919,0.00999837585282919,0.99274,0.97946,0,32,449,0,0,0,9,0,10,0,0,77.248,156,495
9780000,2026-01-19T21:44:49.277186,865802,112672,594639,271162,455017,0.4896676792623701,0.9176941,0.32415597059863915,225.344,963.934,1189.278,339.582,1392.022,1731.604,114.236,428.088,542.324,0.4896676792623701,18353.882,0.0018353882,910.034,0.0,0.0,0.32415597059863915,112672,481967,594639,271162,9176941,2.038,4,0.00999837585282919,0.00999837585282919,0.00999837585282919,0.9919,0.97964,0,36,458,0,0,0,3,0,3,0,0,33.024,85,395
9790000,2026-01-19T21:45:02.821227,866616,112793,595209,271406,455402,0.489618830671546,0.9186419,0.32413835956797227,225.586,964.832,1190.418,339.908,1393.324,1733.232,114.32,428.492,542.812,0.489618830671546,18372.838,0.0018372838,910.804,0.0,0.0,0.32413835956797227,112793,482416,595209,271406,9186419,1.878,4,0.00999837585282919,0.00999837585282919,0.00999837585282919,0.99048,0.9800800000000001,0,34,452,0,2,0,8,0,4,0,0,87.018,131,431
9800000,2026-01-19T21:45:16.412402,867451,112910,595789,271661,455815,0.4895850542970731,0.9195852,0.3241243602971731,225.82,965.758,1191.578,340.25,1394.652,1734.902,114.428,428.894,543.322,0.4895850542970731,18391.704,0.0018391704,911.63,0.0,0.0,0.3241243602971731,112910,482879,595789,271661,9195852,2.018,4,0.00999837585282919,0.00999837585282919,0.00999837585282919,0.99074,0.9801799999999999,0,26,461,0,4,0,6,0,3,0,0,116.446,156,445
9810000,2026-01-19T21:45:29.867335,868347,113031,596411,271935,456276,0.48954396829403757,0.9205176,0.3241092667488949,226.062,966.76,1192.822,340.598,1396.096,1736.694,114.536,429.334,543.87,0.48954396829403757,18410.352,0.0018410352,912.552,0.0,0.0,0.3241092667488949,113031,483380,596411,271935,9205176,1.842,4,0.00999837585282919,0.00999837585282919,0.00999837585282919,0.98978,0.97954,0,26,463,0,1,0,6,0,4,0,0,65.238,179,446
9820000,2026-01-19T21:45:43.555573,869205,113146,597011,272193,456712,0.4894490435618618,0.9214563,0.3240759668250213,226.292,967.73,1194.022,340.936,1397.474,1738.41,114.642,429.744,544.386,0.4894490435618618,18429.126,0.0018429126,913.424,0.0,0.0,0.3240759668250213,113146,483865,597011,272193,9214563,2.028,4,0.00999837585282919,0.00999837585282919,0.00999837585282919,0.9899,0.9790399999999999,0,31,458,0,1,0,4,0,6,0,0,74.138,157,416
9830000,2026-01-19T21:45:57.112579,870061,113272,597615,272446,457122,0.48937658074272206,0.9223971,0.3240489577055398,226.544,968.686,1195.23,341.284,1398.838,1740.122,114.74,430.152,544.892,0.48937658074272206,18447.942,0.0018447942,914.244,0.0,0.0,0.3240489577055398,113272,484343,597615,272446,9223971,1.946,4,0.00999837585282919,0.00999837585282919,0.00999837585282919,0.99354,0.97874,0,30,461,0,0,1,3,0,5,0,0,38.546,175,428
9840000,2026-01-19T21:46:10.682217,870900,113397,598205,272694,457517,0.48929103071649743,0.9233362,0.3240177250142511,226.794,969.616,1196.41,341.622,1400.178,1741.8,114.828,430.56,545.388,0.48929103071649743,18466.724,0.0018466724,915.034,0.0,0.0,0.3240177250142511,113397,484808,598205,272694,9233362,1.91,4,0.00999837585282919,0.00999837585282919,0.00999837585282919,0.99054,0.97864,0,18,470,0,3,0,4,0,5,0,0,122.37,176,450
9850000,2026-01-19T21:46:24.279100,871781,113519,598823,272957,457955,0.48923271485149966,0.9242716,0.32399441141495594,227.038,970.608,1197.646,341.97,1401.592,1743.562,114.93,430.984,545.914,0.48923271485149966,18485.432,0.0018485431999999999,915.91,0.0,0.0,0.32399441141495594,113519,485304,598823,272957,9242716,1.978,4,0.00999837585282919,0.00999837585282919,0.00999837585282919,0.99246,0.9789,0,37,449,0,1,0,6,0,7,0,0,95.488,143,425
9860000,2026-01-19T21:46:37.809868,872633,113635,599420,273212,458393,0.4891782975047759,0.9252078,0.3239726625722902,227.27,971.57,1198.84,342.296,1402.97,1745.266,115.024,431.4,546.424,0.4891782975047759,18504.156,0.0018504156,916.786,0.0,0.0,0.3239726625722902,113635,485785,599420,273212,9252078,1.876,4,0.00999837585282919,0.00999837585282919,0.00999837585282919,0.99022,0.97846,0,16,477,0,0,0,2,0,5,0,0,53.538,156,242
9870000,2026-01-19T21:46:51.292981,873487,113753,600012,273474,458811,0.48912933480227627,0.9261485,0.3239543648843603,227.506,972.518,1200.024,342.634,1404.34,1746.974,115.126,431.822,546.948,0.48912933480227627,18522.97,0.0018522970000000001,917.622,0.0,0.0,0.3239543648843603,113753,486259,600012,273474,9261485,1.858,4,0.00999837585282919,0.00999837585282919,0.00999837585282919,0.9937,0.9790399999999999,0,36,443,0,5,0,11,0,5,0,0,108.002,144,482
9880000,2026-01-19T21:47:04.885488,874317,113871,600589,273727,459224,0.48908643133390545,0.9270884,0.3239415912126786,227.742,973.436,1201.178,342.982,1405.652,1748.634,115.238,432.216,547.454,0.48908643133390545,18541.768,0.0018541768,918.448,0.0,0.0,0.3239415912126786,113871,486718,600589,273727,9270884,1.988,4,0.00999837585282919,0.00999837585282919,0.00999837585282919,0.99112,0.9790599999999999,0,23,463,0,2,0,7,0,5,0,0,88.122,126,412
9890000,2026-01-19T21:47:18.310018,875268,113989,601240,274027,459741,0.4890903409944537,0.9280249,0.3239440357348882,227.978,974.502,1202.48,343.338,1407.198,1750.536,115.36,432.694,548.054,0.4890903409944537,18560.498,0.0018560498,919.482,0.0,0.0,0.3239440357348882,113989,487251,601240,274027,9280249,1.986,4,0.00999837585282919,0.00999837585282919,0.00999837585282919,0.99066,0.97848,0,21,466,0,5,0,6,0,2,0,0,109.944,178,340
9900000,2026-01-19T21:47:31.828672,876143,114108,601850,274292,460180,0.4890440099242587,0.9289572,0.3239278218263606,228.216,975.484,1203.7,343.7,1408.586,1752.286,115.482,433.102,548.584,0.4890440099242587,18579.144,0.0018579144000000001,920.36,0.0,0.0,0.3239278218263606,114108,487742,601850,274292,9289572,1.954,4,0.00999837585282919,0.00999837585282919,0.00999837585282919,0.9924,0.97826,0,33,455,0,2,0,6,0,4,0,0,54.966,102,363
9910000,2026-01-19T21:47:45.456396,876960,114220,602413,274546,460591,0.4890121990638148,0.9299076,0.32391492277212475,228.44,976.386,1204.826,344.022,1409.898,1753.92,115.58,433.512,549.092,0.4890121990638148,18598.152,0.0018598152,921.182,0.0,0.0,0.32391492277212475,114220,488193,602413,274546,9299076,1.948,4,0.00999837585282919,0.00999837585282919,0.00999837585282919,0.9916799999999999,0.97848,0,23,458,0,4,0,9,0,6,0,0,119.488,157,471
9920000,2026-01-19T21:47:59.034436,877769,114335,602974,274794,460995,0.4889536505755734,0.9308522,0.3238952049367987,228.67,977.278,1205.948,344.358,1411.18,1755.538,115.686,433.902,549.588,0.4889536505755734,18617.044,0.0018617044,921.99,0.0,0.0,0.3238952049367987,114335,488639,602974,274794,9308522,1.954,4,0.00999837585282919,0.00999837585282919,0.00999837585282919,0.9892000000000001,0.979,0,16,471,0,3,0,8,0,2,0,0,106.436,158,385
9930000,2026-01-19T21:48:12.585414,878592,114451,603544,275047,461402,0.488914586517535,0.9317952,0.3238806317840735,228.902,978.186,1207.088,344.688,1412.496,1757.184,115.784,434.31,550.094,0.488914586517535,18635.904,0.0018635904000000002,922.804,0.0,0.0,0.3238806317840735,114451,489093,603544,275047,9317952,1.95,4,0.00999837585282919,0.00999837585282919,0.00999837585282919,0.9900399999999999,0.9793,0,28,455,0,5,0,8,0,4,0,0,85.532,164,476
9940000,2026-01-19T21:48:26.066103,879455,114565,604141,275314,461850,0.4888700263008953,0.9327376,0.32386626084147574,229.13,979.152,1208.282,345.04,1413.87,1758.91,115.91,434.718,550.628,0.4888700263008953,18654.752,0.0018654752000000002,923.7,0.0,0.0,0.32386626084147574,114565,489576,604141,275314,9327376,1.926,4,0.00999837585282919,0.00999837585282919,0.00999837585282919,0.99178,0.9789800000000001,0,21,467,1,2,0,4,0,5,0,0,95.896,180,430
9950000,2026-01-19T21:48:39.601832,880285,114682,604716,275568,462259,0.4888684498661343,0.93368,0.3238618028647019,229.364,980.068,1209.432,345.376,1415.194,1760.57,116.01,435.126,551.136,0.4888684498661343,18673.6,0.00186736,924.518,0.0,0.0,0.3238618028647019,114682,490034,604716,275568,9336800,1.97,4,0.00999837585282919,0.00999837585282919,0.00999837585282919,0.99088,0.9785799999999999,0,22,464,0,2,0,6,0,6,0,0,113.566,158,473
9960000,2026-01-19T21:48:53.158748,881129,114798,605300,275828,462694,0.4888110174956897,0.9346233,0.3238444308651375,229.596,981.004,1210.6,345.708,1416.55,1762.258,116.11,435.546,551.656,0.4888110174956897,18692.466,0.0018692466000000002,925.388,0.0,0.0,0.3238444308651375,114798,490502,605300,275828,9346233,1.858,4,0.00999837585282919,0.00999837585282919,0.00999837585282919,0.99152,0.97854,0,29,462,0,0,0,5,0,4,0,0,73.644,168,317
9970000,2026-01-19T21:49:06.805718,881905,114914,605845,276059,463067,0.4887368837898465,0.9355678,0.3238159001294447,229.828,981.862,1211.69,346.028,1417.782,1763.81,116.2,435.918,552.118,0.4887368837898465,18711.356,0.0018711355999999999,926.134,0.0,0.0,0.3238159001294447,114914,490931,605845,276059,9355678,2.022,4,0.00999837585282919,0.00999837585282919,0.00999837585282919,0.9890599999999999,0.97878,0,24,472,0,1,0,0,0,3,0,0,34.548,119,265
9980000,2026-01-19T21:49:20.409642,882704,115028,606400,276303,463442,0.4886921861599326,0.9365099,0.3238003739205235,230.056,982.744,1212.8,346.368,1419.04,1765.408,116.31,436.296,552.606,0.4886921861599326,18730.198,0.0018730198,926.884,0.0,0.0,0.3238003739205235,115028,491372,606400,276303,9365099,1.996,4,0.00999837585282919,0.00999837585282919,0.00999837585282919,0.98972,0.97874,0,15,467,0,3,0,8,0,7,0,0,98.088,133,483
9990000,2026-01-19T21:49:33.947336,883536,115144,606987,276548,463849,0.48861630212939366,0.9374462,0.3237688422955215,230.288,983.686,1213.974,346.732,1420.34,1767.072,116.442,436.654,553.096,0.48861630212939366,18748.924,0.0018748924,927.698,0.0,0.0,0.3237688422955215,115144,491843,606987,276548,9374462,2.044,4,0.00999837585282919,0.00999837585282919,0.00999837585282919,0.99356,0.97892,0,40,450,0,0,0,5,0,5,0,0,31.036,102,239
10000000,2026-01-19T21:49:47.345401,884394,115262,607583,276810,464287,0.48856276373897584,0.9383894,0.3237513894714593,230.524,984.642,1215.166,347.076,1421.712,1768.788,116.552,437.068,553.62,0.48856276373897584,18767.788,0.0018767788,928.574,0.0,0.0,0.3237513894714593,115262,492321,607583,276810,9383894,1.936,4,0.00999837585282919,0.00999837585282919,0.00999837585282919,0.99274,0.97866,0,39,454,0,1,0,2,0,4,0,0,36.116,119,300
