n_nodes,simulation_ticks,packet_probability,epsilon,node_type,run_id,total_packets_generated,total_packets_sent,total_packets_lost,total_data_packets_sent,total_timeouts,packet_delivery_ratio,packet_loss_ratio,throughput,avg_packet_loss_per_node,avg_near_nodes,timestamp
50,10000,0.001,0.0,baseline,0,1067,672,228,79,720,0.07403936269915651,0.3392857142857143,0.0079,4.56,1.8,2026-01-08T14:29:35.260502
50,10000,0.001,0.0,baseline,1,944,606,194,83,571,0.08792372881355932,0.3201320132013201,0.0083,3.88,1.4,2026-01-08T14:29:35.880720
50,10000,0.001,0.0,baseline,2,1053,672,225,78,691,0.07407407407407407,0.33482142857142855,0.0078,4.5,1.64,2026-01-08T14:29:36.407001
50,10000,0.001,0.0,baseline,3,1221,762,247,67,890,0.054873054873054876,0.3241469816272966,0.0067,4.94,1.36,2026-01-08T14:29:36.806352
50,10000,0.001,0.0,baseline,4,1116,717,226,78,757,0.06989247311827956,0.31520223152022314,0.0078,4.52,1.52,2026-01-08T14:29:37.253897
50,10000,0.005,0.0,baseline,0,1001,644,204,90,618,0.0899100899100899,0.3167701863354037,0.009,4.08,1.2,2026-01-08T14:29:37.804328
50,10000,0.005,0.0,baseline,1,1019,664,210,83,646,0.08145240431795878,0.31626506024096385,0.0083,4.2,1.44,2026-01-08T14:29:38.283883
50,10000,0.005,0.0,baseline,2,1121,693,242,81,763,0.07225691347011597,0.3492063492063492,0.0081,4.84,1.28,2026-01-08T14:29:38.721733
50,10000,0.005,0.0,baseline,3,1094,698,233,87,709,0.07952468007312614,0.333810888252149,0.0087,4.66,1.32,2026-01-08T14:29:39.169512
50,10000,0.005,0.0,baseline,4,1201,750,273,80,814,0.06661115736885928,0.364,0.008,5.46,1.48,2026-01-08T14:29:39.544793
50,10000,0.01,0.0,baseline,0,1206,733,248,70,865,0.05804311774461028,0.3383356070941337,0.007,4.96,1.08,2026-01-08T14:29:39.942115
50,10000,0.01,0.0,baseline,1,1098,695,219,79,744,0.07194899817850638,0.31510791366906477,0.0079,4.38,1.12,2026-01-08T14:29:40.415893
50,10000,0.01,0.0,baseline,2,1118,716,247,80,747,0.07155635062611806,0.34497206703910616,0.008,4.94,1.4,2026-01-08T14:29:40.828956
50,10000,0.01,0.0,baseline,3,1095,708,235,81,734,0.07397260273972603,0.3319209039548023,0.0081,4.7,1.64,2026-01-08T14:29:41.333905
50,10000,0.01,0.0,baseline,4,1040,660,222,86,669,0.08269230769230769,0.33636363636363636,0.0086,4.44,1.04,2026-01-08T14:29:41.969215
50,10000,0.02,0.0,baseline,0,1307,781,299,70,983,0.05355776587605203,0.382842509603073,0.007,5.98,1.6,2026-01-08T14:29:42.365380
50,10000,0.02,0.0,baseline,1,1184,747,247,78,823,0.06587837837837837,0.33065595716198126,0.0078,4.94,1.6,2026-01-08T14:29:42.847284
50,10000,0.02,0.0,baseline,2,1090,699,215,75,752,0.06880733944954129,0.30758226037195996,0.0075,4.3,1.2,2026-01-08T14:29:43.487549
50,10000,0.02,0.0,baseline,3,1164,720,266,79,800,0.06786941580756013,0.36944444444444446,0.0079,5.32,1.88,2026-01-08T14:29:43.929212
50,10000,0.02,0.0,baseline,4,1095,663,255,80,737,0.0730593607305936,0.38461538461538464,0.008,5.1,1.44,2026-01-08T14:29:44.504449
50,10000,0.05,0.0,baseline,0,1020,680,210,84,623,0.08235294117647059,0.3088235294117647,0.0084,4.2,1.28,2026-01-08T14:29:45.117057
50,10000,0.05,0.0,baseline,1,937,628,193,101,523,0.10779082177161152,0.3073248407643312,0.0101,3.86,1.76,2026-01-08T14:29:45.806739
50,10000,0.05,0.0,baseline,2,1081,683,225,80,729,0.07400555041628122,0.3294289897510981,0.008,4.5,1.32,2026-01-08T14:29:46.330067
50,10000,0.05,0.0,baseline,3,1052,680,207,76,704,0.07224334600760456,0.3044117647058823,0.0076,4.14,1.44,2026-01-08T14:29:46.914857
50,10000,0.05,0.0,baseline,4,1013,676,200,83,638,0.08193484698914116,0.2958579881656805,0.0083,4.0,1.12,2026-01-08T14:29:47.779370
100,10000,0.001,0.0,baseline,0,1919,1001,523,39,1666,0.020323084940072955,0.5224775224775224,0.0039,5.23,2.9,2026-01-08T14:29:48.836839
100,10000,0.001,0.0,baseline,1,1999,1033,545,40,1729,0.02001000500250125,0.5275895450145208,0.004,5.45,3.14,2026-01-08T14:29:49.603598
100,10000,0.001,0.0,baseline,2,2075,1064,559,27,1853,0.013012048192771084,0.525375939849624,0.0027,5.59,2.9,2026-01-08T14:29:50.291603
100,10000,0.001,0.0,baseline,3,1976,1018,553,40,1716,0.020242914979757085,0.5432220039292731,0.004,5.53,2.96,2026-01-08T14:29:50.978516
100,10000,0.001,0.0,baseline,4,1973,1019,525,39,1705,0.019766852508869743,0.5152109911678115,0.0039,5.25,2.58,2026-01-08T14:29:51.880478
100,10000,0.005,0.0,baseline,0,1963,995,520,38,1698,0.01935812531839022,0.5226130653266332,0.0038,5.2,2.72,2026-01-08T14:29:52.631963
100,10000,0.005,0.0,baseline,1,1961,973,523,33,1742,0.016828148903620603,0.5375128468653648,0.0033,5.23,2.8,2026-01-08T14:29:53.388819
100,10000,0.005,0.0,baseline,2,2026,1024,535,28,1813,0.013820335636722606,0.5224609375,0.0028,5.35,2.6,2026-01-08T14:29:53.978477
100,10000,0.005,0.0,baseline,3,1947,1001,538,34,1695,0.01746276322547509,0.5374625374625375,0.0034,5.38,3.14,2026-01-08T14:29:54.701287
100,10000,0.005,0.0,baseline,4,1918,1020,513,35,1673,0.01824817518248175,0.5029411764705882,0.0035,5.13,3.04,2026-01-08T14:29:55.466363
100,10000,0.01,0.0,baseline,0,2140,1066,576,31,1891,0.014485981308411215,0.5403377110694184,0.0031,5.76,2.7,2026-01-08T14:29:56.023123
100,10000,0.01,0.0,baseline,1,1913,971,536,39,1648,0.020386826973340304,0.5520082389289392,0.0039,5.36,2.76,2026-01-08T14:29:56.760856
100,10000,0.01,0.0,baseline,2,2041,1038,524,35,1792,0.0171484566389025,0.5048169556840078,0.0035,5.24,3.1,2026-01-08T14:29:57.352425
100,10000,0.01,0.0,baseline,3,2027,1030,549,32,1783,0.015786877158362113,0.5330097087378641,0.0032,5.49,2.68,2026-01-08T14:29:58.033992
100,10000,0.01,0.0,baseline,4,2049,1060,556,28,1815,0.013665202537823329,0.5245283018867924,0.0028,5.56,2.96,2026-01-08T14:29:58.548014
100,10000,0.02,0.0,baseline,0,1820,967,478,42,1537,0.023076923076923078,0.49431230610134436,0.0042,4.78,2.6,2026-01-08T14:29:59.568448
100,10000,0.02,0.0,baseline,1,1918,1046,524,42,1629,0.021897810218978103,0.5009560229445507,0.0042,5.24,3.06,2026-01-08T14:30:00.370948
100,10000,0.02,0.0,baseline,2,2039,1038,549,32,1827,0.01569396763119176,0.5289017341040463,0.0032,5.49,2.3,2026-01-08T14:30:00.997490
100,10000,0.02,0.0,baseline,3,1994,1033,534,32,1768,0.0160481444332999,0.5169409486931268,0.0032,5.34,2.94,2026-01-08T14:30:01.646644
100,10000,0.02,0.0,baseline,4,1976,1038,524,35,1741,0.01771255060728745,0.5048169556840078,0.0035,5.24,2.62,2026-01-08T14:30:02.438404
100,10000,0.05,0.0,baseline,0,1982,1025,526,34,1757,0.017154389505549948,0.5131707317073171,0.0034,5.26,2.7,2026-01-08T14:30:03.121597
100,10000,0.05,0.0,baseline,1,1914,957,524,39,1655,0.02037617554858934,0.5475444096133751,0.0039,5.24,2.84,2026-01-08T14:30:03.734800
100,10000,0.05,0.0,baseline,2,1925,987,531,38,1660,0.019740259740259742,0.5379939209726444,0.0038,5.31,3.02,2026-01-08T14:30:04.420839
100,10000,0.05,0.0,baseline,3,1946,983,532,39,1682,0.020041109969167522,0.5412004069175992,0.0039,5.32,2.78,2026-01-08T14:30:05.059958
100,10000,0.05,0.0,baseline,4,2029,1052,540,33,1787,0.016264169541646133,0.5133079847908745,0.0033,5.4,2.78,2026-01-08T14:30:05.778199
250,10000,0.001,0.0,baseline,0,3011,1328,1058,1,2928,0.00033211557622052476,0.7966867469879518,0.0001,4.232,6.816,2026-01-08T14:30:06.874401
250,10000,0.001,0.0,baseline,1,3004,1338,1061,1,2910,0.00033288948069241014,0.7929745889387145,0.0001,4.244,6.928,2026-01-08T14:30:07.947689
250,10000,0.001,0.0,baseline,2,2982,1328,1025,1,2896,0.00033534540576794097,0.7718373493975904,0.0001,4.1,7.104,2026-01-08T14:30:08.917886
250,10000,0.001,0.0,baseline,3,2965,1295,1008,0,2875,0.0,0.7783783783783784,0.0,4.032,6.704,2026-01-08T14:30:10.012368
250,10000,0.001,0.0,baseline,4,2980,1331,1029,1,2879,0.0003355704697986577,0.7731029301277235,0.0001,4.116,6.928,2026-01-08T14:30:10.995986
250,10000,0.005,0.0,baseline,0,2989,1356,1046,1,2877,0.00033456005352960856,0.7713864306784661,0.0001,4.184,7.008,2026-01-08T14:30:12.076506
250,10000,0.005,0.0,baseline,1,2927,1276,996,4,2830,0.0013665869490946361,0.780564263322884,0.0004,3.984,6.872,2026-01-08T14:30:13.043380
250,10000,0.005,0.0,baseline,2,2981,1331,1035,1,2873,0.0003354579000335458,0.777610818933133,0.0001,4.14,7.312,2026-01-08T14:30:14.137768
250,10000,0.005,0.0,baseline,3,2963,1326,1017,1,2865,0.0003374957813027337,0.7669683257918553,0.0001,4.068,7.24,2026-01-08T14:30:15.221007
250,10000,0.005,0.0,baseline,4,2987,1309,1026,0,2897,0.0,0.7838044308632544,0.0,4.104,7.0,2026-01-08T14:30:16.201983
250,10000,0.01,0.0,baseline,0,2982,1332,1038,1,2877,0.00033534540576794097,0.7792792792792793,0.0001,4.152,7.224,2026-01-08T14:30:17.296666
250,10000,0.01,0.0,baseline,1,2901,1280,983,3,2801,0.001034126163391934,0.76796875,0.0003,3.932,7.368,2026-01-08T14:30:18.260501
250,10000,0.01,0.0,baseline,2,2962,1314,1007,0,2867,0.0,0.7663622526636226,0.0,4.028,7.384,2026-01-08T14:30:19.324242
250,10000,0.01,0.0,baseline,3,3003,1337,1055,1,2909,0.000333000333000333,0.7890800299177263,0.0001,4.22,7.32,2026-01-08T14:30:20.283319
250,10000,0.01,0.0,baseline,4,3004,1328,1046,0,2903,0.0,0.7876506024096386,0.0,4.184,7.248,2026-01-08T14:30:21.241913
250,10000,0.02,0.0,baseline,0,2976,1333,1024,1,2875,0.0003360215053763441,0.768192048012003,0.0001,4.096,7.144,2026-01-08T14:30:22.314276
250,10000,0.02,0.0,baseline,1,3016,1317,1064,1,2914,0.0003315649867374005,0.8078967350037966,0.0001,4.256,7.024,2026-01-08T14:30:23.273213
250,10000,0.02,0.0,baseline,2,2962,1341,1035,2,2855,0.0006752194463200541,0.7718120805369127,0.0002,4.14,7.44,2026-01-08T14:30:24.228602
250,10000,0.02,0.0,baseline,3,2995,1335,1050,2,2894,0.000667779632721202,0.7865168539325843,0.0002,4.2,6.664,2026-01-08T14:30:25.295345
250,10000,0.02,0.0,baseline,4,2911,1321,995,3,2800,0.0010305736860185502,0.753217259651779,0.0003,3.98,7.24,2026-01-08T14:30:26.547225
250,10000,0.05,0.0,baseline,0,2993,1336,1036,0,2903,0.0,0.7754491017964071,0.0,4.144,7.016,2026-01-08T14:30:27.646455
250,10000,0.05,0.0,baseline,1,3010,1329,1056,0,2907,0.0,0.7945823927765236,0.0,4.224,7.536,2026-01-08T14:30:28.623877
250,10000,0.05,0.0,baseline,2,2932,1275,972,1,2844,0.00034106412005457026,0.7623529411764706,0.0001,3.888,6.896,2026-01-08T14:30:29.597904
250,10000,0.05,0.0,baseline,3,2945,1318,1020,3,2846,0.0010186757215619694,0.7738998482549317,0.0003,4.08,7.192,2026-01-08T14:30:30.693979
250,10000,0.05,0.0,baseline,4,2981,1340,1036,1,2876,0.0003354579000335458,0.7731343283582089,0.0001,4.144,7.2,2026-01-08T14:30:31.669393
500,10000,0.001,0.0,baseline,0,3284,1434,1291,0,3222,0.0,0.900278940027894,0.0,2.582,13.624,2026-01-08T14:30:33.766215
500,10000,0.001,0.0,baseline,1,3251,1384,1257,0,3189,0.0,0.9082369942196532,0.0,2.514,13.632,2026-01-08T14:30:35.868699
500,10000,0.001,0.0,baseline,2,3240,1417,1247,0,3170,0.0,0.8800282286520819,0.0,2.494,14.44,2026-01-08T14:30:37.972804
500,10000,0.001,0.0,baseline,3,3225,1379,1232,0,3158,0.0,0.8934010152284264,0.0,2.464,13.968,2026-01-08T14:30:40.075391
500,10000,0.001,0.0,baseline,4,3243,1381,1250,0,3189,0.0,0.9051412020275162,0.0,2.5,14.232,2026-01-08T14:30:42.147902
500,10000,0.005,0.0,baseline,0,3234,1379,1240,0,3170,0.0,0.8992023205221175,0.0,2.48,14.18,2026-01-08T14:30:44.276581
500,10000,0.005,0.0,baseline,1,3264,1431,1270,0,3201,0.0,0.8874912648497554,0.0,2.54,14.3,2026-01-08T14:30:46.385861
500,10000,0.005,0.0,baseline,2,3275,1408,1280,0,3216,0.0,0.9090909090909091,0.0,2.56,13.908,2026-01-08T14:30:48.614810
500,10000,0.005,0.0,baseline,3,3289,1419,1297,0,3226,0.0,0.9140239605355884,0.0,2.594,14.292,2026-01-08T14:30:50.685031
500,10000,0.005,0.0,baseline,4,3244,1376,1250,0,3175,0.0,0.9084302325581395,0.0,2.5,14.248,2026-01-08T14:30:52.768674
500,10000,0.01,0.0,baseline,0,3307,1453,1314,0,3231,0.0,0.9043358568479009,0.0,2.628,14.32,2026-01-08T14:30:55.085735
500,10000,0.01,0.0,baseline,1,3228,1359,1236,0,3163,0.0,0.9094922737306843,0.0,2.472,14.596,2026-01-08T14:30:57.193978
500,10000,0.01,0.0,baseline,2,3257,1426,1263,0,3190,0.0,0.8856942496493688,0.0,2.526,13.888,2026-01-08T14:30:59.284878
500,10000,0.01,0.0,baseline,3,3257,1423,1263,0,3190,0.0,0.8875614898102601,0.0,2.526,14.736,2026-01-08T14:31:01.383021
500,10000,0.01,0.0,baseline,4,3264,1419,1270,0,3201,0.0,0.8949964763918252,0.0,2.54,14.252,2026-01-08T14:31:03.475369
500,10000,0.02,0.0,baseline,0,3251,1374,1257,0,3179,0.0,0.9148471615720524,0.0,2.514,14.024,2026-01-08T14:31:05.593594
500,10000,0.02,0.0,baseline,1,3230,1387,1236,0,3161,0.0,0.8911319394376351,0.0,2.472,13.696,2026-01-08T14:31:07.723236
500,10000,0.02,0.0,baseline,2,3249,1392,1256,0,3185,0.0,0.9022988505747126,0.0,2.512,14.172,2026-01-08T14:31:09.931413
500,10000,0.02,0.0,baseline,3,3182,1353,1189,0,3116,0.0,0.8787878787878788,0.0,2.378,13.636,2026-01-08T14:31:12.027388
500,10000,0.02,0.0,baseline,4,3219,1361,1226,0,3138,0.0,0.9008082292432035,0.0,2.452,13.94,2026-01-08T14:31:14.155738
500,10000,0.05,0.0,baseline,0,3227,1385,1234,0,3154,0.0,0.8909747292418773,0.0,2.468,14.644,2026-01-08T14:31:16.220118
500,10000,0.05,0.0,baseline,1,3276,1422,1282,0,3210,0.0,0.9015471167369902,0.0,2.564,14.2,2026-01-08T14:31:18.310934
500,10000,0.05,0.0,baseline,2,3254,1418,1261,0,3188,0.0,0.889280677009873,0.0,2.522,14.664,2026-01-08T14:31:20.389680
500,10000,0.05,0.0,baseline,3,3252,1409,1259,0,3182,0.0,0.893541518807665,0.0,2.518,14.204,2026-01-08T14:31:22.465183
500,10000,0.05,0.0,baseline,4,3239,1397,1246,0,3175,0.0,0.8919112383679313,0.0,2.492,13.988,2026-01-08T14:31:24.557942
1000,10000,0.001,0.0,baseline,0,3392,1465,1395,0,3329,0.0,0.9522184300341296,0.0,1.395,28.616,2026-01-08T14:31:29.044315
1000,10000,0.001,0.0,baseline,1,3383,1455,1386,0,3315,0.0,0.9525773195876288,0.0,1.386,28.842,2026-01-08T14:31:33.471065
1000,10000,0.001,0.0,baseline,2,3343,1419,1346,0,3285,0.0,0.9485553206483439,0.0,1.346,28.07,2026-01-08T14:31:37.943624
1000,10000,0.001,0.0,baseline,3,3380,1470,1383,0,3312,0.0,0.9408163265306122,0.0,1.383,28.236,2026-01-08T14:31:42.444565
1000,10000,0.001,0.0,baseline,4,3399,1466,1402,0,3338,0.0,0.956343792633015,0.0,1.402,28.51,2026-01-08T14:31:46.989104
1000,10000,0.005,0.0,baseline,0,3389,1471,1392,0,3329,0.0,0.9462950373895309,0.0,1.392,28.676,2026-01-08T14:31:51.473971
1000,10000,0.005,0.0,baseline,1,3350,1428,1353,0,3291,0.0,0.9474789915966386,0.0,1.353,28.33,2026-01-08T14:31:55.953268
1000,10000,0.005,0.0,baseline,2,3367,1452,1370,0,3305,0.0,0.9435261707988981,0.0,1.37,28.216,2026-01-08T14:32:00.457097
1000,10000,0.005,0.0,baseline,3,3373,1435,1376,0,3310,0.0,0.9588850174216028,0.0,1.376,28.768,2026-01-08T14:32:05.264767
1000,10000,0.005,0.0,baseline,4,3353,1442,1356,0,3288,0.0,0.9403606102635229,0.0,1.356,28.656,2026-01-08T14:32:09.896707
1000,10000,0.01,0.0,baseline,0,3369,1447,1372,0,3304,0.0,0.9481686247408431,0.0,1.372,28.496,2026-01-08T14:32:14.543831
1000,10000,0.01,0.0,baseline,1,3362,1447,1365,0,3289,0.0,0.9433310297166552,0.0,1.365,28.644,2026-01-08T14:32:19.151813
1000,10000,0.01,0.0,baseline,2,3372,1439,1375,0,3305,0.0,0.9555246699096595,0.0,1.375,28.334,2026-01-08T14:32:23.785282
1000,10000,0.01,0.0,baseline,3,3415,1473,1418,0,3345,0.0,0.9626612355736592,0.0,1.418,28.87,2026-01-08T14:32:28.293182
1000,10000,0.01,0.0,baseline,4,3367,1452,1370,0,3300,0.0,0.9435261707988981,0.0,1.37,28.808,2026-01-08T14:32:32.819948
1000,10000,0.02,0.0,baseline,0,3392,1464,1395,0,3326,0.0,0.9528688524590164,0.0,1.395,27.83,2026-01-08T14:32:37.348270
1000,10000,0.02,0.0,baseline,1,3351,1436,1354,0,3285,0.0,0.9428969359331476,0.0,1.354,28.578,2026-01-08T14:32:41.928613
1000,10000,0.02,0.0,baseline,2,3360,1424,1363,0,3291,0.0,0.9571629213483146,0.0,1.363,28.522,2026-01-08T14:32:46.502114
1000,10000,0.02,0.0,baseline,3,3388,1460,1391,0,3324,0.0,0.9527397260273973,0.0,1.391,28.222,2026-01-08T14:32:51.127655
1000,10000,0.02,0.0,baseline,4,3407,1474,1410,0,3338,0.0,0.9565807327001357,0.0,1.41,27.952,2026-01-08T14:32:55.711329
1000,10000,0.05,0.0,baseline,0,3367,1451,1370,0,3303,0.0,0.9441764300482426,0.0,1.37,28.996,2026-01-08T14:33:00.300950
1000,10000,0.05,0.0,baseline,1,3393,1478,1396,0,3323,0.0,0.9445196211096076,0.0,1.396,27.948,2026-01-08T14:33:04.838688
1000,10000,0.05,0.0,baseline,2,3383,1453,1386,0,3316,0.0,0.9538885065381968,0.0,1.386,28.36,2026-01-08T14:33:09.305332
1000,10000,0.05,0.0,baseline,3,3373,1453,1376,0,3306,0.0,0.9470061940812113,0.0,1.376,29.284,2026-01-08T14:33:13.740853
1000,10000,0.05,0.0,baseline,4,3379,1439,1382,0,3315,0.0,0.9603891591382905,0.0,1.382,28.676,2026-01-08T14:33:18.464817
50,10000,0.001,0.0,rl,0,431,428,2,106,4,0.2459396751740139,0.004672897196261682,0.0106,0.04,1.48,2026-01-08T14:33:19.612948
50,10000,0.001,0.0,rl,1,418,410,7,100,14,0.23923444976076555,0.01707317073170732,0.01,0.14,1.16,2026-01-08T14:33:20.735436
50,10000,0.001,0.0,rl,2,427,424,2,105,4,0.2459016393442623,0.0047169811320754715,0.0105,0.04,1.44,2026-01-08T14:33:21.842288
50,10000,0.001,0.0,rl,3,467,456,10,109,22,0.2334047109207709,0.021929824561403508,0.0109,0.2,1.32,2026-01-08T14:33:22.958809
50,10000,0.001,0.0,rl,4,397,395,1,98,2,0.24685138539042822,0.002531645569620253,0.0098,0.02,1.56,2026-01-08T14:33:24.112495
50,10000,0.001,0.05,rl,0,1086,778,307,95,641,0.08747697974217311,0.39460154241645246,0.0095,6.14,1.28,2026-01-08T14:33:24.971549
50,10000,0.001,0.05,rl,1,1062,763,299,98,628,0.09227871939736347,0.3918741808650065,0.0098,5.98,2.08,2026-01-08T14:33:25.774945
50,10000,0.001,0.05,rl,2,956,716,239,101,502,0.10564853556485355,0.33379888268156427,0.0101,4.78,1.2,2026-01-08T14:33:26.682224
50,10000,0.001,0.05,rl,3,1048,758,289,94,628,0.08969465648854962,0.3812664907651715,0.0094,5.78,1.64,2026-01-08T14:33:27.543203
50,10000,0.001,0.05,rl,4,976,727,248,95,561,0.09733606557377049,0.34112792297111416,0.0095,4.96,1.4,2026-01-08T14:33:28.418143
50,10000,0.001,0.1,rl,0,1134,842,291,86,739,0.07583774250440917,0.34560570071258906,0.0086,5.82,1.44,2026-01-08T14:33:29.239379
50,10000,0.001,0.1,rl,1,1358,973,384,81,976,0.05964653902798233,0.394655704008222,0.0081,7.68,0.92,2026-01-08T14:33:29.996985
50,10000,0.001,0.1,rl,2,1105,820,284,91,707,0.08235294117647059,0.3463414634146341,0.0091,5.68,1.08,2026-01-08T14:33:30.845416
50,10000,0.001,0.1,rl,3,1072,788,283,93,645,0.08675373134328358,0.35913705583756345,0.0093,5.66,2.16,2026-01-08T14:33:31.679426
50,10000,0.001,0.1,rl,4,1080,790,290,95,648,0.08796296296296297,0.3670886075949367,0.0095,5.8,1.08,2026-01-08T14:33:32.546960
50,10000,0.001,0.2,rl,0,1512,1089,422,62,1218,0.041005291005291,0.3875114784205693,0.0062,8.44,1.4,2026-01-08T14:33:33.178495
50,10000,0.001,0.2,rl,1,1420,1054,366,59,1139,0.04154929577464789,0.34724857685009486,0.0059,7.32,1.28,2026-01-08T14:33:33.864175
50,10000,0.001,0.2,rl,2,1446,1060,385,62,1134,0.042876901798063624,0.3632075471698113,0.0062,7.7,1.72,2026-01-08T14:33:34.534545
50,10000,0.001,0.2,rl,3,1211,914,296,65,904,0.053674649050371594,0.3238512035010941,0.0065,5.92,1.12,2026-01-08T14:33:35.336192
50,10000,0.001,0.2,rl,4,1348,984,364,67,1017,0.04970326409495549,0.3699186991869919,0.0067,7.28,1.24,2026-01-08T14:33:36.058249
50,10000,0.001,0.3,rl,0,1531,1109,422,61,1214,0.039843239712606136,0.38052299368800724,0.0061,8.44,1.76,2026-01-08T14:33:36.676416
50,10000,0.001,0.3,rl,1,1189,879,309,72,832,0.060555088309503784,0.3515358361774744,0.0072,6.18,1.44,2026-01-08T14:33:37.471565
50,10000,0.001,0.3,rl,2,1536,1122,413,56,1247,0.036458333333333336,0.3680926916221034,0.0056,8.26,1.48,2026-01-08T14:33:38.084225
50,10000,0.001,0.3,rl,3,1330,988,341,56,1055,0.042105263157894736,0.3451417004048583,0.0056,6.82,1.0,2026-01-08T14:33:38.806455
50,10000,0.001,0.3,rl,4,1232,920,311,68,912,0.05519480519480519,0.33804347826086956,0.0068,6.22,1.48,2026-01-08T14:33:39.583091
50,10000,0.001,0.5,rl,0,1386,1021,364,53,1127,0.03823953823953824,0.356513222331048,0.0053,7.28,1.56,2026-01-08T14:33:40.262593
50,10000,0.001,0.5,rl,1,1262,959,303,44,1040,0.03486529318541997,0.3159541188738269,0.0044,6.06,1.2,2026-01-08T14:33:41.000607
50,10000,0.001,0.5,rl,2,1373,997,375,47,1140,0.03423160961398398,0.37612838515546637,0.0047,7.5,1.4,2026-01-08T14:33:41.663872
50,10000,0.001,0.5,rl,3,1339,994,345,45,1104,0.033607169529499624,0.3470824949698189,0.0045,6.9,1.52,2026-01-08T14:33:42.338047
50,10000,0.001,0.5,rl,4,1369,1034,334,48,1113,0.03506208911614317,0.3230174081237911,0.0048,6.68,1.24,2026-01-08T14:33:43.053527
50,10000,0.005,0.0,rl,0,417,415,1,103,2,0.24700239808153476,0.0024096385542168677,0.0103,0.02,1.32,2026-01-08T14:33:44.202231
50,10000,0.005,0.0,rl,1,419,416,2,103,4,0.2458233890214797,0.004807692307692308,0.0103,0.04,1.68,2026-01-08T14:33:45.311866
50,10000,0.005,0.0,rl,2,403,400,2,99,4,0.2456575682382134,0.005,0.0099,0.04,1.12,2026-01-08T14:33:46.438072
50,10000,0.005,0.0,rl,3,399,396,2,98,4,0.24561403508771928,0.005050505050505051,0.0098,0.04,1.44,2026-01-08T14:33:47.548725
50,10000,0.005,0.0,rl,4,416,414,2,103,4,0.24759615384615385,0.004830917874396135,0.0103,0.04,0.8,2026-01-08T14:33:48.700528
50,10000,0.005,0.05,rl,0,875,676,198,106,412,0.12114285714285715,0.29289940828402367,0.0106,3.96,1.2,2026-01-08T14:33:49.640058
50,10000,0.005,0.05,rl,1,1005,742,262,103,545,0.10248756218905472,0.353099730458221,0.0103,5.24,1.16,2026-01-08T14:33:50.505688
50,10000,0.005,0.05,rl,2,934,711,222,103,479,0.11027837259100642,0.31223628691983124,0.0103,4.44,1.36,2026-01-08T14:33:51.406180
50,10000,0.005,0.05,rl,3,1107,793,313,91,670,0.08220415537488708,0.39470365699873894,0.0091,6.26,1.2,2026-01-08T14:33:52.202833
50,10000,0.005,0.05,rl,4,1042,768,273,98,588,0.09404990403071017,0.35546875,0.0098,5.46,1.36,2026-01-08T14:33:53.051781
50,10000,0.005,0.1,rl,0,1190,860,329,90,764,0.07563025210084033,0.3825581395348837,0.009,6.58,1.4,2026-01-08T14:33:53.869277
50,10000,0.005,0.1,rl,1,1367,978,389,75,989,0.0548646671543526,0.39775051124744376,0.0075,7.78,1.32,2026-01-08T14:33:54.560276
50,10000,0.005,0.1,rl,2,1135,846,289,81,754,0.07136563876651983,0.3416075650118203,0.0081,5.78,1.24,2026-01-08T14:33:55.370660
50,10000,0.005,0.1,rl,3,1370,978,391,81,981,0.059124087591240874,0.3997955010224949,0.0081,7.82,1.36,2026-01-08T14:33:56.076710
50,10000,0.005,0.1,rl,4,1210,873,336,86,808,0.07107438016528926,0.3848797250859107,0.0086,6.72,1.44,2026-01-08T14:33:56.839252
50,10000,0.005,0.2,rl,0,1266,943,322,78,899,0.061611374407582936,0.34146341463414637,0.0078,6.44,1.4,2026-01-08T14:33:57.599627
50,10000,0.005,0.2,rl,1,1337,980,356,61,1000,0.0456245325355273,0.363265306122449,0.0061,7.12,1.28,2026-01-08T14:33:58.320164
50,10000,0.005,0.2,rl,2,1197,889,307,75,843,0.06265664160401002,0.34533183352080987,0.0075,6.14,1.28,2026-01-08T14:33:59.100206
50,10000,0.005,0.2,rl,3,1306,947,358,68,968,0.05206738131699847,0.3780359028511088,0.0068,7.16,1.52,2026-01-08T14:33:59.827323
50,10000,0.005,0.2,rl,4,1404,1025,378,67,1062,0.04772079772079772,0.36878048780487804,0.0067,7.56,1.32,2026-01-08T14:34:00.528213
50,10000,0.005,0.3,rl,0,1566,1126,439,50,1302,0.031928480204342274,0.38987566607460034,0.005,8.78,1.28,2026-01-08T14:34:01.133320
50,10000,0.005,0.3,rl,1,1433,1075,358,60,1118,0.0418702023726448,0.3330232558139535,0.006,7.16,1.44,2026-01-08T14:34:01.841841
50,10000,0.005,0.3,rl,2,1304,983,320,52,1018,0.03987730061349693,0.32553407934893186,0.0052,6.4,1.48,2026-01-08T14:34:02.607508
50,10000,0.005,0.3,rl,3,1441,1052,388,58,1157,0.040249826509368494,0.3688212927756654,0.0058,7.76,1.24,2026-01-08T14:34:03.281017
50,10000,0.005,0.3,rl,4,1394,1004,390,62,1108,0.04447632711621234,0.3884462151394422,0.0062,7.8,1.52,2026-01-08T14:34:03.937426
50,10000,0.005,0.5,rl,0,1554,1124,429,42,1340,0.02702702702702703,0.3816725978647687,0.0042,8.58,1.48,2026-01-08T14:34:04.521305
50,10000,0.005,0.5,rl,1,1307,989,317,52,1059,0.03978576893649579,0.320525783619818,0.0052,6.34,1.36,2026-01-08T14:34:05.270021
50,10000,0.005,0.5,rl,2,1562,1185,376,40,1338,0.02560819462227913,0.3172995780590717,0.004,7.52,1.4,2026-01-08T14:34:05.927119
50,10000,0.005,0.5,rl,3,1511,1124,387,46,1288,0.03044341495698213,0.34430604982206403,0.0046,7.74,1.44,2026-01-08T14:34:06.546353
50,10000,0.005,0.5,rl,4,1459,1101,357,43,1228,0.029472241261137764,0.3242506811989101,0.0043,7.14,1.24,2026-01-08T14:34:07.226091
50,10000,0.01,0.0,rl,0,407,404,2,100,4,0.2457002457002457,0.0049504950495049506,0.01,0.04,1.36,2026-01-08T14:34:08.375334
50,10000,0.01,0.0,rl,1,411,408,2,101,4,0.24574209245742093,0.004901960784313725,0.0101,0.04,1.76,2026-01-08T14:34:09.520178
50,10000,0.01,0.0,rl,2,405,403,1,100,2,0.24691358024691357,0.0024813895781637717,0.01,0.02,1.6,2026-01-08T14:34:10.630385
50,10000,0.01,0.0,rl,3,414,411,2,102,4,0.2463768115942029,0.004866180048661801,0.0102,0.04,1.48,2026-01-08T14:34:11.831877
50,10000,0.01,0.0,rl,4,409,407,1,101,2,0.2469437652811736,0.002457002457002457,0.0101,0.02,1.4,2026-01-08T14:34:13.058177
50,10000,0.01,0.05,rl,0,917,677,239,99,509,0.1079607415485278,0.35302806499261447,0.0099,4.78,1.32,2026-01-08T14:34:13.969281
50,10000,0.01,0.05,rl,1,900,678,221,108,452,0.12,0.32595870206489674,0.0108,4.42,1.56,2026-01-08T14:34:14.938873
50,10000,0.01,0.05,rl,2,1005,739,266,99,574,0.09850746268656717,0.35994587280108253,0.0099,5.32,1.16,2026-01-08T14:34:15.821449
50,10000,0.01,0.05,rl,3,989,735,253,104,542,0.1051567239635996,0.3442176870748299,0.0104,5.06,1.16,2026-01-08T14:34:16.704533
50,10000,0.01,0.05,rl,4,1089,788,301,98,643,0.08999081726354453,0.3819796954314721,0.0098,6.02,1.12,2026-01-08T14:34:17.527724
50,10000,0.01,0.1,rl,0,1197,848,348,84,800,0.07017543859649122,0.41037735849056606,0.0084,6.96,1.32,2026-01-08T14:34:18.298325
50,10000,0.01,0.1,rl,1,1354,951,403,73,970,0.05391432791728213,0.4237644584647739,0.0073,8.06,1.64,2026-01-08T14:34:18.964282
50,10000,0.01,0.1,rl,2,1419,1017,401,80,1044,0.05637773079633545,0.3942969518190757,0.008,8.02,1.52,2026-01-08T14:34:19.635956
50,10000,0.01,0.1,rl,3,1422,997,424,72,1053,0.05063291139240506,0.42527582748244735,0.0072,8.48,1.4,2026-01-08T14:34:20.296469
50,10000,0.01,0.1,rl,4,1211,884,326,88,778,0.0726672171758877,0.36877828054298645,0.0088,6.52,1.64,2026-01-08T14:34:21.063825
50,10000,0.01,0.2,rl,0,1280,946,333,64,960,0.05,0.35200845665961944,0.0064,6.66,1.68,2026-01-08T14:34:21.793899
50,10000,0.01,0.2,rl,1,1310,977,333,64,988,0.04885496183206107,0.34083930399181167,0.0064,6.66,1.44,2026-01-08T14:34:22.538836
50,10000,0.01,0.2,rl,2,1128,853,274,82,765,0.0726950354609929,0.3212192262602579,0.0082,5.48,1.0,2026-01-08T14:34:23.380425
50,10000,0.01,0.2,rl,3,1333,977,355,68,1020,0.05101275318829707,0.3633572159672467,0.0068,7.1,1.08,2026-01-08T14:34:24.104859
50,10000,0.01,0.2,rl,4,1040,781,258,79,693,0.07596153846153846,0.33034571062740076,0.0079,5.16,1.0,2026-01-08T14:34:24.973497
50,10000,0.01,0.3,rl,0,1513,1116,396,47,1274,0.031064111037673495,0.3548387096774194,0.0047,7.92,1.24,2026-01-08T14:34:25.607183
50,10000,0.01,0.3,rl,1,1399,1019,379,61,1093,0.04360257326661901,0.3719332679097154,0.0061,7.58,1.48,2026-01-08T14:34:26.276458
50,10000,0.01,0.3,rl,2,1483,1104,378,51,1222,0.03438975050573163,0.3423913043478261,0.0051,7.56,1.4,2026-01-08T14:34:26.912916
50,10000,0.01,0.3,rl,3,1446,1073,372,52,1199,0.035961272475795295,0.3466915191053122,0.0052,7.44,1.32,2026-01-08T14:34:27.572085
50,10000,0.01,0.3,rl,4,1499,1097,401,46,1226,0.030687124749833223,0.365542388331814,0.0046,8.02,1.44,2026-01-08T14:34:28.186354
50,10000,0.01,0.5,rl,0,1591,1216,374,38,1372,0.023884349465744813,0.30756578947368424,0.0038,7.48,1.04,2026-01-08T14:34:28.802586
50,10000,0.01,0.5,rl,1,1542,1149,393,37,1343,0.023994811932555125,0.34203655352480417,0.0037,7.86,1.32,2026-01-08T14:34:29.418796
50,10000,0.01,0.5,rl,2,1474,1099,374,49,1224,0.03324287652645862,0.3403093721565059,0.0049,7.48,1.8,2026-01-08T14:34:30.078356
50,10000,0.01,0.5,rl,3,1500,1144,356,43,1300,0.028666666666666667,0.3111888111888112,0.0043,7.12,1.2,2026-01-08T14:34:30.721841
50,10000,0.01,0.5,rl,4,1367,1009,357,58,1091,0.04242867593269934,0.3538156590683845,0.0058,7.14,1.6,2026-01-08T14:34:31.406063
50,10000,0.02,0.0,rl,0,403,400,2,99,4,0.2456575682382134,0.005,0.0099,0.04,1.6,2026-01-08T14:34:32.509260
50,10000,0.02,0.0,rl,1,409,408,1,102,2,0.24938875305623473,0.0024509803921568627,0.0102,0.02,1.56,2026-01-08T14:34:33.629887
50,10000,0.02,0.0,rl,2,407,404,2,100,4,0.2457002457002457,0.0049504950495049506,0.01,0.04,1.08,2026-01-08T14:34:34.753475
50,10000,0.02,0.0,rl,3,411,408,2,101,4,0.24574209245742093,0.004901960784313725,0.0101,0.04,1.28,2026-01-08T14:34:35.890425
50,10000,0.02,0.0,rl,4,396,391,4,96,8,0.24242424242424243,0.010230179028132993,0.0096,0.08,1.48,2026-01-08T14:34:37.005281
50,10000,0.02,0.05,rl,0,973,704,268,94,573,0.09660842754367935,0.3806818181818182,0.0094,5.36,1.68,2026-01-08T14:34:37.875206
50,10000,0.02,0.05,rl,1,914,694,219,107,460,0.11706783369803063,0.31556195965417866,0.0107,4.38,1.44,2026-01-08T14:34:38.800035
50,10000,0.02,0.05,rl,2,1054,758,295,96,622,0.09108159392789374,0.3891820580474934,0.0096,5.9,1.6,2026-01-08T14:34:39.610663
50,10000,0.02,0.05,rl,3,999,746,252,103,561,0.1031031031031031,0.3378016085790885,0.0103,5.04,1.28,2026-01-08T14:34:40.488779
50,10000,0.02,0.05,rl,4,897,674,222,101,460,0.11259754738015608,0.3293768545994065,0.0101,4.44,1.12,2026-01-08T14:34:41.416591
50,10000,0.02,0.1,rl,0,1161,834,327,90,751,0.07751937984496124,0.3920863309352518,0.009,6.54,1.48,2026-01-08T14:34:42.213309
50,10000,0.02,0.1,rl,1,1200,873,326,80,810,0.06666666666666667,0.3734249713631157,0.008,6.52,1.4,2026-01-08T14:34:42.997134
50,10000,0.02,0.1,rl,2,1167,843,324,83,758,0.07112253641816624,0.38434163701067614,0.0083,6.48,1.04,2026-01-08T14:34:43.798837
50,10000,0.02,0.1,rl,3,1315,925,390,87,892,0.0661596958174905,0.42162162162162165,0.0087,7.8,1.24,2026-01-08T14:34:44.525911
50,10000,0.02,0.1,rl,4,1199,863,335,87,782,0.0725604670558799,0.388180764774044,0.0087,6.7,1.28,2026-01-08T14:34:45.307148
50,10000,0.02,0.2,rl,0,1570,1120,450,51,1265,0.03248407643312102,0.4017857142857143,0.0051,9.0,1.96,2026-01-08T14:34:45.872973
50,10000,0.02,0.2,rl,1,1299,947,351,64,980,0.049268668206312545,0.3706441393875396,0.0064,7.02,1.68,2026-01-08T14:34:46.573031
50,10000,0.02,0.2,rl,2,1354,1003,350,73,1008,0.05391432791728213,0.3489531405782652,0.0073,7.0,1.12,2026-01-08T14:34:47.311836
50,10000,0.02,0.2,rl,3,1097,820,276,69,777,0.06289881494986327,0.33658536585365856,0.0069,5.52,1.44,2026-01-08T14:34:48.110922
50,10000,0.02,0.2,rl,4,1323,969,353,68,973,0.05139833711262283,0.36429308565531476,0.0068,7.06,1.32,2026-01-08T14:34:48.830790
50,10000,0.02,0.3,rl,0,1288,956,331,57,1011,0.04425465838509317,0.34623430962343094,0.0057,6.62,1.32,2026-01-08T14:34:49.563447
50,10000,0.02,0.3,rl,1,1478,1086,391,54,1198,0.036535859269282815,0.36003683241252304,0.0054,7.82,1.12,2026-01-08T14:34:50.226139
50,10000,0.02,0.3,rl,2,1399,1035,364,61,1119,0.04360257326661901,0.3516908212560386,0.0061,7.28,1.2,2026-01-08T14:34:50.931952
50,10000,0.02,0.3,rl,3,1444,1054,390,56,1157,0.038781163434903045,0.3700189753320683,0.0056,7.8,1.08,2026-01-08T14:34:51.623777
50,10000,0.02,0.3,rl,4,1526,1089,436,49,1265,0.03211009174311927,0.4003673094582185,0.0049,8.72,1.36,2026-01-08T14:34:52.222287
50,10000,0.02,0.5,rl,0,1377,1038,339,51,1103,0.037037037037037035,0.3265895953757225,0.0051,6.78,1.48,2026-01-08T14:34:52.931530
50,10000,0.02,0.5,rl,1,1436,1069,366,44,1210,0.03064066852367688,0.3423760523854069,0.0044,7.32,1.68,2026-01-08T14:34:53.587079
50,10000,0.02,0.5,rl,2,1591,1181,409,43,1361,0.02702702702702703,0.34631668077900085,0.0043,8.18,1.2,2026-01-08T14:34:54.184657
50,10000,0.02,0.5,rl,3,1359,1013,345,43,1129,0.03164091243561442,0.3405725567620928,0.0043,6.9,1.0,2026-01-08T14:34:54.899150
50,10000,0.02,0.5,rl,4,1310,975,334,53,1052,0.04045801526717557,0.3425641025641026,0.0053,6.68,1.48,2026-01-08T14:34:55.601874
50,10000,0.05,0.0,rl,0,413,411,1,102,2,0.2469733656174334,0.0024330900243309003,0.0102,0.02,1.28,2026-01-08T14:34:56.740735
50,10000,0.05,0.0,rl,1,407,404,2,100,4,0.2457002457002457,0.0049504950495049506,0.01,0.04,1.24,2026-01-08T14:34:57.864735
50,10000,0.05,0.0,rl,2,412,410,2,102,4,0.24757281553398058,0.004878048780487805,0.0102,0.04,1.12,2026-01-08T14:34:59.009550
50,10000,0.05,0.0,rl,3,410,408,1,101,2,0.24634146341463414,0.0024509803921568627,0.0101,0.02,1.56,2026-01-08T14:35:00.111024
50,10000,0.05,0.0,rl,4,409,403,5,99,10,0.24205378973105135,0.01240694789081886,0.0099,0.1,1.44,2026-01-08T14:35:01.214824
50,10000,0.05,0.05,rl,0,1067,765,301,96,630,0.08997188378631678,0.3934640522875817,0.0096,6.02,1.8,2026-01-08T14:35:02.017338
50,10000,0.05,0.05,rl,1,1068,774,293,96,623,0.0898876404494382,0.3785529715762274,0.0096,5.86,1.4,2026-01-08T14:35:02.835458
50,10000,0.05,0.05,rl,2,998,741,256,100,543,0.10020040080160321,0.34547908232118757,0.01,5.12,1.56,2026-01-08T14:35:03.683895
50,10000,0.05,0.05,rl,3,1085,794,290,97,646,0.08940092165898618,0.36523929471032746,0.0097,5.8,1.24,2026-01-08T14:35:04.534042
50,10000,0.05,0.05,rl,4,998,720,277,92,584,0.09218436873747494,0.38472222222222224,0.0092,5.54,1.48,2026-01-08T14:35:05.383753
50,10000,0.05,0.1,rl,0,1292,939,352,80,919,0.06191950464396285,0.37486687965921195,0.008,7.04,1.04,2026-01-08T14:35:06.129929
50,10000,0.05,0.1,rl,1,1248,908,340,77,866,0.06169871794871795,0.3744493392070485,0.0077,6.8,1.2,2026-01-08T14:35:06.896301
50,10000,0.05,0.1,rl,2,1189,841,347,78,821,0.0656013456686291,0.4126040428061831,0.0078,6.94,1.28,2026-01-08T14:35:07.656133
50,10000,0.05,0.1,rl,3,1172,849,323,78,787,0.06655290102389079,0.38044758539458184,0.0078,6.46,1.6,2026-01-08T14:35:08.414185
50,10000,0.05,0.1,rl,4,1098,824,274,92,694,0.08378870673952642,0.3325242718446602,0.0092,5.48,1.64,2026-01-08T14:35:09.239217
50,10000,0.05,0.2,rl,0,1293,944,349,66,980,0.05104408352668213,0.3697033898305085,0.0066,6.98,1.48,2026-01-08T14:35:09.974079
50,10000,0.05,0.2,rl,1,1246,920,325,62,937,0.04975922953451043,0.3532608695652174,0.0062,6.5,1.12,2026-01-08T14:35:10.741884
50,10000,0.05,0.2,rl,2,1378,1003,375,66,1057,0.047895500725689405,0.37387836490528414,0.0066,7.5,1.6,2026-01-08T14:35:11.415326
50,10000,0.05,0.2,rl,3,1386,1001,384,72,1047,0.05194805194805195,0.3836163836163836,0.0072,7.68,1.36,2026-01-08T14:35:12.094540
50,10000,0.05,0.2,rl,4,1345,990,354,64,1049,0.04758364312267658,0.3575757575757576,0.0064,7.08,1.08,2026-01-08T14:35:12.813184
50,10000,0.05,0.3,rl,0,1374,996,377,62,1078,0.04512372634643377,0.3785140562248996,0.0062,7.54,1.72,2026-01-08T14:35:13.492758
50,10000,0.05,0.3,rl,1,1575,1128,446,55,1281,0.03492063492063492,0.3953900709219858,0.0055,8.92,1.32,2026-01-08T14:35:14.082761
50,10000,0.05,0.3,rl,2,1465,1071,393,58,1179,0.039590443686006824,0.36694677871148457,0.0058,7.86,1.44,2026-01-08T14:35:14.730998
50,10000,0.05,0.3,rl,3,1235,917,317,67,924,0.05425101214574899,0.3456924754634678,0.0067,6.34,1.56,2026-01-08T14:35:15.484575
50,10000,0.05,0.3,rl,4,1529,1128,400,49,1281,0.032047089601046436,0.3546099290780142,0.0049,8.0,1.44,2026-01-08T14:35:16.096295
50,10000,0.05,0.5,rl,0,1546,1143,402,40,1334,0.0258732212160414,0.35170603674540685,0.004,8.04,1.36,2026-01-08T14:35:16.703952
50,10000,0.05,0.5,rl,1,1460,1075,384,48,1221,0.03287671232876712,0.3572093023255814,0.0048,7.68,1.76,2026-01-08T14:35:17.320433
50,10000,0.05,0.5,rl,2,1293,970,322,53,1041,0.040989945862335654,0.3319587628865979,0.0053,6.44,1.0,2026-01-08T14:35:18.057075
50,10000,0.05,0.5,rl,3,1503,1142,361,44,1273,0.02927478376580173,0.3161120840630473,0.0044,7.22,1.0,2026-01-08T14:35:18.706778
50,10000,0.05,0.5,rl,4,1568,1145,422,40,1344,0.025510204081632654,0.3685589519650655,0.004,8.44,1.28,2026-01-08T14:35:19.305308
100,10000,0.001,0.0,rl,0,415,412,2,102,4,0.2457831325301205,0.0048543689320388345,0.0102,0.02,3.16,2026-01-08T14:35:21.592283
100,10000,0.001,0.0,rl,1,418,415,3,103,6,0.24641148325358853,0.007228915662650603,0.0103,0.03,2.54,2026-01-08T14:35:24.027893
100,10000,0.001,0.0,rl,2,419,416,2,103,4,0.2458233890214797,0.004807692307692308,0.0103,0.02,3.04,2026-01-08T14:35:26.374781
100,10000,0.001,0.0,rl,3,411,408,2,101,4,0.24574209245742093,0.004901960784313725,0.0101,0.02,2.48,2026-01-08T14:35:28.835053
100,10000,0.001,0.0,rl,4,418,412,5,101,10,0.24162679425837322,0.012135922330097087,0.0101,0.05,2.74,2026-01-08T14:35:31.334756
100,10000,0.001,0.05,rl,0,1828,1205,623,56,1473,0.030634573304157548,0.5170124481327801,0.0056,6.23,3.0,2026-01-08T14:35:32.975477
100,10000,0.001,0.05,rl,1,1731,1125,605,64,1371,0.03697284806470248,0.5377777777777778,0.0064,6.05,2.6,2026-01-08T14:35:34.808017
100,10000,0.001,0.05,rl,2,1743,1130,613,68,1383,0.03901319563970167,0.5424778761061947,0.0068,6.13,2.54,2026-01-08T14:35:36.620129
100,10000,0.001,0.05,rl,3,1683,1119,563,74,1306,0.043969102792632206,0.5031277926720286,0.0074,5.63,2.96,2026-01-08T14:35:38.598434
100,10000,0.001,0.05,rl,4,1832,1201,630,59,1481,0.03220524017467249,0.5245628642797668,0.0059,6.3,2.84,2026-01-08T14:35:40.349810
100,10000,0.001,0.1,rl,0,2230,1484,746,42,1927,0.01883408071748879,0.5026954177897575,0.0042,7.46,3.02,2026-01-08T14:35:41.827280
100,10000,0.001,0.1,rl,1,2281,1512,768,34,2034,0.014905743095133712,0.5079365079365079,0.0034,7.68,2.42,2026-01-08T14:35:43.360921
100,10000,0.001,0.1,rl,2,2015,1351,663,51,1707,0.025310173697270472,0.49074759437453735,0.0051,6.63,2.92,2026-01-08T14:35:45.165820
100,10000,0.001,0.1,rl,3,2235,1447,787,37,1974,0.016554809843400447,0.5438838977194195,0.0037,7.87,2.78,2026-01-08T14:35:46.606497
100,10000,0.001,0.1,rl,4,2013,1324,688,46,1729,0.022851465474416296,0.5196374622356495,0.0046,6.88,3.04,2026-01-08T14:35:48.370854
100,10000,0.001,0.2,rl,0,2564,1734,829,13,2392,0.005070202808112325,0.47808535178777395,0.0013,8.29,2.88,2026-01-08T14:35:49.818584
100,10000,0.001,0.2,rl,1,2619,1753,865,13,2450,0.004963726613211149,0.4934398174557901,0.0013,8.65,2.76,2026-01-08T14:35:51.135059
100,10000,0.001,0.2,rl,2,2462,1671,791,19,2264,0.007717303005686434,0.47336923997606223,0.0019,7.91,3.18,2026-01-08T14:35:52.589728
100,10000,0.001,0.2,rl,3,2363,1599,763,26,2122,0.011002962336013541,0.47717323327079425,0.0026,7.63,3.0,2026-01-08T14:35:54.170474
100,10000,0.001,0.2,rl,4,2545,1746,798,13,2371,0.005108055009823182,0.4570446735395189,0.0013,7.98,2.72,2026-01-08T14:35:55.562261
100,10000,0.001,0.3,rl,0,2758,1892,865,5,2644,0.0018129079042784628,0.4571881606765328,0.0005,8.65,2.92,2026-01-08T14:35:56.825667
100,10000,0.001,0.3,rl,1,2688,1878,810,4,2555,0.001488095238095238,0.43130990415335463,0.0004,8.1,2.88,2026-01-08T14:35:58.198144
100,10000,0.001,0.3,rl,2,2736,1876,859,5,2602,0.001827485380116959,0.4578891257995736,0.0005,8.59,2.72,2026-01-08T14:35:59.470660
100,10000,0.001,0.3,rl,3,2756,1879,876,6,2610,0.0021770682148040637,0.466205428419372,0.0006,8.76,2.62,2026-01-08T14:36:00.825817
100,10000,0.001,0.3,rl,4,2739,1897,842,2,2625,0.0007301935012778386,0.44385872430152873,0.0002,8.42,2.9,2026-01-08T14:36:02.110870
100,10000,0.001,0.5,rl,0,2757,1896,860,4,2653,0.0014508523757707653,0.45358649789029537,0.0004,8.6,2.74,2026-01-08T14:36:03.383671
100,10000,0.001,0.5,rl,1,2738,1904,833,3,2648,0.001095690284879474,0.4375,0.0003,8.33,3.08,2026-01-08T14:36:04.696972
100,10000,0.001,0.5,rl,2,2861,1962,898,0,2785,0.0,0.45769622833843016,0.0,8.98,2.68,2026-01-08T14:36:05.960218
100,10000,0.001,0.5,rl,3,2631,1824,806,8,2490,0.003040668947168377,0.4418859649122807,0.0008,8.06,3.1,2026-01-08T14:36:07.530315
100,10000,0.001,0.5,rl,4,2813,1943,869,1,2719,0.00035549235691432633,0.447246525990736,0.0001,8.69,2.88,2026-01-08T14:36:08.907773
100,10000,0.005,0.0,rl,0,397,393,3,97,6,0.24433249370277077,0.007633587786259542,0.0097,0.03,2.62,2026-01-08T14:36:11.264977
100,10000,0.005,0.0,rl,1,410,406,3,100,6,0.24390243902439024,0.007389162561576354,0.01,0.03,2.6,2026-01-08T14:36:13.596568
100,10000,0.005,0.0,rl,2,411,408,2,101,4,0.24574209245742093,0.004901960784313725,0.0101,0.02,2.92,2026-01-08T14:36:15.996939
100,10000,0.005,0.0,rl,3,404,401,2,100,4,0.24752475247524752,0.004987531172069825,0.01,0.02,2.58,2026-01-08T14:36:18.459400
100,10000,0.005,0.0,rl,4,414,408,5,100,10,0.24154589371980675,0.012254901960784314,0.01,0.05,2.76,2026-01-08T14:36:20.802765
100,10000,0.005,0.05,rl,0,1687,1096,590,69,1322,0.04090100770598696,0.5383211678832117,0.0069,5.9,2.8,2026-01-08T14:36:22.691585
100,10000,0.005,0.05,rl,1,1933,1247,685,59,1575,0.030522503879979308,0.5493183640737771,0.0059,6.85,2.96,2026-01-08T14:36:24.274893
100,10000,0.005,0.05,rl,2,1737,1139,597,69,1356,0.039723661485319514,0.52414398595259,0.0069,5.97,3.0,2026-01-08T14:36:26.101186
100,10000,0.005,0.05,rl,3,1905,1238,666,59,1552,0.030971128608923884,0.5379644588045234,0.0059,6.66,2.88,2026-01-08T14:36:27.703964
100,10000,0.005,0.05,rl,4,1845,1205,639,65,1461,0.03523035230352303,0.5302904564315353,0.0065,6.39,3.04,2026-01-08T14:36:29.403889
100,10000,0.005,0.1,rl,0,2065,1354,710,46,1770,0.022276029055690073,0.5243722304283605,0.0046,7.1,3.24,2026-01-08T14:36:30.985558
100,10000,0.005,0.1,rl,1,2126,1394,731,44,1840,0.020696142991533398,0.524390243902439,0.0044,7.31,3.04,2026-01-08T14:36:32.618226
100,10000,0.005,0.1,rl,2,2223,1449,773,41,1928,0.018443544759334234,0.533471359558316,0.0041,7.73,3.0,2026-01-08T14:36:34.135869
100,10000,0.005,0.1,rl,3,2145,1424,721,42,1872,0.019580419580419582,0.5063202247191011,0.0042,7.21,2.86,2026-01-08T14:36:35.913663
100,10000,0.005,0.1,rl,4,2144,1407,737,44,1851,0.020522388059701493,0.5238095238095238,0.0044,7.37,3.04,2026-01-08T14:36:37.519124
100,10000,0.005,0.2,rl,0,2422,1653,768,21,2236,0.008670520231213872,0.4646098003629764,0.0021,7.68,2.68,2026-01-08T14:36:39.045417
100,10000,0.005,0.2,rl,1,2416,1641,774,23,2209,0.009519867549668874,0.4716636197440585,0.0023,7.74,2.98,2026-01-08T14:36:40.494488
100,10000,0.005,0.2,rl,2,2472,1653,818,22,2269,0.00889967637540453,0.49485783424077434,0.0022,8.18,3.34,2026-01-08T14:36:41.848930
100,10000,0.005,0.2,rl,3,2387,1621,765,24,2148,0.010054461667364893,0.4719309068476249,0.0024,7.65,2.84,2026-01-08T14:36:43.436996
100,10000,0.005,0.2,rl,4,2587,1710,876,18,2383,0.006957866254348666,0.512280701754386,0.0018,8.76,3.14,2026-01-08T14:36:44.700504
100,10000,0.005,0.3,rl,0,2777,1913,864,2,2666,0.0007202016564638099,0.4516466283324621,0.0002,8.64,2.64,2026-01-08T14:36:45.932936
100,10000,0.005,0.3,rl,1,2669,1814,854,12,2518,0.004496065942300487,0.47078280044101434,0.0012,8.54,3.0,2026-01-08T14:36:47.213000
100,10000,0.005,0.3,rl,2,2593,1754,838,14,2408,0.005399151561897416,0.47776510832383123,0.0014,8.38,3.06,2026-01-08T14:36:48.538841
100,10000,0.005,0.3,rl,3,2568,1771,796,10,2425,0.003894080996884735,0.4494635798983625,0.001,7.96,3.22,2026-01-08T14:36:49.959556
100,10000,0.005,0.3,rl,4,2775,1915,860,3,2683,0.001081081081081081,0.4490861618798956,0.0003,8.6,2.58,2026-01-08T14:36:51.229284
100,10000,0.005,0.5,rl,0,2749,1917,831,3,2651,0.0010913059294288831,0.433489827856025,0.0003,8.31,2.62,2026-01-08T14:36:52.638672
100,10000,0.005,0.5,rl,1,2746,1921,824,3,2652,0.0010924981791697013,0.42894325871941696,0.0003,8.24,2.78,2026-01-08T14:36:53.976778
100,10000,0.005,0.5,rl,2,2835,1950,884,0,2749,0.0,0.4533333333333333,0.0,8.84,3.04,2026-01-08T14:36:55.218058
100,10000,0.005,0.5,rl,3,2706,1871,834,5,2581,0.0018477457501847746,0.44575093532870125,0.0005,8.34,2.98,2026-01-08T14:36:56.641958
100,10000,0.005,0.5,rl,4,2636,1855,780,6,2534,0.002276176024279211,0.42048517520215634,0.0006,7.8,2.88,2026-01-08T14:36:58.152400
100,10000,0.01,0.0,rl,0,418,416,1,103,3,0.24641148325358853,0.002403846153846154,0.0103,0.01,3.34,2026-01-08T14:37:00.356009
100,10000,0.01,0.0,rl,1,499,464,34,104,65,0.20841683366733466,0.07327586206896551,0.0104,0.34,2.94,2026-01-08T14:37:02.613150
100,10000,0.01,0.0,rl,2,414,411,3,102,6,0.2463768115942029,0.0072992700729927005,0.0102,0.03,2.48,2026-01-08T14:37:04.992741
100,10000,0.01,0.0,rl,3,402,399,3,99,6,0.2462686567164179,0.007518796992481203,0.0099,0.03,2.74,2026-01-08T14:37:07.280028
100,10000,0.01,0.0,rl,4,413,409,3,101,6,0.24455205811138014,0.007334963325183374,0.0101,0.03,3.02,2026-01-08T14:37:09.605434
100,10000,0.01,0.05,rl,0,1823,1182,640,60,1452,0.03291278113000549,0.5414551607445008,0.006,6.4,2.84,2026-01-08T14:37:11.301662
100,10000,0.01,0.05,rl,1,1796,1166,629,69,1411,0.03841870824053452,0.5394511149228131,0.0069,6.29,2.9,2026-01-08T14:37:12.999389
100,10000,0.01,0.05,rl,2,1867,1213,654,56,1515,0.029994643813604713,0.5391591096455071,0.0056,6.54,2.78,2026-01-08T14:37:14.740775
100,10000,0.01,0.05,rl,3,1881,1223,657,62,1496,0.0329611908559277,0.5372035977105478,0.0062,6.57,2.52,2026-01-08T14:37:16.547291
100,10000,0.01,0.05,rl,4,1814,1168,645,63,1428,0.034729878721058434,0.5522260273972602,0.0063,6.45,2.92,2026-01-08T14:37:18.265565
100,10000,0.01,0.1,rl,0,2350,1552,797,28,2096,0.011914893617021277,0.5135309278350515,0.0028,7.97,2.68,2026-01-08T14:37:19.702264
100,10000,0.01,0.1,rl,1,2334,1542,791,32,2052,0.013710368466152529,0.5129701686121919,0.0032,7.91,3.18,2026-01-08T14:37:21.185159
100,10000,0.01,0.1,rl,2,2317,1517,800,32,2014,0.013810962451445835,0.5273566249176005,0.0032,8.0,2.44,2026-01-08T14:37:22.713579
100,10000,0.01,0.1,rl,3,2087,1384,702,45,1804,0.02156205079060853,0.5072254335260116,0.0045,7.02,3.02,2026-01-08T14:37:24.313729
100,10000,0.01,0.1,rl,4,2083,1393,689,49,1766,0.023523763802208355,0.4946159368269921,0.0049,6.89,3.1,2026-01-08T14:37:26.018093
100,10000,0.01,0.2,rl,0,2549,1739,809,13,2373,0.0051000392310710085,0.46520989074180563,0.0013,8.09,2.72,2026-01-08T14:37:27.507414
100,10000,0.01,0.2,rl,1,2269,1511,757,31,2071,0.013662406346408109,0.500992720052945,0.0031,7.57,3.14,2026-01-08T14:37:28.956291
100,10000,0.01,0.2,rl,2,2593,1778,814,11,2431,0.004242190512919399,0.4578177727784027,0.0011,8.14,2.7,2026-01-08T14:37:30.367692
100,10000,0.01,0.2,rl,3,2616,1794,821,12,2473,0.0045871559633027525,0.4576365663322185,0.0012,8.21,2.74,2026-01-08T14:37:31.726025
100,10000,0.01,0.2,rl,4,2056,1373,682,46,1799,0.02237354085603113,0.4967225054624909,0.0046,6.82,3.4,2026-01-08T14:37:33.507278
100,10000,0.01,0.3,rl,0,2786,1905,880,3,2691,0.0010768126346015793,0.46194225721784776,0.0003,8.8,2.6,2026-01-08T14:37:34.791974
100,10000,0.01,0.3,rl,1,2692,1838,854,8,2570,0.0029717682020802376,0.4646354733405876,0.0008,8.54,2.74,2026-01-08T14:37:36.209406
100,10000,0.01,0.3,rl,2,2694,1854,839,6,2555,0.0022271714922048997,0.4525350593311758,0.0006,8.39,2.64,2026-01-08T14:37:37.540015
100,10000,0.01,0.3,rl,3,2693,1855,838,6,2571,0.0022279985146676567,0.4517520215633423,0.0006,8.38,2.46,2026-01-08T14:37:38.967681
100,10000,0.01,0.3,rl,4,2680,1864,816,6,2547,0.002238805970149254,0.43776824034334766,0.0006,8.16,2.86,2026-01-08T14:37:40.286660
100,10000,0.01,0.5,rl,0,2812,1945,866,1,2727,0.00035561877667140827,0.4452442159383033,0.0001,8.66,2.74,2026-01-08T14:37:41.522502
100,10000,0.01,0.5,rl,1,2722,1936,785,1,2641,0.0003673769287288758,0.40547520661157027,0.0001,7.85,2.62,2026-01-08T14:37:42.834485
100,10000,0.01,0.5,rl,2,2661,1834,826,9,2537,0.0033821871476888386,0.45038167938931295,0.0009,8.26,3.02,2026-01-08T14:37:44.156424
100,10000,0.01,0.5,rl,3,2812,1950,861,1,2738,0.00035561877667140827,0.44153846153846155,0.0001,8.61,2.68,2026-01-08T14:37:45.434118
100,10000,0.01,0.5,rl,4,2750,1920,829,4,2664,0.0014545454545454545,0.4317708333333333,0.0004,8.29,2.88,2026-01-08T14:37:46.716802
100,10000,0.02,0.0,rl,0,403,400,2,99,4,0.2456575682382134,0.005,0.0099,0.02,2.6,2026-01-08T14:37:49.084807
100,10000,0.02,0.0,rl,1,396,393,2,98,4,0.2474747474747475,0.005089058524173028,0.0098,0.02,2.94,2026-01-08T14:37:51.434401
100,10000,0.02,0.0,rl,2,427,424,2,105,4,0.2459016393442623,0.0047169811320754715,0.0105,0.02,2.6,2026-01-08T14:37:53.779578
100,10000,0.02,0.0,rl,3,407,404,2,100,4,0.2457002457002457,0.0049504950495049506,0.01,0.02,2.56,2026-01-08T14:37:56.077031
100,10000,0.02,0.0,rl,4,426,420,5,103,10,0.24178403755868544,0.011904761904761904,0.0103,0.05,3.2,2026-01-08T14:37:58.364936
100,10000,0.02,0.05,rl,0,1876,1209,666,60,1513,0.031982942430703626,0.5508684863523573,0.006,6.66,2.6,2026-01-08T14:37:59.988115
100,10000,0.02,0.05,rl,1,1857,1205,651,67,1475,0.03607969843834141,0.5402489626556016,0.0067,6.51,2.78,2026-01-08T14:38:01.623632
100,10000,0.02,0.05,rl,2,1755,1144,610,62,1398,0.035327635327635325,0.5332167832167832,0.0062,6.1,3.34,2026-01-08T14:38:03.285820
100,10000,0.02,0.05,rl,3,1855,1199,655,58,1524,0.031266846361185985,0.5462885738115096,0.0058,6.55,2.62,2026-01-08T14:38:04.900868
100,10000,0.02,0.05,rl,4,1671,1104,566,68,1294,0.040694195092758824,0.5126811594202898,0.0068,5.66,3.5,2026-01-08T14:38:06.756019
100,10000,0.02,0.1,rl,0,2165,1417,748,36,1900,0.016628175519630486,0.5278757939308398,0.0036,7.48,3.06,2026-01-08T14:38:08.236643
100,10000,0.02,0.1,rl,1,2072,1358,714,48,1782,0.023166023166023165,0.5257731958762887,0.0048,7.14,3.12,2026-01-08T14:38:09.833597
100,10000,0.02,0.1,rl,2,2161,1395,765,42,1890,0.01943544655252198,0.5483870967741935,0.0042,7.65,3.16,2026-01-08T14:38:11.382044
100,10000,0.02,0.1,rl,3,2159,1415,743,42,1862,0.019453450671607225,0.5250883392226149,0.0042,7.43,2.66,2026-01-08T14:38:13.004071
100,10000,0.02,0.1,rl,4,2213,1463,749,37,1953,0.016719385449615907,0.5119617224880383,0.0037,7.49,2.52,2026-01-08T14:38:14.615056
100,10000,0.02,0.2,rl,0,2622,1786,836,8,2457,0.0030511060259344014,0.46808510638297873,0.0008,8.36,2.36,2026-01-08T14:38:15.996468
100,10000,0.02,0.2,rl,1,2428,1657,770,20,2224,0.008237232289950576,0.46469523234761617,0.002,7.7,2.76,2026-01-08T14:38:17.481830
100,10000,0.02,0.2,rl,2,2318,1596,721,28,2085,0.012079378774805867,0.4517543859649123,0.0028,7.21,3.16,2026-01-08T14:38:19.151585
100,10000,0.02,0.2,rl,3,2598,1789,809,14,2423,0.005388760585065435,0.4522079373951928,0.0014,8.09,2.56,2026-01-08T14:38:20.611654
100,10000,0.02,0.2,rl,4,2489,1717,771,20,2300,0.008035355564483728,0.44903902154921377,0.002,7.71,3.04,2026-01-08T14:38:22.102380
100,10000,0.02,0.3,rl,0,2718,1879,839,4,2600,0.0014716703458425313,0.44651410324640767,0.0004,8.39,2.86,2026-01-08T14:38:23.324428
100,10000,0.02,0.3,rl,1,2604,1790,813,11,2457,0.004224270353302612,0.4541899441340782,0.0011,8.13,2.82,2026-01-08T14:38:24.786391
100,10000,0.02,0.3,rl,2,2689,1878,811,5,2576,0.001859427296392711,0.43184238551650694,0.0005,8.11,2.88,2026-01-08T14:38:26.080131
100,10000,0.02,0.3,rl,3,2596,1807,788,9,2439,0.0034668721109399076,0.436081903707803,0.0009,7.88,2.48,2026-01-08T14:38:27.605392
100,10000,0.02,0.3,rl,4,2791,1901,889,3,2690,0.0010748835542816195,0.46764860599684377,0.0003,8.89,2.44,2026-01-08T14:38:28.894316
100,10000,0.02,0.5,rl,0,2810,1962,847,0,2736,0.0,0.43170234454638123,0.0,8.47,2.76,2026-01-08T14:38:30.237138
100,10000,0.02,0.5,rl,1,2861,1975,885,0,2791,0.0,0.4481012658227848,0.0,8.85,2.62,2026-01-08T14:38:31.577959
100,10000,0.02,0.5,rl,2,2699,1913,785,3,2613,0.0011115227862171174,0.41035023523261893,0.0003,7.85,2.38,2026-01-08T14:38:33.005961
100,10000,0.02,0.5,rl,3,2768,1920,847,4,2658,0.001445086705202312,0.44114583333333335,0.0004,8.47,2.86,2026-01-08T14:38:34.319999
100,10000,0.02,0.5,rl,4,2792,1942,849,1,2703,0.00035816618911174784,0.437178166838311,0.0001,8.49,2.78,2026-01-08T14:38:35.636226
100,10000,0.05,0.0,rl,0,411,408,2,101,4,0.24574209245742093,0.004901960784313725,0.0101,0.02,2.78,2026-01-08T14:38:38.005643
100,10000,0.05,0.0,rl,1,407,405,2,101,4,0.24815724815724816,0.0049382716049382715,0.0101,0.02,2.54,2026-01-08T14:38:40.274062
100,10000,0.05,0.0,rl,2,403,400,2,99,4,0.2456575682382134,0.005,0.0099,0.02,2.6,2026-01-08T14:38:42.602304
100,10000,0.05,0.0,rl,3,415,408,7,100,14,0.24096385542168675,0.01715686274509804,0.01,0.07,2.78,2026-01-08T14:38:44.923945
100,10000,0.05,0.0,rl,4,411,408,2,101,4,0.24574209245742093,0.004901960784313725,0.0101,0.02,2.4,2026-01-08T14:38:47.333218
100,10000,0.05,0.05,rl,0,1794,1174,619,67,1403,0.037346711259754736,0.5272572402044293,0.0067,6.19,2.52,2026-01-08T14:38:49.202199
100,10000,0.05,0.05,rl,1,1748,1150,597,65,1359,0.03718535469107551,0.5191304347826087,0.0065,5.97,2.88,2026-01-08T14:38:51.178378
100,10000,0.05,0.05,rl,2,1766,1156,610,71,1375,0.04020385050962627,0.527681660899654,0.0071,6.1,2.94,2026-01-08T14:38:52.962106
100,10000,0.05,0.05,rl,3,1929,1243,685,62,1559,0.0321410057024365,0.5510860820595334,0.0062,6.85,2.76,2026-01-08T14:38:54.557135
100,10000,0.05,0.05,rl,4,1712,1110,601,66,1343,0.038551401869158876,0.5414414414414415,0.0066,6.01,2.66,2026-01-08T14:38:56.415308
100,10000,0.05,0.1,rl,0,2298,1506,792,33,2030,0.014360313315926894,0.5258964143426295,0.0033,7.92,2.92,2026-01-08T14:38:57.930081
100,10000,0.05,0.1,rl,1,2135,1405,730,41,1850,0.01920374707259953,0.5195729537366548,0.0041,7.3,2.78,2026-01-08T14:38:59.584799
100,10000,0.05,0.1,rl,2,2360,1583,776,26,2085,0.011016949152542373,0.4902084649399874,0.0026,7.76,2.66,2026-01-08T14:39:01.112948
100,10000,0.05,0.1,rl,3,2074,1373,700,51,1753,0.02459016393442623,0.5098324836125273,0.0051,7.0,2.68,2026-01-08T14:39:02.879232
100,10000,0.05,0.1,rl,4,2280,1505,775,31,2011,0.013596491228070176,0.5149501661129569,0.0031,7.75,2.68,2026-01-08T14:39:04.396051
100,10000,0.05,0.2,rl,0,2325,1563,761,30,2094,0.012903225806451613,0.4868841970569418,0.003,7.61,2.86,2026-01-08T14:39:05.934833
100,10000,0.05,0.2,rl,1,2504,1682,821,18,2299,0.00718849840255591,0.4881093935790725,0.0018,8.21,2.94,2026-01-08T14:39:07.294217
100,10000,0.05,0.2,rl,2,2647,1794,852,11,2476,0.00415564790328674,0.47491638795986624,0.0011,8.52,2.64,2026-01-08T14:39:08.602369
100,10000,0.05,0.2,rl,3,2246,1512,733,35,1993,0.015583259127337488,0.48478835978835977,0.0035,7.33,2.94,2026-01-08T14:39:10.218840
100,10000,0.05,0.2,rl,4,2603,1746,856,13,2416,0.004994237418363427,0.49026345933562426,0.0013,8.56,2.94,2026-01-08T14:39:11.554189
100,10000,0.05,0.3,rl,0,2730,1892,837,3,2619,0.001098901098901099,0.44238900634249473,0.0003,8.37,2.44,2026-01-08T14:39:12.920072
100,10000,0.05,0.3,rl,1,2752,1883,868,3,2625,0.0010901162790697674,0.46096654275092935,0.0003,8.68,2.84,2026-01-08T14:39:14.218187
100,10000,0.05,0.3,rl,2,2730,1883,846,4,2601,0.0014652014652014652,0.44928305894848647,0.0004,8.46,2.52,2026-01-08T14:39:15.533298
100,10000,0.05,0.3,rl,3,2669,1852,816,7,2546,0.0026227051330086175,0.4406047516198704,0.0007,8.16,2.82,2026-01-08T14:39:16.868820
100,10000,0.05,0.3,rl,4,2722,1866,855,7,2592,0.002571638501102131,0.45819935691318325,0.0007,8.55,2.74,2026-01-08T14:39:18.171569
100,10000,0.05,0.5,rl,0,2714,1944,769,0,2626,0.0,0.3955761316872428,0.0,7.69,2.7,2026-01-08T14:39:19.553715
100,10000,0.05,0.5,rl,1,2616,1823,792,8,2526,0.0030581039755351682,0.4344487109160724,0.0008,7.92,3.16,2026-01-08T14:39:20.857657
100,10000,0.05,0.5,rl,2,2790,1949,840,0,2699,0.0,0.43099025141097996,0.0,8.4,2.92,2026-01-08T14:39:22.161927
100,10000,0.05,0.5,rl,3,2786,1949,837,1,2707,0.0003589375448671931,0.42945100051308366,0.0001,8.37,2.88,2026-01-08T14:39:23.512071
100,10000,0.05,0.5,rl,4,2693,1877,815,6,2591,0.0022279985146676567,0.43420351624933406,0.0006,8.15,2.6,2026-01-08T14:39:25.009581
250,10000,0.001,0.0,rl,0,412,404,7,98,15,0.23786407766990292,0.017326732673267328,0.0098,0.028,7.328,2026-01-08T14:39:30.518178
250,10000,0.001,0.0,rl,1,432,425,6,104,12,0.24074074074074073,0.01411764705882353,0.0104,0.024,7.352,2026-01-08T14:39:36.254939
250,10000,0.001,0.0,rl,2,413,409,3,101,6,0.24455205811138014,0.007334963325183374,0.0101,0.012,7.2,2026-01-08T14:39:41.895644
250,10000,0.001,0.0,rl,3,414,411,3,102,6,0.2463768115942029,0.0072992700729927005,0.0102,0.012,7.28,2026-01-08T14:39:47.771881
250,10000,0.001,0.0,rl,4,472,436,35,99,64,0.2097457627118644,0.08027522935779817,0.0099,0.14,6.728,2026-01-08T14:39:53.539592
250,10000,0.001,0.05,rl,0,2887,1728,1158,17,2639,0.005888465535157603,0.6701388888888888,0.0017,4.632,7.432,2026-01-08T14:39:58.606942
250,10000,0.001,0.05,rl,1,2983,1749,1233,18,2762,0.006034193764666443,0.7049742710120068,0.0018,4.932,7.448,2026-01-08T14:40:03.496744
250,10000,0.001,0.05,rl,2,3006,1769,1236,14,2805,0.004657351962741184,0.6986998304126625,0.0014,4.944,6.928,2026-01-08T14:40:08.472679
250,10000,0.001,0.05,rl,3,3011,1787,1223,10,2814,0.0033211557622052474,0.6843872411863459,0.001,4.892,7.024,2026-01-08T14:40:12.739358
250,10000,0.001,0.05,rl,4,2973,1764,1208,12,2743,0.004036326942482341,0.6848072562358276,0.0012,4.832,7.648,2026-01-08T14:40:17.289315
250,10000,0.001,0.1,rl,0,3261,1947,1313,1,3164,0.00030665440049064706,0.6743708269131998,0.0001,5.252,7.12,2026-01-08T14:40:21.711692
250,10000,0.001,0.1,rl,1,3315,1961,1353,2,3222,0.0006033182503770739,0.6899541050484447,0.0002,5.412,6.8,2026-01-08T14:40:25.886595
250,10000,0.001,0.1,rl,2,3321,1953,1368,1,3207,0.00030111412225233364,0.7004608294930875,0.0001,5.472,7.056,2026-01-08T14:40:29.980745
250,10000,0.001,0.1,rl,3,3249,1942,1306,2,3144,0.0006155740227762388,0.6725025746652935,0.0002,5.224,7.4,2026-01-08T14:40:34.273852
250,10000,0.001,0.1,rl,4,3299,1952,1346,2,3188,0.0006062443164595332,0.6895491803278688,0.0002,5.384,7.416,2026-01-08T14:40:38.555489
250,10000,0.001,0.2,rl,0,3381,1994,1386,0,3313,0.0,0.695085255767302,0.0,5.544,7.16,2026-01-08T14:40:42.497807
250,10000,0.001,0.2,rl,1,3362,1995,1366,0,3295,0.0,0.6847117794486216,0.0,5.464,7.176,2026-01-08T14:40:46.593245
250,10000,0.001,0.2,rl,2,3365,1992,1372,0,3293,0.0,0.6887550200803213,0.0,5.488,7.488,2026-01-08T14:40:50.825363
250,10000,0.001,0.2,rl,3,3387,1994,1392,0,3318,0.0,0.6980942828485457,0.0,5.568,7.016,2026-01-08T14:40:54.795330
250,10000,0.001,0.2,rl,4,3350,1992,1357,0,3277,0.0,0.6812248995983936,0.0,5.428,6.936,2026-01-08T14:40:59.133940
250,10000,0.001,0.3,rl,0,3355,1996,1358,0,3288,0.0,0.6803607214428857,0.0,5.432,7.36,2026-01-08T14:41:03.343973
250,10000,0.001,0.3,rl,1,3397,1996,1400,0,3329,0.0,0.7014028056112225,0.0,5.6,6.896,2026-01-08T14:41:07.279817
250,10000,0.001,0.3,rl,2,3429,1996,1432,0,3360,0.0,0.717434869739479,0.0,5.728,6.952,2026-01-08T14:41:11.389578
250,10000,0.001,0.3,rl,3,3389,1996,1392,0,3320,0.0,0.6973947895791583,0.0,5.568,6.984,2026-01-08T14:41:15.304572
250,10000,0.001,0.3,rl,4,3363,1996,1367,0,3300,0.0,0.6848697394789579,0.0,5.468,7.376,2026-01-08T14:41:19.502875
250,10000,0.001,0.5,rl,0,3376,1996,1379,0,3314,0.0,0.6908817635270541,0.0,5.516,7.056,2026-01-08T14:41:23.479557
250,10000,0.001,0.5,rl,1,3392,1996,1395,0,3323,0.0,0.6988977955911824,0.0,5.58,6.888,2026-01-08T14:41:27.107226
250,10000,0.001,0.5,rl,2,3374,1996,1377,0,3305,0.0,0.6898797595190381,0.0,5.508,6.664,2026-01-08T14:41:30.891650
250,10000,0.001,0.5,rl,3,3413,1996,1416,0,3346,0.0,0.7094188376753507,0.0,5.664,7.336,2026-01-08T14:41:34.496581
250,10000,0.001,0.5,rl,4,3403,1996,1406,0,3333,0.0,0.7044088176352705,0.0,5.624,6.856,2026-01-08T14:41:38.046635
250,10000,0.005,0.0,rl,0,426,422,3,104,7,0.24413145539906103,0.0071090047393364926,0.0104,0.012,7.024,2026-01-08T14:41:43.506802
250,10000,0.005,0.0,rl,1,447,426,20,99,40,0.2214765100671141,0.046948356807511735,0.0099,0.08,7.528,2026-01-08T14:41:49.043437
250,10000,0.005,0.0,rl,2,429,422,6,103,12,0.2400932400932401,0.014218009478672985,0.0103,0.024,7.264,2026-01-08T14:41:54.513936
250,10000,0.005,0.0,rl,3,409,407,2,101,4,0.2469437652811736,0.004914004914004914,0.0101,0.008,6.92,2026-01-08T14:42:00.118738
250,10000,0.005,0.0,rl,4,417,411,5,101,10,0.2422062350119904,0.012165450121654502,0.0101,0.02,7.184,2026-01-08T14:42:05.677428
250,10000,0.005,0.05,rl,0,2974,1760,1213,15,2754,0.005043712172158709,0.6892045454545455,0.0015,4.852,7.264,2026-01-08T14:42:10.000826
250,10000,0.005,0.05,rl,1,2866,1696,1169,18,2644,0.00628053035589672,0.6892688679245284,0.0018,4.676,7.28,2026-01-08T14:42:14.474919
250,10000,0.005,0.05,rl,2,3151,1866,1284,4,2982,0.0012694382735639479,0.6881028938906752,0.0004,5.136,6.976,2026-01-08T14:42:18.743045
250,10000,0.005,0.05,rl,3,2999,1788,1210,14,2790,0.004668222740913638,0.6767337807606264,0.0014,4.84,7.456,2026-01-08T14:42:23.022312
250,10000,0.005,0.05,rl,4,3154,1864,1289,5,2972,0.0015852885225110971,0.6915236051502146,0.0005,5.156,6.808,2026-01-08T14:42:27.166382
250,10000,0.005,0.1,rl,0,3313,1970,1342,0,3217,0.0,0.6812182741116751,0.0,5.368,6.68,2026-01-08T14:42:31.220696
250,10000,0.005,0.1,rl,1,3267,1954,1312,2,3169,0.0006121824303642485,0.6714431934493347,0.0002,5.248,7.624,2026-01-08T14:42:35.386750
250,10000,0.005,0.1,rl,2,3269,1953,1315,1,3157,0.0003059039461609055,0.6733230926779313,0.0001,5.26,7.376,2026-01-08T14:42:39.445828
250,10000,0.005,0.1,rl,3,3309,1965,1343,1,3216,0.0003022061045633122,0.6834605597964376,0.0001,5.372,6.792,2026-01-08T14:42:43.518488
250,10000,0.005,0.1,rl,4,3261,1954,1306,1,3159,0.00030665440049064706,0.6683725690890481,0.0001,5.224,7.504,2026-01-08T14:42:47.630575
250,10000,0.005,0.2,rl,0,3350,1992,1358,0,3285,0.0,0.6817269076305221,0.0,5.432,6.912,2026-01-08T14:42:51.747849
250,10000,0.005,0.2,rl,1,3350,1993,1356,0,3282,0.0,0.6803813346713498,0.0,5.424,6.832,2026-01-08T14:42:55.686375
250,10000,0.005,0.2,rl,2,3348,1991,1356,0,3275,0.0,0.6810647915620291,0.0,5.424,7.952,2026-01-08T14:42:59.719981
250,10000,0.005,0.2,rl,3,3347,1992,1354,0,3285,0.0,0.679718875502008,0.0,5.416,7.392,2026-01-08T14:43:03.761776
250,10000,0.005,0.2,rl,4,3350,1991,1358,0,3276,0.0,0.682069311903566,0.0,5.432,7.288,2026-01-08T14:43:07.703630
250,10000,0.005,0.3,rl,0,3441,1996,1444,0,3373,0.0,0.7234468937875751,0.0,5.776,7.0,2026-01-08T14:43:11.592243
250,10000,0.005,0.3,rl,1,3411,1996,1414,0,3338,0.0,0.7084168336673347,0.0,5.656,6.808,2026-01-08T14:43:15.391220
250,10000,0.005,0.3,rl,2,3379,1995,1383,0,3310,0.0,0.6932330827067669,0.0,5.532,7.52,2026-01-08T14:43:19.287232
250,10000,0.005,0.3,rl,3,3394,1996,1397,0,3328,0.0,0.6998997995991983,0.0,5.588,6.752,2026-01-08T14:43:23.103319
250,10000,0.005,0.3,rl,4,3386,1996,1389,0,3315,0.0,0.6958917835671342,0.0,5.556,7.128,2026-01-08T14:43:26.907685
250,10000,0.005,0.5,rl,0,3419,1996,1422,0,3352,0.0,0.7124248496993988,0.0,5.688,7.136,2026-01-08T14:43:30.451904
250,10000,0.005,0.5,rl,1,3389,1996,1392,0,3322,0.0,0.6973947895791583,0.0,5.568,7.056,2026-01-08T14:43:34.170348
250,10000,0.005,0.5,rl,2,3452,1996,1455,0,3382,0.0,0.7289579158316634,0.0,5.82,6.84,2026-01-08T14:43:37.671542
250,10000,0.005,0.5,rl,3,3457,1996,1460,0,3394,0.0,0.7314629258517034,0.0,5.84,6.744,2026-01-08T14:43:41.259680
250,10000,0.005,0.5,rl,4,3450,1996,1453,0,3377,0.0,0.7279559118236473,0.0,5.812,6.728,2026-01-08T14:43:44.748441
250,10000,0.01,0.0,rl,0,395,392,2,97,4,0.24556962025316456,0.00510204081632653,0.0097,0.008,6.76,2026-01-08T14:43:50.148077
250,10000,0.01,0.0,rl,1,425,421,3,104,6,0.2447058823529412,0.007125890736342043,0.0104,0.012,7.352,2026-01-08T14:43:55.659922
250,10000,0.01,0.0,rl,2,416,414,2,103,4,0.24759615384615385,0.004830917874396135,0.0103,0.008,7.504,2026-01-08T14:44:01.090432
250,10000,0.01,0.0,rl,3,408,401,6,98,12,0.24019607843137256,0.014962593516209476,0.0098,0.024,7.312,2026-01-08T14:44:06.517229
250,10000,0.01,0.0,rl,4,411,408,2,101,4,0.24574209245742093,0.004901960784313725,0.0101,0.008,6.624,2026-01-08T14:44:12.045424
250,10000,0.01,0.05,rl,0,2932,1755,1176,14,2732,0.0047748976807639835,0.67008547008547,0.0014,4.704,7.24,2026-01-08T14:44:16.418393
250,10000,0.01,0.05,rl,1,3047,1804,1242,10,2859,0.0032819166393173614,0.688470066518847,0.001,4.968,6.472,2026-01-08T14:44:20.724418
250,10000,0.01,0.05,rl,2,3031,1791,1240,12,2830,0.00395908940943583,0.6923506420993858,0.0012,4.96,6.736,2026-01-08T14:44:25.058311
250,10000,0.01,0.05,rl,3,2989,1772,1216,14,2784,0.00468384074941452,0.6862302483069977,0.0014,4.864,7.392,2026-01-08T14:44:29.299285
250,10000,0.01,0.05,rl,4,3033,1769,1264,15,2832,0.004945598417408506,0.714527981910684,0.0015,5.056,6.504,2026-01-08T14:44:33.527296
250,10000,0.01,0.1,rl,0,3276,1954,1321,1,3176,0.00030525030525030525,0.6760491299897646,0.0001,5.284,7.136,2026-01-08T14:44:37.615180
250,10000,0.01,0.1,rl,1,3310,1971,1338,0,3216,0.0,0.6788432267884322,0.0,5.352,6.92,2026-01-08T14:44:41.792708
250,10000,0.01,0.1,rl,2,3291,1963,1327,0,3198,0.0,0.6760061130922058,0.0,5.308,7.064,2026-01-08T14:44:45.855009
250,10000,0.01,0.1,rl,3,3291,1955,1335,1,3183,0.00030385900941962927,0.6828644501278772,0.0001,5.34,6.856,2026-01-08T14:44:50.125829
250,10000,0.01,0.1,rl,4,3275,1951,1323,2,3161,0.0006106870229007634,0.6781137878011276,0.0002,5.292,7.328,2026-01-08T14:44:54.295589
250,10000,0.01,0.2,rl,0,3346,1993,1352,0,3275,0.0,0.6783743100852986,0.0,5.408,6.904,2026-01-08T14:44:58.320533
250,10000,0.01,0.2,rl,1,3378,1992,1386,0,3316,0.0,0.6957831325301205,0.0,5.544,7.4,2026-01-08T14:45:02.335953
250,10000,0.01,0.2,rl,2,3409,1995,1413,0,3343,0.0,0.7082706766917293,0.0,5.652,7.104,2026-01-08T14:45:06.265936
250,10000,0.01,0.2,rl,3,3364,1991,1372,0,3296,0.0,0.6891009542943245,0.0,5.488,7.304,2026-01-08T14:45:10.400295
250,10000,0.01,0.2,rl,4,3344,1992,1352,0,3271,0.0,0.678714859437751,0.0,5.408,7.192,2026-01-08T14:45:14.376808
250,10000,0.01,0.3,rl,0,3389,1996,1392,0,3322,0.0,0.6973947895791583,0.0,5.568,6.832,2026-01-08T14:45:18.298732
250,10000,0.01,0.3,rl,1,3397,1996,1400,0,3328,0.0,0.7014028056112225,0.0,5.6,6.992,2026-01-08T14:45:22.195477
250,10000,0.01,0.3,rl,2,3388,1996,1391,0,3319,0.0,0.6968937875751503,0.0,5.564,6.888,2026-01-08T14:45:26.015230
250,10000,0.01,0.3,rl,3,3415,1996,1418,0,3352,0.0,0.7104208416833667,0.0,5.672,7.432,2026-01-08T14:45:29.791476
250,10000,0.01,0.3,rl,4,3378,1996,1381,0,3306,0.0,0.6918837675350702,0.0,5.524,6.672,2026-01-08T14:45:33.679584
250,10000,0.01,0.5,rl,0,3434,1996,1437,0,3366,0.0,0.719939879759519,0.0,5.748,7.184,2026-01-08T14:45:37.188986
250,10000,0.01,0.5,rl,1,3406,1996,1409,0,3338,0.0,0.7059118236472945,0.0,5.636,7.672,2026-01-08T14:45:40.721709
250,10000,0.01,0.5,rl,2,3435,1996,1438,0,3369,0.0,0.720440881763527,0.0,5.752,6.568,2026-01-08T14:45:44.307506
250,10000,0.01,0.5,rl,3,3422,1996,1425,0,3356,0.0,0.7139278557114228,0.0,5.7,7.064,2026-01-08T14:45:47.886443
250,10000,0.01,0.5,rl,4,3397,1996,1400,0,3333,0.0,0.7014028056112225,0.0,5.6,7.072,2026-01-08T14:45:51.473391
250,10000,0.02,0.0,rl,0,425,421,3,104,6,0.2447058823529412,0.007125890736342043,0.0104,0.012,6.92,2026-01-08T14:45:56.927598
250,10000,0.02,0.0,rl,1,411,405,5,99,11,0.24087591240875914,0.012345679012345678,0.0099,0.02,7.088,2026-01-08T14:46:02.349302
250,10000,0.02,0.0,rl,2,422,414,7,101,14,0.23933649289099526,0.016908212560386472,0.0101,0.028,6.92,2026-01-08T14:46:07.797444
250,10000,0.02,0.0,rl,3,415,411,3,102,6,0.2457831325301205,0.0072992700729927005,0.0102,0.012,6.672,2026-01-08T14:46:13.435576
250,10000,0.02,0.0,rl,4,393,389,3,96,6,0.24427480916030533,0.007712082262210797,0.0096,0.012,6.92,2026-01-08T14:46:18.970589
250,10000,0.02,0.05,rl,0,3022,1796,1225,11,2825,0.003639973527465255,0.6820712694877505,0.0011,4.9,6.904,2026-01-08T14:46:23.264893
250,10000,0.02,0.05,rl,1,2939,1738,1201,15,2702,0.005103776794828173,0.69102416570771,0.0015,4.804,7.224,2026-01-08T14:46:27.591957
250,10000,0.02,0.05,rl,2,3072,1810,1261,11,2883,0.0035807291666666665,0.6966850828729282,0.0011,5.044,6.792,2026-01-08T14:46:31.781134
250,10000,0.02,0.05,rl,3,2995,1774,1220,11,2799,0.003672787979966611,0.6877113866967306,0.0011,4.88,6.92,2026-01-08T14:46:36.043472
250,10000,0.02,0.05,rl,4,3036,1803,1233,12,2831,0.003952569169960474,0.6838602329450915,0.0012,4.932,7.08,2026-01-08T14:46:40.288198
250,10000,0.02,0.1,rl,0,3333,1969,1364,0,3241,0.0,0.6927374301675978,0.0,5.456,7.048,2026-01-08T14:46:44.326537
250,10000,0.02,0.1,rl,1,3317,1972,1344,0,3234,0.0,0.6815415821501014,0.0,5.376,7.04,2026-01-08T14:46:48.389320
250,10000,0.02,0.1,rl,2,3276,1952,1323,1,3184,0.00030525030525030525,0.6777663934426229,0.0001,5.292,6.88,2026-01-08T14:46:52.501448
250,10000,0.02,0.1,rl,3,3300,1971,1328,0,3203,0.0,0.6737696600710299,0.0,5.312,7.056,2026-01-08T14:46:56.550340
250,10000,0.02,0.1,rl,4,3256,1940,1315,3,3147,0.0009213759213759214,0.6778350515463918,0.0003,5.26,7.232,2026-01-08T14:47:00.758855
250,10000,0.02,0.2,rl,0,3341,1991,1349,0,3269,0.0,0.67754897036665,0.0,5.396,7.472,2026-01-08T14:47:04.756470
250,10000,0.02,0.2,rl,1,3373,1993,1379,0,3305,0.0,0.691921726041144,0.0,5.516,7.088,2026-01-08T14:47:08.869563
250,10000,0.02,0.2,rl,2,3385,1993,1391,0,3316,0.0,0.6979427997992975,0.0,5.564,6.952,2026-01-08T14:47:12.784711
250,10000,0.02,0.2,rl,3,3337,1991,1345,0,3272,0.0,0.6755399296835761,0.0,5.38,7.272,2026-01-08T14:47:17.040409
250,10000,0.02,0.2,rl,4,3383,1993,1390,0,3307,0.0,0.6974410436527847,0.0,5.56,6.96,2026-01-08T14:47:20.950479
250,10000,0.02,0.3,rl,0,3408,1996,1411,0,3341,0.0,0.7069138276553106,0.0,5.644,6.8,2026-01-08T14:47:24.935607
250,10000,0.02,0.3,rl,1,3339,1995,1343,0,3272,0.0,0.6731829573934837,0.0,5.372,7.352,2026-01-08T14:47:28.891262
250,10000,0.02,0.3,rl,2,3393,1996,1396,0,3327,0.0,0.6993987975951904,0.0,5.584,6.68,2026-01-08T14:47:32.695275
250,10000,0.02,0.3,rl,3,3418,1996,1421,0,3350,0.0,0.7119238476953907,0.0,5.684,6.632,2026-01-08T14:47:36.585757
250,10000,0.02,0.3,rl,4,3407,1996,1410,0,3343,0.0,0.7064128256513026,0.0,5.64,6.968,2026-01-08T14:47:40.512965
250,10000,0.02,0.5,rl,0,3378,1996,1381,0,3312,0.0,0.6918837675350702,0.0,5.524,7.072,2026-01-08T14:47:44.230520
250,10000,0.02,0.5,rl,1,3398,1996,1401,0,3335,0.0,0.7019038076152304,0.0,5.604,6.664,2026-01-08T14:47:47.842099
250,10000,0.02,0.5,rl,2,3426,1996,1429,0,3357,0.0,0.7159318637274549,0.0,5.716,7.096,2026-01-08T14:47:51.538567
250,10000,0.02,0.5,rl,3,3402,1996,1405,0,3336,0.0,0.7039078156312625,0.0,5.62,6.928,2026-01-08T14:47:55.211108
250,10000,0.02,0.5,rl,4,3441,1996,1444,0,3377,0.0,0.7234468937875751,0.0,5.776,6.576,2026-01-08T14:47:58.780384
250,10000,0.05,0.0,rl,0,431,421,10,101,21,0.23433874709976799,0.023752969121140142,0.0101,0.04,7.024,2026-01-08T14:48:04.233638
250,10000,0.05,0.0,rl,1,409,402,7,98,15,0.2396088019559902,0.017412935323383085,0.0098,0.028,7.256,2026-01-08T14:48:09.685310
250,10000,0.05,0.0,rl,2,414,411,3,102,6,0.2463768115942029,0.0072992700729927005,0.0102,0.012,6.576,2026-01-08T14:48:15.222583
250,10000,0.05,0.0,rl,3,425,419,5,103,10,0.24235294117647058,0.011933174224343675,0.0103,0.02,7.152,2026-01-08T14:48:20.711523
250,10000,0.05,0.0,rl,4,417,413,3,102,6,0.2446043165467626,0.007263922518159807,0.0102,0.012,7.12,2026-01-08T14:48:26.239579
250,10000,0.05,0.05,rl,0,2953,1763,1189,13,2727,0.0044023027429732475,0.6744186046511628,0.0013,4.756,7.408,2026-01-08T14:48:30.555187
250,10000,0.05,0.05,rl,1,3012,1804,1207,11,2805,0.0036520584329349268,0.6690687361419069,0.0011,4.828,7.344,2026-01-08T14:48:34.898244
250,10000,0.05,0.05,rl,2,3039,1814,1224,11,2826,0.0036196117143797303,0.6747519294377067,0.0011,4.896,7.128,2026-01-08T14:48:39.157437
250,10000,0.05,0.05,rl,3,2937,1743,1193,16,2734,0.005447735784814436,0.6844520940906483,0.0016,4.772,7.184,2026-01-08T14:48:43.517121
250,10000,0.05,0.05,rl,4,3104,1813,1290,13,2912,0.004188144329896907,0.7115278543849972,0.0013,5.16,6.856,2026-01-08T14:48:47.762000
250,10000,0.05,0.1,rl,0,3285,1971,1313,0,3196,0.0,0.6661593099949265,0.0,5.252,7.112,2026-01-08T14:48:51.854312
250,10000,0.05,0.1,rl,1,3237,1931,1305,3,3123,0.0009267840593141798,0.6758156395649922,0.0003,5.22,6.864,2026-01-08T14:48:56.062986
250,10000,0.05,0.1,rl,2,3286,1941,1344,2,3160,0.0006086427267194157,0.6924265842349304,0.0002,5.376,7.296,2026-01-08T14:49:00.331233
250,10000,0.05,0.1,rl,3,3327,1957,1369,1,3240,0.00030057108506161706,0.6995401124169648,0.0001,5.476,6.784,2026-01-08T14:49:04.386808
250,10000,0.05,0.1,rl,4,3251,1942,1308,2,3146,0.0006151953245155337,0.6735324407826982,0.0002,5.232,6.704,2026-01-08T14:49:08.478382
250,10000,0.05,0.2,rl,0,3350,1993,1356,0,3284,0.0,0.6803813346713498,0.0,5.424,7.024,2026-01-08T14:49:12.444450
250,10000,0.05,0.2,rl,1,3357,1993,1363,0,3294,0.0,0.6838936276969393,0.0,5.452,7.04,2026-01-08T14:49:16.393030
250,10000,0.05,0.2,rl,2,3363,1994,1369,0,3299,0.0,0.6865596790371113,0.0,5.476,7.024,2026-01-08T14:49:20.336289
250,10000,0.05,0.2,rl,3,3358,1993,1364,0,3289,0.0,0.6843953838434521,0.0,5.456,7.04,2026-01-08T14:49:24.282360
250,10000,0.05,0.2,rl,4,3399,1994,1404,0,3332,0.0,0.7041123370110332,0.0,5.616,6.896,2026-01-08T14:49:28.213005
250,10000,0.05,0.3,rl,0,3383,1996,1386,0,3321,0.0,0.6943887775551102,0.0,5.544,6.856,2026-01-08T14:49:32.113108
250,10000,0.05,0.3,rl,1,3364,1996,1367,0,3299,0.0,0.6848697394789579,0.0,5.468,7.44,2026-01-08T14:49:35.943844
250,10000,0.05,0.3,rl,2,3355,1996,1358,0,3291,0.0,0.6803607214428857,0.0,5.432,7.104,2026-01-08T14:49:39.943303
250,10000,0.05,0.3,rl,3,3375,1996,1378,0,3305,0.0,0.6903807615230461,0.0,5.512,7.08,2026-01-08T14:49:43.739662
250,10000,0.05,0.3,rl,4,3388,1996,1392,0,3322,0.0,0.6973947895791583,0.0,5.568,7.256,2026-01-08T14:49:47.555574
250,10000,0.05,0.5,rl,0,3429,1996,1432,0,3365,0.0,0.717434869739479,0.0,5.728,6.704,2026-01-08T14:49:51.128561
250,10000,0.05,0.5,rl,1,3423,1996,1426,0,3357,0.0,0.7144288577154309,0.0,5.704,7.048,2026-01-08T14:49:54.678855
250,10000,0.05,0.5,rl,2,3413,1996,1416,0,3344,0.0,0.7094188376753507,0.0,5.664,7.416,2026-01-08T14:49:58.232541
250,10000,0.05,0.5,rl,3,3372,1996,1375,0,3311,0.0,0.688877755511022,0.0,5.5,6.704,2026-01-08T14:50:01.934022
250,10000,0.05,0.5,rl,4,3435,1996,1438,0,3365,0.0,0.720440881763527,0.0,5.752,6.672,2026-01-08T14:50:05.454054
500,10000,0.001,0.0,rl,0,421,412,8,100,16,0.2375296912114014,0.019417475728155338,0.01,0.016,14.268,2026-01-08T14:50:16.550587
500,10000,0.001,0.0,rl,1,409,405,3,100,6,0.24449877750611246,0.007407407407407408,0.01,0.006,14.28,2026-01-08T14:50:27.610005
500,10000,0.001,0.0,rl,2,440,420,19,97,39,0.22045454545454546,0.04523809523809524,0.0097,0.038,14.388,2026-01-08T14:50:38.663171
500,10000,0.001,0.0,rl,3,411,405,5,99,10,0.24087591240875914,0.012345679012345678,0.0099,0.01,14.248,2026-01-08T14:50:49.740919
500,10000,0.001,0.0,rl,4,396,392,3,97,6,0.24494949494949494,0.007653061224489796,0.0097,0.006,14.796,2026-01-08T14:51:00.858420
500,10000,0.001,0.05,rl,0,3502,1939,1562,3,3383,0.0008566533409480297,0.8055698813821558,0.0003,3.124,14.344,2026-01-08T14:51:10.471120
500,10000,0.001,0.05,rl,1,3503,1946,1556,2,3385,0.0005709391949757351,0.7995889003083247,0.0002,3.112,14.336,2026-01-08T14:51:20.105417
500,10000,0.001,0.05,rl,2,3555,1955,1599,2,3443,0.0005625879043600563,0.8179028132992328,0.0002,3.198,13.964,2026-01-08T14:51:29.715531
500,10000,0.001,0.05,rl,3,3497,1951,1545,1,3381,0.00028595939376608524,0.7919015889287545,0.0001,3.09,14.308,2026-01-08T14:51:39.341957
500,10000,0.001,0.05,rl,4,3557,1973,1583,0,3451,0.0,0.8023314749113026,0.0,3.166,14.804,2026-01-08T14:51:48.925422
500,10000,0.001,0.1,rl,0,3626,1995,1631,0,3550,0.0,0.8175438596491228,0.0,3.262,14.272,2026-01-08T14:51:58.333961
500,10000,0.001,0.1,rl,1,3616,1992,1623,0,3541,0.0,0.8147590361445783,0.0,3.246,14.928,2026-01-08T14:52:07.760221
500,10000,0.001,0.1,rl,2,3627,1995,1632,0,3552,0.0,0.8180451127819549,0.0,3.264,13.716,2026-01-08T14:52:17.179364
500,10000,0.001,0.1,rl,3,3619,1995,1623,0,3545,0.0,0.8135338345864662,0.0,3.246,13.996,2026-01-08T14:52:26.613984
500,10000,0.001,0.1,rl,4,3597,1994,1602,0,3520,0.0,0.8034102306920762,0.0,3.204,14.4,2026-01-08T14:52:36.059447
500,10000,0.001,0.2,rl,0,3626,1996,1629,0,3554,0.0,0.8161322645290581,0.0,3.258,14.236,2026-01-08T14:52:45.098990
500,10000,0.001,0.2,rl,1,3660,1996,1663,0,3585,0.0,0.8331663326653307,0.0,3.326,14.472,2026-01-08T14:52:54.092650
500,10000,0.001,0.2,rl,2,3658,1996,1661,0,3578,0.0,0.8321643286573146,0.0,3.322,14.36,2026-01-08T14:53:03.064179
500,10000,0.001,0.2,rl,3,3664,1996,1667,0,3594,0.0,0.8351703406813628,0.0,3.334,14.128,2026-01-08T14:53:12.063567
500,10000,0.001,0.2,rl,4,3679,1996,1682,0,3603,0.0,0.842685370741483,0.0,3.364,14.268,2026-01-08T14:53:21.025562
500,10000,0.001,0.3,rl,0,3681,1996,1684,0,3599,0.0,0.843687374749499,0.0,3.368,13.816,2026-01-08T14:53:29.682092
500,10000,0.001,0.3,rl,1,3661,1996,1664,0,3586,0.0,0.8336673346693386,0.0,3.328,14.42,2026-01-08T14:53:38.294441
500,10000,0.001,0.3,rl,2,3658,1996,1661,0,3580,0.0,0.8321643286573146,0.0,3.322,13.784,2026-01-08T14:53:46.875935
500,10000,0.001,0.3,rl,3,3672,1996,1675,0,3592,0.0,0.8391783567134269,0.0,3.35,13.32,2026-01-08T14:53:55.498634
500,10000,0.001,0.3,rl,4,3684,1996,1687,0,3609,0.0,0.8451903807615231,0.0,3.374,14.66,2026-01-08T14:54:04.070800
500,10000,0.001,0.5,rl,0,3711,1996,1714,0,3633,0.0,0.8587174348697395,0.0,3.428,14.508,2026-01-08T14:54:12.022464
500,10000,0.001,0.5,rl,1,3708,1996,1711,0,3633,0.0,0.8572144288577155,0.0,3.422,14.116,2026-01-08T14:54:19.970510
500,10000,0.001,0.5,rl,2,3690,1996,1693,0,3614,0.0,0.8481963927855711,0.0,3.386,13.988,2026-01-08T14:54:28.042939
500,10000,0.001,0.5,rl,3,3685,1996,1688,0,3611,0.0,0.845691382765531,0.0,3.376,14.572,2026-01-08T14:54:36.119882
500,10000,0.001,0.5,rl,4,3709,1996,1712,0,3639,0.0,0.8577154308617234,0.0,3.424,14.392,2026-01-08T14:54:44.052202
500,10000,0.005,0.0,rl,0,449,435,13,104,26,0.23162583518930957,0.029885057471264367,0.0104,0.026,13.796,2026-01-08T14:54:55.134047
500,10000,0.005,0.0,rl,1,405,399,6,98,12,0.2419753086419753,0.015037593984962405,0.0098,0.012,14.664,2026-01-08T14:55:06.348734
500,10000,0.005,0.0,rl,2,419,413,5,101,10,0.24105011933174225,0.012106537530266344,0.0101,0.01,14.096,2026-01-08T14:55:17.456396
500,10000,0.005,0.0,rl,3,415,410,4,101,8,0.2433734939759036,0.00975609756097561,0.0101,0.008,14.424,2026-01-08T14:55:28.593530
500,10000,0.005,0.0,rl,4,408,404,4,100,8,0.24509803921568626,0.009900990099009901,0.01,0.008,14.48,2026-01-08T14:55:39.710601
500,10000,0.005,0.05,rl,0,3522,1961,1560,2,3409,0.0005678591709256105,0.7955124936257012,0.0002,3.12,13.892,2026-01-08T14:55:49.286165
500,10000,0.005,0.05,rl,1,3560,1975,1584,0,3465,0.0,0.8020253164556962,0.0,3.168,13.804,2026-01-08T14:55:58.848749
500,10000,0.005,0.05,rl,2,3537,1954,1582,2,3424,0.0005654509471303364,0.8096212896622313,0.0002,3.164,14.04,2026-01-08T14:56:08.392108
500,10000,0.005,0.05,rl,3,3517,1948,1568,3,3404,0.0008529997156667614,0.8049281314168378,0.0003,3.136,14.532,2026-01-08T14:56:18.049426
500,10000,0.005,0.05,rl,4,3581,1972,1608,0,3474,0.0,0.8154158215010142,0.0,3.216,14.548,2026-01-08T14:56:27.608049
500,10000,0.005,0.1,rl,0,3599,1993,1605,0,3524,0.0,0.8053186151530356,0.0,3.21,15.048,2026-01-08T14:56:36.984657
500,10000,0.005,0.1,rl,1,3611,1993,1617,0,3535,0.0,0.8113396889111891,0.0,3.234,14.856,2026-01-08T14:56:46.593135
500,10000,0.005,0.1,rl,2,3645,1994,1650,0,3570,0.0,0.827482447342026,0.0,3.3,13.6,2026-01-08T14:56:56.019973
500,10000,0.005,0.1,rl,3,3642,1995,1646,0,3567,0.0,0.825062656641604,0.0,3.292,13.932,2026-01-08T14:57:05.394232
500,10000,0.005,0.1,rl,4,3609,1995,1613,0,3537,0.0,0.8085213032581454,0.0,3.226,13.904,2026-01-08T14:57:14.826880
500,10000,0.005,0.2,rl,0,3661,1996,1664,0,3586,0.0,0.8336673346693386,0.0,3.328,14.072,2026-01-08T14:57:23.786807
500,10000,0.005,0.2,rl,1,3665,1996,1668,0,3593,0.0,0.8356713426853707,0.0,3.336,14.156,2026-01-08T14:57:32.705730
500,10000,0.005,0.2,rl,2,3668,1996,1671,0,3595,0.0,0.8371743486973948,0.0,3.342,14.148,2026-01-08T14:57:41.689844
500,10000,0.005,0.2,rl,3,3662,1996,1665,0,3589,0.0,0.8341683366733467,0.0,3.33,14.076,2026-01-08T14:57:50.739458
500,10000,0.005,0.2,rl,4,3688,1996,1691,0,3614,0.0,0.8471943887775552,0.0,3.382,14.02,2026-01-08T14:57:59.660332
500,10000,0.005,0.3,rl,0,3682,1996,1685,0,3606,0.0,0.844188376753507,0.0,3.37,13.816,2026-01-08T14:58:08.311629
500,10000,0.005,0.3,rl,1,3704,1996,1707,0,3628,0.0,0.8552104208416834,0.0,3.414,14.312,2026-01-08T14:58:16.892824
500,10000,0.005,0.3,rl,2,3678,1996,1681,0,3605,0.0,0.8421843687374749,0.0,3.362,13.832,2026-01-08T14:58:25.454896
500,10000,0.005,0.3,rl,3,3667,1996,1670,0,3590,0.0,0.8366733466933868,0.0,3.34,14.504,2026-01-08T14:58:34.028444
500,10000,0.005,0.3,rl,4,3702,1996,1705,0,3629,0.0,0.8542084168336673,0.0,3.41,14.2,2026-01-08T14:58:42.631205
500,10000,0.005,0.5,rl,0,3699,1996,1702,0,3623,0.0,0.8527054108216433,0.0,3.404,13.948,2026-01-08T14:58:50.536325
500,10000,0.005,0.5,rl,1,3694,1996,1697,0,3620,0.0,0.8502004008016032,0.0,3.394,14.26,2026-01-08T14:58:58.483876
500,10000,0.005,0.5,rl,2,3698,1996,1701,0,3621,0.0,0.8522044088176353,0.0,3.402,14.212,2026-01-08T14:59:06.511168
500,10000,0.005,0.5,rl,3,3694,1996,1697,0,3619,0.0,0.8502004008016032,0.0,3.394,14.572,2026-01-08T14:59:14.442709
500,10000,0.005,0.5,rl,4,3694,1996,1697,0,3620,0.0,0.8502004008016032,0.0,3.394,14.352,2026-01-08T14:59:22.616972
500,10000,0.01,0.0,rl,0,425,417,7,102,14,0.24,0.016786570743405275,0.0102,0.014,14.036,2026-01-08T14:59:33.629313
500,10000,0.01,0.0,rl,1,415,410,5,101,10,0.2433734939759036,0.012195121951219513,0.0101,0.01,15.008,2026-01-08T14:59:44.640809
500,10000,0.01,0.0,rl,2,449,428,21,100,43,0.22271714922049,0.04906542056074766,0.01,0.042,14.444,2026-01-08T14:59:55.593211
500,10000,0.01,0.0,rl,3,411,408,2,101,4,0.24574209245742093,0.004901960784313725,0.0101,0.004,14.18,2026-01-08T15:00:06.610460
500,10000,0.01,0.0,rl,4,411,403,7,98,14,0.2384428223844282,0.017369727047146403,0.0098,0.014,14.58,2026-01-08T15:00:17.630584
500,10000,0.01,0.05,rl,0,3502,1959,1543,1,3396,0.00028555111364934324,0.7876467585502808,0.0001,3.086,14.728,2026-01-08T15:00:27.236202
500,10000,0.01,0.05,rl,1,3544,1963,1580,1,3435,0.0002821670428893905,0.804890473764646,0.0001,3.16,13.772,2026-01-08T15:00:36.794515
500,10000,0.01,0.05,rl,2,3592,1975,1616,0,3499,0.0,0.8182278481012658,0.0,3.232,13.632,2026-01-08T15:00:46.346207
500,10000,0.01,0.05,rl,3,3534,1949,1585,2,3425,0.0005659309564233164,0.8132375577219086,0.0002,3.17,14.236,2026-01-08T15:00:55.908443
500,10000,0.01,0.05,rl,4,3522,1968,1553,1,3410,0.00028392958546280523,0.7891260162601627,0.0001,3.106,13.832,2026-01-08T15:01:05.539480
500,10000,0.01,0.1,rl,0,3648,1995,1652,0,3573,0.0,0.8280701754385965,0.0,3.304,14.36,2026-01-08T15:01:15.117260
500,10000,0.01,0.1,rl,1,3638,1995,1642,0,3562,0.0,0.8230576441102757,0.0,3.284,13.568,2026-01-08T15:01:24.862562
500,10000,0.01,0.1,rl,2,3636,1995,1641,0,3559,0.0,0.8225563909774436,0.0,3.282,13.568,2026-01-08T15:01:34.218254
500,10000,0.01,0.1,rl,3,3599,1995,1603,0,3525,0.0,0.8035087719298246,0.0,3.206,13.672,2026-01-08T15:01:43.989677
500,10000,0.01,0.1,rl,4,3618,1992,1625,0,3537,0.0,0.8157630522088354,0.0,3.25,14.676,2026-01-08T15:01:53.896728
500,10000,0.01,0.2,rl,0,3667,1996,1670,0,3595,0.0,0.8366733466933868,0.0,3.34,13.668,2026-01-08T15:02:03.609801
500,10000,0.01,0.2,rl,1,3646,1996,1649,0,3571,0.0,0.8261523046092184,0.0,3.298,13.964,2026-01-08T15:02:12.948732
500,10000,0.01,0.2,rl,2,3653,1996,1656,0,3580,0.0,0.8296593186372746,0.0,3.312,13.76,2026-01-08T15:02:22.148468
500,10000,0.01,0.2,rl,3,3653,1996,1656,0,3577,0.0,0.8296593186372746,0.0,3.312,14.536,2026-01-08T15:02:31.366143
500,10000,0.01,0.2,rl,4,3672,1996,1675,0,3598,0.0,0.8391783567134269,0.0,3.35,14.36,2026-01-08T15:02:40.424062
500,10000,0.01,0.3,rl,0,3711,1996,1714,0,3633,0.0,0.8587174348697395,0.0,3.428,14.428,2026-01-08T15:02:49.001074
500,10000,0.01,0.3,rl,1,3689,1996,1692,0,3615,0.0,0.8476953907815631,0.0,3.384,14.496,2026-01-08T15:02:57.803053
500,10000,0.01,0.3,rl,2,3675,1996,1678,0,3601,0.0,0.8406813627254509,0.0,3.356,14.456,2026-01-08T15:03:06.645257
500,10000,0.01,0.3,rl,3,3693,1996,1696,0,3616,0.0,0.8496993987975952,0.0,3.392,14.304,2026-01-08T15:03:15.549853
500,10000,0.01,0.3,rl,4,3696,1996,1699,0,3622,0.0,0.8512024048096193,0.0,3.398,13.988,2026-01-08T15:03:24.327540
500,10000,0.01,0.5,rl,0,3679,1996,1682,0,3602,0.0,0.842685370741483,0.0,3.364,14.268,2026-01-08T15:03:32.798352
500,10000,0.01,0.5,rl,1,3707,1996,1710,0,3629,0.0,0.8567134268537074,0.0,3.42,13.924,2026-01-08T15:03:41.010675
500,10000,0.01,0.5,rl,2,3746,1996,1749,0,3668,0.0,0.87625250501002,0.0,3.498,14.1,2026-01-08T15:03:49.041052
500,10000,0.01,0.5,rl,3,3704,1996,1707,0,3629,0.0,0.8552104208416834,0.0,3.414,14.512,2026-01-08T15:03:57.113490
500,10000,0.01,0.5,rl,4,3717,1996,1720,0,3644,0.0,0.8617234468937875,0.0,3.44,14.28,2026-01-08T15:04:05.068206
500,10000,0.02,0.0,rl,0,468,440,28,101,55,0.21581196581196582,0.06363636363636363,0.0101,0.056,14.212,2026-01-08T15:04:16.138539
500,10000,0.02,0.0,rl,1,402,399,3,99,6,0.2462686567164179,0.007518796992481203,0.0099,0.006,14.28,2026-01-08T15:04:27.400477
500,10000,0.02,0.0,rl,2,450,437,12,106,22,0.23555555555555555,0.02745995423340961,0.0106,0.024,14.964,2026-01-08T15:04:38.685451
500,10000,0.02,0.0,rl,3,405,401,3,99,6,0.24444444444444444,0.007481296758104738,0.0099,0.006,14.508,2026-01-08T15:04:49.879187
500,10000,0.02,0.0,rl,4,424,417,7,102,14,0.24056603773584906,0.016786570743405275,0.0102,0.014,14.436,2026-01-08T15:05:00.844334
500,10000,0.02,0.05,rl,0,3529,1972,1556,0,3426,0.0,0.7890466531440162,0.0,3.112,14.372,2026-01-08T15:05:10.393482
500,10000,0.02,0.05,rl,1,3582,1976,1605,0,3484,0.0,0.812246963562753,0.0,3.21,13.492,2026-01-08T15:05:20.531721
500,10000,0.02,0.05,rl,2,3567,1975,1591,0,3456,0.0,0.8055696202531646,0.0,3.182,14.04,2026-01-08T15:05:30.680667
500,10000,0.02,0.05,rl,3,3532,1957,1574,1,3432,0.00028312570781426955,0.8042922841083291,0.0001,3.148,13.764,2026-01-08T15:05:40.676754
500,10000,0.02,0.05,rl,4,3547,1952,1594,1,3431,0.000281928390188892,0.8165983606557377,0.0001,3.188,14.5,2026-01-08T15:05:50.763200
500,10000,0.02,0.1,rl,0,3660,1995,1664,0,3585,0.0,0.8340852130325814,0.0,3.328,13.944,2026-01-08T15:06:00.595057
500,10000,0.02,0.1,rl,1,3602,1994,1607,0,3524,0.0,0.8059177532597793,0.0,3.214,14.432,2026-01-08T15:06:10.483324
500,10000,0.02,0.1,rl,2,3626,1995,1631,0,3548,0.0,0.8175438596491228,0.0,3.262,13.752,2026-01-08T15:06:20.099077
500,10000,0.02,0.1,rl,3,3645,1994,1650,0,3572,0.0,0.827482447342026,0.0,3.3,14.064,2026-01-08T15:06:29.635375
500,10000,0.02,0.1,rl,4,3599,1993,1605,0,3525,0.0,0.8053186151530356,0.0,3.21,13.96,2026-01-08T15:06:39.537348
500,10000,0.02,0.2,rl,0,3639,1996,1642,0,3566,0.0,0.8226452905811623,0.0,3.284,14.236,2026-01-08T15:06:48.825187
500,10000,0.02,0.2,rl,1,3667,1996,1670,0,3590,0.0,0.8366733466933868,0.0,3.34,14.496,2026-01-08T15:06:58.131288
500,10000,0.02,0.2,rl,2,3642,1996,1645,0,3571,0.0,0.8241482965931863,0.0,3.29,14.412,2026-01-08T15:07:07.428517
500,10000,0.02,0.2,rl,3,3668,1996,1671,0,3594,0.0,0.8371743486973948,0.0,3.342,13.896,2026-01-08T15:07:16.934888
500,10000,0.02,0.2,rl,4,3628,1996,1631,0,3555,0.0,0.8171342685370742,0.0,3.262,14.336,2026-01-08T15:07:26.643069
500,10000,0.02,0.3,rl,0,3673,1996,1676,0,3597,0.0,0.8396793587174348,0.0,3.352,13.984,2026-01-08T15:07:35.685397
500,10000,0.02,0.3,rl,1,3684,1996,1687,0,3607,0.0,0.8451903807615231,0.0,3.374,14.1,2026-01-08T15:07:44.196678
500,10000,0.02,0.3,rl,2,3665,1996,1668,0,3589,0.0,0.8356713426853707,0.0,3.336,14.096,2026-01-08T15:07:53.285162
500,10000,0.02,0.3,rl,3,3682,1996,1685,0,3609,0.0,0.844188376753507,0.0,3.37,14.184,2026-01-08T15:08:02.318518
500,10000,0.02,0.3,rl,4,3677,1996,1680,0,3607,0.0,0.8416833667334669,0.0,3.36,14.14,2026-01-08T15:08:11.375469
500,10000,0.02,0.5,rl,0,3690,1996,1693,0,3616,0.0,0.8481963927855711,0.0,3.386,14.144,2026-01-08T15:08:19.974085
500,10000,0.02,0.5,rl,1,3679,1996,1682,0,3610,0.0,0.842685370741483,0.0,3.364,13.964,2026-01-08T15:08:28.756824
500,10000,0.02,0.5,rl,2,3713,1996,1716,0,3636,0.0,0.8597194388777555,0.0,3.432,14.444,2026-01-08T15:08:36.861127
500,10000,0.02,0.5,rl,3,3688,1996,1691,0,3617,0.0,0.8471943887775552,0.0,3.382,14.168,2026-01-08T15:08:44.904568
500,10000,0.02,0.5,rl,4,3688,1996,1691,0,3617,0.0,0.8471943887775552,0.0,3.382,14.924,2026-01-08T15:08:53.244144
500,10000,0.05,0.0,rl,0,433,425,7,103,14,0.23787528868360278,0.01647058823529412,0.0103,0.014,13.912,2026-01-08T15:09:05.230769
500,10000,0.05,0.0,rl,1,435,430,4,106,8,0.24367816091954023,0.009302325581395349,0.0106,0.008,13.66,2026-01-08T15:09:16.300096
500,10000,0.05,0.0,rl,2,417,413,3,102,6,0.2446043165467626,0.007263922518159807,0.0102,0.006,14.004,2026-01-08T15:09:27.816933
500,10000,0.05,0.0,rl,3,390,387,3,96,6,0.24615384615384617,0.007751937984496124,0.0096,0.006,14.732,2026-01-08T15:09:38.969958
500,10000,0.05,0.0,rl,4,421,413,7,100,15,0.2375296912114014,0.01694915254237288,0.01,0.014,14.2,2026-01-08T15:09:50.974320
500,10000,0.05,0.05,rl,0,3575,1972,1602,0,3464,0.0,0.8123732251521298,0.0,3.204,14.392,2026-01-08T15:10:00.895062
500,10000,0.05,0.05,rl,1,3579,1980,1598,0,3483,0.0,0.807070707070707,0.0,3.196,13.924,2026-01-08T15:10:10.694237
500,10000,0.05,0.05,rl,2,3516,1957,1559,2,3404,0.0005688282138794084,0.7966274910577414,0.0002,3.118,14.388,2026-01-08T15:10:20.857775
500,10000,0.05,0.05,rl,3,3556,1971,1584,0,3454,0.0,0.8036529680365296,0.0,3.168,14.72,2026-01-08T15:10:30.922535
500,10000,0.05,0.05,rl,4,3525,1973,1551,0,3418,0.0,0.786112519006589,0.0,3.102,14.556,2026-01-08T15:10:40.841526
500,10000,0.05,0.1,rl,0,3647,1995,1651,0,3575,0.0,0.8275689223057644,0.0,3.302,14.116,2026-01-08T15:10:50.336145
500,10000,0.05,0.1,rl,1,3669,1995,1673,0,3593,0.0,0.8385964912280702,0.0,3.346,13.82,2026-01-08T15:10:59.609652
500,10000,0.05,0.1,rl,2,3638,1995,1642,0,3562,0.0,0.8230576441102757,0.0,3.284,14.172,2026-01-08T15:11:08.934541
500,10000,0.05,0.1,rl,3,3647,1994,1652,0,3572,0.0,0.8284854563691073,0.0,3.304,14.104,2026-01-08T15:11:18.667721
500,10000,0.05,0.1,rl,4,3637,1995,1641,0,3567,0.0,0.8225563909774436,0.0,3.282,13.796,2026-01-08T15:11:28.118890
500,10000,0.05,0.2,rl,0,3688,1996,1691,0,3615,0.0,0.8471943887775552,0.0,3.382,14.272,2026-01-08T15:11:36.989476
500,10000,0.05,0.2,rl,1,3640,1996,1643,0,3566,0.0,0.8231462925851704,0.0,3.286,14.388,2026-01-08T15:11:46.643433
500,10000,0.05,0.2,rl,2,3664,1996,1667,0,3589,0.0,0.8351703406813628,0.0,3.334,14.76,2026-01-08T15:11:56.537672
500,10000,0.05,0.2,rl,3,3650,1996,1653,0,3579,0.0,0.8281563126252505,0.0,3.306,14.196,2026-01-08T15:12:05.743878
500,10000,0.05,0.2,rl,4,3639,1996,1642,0,3566,0.0,0.8226452905811623,0.0,3.284,13.956,2026-01-08T15:12:14.981980
500,10000,0.05,0.3,rl,0,3682,1996,1685,0,3614,0.0,0.844188376753507,0.0,3.37,14.46,2026-01-08T15:12:23.852524
500,10000,0.05,0.3,rl,1,3677,1996,1680,0,3607,0.0,0.8416833667334669,0.0,3.36,13.976,2026-01-08T15:12:32.617286
500,10000,0.05,0.3,rl,2,3682,1996,1685,0,3604,0.0,0.844188376753507,0.0,3.37,14.332,2026-01-08T15:12:41.522186
500,10000,0.05,0.3,rl,3,3669,1996,1672,0,3597,0.0,0.8376753507014028,0.0,3.344,14.78,2026-01-08T15:12:50.427727
500,10000,0.05,0.3,rl,4,3681,1996,1684,0,3605,0.0,0.843687374749499,0.0,3.368,14.84,2026-01-08T15:12:59.333134
500,10000,0.05,0.5,rl,0,3703,1996,1706,0,3631,0.0,0.8547094188376754,0.0,3.412,14.348,2026-01-08T15:13:07.353015
500,10000,0.05,0.5,rl,1,3715,1996,1718,0,3637,0.0,0.8607214428857716,0.0,3.436,14.204,2026-01-08T15:13:15.468087
500,10000,0.05,0.5,rl,2,3703,1996,1706,0,3623,0.0,0.8547094188376754,0.0,3.412,14.456,2026-01-08T15:13:23.660588
500,10000,0.05,0.5,rl,3,3675,1996,1678,0,3600,0.0,0.8406813627254509,0.0,3.356,14.6,2026-01-08T15:13:32.301541
500,10000,0.05,0.5,rl,4,3736,1996,1739,0,3660,0.0,0.8712424849699398,0.0,3.478,13.668,2026-01-08T15:13:40.645984
1000,10000,0.001,0.0,rl,0,420,417,3,103,6,0.24523809523809523,0.007194244604316547,0.0103,0.003,28.896,2026-01-08T15:14:04.518501
1000,10000,0.001,0.0,rl,1,396,393,3,97,6,0.24494949494949494,0.007633587786259542,0.0097,0.003,28.476,2026-01-08T15:14:27.772032
1000,10000,0.001,0.0,rl,2,476,437,38,98,72,0.20588235294117646,0.08695652173913043,0.0098,0.038,28.358,2026-01-08T15:14:52.295863
1000,10000,0.001,0.0,rl,3,456,445,11,107,22,0.23464912280701755,0.024719101123595506,0.0107,0.011,27.844,2026-01-08T15:15:16.773708
1000,10000,0.001,0.0,rl,4,409,405,3,100,6,0.24449877750611246,0.007407407407407408,0.01,0.003,28.028,2026-01-08T15:15:41.651790
1000,10000,0.001,0.05,rl,0,3802,1994,1807,0,3726,0.0,0.9062186559679037,0.0,1.807,28.304,2026-01-08T15:16:04.277791
1000,10000,0.001,0.05,rl,1,3783,1994,1788,0,3701,0.0,0.8966900702106319,0.0,1.788,28.72,2026-01-08T15:16:25.514706
1000,10000,0.001,0.05,rl,2,3819,1995,1823,0,3739,0.0,0.9137844611528823,0.0,1.823,28.638,2026-01-08T15:16:48.269022
1000,10000,0.001,0.05,rl,3,3802,1994,1807,0,3718,0.0,0.9062186559679037,0.0,1.807,27.878,2026-01-08T15:17:09.676338
1000,10000,0.001,0.05,rl,4,3800,1995,1804,0,3724,0.0,0.9042606516290727,0.0,1.804,28.666,2026-01-08T15:17:30.536388
1000,10000,0.001,0.1,rl,0,3814,1996,1817,0,3735,0.0,0.9103206412825652,0.0,1.817,28.758,2026-01-08T15:17:50.792857
1000,10000,0.001,0.1,rl,1,3819,1996,1822,0,3742,0.0,0.9128256513026052,0.0,1.822,27.83,2026-01-08T15:18:11.003174
1000,10000,0.001,0.1,rl,2,3829,1996,1832,0,3749,0.0,0.9178356713426854,0.0,1.832,27.874,2026-01-08T15:18:31.229209
1000,10000,0.001,0.1,rl,3,3831,1996,1834,0,3752,0.0,0.9188376753507014,0.0,1.834,28.89,2026-01-08T15:18:51.349081
1000,10000,0.001,0.1,rl,4,3830,1996,1833,0,3749,0.0,0.9183366733466933,0.0,1.833,27.782,2026-01-08T15:19:11.457211
1000,10000,0.001,0.2,rl,0,3823,1996,1826,0,3746,0.0,0.9148296593186372,0.0,1.826,28.298,2026-01-08T15:19:30.678719
1000,10000,0.001,0.2,rl,1,3823,1996,1826,0,3745,0.0,0.9148296593186372,0.0,1.826,28.546,2026-01-08T15:19:49.962449
1000,10000,0.001,0.2,rl,2,3839,1996,1842,0,3762,0.0,0.9228456913827655,0.0,1.842,28.356,2026-01-08T15:20:09.063464
1000,10000,0.001,0.2,rl,3,3829,1996,1832,0,3750,0.0,0.9178356713426854,0.0,1.832,28.38,2026-01-08T15:20:28.135019
1000,10000,0.001,0.2,rl,4,3839,1996,1842,0,3759,0.0,0.9228456913827655,0.0,1.842,28.42,2026-01-08T15:20:51.607949
1000,10000,0.001,0.3,rl,0,3861,1996,1864,0,3780,0.0,0.9338677354709419,0.0,1.864,27.866,2026-01-08T15:21:11.815590
1000,10000,0.001,0.3,rl,1,3826,1996,1829,0,3748,0.0,0.9163326653306614,0.0,1.829,28.746,2026-01-08T15:21:32.604546
1000,10000,0.001,0.3,rl,2,3843,1996,1846,0,3761,0.0,0.9248496993987976,0.0,1.846,28.188,2026-01-08T15:21:51.679369
1000,10000,0.001,0.3,rl,3,3848,1996,1851,0,3767,0.0,0.9273547094188377,0.0,1.851,27.96,2026-01-08T15:22:11.288586
1000,10000,0.001,0.3,rl,4,3850,1996,1853,0,3770,0.0,0.9283567134268537,0.0,1.853,28.43,2026-01-08T15:22:31.823383
1000,10000,0.001,0.5,rl,0,3878,1996,1881,0,3800,0.0,0.9423847695390781,0.0,1.881,27.912,2026-01-08T15:22:50.001876
1000,10000,0.001,0.5,rl,1,3864,1996,1867,0,3782,0.0,0.935370741482966,0.0,1.867,29.058,2026-01-08T15:23:08.101435
1000,10000,0.001,0.5,rl,2,3858,1996,1861,0,3780,0.0,0.9323647294589178,0.0,1.861,28.932,2026-01-08T15:23:26.965180
1000,10000,0.001,0.5,rl,3,3849,1996,1852,0,3768,0.0,0.9278557114228457,0.0,1.852,28.53,2026-01-08T15:23:45.118232
1000,10000,0.001,0.5,rl,4,3854,1996,1857,0,3773,0.0,0.9303607214428857,0.0,1.857,28.568,2026-01-08T15:24:02.162941
1000,10000,0.005,0.0,rl,0,418,412,5,101,11,0.24162679425837322,0.012135922330097087,0.0101,0.005,28.508,2026-01-08T15:24:24.587062
1000,10000,0.005,0.0,rl,1,434,426,8,104,16,0.23963133640552994,0.018779342723004695,0.0104,0.008,28.932,2026-01-08T15:24:47.104316
1000,10000,0.005,0.0,rl,2,428,425,3,105,6,0.24532710280373832,0.007058823529411765,0.0105,0.003,28.626,2026-01-08T15:25:09.631014
1000,10000,0.005,0.0,rl,3,451,432,18,100,36,0.22172949002217296,0.041666666666666664,0.01,0.018,27.52,2026-01-08T15:25:32.083198
1000,10000,0.005,0.0,rl,4,424,419,4,103,8,0.2429245283018868,0.00954653937947494,0.0103,0.004,28.756,2026-01-08T15:25:54.856230
1000,10000,0.005,0.05,rl,0,3784,1994,1790,0,3703,0.0,0.8976930792377131,0.0,1.79,28.51,2026-01-08T15:26:15.532219
1000,10000,0.005,0.05,rl,1,3805,1995,1810,0,3722,0.0,0.9072681704260651,0.0,1.81,29.45,2026-01-08T15:26:36.271412
1000,10000,0.005,0.05,rl,2,3817,1995,1821,0,3733,0.0,0.912781954887218,0.0,1.821,28.208,2026-01-08T15:26:57.113310
1000,10000,0.005,0.05,rl,3,3789,1995,1793,0,3706,0.0,0.8987468671679198,0.0,1.793,28.458,2026-01-08T15:27:18.532034
1000,10000,0.005,0.05,rl,4,3790,1996,1793,0,3709,0.0,0.8982965931863728,0.0,1.793,28.756,2026-01-08T15:27:40.155421
1000,10000,0.005,0.1,rl,0,3825,1996,1828,0,3744,0.0,0.9158316633266533,0.0,1.828,28.864,2026-01-08T15:28:00.210730
1000,10000,0.005,0.1,rl,1,3814,1996,1817,0,3738,0.0,0.9103206412825652,0.0,1.817,28.66,2026-01-08T15:28:20.788842
1000,10000,0.005,0.1,rl,2,3830,1996,1833,0,3752,0.0,0.9183366733466933,0.0,1.833,28.62,2026-01-08T15:28:42.650712
1000,10000,0.005,0.1,rl,3,3827,1996,1830,0,3749,0.0,0.9168336673346693,0.0,1.83,28.49,2026-01-08T15:29:07.674453
1000,10000,0.005,0.1,rl,4,3823,1996,1826,0,3744,0.0,0.9148296593186372,0.0,1.826,28.464,2026-01-08T15:29:28.576497
1000,10000,0.005,0.2,rl,0,3865,1996,1868,0,3784,0.0,0.935871743486974,0.0,1.868,28.552,2026-01-08T15:29:49.551443
1000,10000,0.005,0.2,rl,1,3862,1996,1865,0,3782,0.0,0.9343687374749499,0.0,1.865,28.612,2026-01-08T15:30:09.843739
1000,10000,0.005,0.2,rl,2,3837,1996,1840,0,3758,0.0,0.9218436873747495,0.0,1.84,28.656,2026-01-08T15:30:30.354261
1000,10000,0.005,0.2,rl,3,3851,1996,1854,0,3769,0.0,0.9288577154308617,0.0,1.854,28.63,2026-01-08T15:30:50.594594
1000,10000,0.005,0.2,rl,4,3848,1996,1851,0,3767,0.0,0.9273547094188377,0.0,1.851,28.566,2026-01-08T15:31:11.601007
1000,10000,0.005,0.3,rl,0,3857,1996,1860,0,3777,0.0,0.9318637274549099,0.0,1.86,28.17,2026-01-08T15:31:30.961264
1000,10000,0.005,0.3,rl,1,3864,1996,1867,0,3782,0.0,0.935370741482966,0.0,1.867,28.052,2026-01-08T15:31:50.379949
1000,10000,0.005,0.3,rl,2,3875,1996,1878,0,3794,0.0,0.9408817635270541,0.0,1.878,27.77,2026-01-08T15:32:09.590859
1000,10000,0.005,0.3,rl,3,3851,1996,1854,0,3770,0.0,0.9288577154308617,0.0,1.854,28.538,2026-01-08T15:32:30.868394
1000,10000,0.005,0.3,rl,4,3857,1996,1860,0,3775,0.0,0.9318637274549099,0.0,1.86,28.114,2026-01-08T15:32:50.002906
1000,10000,0.005,0.5,rl,0,3841,1996,1844,0,3765,0.0,0.9238476953907816,0.0,1.844,28.1,2026-01-08T15:33:07.255876
1000,10000,0.005,0.5,rl,1,3871,1996,1874,0,3793,0.0,0.938877755511022,0.0,1.874,28.392,2026-01-08T15:33:28.682475
1000,10000,0.005,0.5,rl,2,3869,1996,1872,0,3789,0.0,0.9378757515030061,0.0,1.872,27.924,2026-01-08T15:33:50.186168
1000,10000,0.005,0.5,rl,3,3870,1996,1873,0,3790,0.0,0.938376753507014,0.0,1.873,28.706,2026-01-08T15:34:08.653356
1000,10000,0.005,0.5,rl,4,3849,1996,1852,0,3769,0.0,0.9278557114228457,0.0,1.852,28.06,2026-01-08T15:34:27.827145
1000,10000,0.01,0.0,rl,0,432,425,7,104,14,0.24074074074074073,0.01647058823529412,0.0104,0.007,28.572,2026-01-08T15:34:53.120561
1000,10000,0.01,0.0,rl,1,450,441,8,108,15,0.24,0.018140589569160998,0.0108,0.008,28.274,2026-01-08T15:35:18.410854
1000,10000,0.01,0.0,rl,2,444,433,10,104,22,0.23423423423423423,0.023094688221709007,0.0104,0.01,28.592,2026-01-08T15:35:42.884990
1000,10000,0.01,0.0,rl,3,413,409,3,101,6,0.24455205811138014,0.007334963325183374,0.0101,0.003,28.88,2026-01-08T15:36:07.469630
1000,10000,0.01,0.0,rl,4,424,411,13,99,26,0.23349056603773585,0.031630170316301706,0.0099,0.013,28.112,2026-01-08T15:36:32.230962
1000,10000,0.01,0.05,rl,0,3767,1994,1772,0,3689,0.0,0.8886659979939819,0.0,1.772,29.116,2026-01-08T15:36:55.390848
1000,10000,0.01,0.05,rl,1,3803,1995,1807,0,3721,0.0,0.9057644110275689,0.0,1.807,28.178,2026-01-08T15:37:18.117173
1000,10000,0.01,0.05,rl,2,3819,1995,1823,0,3737,0.0,0.9137844611528823,0.0,1.823,28.26,2026-01-08T15:37:40.311430
1000,10000,0.01,0.05,rl,3,3781,1994,1786,0,3701,0.0,0.8956870611835507,0.0,1.786,28.936,2026-01-08T15:38:01.879615
1000,10000,0.01,0.05,rl,4,3804,1995,1808,0,3723,0.0,0.906265664160401,0.0,1.808,27.856,2026-01-08T15:38:23.237226
1000,10000,0.01,0.1,rl,0,3815,1996,1818,0,3736,0.0,0.9108216432865731,0.0,1.818,29.004,2026-01-08T15:38:44.711436
1000,10000,0.01,0.1,rl,1,3820,1996,1823,0,3745,0.0,0.9133266533066132,0.0,1.823,28.756,2026-01-08T15:39:05.165586
1000,10000,0.01,0.1,rl,2,3825,1996,1828,0,3746,0.0,0.9158316633266533,0.0,1.828,28.764,2026-01-08T15:39:25.646422
1000,10000,0.01,0.1,rl,3,3816,1996,1819,0,3736,0.0,0.9113226452905812,0.0,1.819,28.466,2026-01-08T15:39:46.482838
1000,10000,0.01,0.1,rl,4,3816,1996,1819,0,3734,0.0,0.9113226452905812,0.0,1.819,29.068,2026-01-08T15:40:09.368425
1000,10000,0.01,0.2,rl,0,3846,1996,1849,0,3764,0.0,0.9263527054108216,0.0,1.849,28.756,2026-01-08T15:40:32.148524
1000,10000,0.01,0.2,rl,1,3820,1996,1823,0,3740,0.0,0.9133266533066132,0.0,1.823,27.914,2026-01-08T15:40:52.974971
1000,10000,0.01,0.2,rl,2,3854,1996,1857,0,3775,0.0,0.9303607214428857,0.0,1.857,28.086,2026-01-08T15:41:12.849104
1000,10000,0.01,0.2,rl,3,3855,1996,1858,0,3771,0.0,0.9308617234468938,0.0,1.858,29.146,2026-01-08T15:41:32.620520
1000,10000,0.01,0.2,rl,4,3836,1996,1839,0,3758,0.0,0.9213426853707415,0.0,1.839,28.732,2026-01-08T15:41:52.448541
1000,10000,0.01,0.3,rl,0,3858,1996,1861,0,3779,0.0,0.9323647294589178,0.0,1.861,28.618,2026-01-08T15:42:11.553643
1000,10000,0.01,0.3,rl,1,3858,1996,1861,0,3776,0.0,0.9323647294589178,0.0,1.861,28.448,2026-01-08T15:42:30.521175
1000,10000,0.01,0.3,rl,2,3848,1996,1851,0,3769,0.0,0.9273547094188377,0.0,1.851,27.922,2026-01-08T15:42:49.620050
1000,10000,0.01,0.3,rl,3,3851,1996,1854,0,3772,0.0,0.9288577154308617,0.0,1.854,28.27,2026-01-08T15:43:08.655377
1000,10000,0.01,0.3,rl,4,3847,1996,1850,0,3767,0.0,0.9268537074148296,0.0,1.85,28.446,2026-01-08T15:43:27.685996
1000,10000,0.01,0.5,rl,0,3856,1996,1859,0,3775,0.0,0.9313627254509018,0.0,1.859,28.914,2026-01-08T15:43:45.174395
1000,10000,0.01,0.5,rl,1,3868,1996,1871,0,3791,0.0,0.937374749498998,0.0,1.871,28.892,2026-01-08T15:44:03.673778
1000,10000,0.01,0.5,rl,2,3853,1996,1856,0,3776,0.0,0.9298597194388778,0.0,1.856,28.34,2026-01-08T15:44:21.736592
1000,10000,0.01,0.5,rl,3,3844,1996,1847,0,3766,0.0,0.9253507014028056,0.0,1.847,28.29,2026-01-08T15:44:40.272038
1000,10000,0.01,0.5,rl,4,3857,1996,1860,0,3773,0.0,0.9318637274549099,0.0,1.86,28.884,2026-01-08T15:44:57.884176
1000,10000,0.02,0.0,rl,0,423,413,10,100,20,0.2364066193853428,0.024213075060532687,0.01,0.01,29.014,2026-01-08T15:45:21.705307
1000,10000,0.02,0.0,rl,1,420,410,9,99,19,0.2357142857142857,0.02195121951219512,0.0099,0.009,28.378,2026-01-08T15:45:46.385542
1000,10000,0.02,0.0,rl,2,416,409,6,100,12,0.2403846153846154,0.014669926650366748,0.01,0.006,28.002,2026-01-08T15:46:09.807279
1000,10000,0.02,0.0,rl,3,414,411,3,102,6,0.2463768115942029,0.0072992700729927005,0.0102,0.003,28.728,2026-01-08T15:46:33.155940
1000,10000,0.02,0.0,rl,4,415,406,8,99,16,0.2385542168674699,0.019704433497536946,0.0099,0.008,28.9,2026-01-08T15:46:56.411356
1000,10000,0.02,0.05,rl,0,3816,1996,1820,0,3735,0.0,0.9118236472945892,0.0,1.82,28.55,2026-01-08T15:47:17.790489
1000,10000,0.02,0.05,rl,1,3799,1995,1803,0,3715,0.0,0.9037593984962407,0.0,1.803,28.128,2026-01-08T15:47:39.273300
1000,10000,0.02,0.05,rl,2,3773,1994,1778,0,3692,0.0,0.8916750250752257,0.0,1.778,28.546,2026-01-08T15:48:00.663590
1000,10000,0.02,0.05,rl,3,3783,1995,1787,0,3704,0.0,0.8957393483709273,0.0,1.787,28.238,2026-01-08T15:48:22.118080
1000,10000,0.02,0.05,rl,4,3781,1995,1786,0,3704,0.0,0.8952380952380953,0.0,1.786,28.732,2026-01-08T15:48:43.655540
1000,10000,0.02,0.1,rl,0,3797,1996,1800,0,3720,0.0,0.9018036072144289,0.0,1.8,28.006,2026-01-08T15:49:04.651435
1000,10000,0.02,0.1,rl,1,3800,1996,1803,0,3724,0.0,0.9033066132264529,0.0,1.803,28.26,2026-01-08T15:49:25.532303
1000,10000,0.02,0.1,rl,2,3829,1996,1832,0,3750,0.0,0.9178356713426854,0.0,1.832,28.246,2026-01-08T15:49:46.528457
1000,10000,0.02,0.1,rl,3,3815,1996,1818,0,3735,0.0,0.9108216432865731,0.0,1.818,28.202,2026-01-08T15:50:07.437767
1000,10000,0.02,0.1,rl,4,3805,1996,1808,0,3730,0.0,0.905811623246493,0.0,1.808,28.202,2026-01-08T15:50:28.324140
1000,10000,0.02,0.2,rl,0,3846,1996,1849,0,3769,0.0,0.9263527054108216,0.0,1.849,28.008,2026-01-08T15:50:48.222187
1000,10000,0.02,0.2,rl,1,3845,1996,1848,0,3767,0.0,0.9258517034068137,0.0,1.848,28.254,2026-01-08T15:51:08.067341
1000,10000,0.02,0.2,rl,2,3837,1996,1840,0,3763,0.0,0.9218436873747495,0.0,1.84,28.216,2026-01-08T15:51:27.946077
1000,10000,0.02,0.2,rl,3,3868,1996,1871,0,3789,0.0,0.937374749498998,0.0,1.871,28.974,2026-01-08T15:51:47.886359
1000,10000,0.02,0.2,rl,4,3825,1996,1828,0,3745,0.0,0.9158316633266533,0.0,1.828,29.234,2026-01-08T15:52:07.714474
1000,10000,0.02,0.3,rl,0,3848,1996,1851,0,3771,0.0,0.9273547094188377,0.0,1.851,28.564,2026-01-08T15:52:26.877442
1000,10000,0.02,0.3,rl,1,3845,1996,1848,0,3764,0.0,0.9258517034068137,0.0,1.848,28.252,2026-01-08T15:52:47.140313
1000,10000,0.02,0.3,rl,2,3862,1996,1865,0,3783,0.0,0.9343687374749499,0.0,1.865,28.51,2026-01-08T15:53:06.078492
1000,10000,0.02,0.3,rl,3,3867,1996,1870,0,3785,0.0,0.93687374749499,0.0,1.87,28.5,2026-01-08T15:53:25.794016
1000,10000,0.02,0.3,rl,4,3867,1996,1870,0,3785,0.0,0.93687374749499,0.0,1.87,27.53,2026-01-08T15:53:45.399509
1000,10000,0.02,0.5,rl,0,3871,1996,1874,0,3792,0.0,0.938877755511022,0.0,1.874,28.538,2026-01-08T15:54:03.338209
1000,10000,0.02,0.5,rl,1,3835,1996,1838,0,3754,0.0,0.9208416833667334,0.0,1.838,28.084,2026-01-08T15:54:21.006913
1000,10000,0.02,0.5,rl,2,3861,1996,1864,0,3779,0.0,0.9338677354709419,0.0,1.864,28.834,2026-01-08T15:54:39.566893
1000,10000,0.02,0.5,rl,3,3851,1996,1854,0,3770,0.0,0.9288577154308617,0.0,1.854,28.842,2026-01-08T15:54:57.123306
1000,10000,0.02,0.5,rl,4,3872,1996,1875,0,3792,0.0,0.9393787575150301,0.0,1.875,28.504,2026-01-08T15:55:15.713650
1000,10000,0.05,0.0,rl,0,421,411,10,98,22,0.2327790973871734,0.024330900243309004,0.0098,0.01,28.38,2026-01-08T15:55:38.862866
1000,10000,0.05,0.0,rl,1,421,416,4,103,8,0.24465558194774348,0.009615384615384616,0.0103,0.004,28.716,2026-01-08T15:56:02.814000
1000,10000,0.05,0.0,rl,2,412,405,6,99,12,0.24029126213592233,0.014814814814814815,0.0099,0.006,28.608,2026-01-08T15:56:26.926274
1000,10000,0.05,0.0,rl,3,412,407,5,100,11,0.24271844660194175,0.012285012285012284,0.01,0.005,28.41,2026-01-08T15:56:49.917181
1000,10000,0.05,0.0,rl,4,432,418,13,99,26,0.22916666666666666,0.03110047846889952,0.0099,0.013,28.638,2026-01-08T15:57:12.734357
1000,10000,0.05,0.05,rl,0,3790,1995,1794,0,3710,0.0,0.8992481203007519,0.0,1.794,28.246,2026-01-08T15:57:33.859173
1000,10000,0.05,0.05,rl,1,3795,1995,1800,0,3713,0.0,0.9022556390977443,0.0,1.8,28.8,2026-01-08T15:57:55.029903
1000,10000,0.05,0.05,rl,2,3782,1995,1786,0,3704,0.0,0.8952380952380953,0.0,1.786,28.434,2026-01-08T15:58:16.098801
1000,10000,0.05,0.05,rl,3,3793,1996,1797,0,3714,0.0,0.9003006012024048,0.0,1.797,28.38,2026-01-08T15:58:37.249134
1000,10000,0.05,0.05,rl,4,3782,1995,1786,0,3701,0.0,0.8952380952380953,0.0,1.786,28.584,2026-01-08T15:58:58.429931
1000,10000,0.05,0.1,rl,0,3813,1996,1816,0,3734,0.0,0.9098196392785571,0.0,1.816,28.398,2026-01-08T15:59:19.062146
1000,10000,0.05,0.1,rl,1,3792,1996,1795,0,3715,0.0,0.8992985971943888,0.0,1.795,28.192,2026-01-08T15:59:39.760533
1000,10000,0.05,0.1,rl,2,3807,1996,1810,0,3728,0.0,0.906813627254509,0.0,1.81,28.546,2026-01-08T16:00:00.278837
1000,10000,0.05,0.1,rl,3,3809,1996,1812,0,3729,0.0,0.9078156312625251,0.0,1.812,28.536,2026-01-08T16:00:20.890964
1000,10000,0.05,0.1,rl,4,3808,1996,1811,0,3731,0.0,0.907314629258517,0.0,1.811,28.468,2026-01-08T16:00:41.623901
1000,10000,0.05,0.2,rl,0,3841,1996,1844,0,3764,0.0,0.9238476953907816,0.0,1.844,28.584,2026-01-08T16:01:02.389795
1000,10000,0.05,0.2,rl,1,3843,1996,1846,0,3761,0.0,0.9248496993987976,0.0,1.846,28.312,2026-01-08T16:01:22.238154
1000,10000,0.05,0.2,rl,2,3839,1996,1842,0,3759,0.0,0.9228456913827655,0.0,1.842,28.916,2026-01-08T16:01:42.224369
1000,10000,0.05,0.2,rl,3,3837,1996,1840,0,3757,0.0,0.9218436873747495,0.0,1.84,28.486,2026-01-08T16:02:02.092356
1000,10000,0.05,0.2,rl,4,3847,1996,1850,0,3767,0.0,0.9268537074148296,0.0,1.85,28.882,2026-01-08T16:02:21.933588
1000,10000,0.05,0.3,rl,0,3857,1996,1860,0,3776,0.0,0.9318637274549099,0.0,1.86,28.382,2026-01-08T16:02:40.777246
1000,10000,0.05,0.3,rl,1,3846,1996,1849,0,3772,0.0,0.9263527054108216,0.0,1.849,28.188,2026-01-08T16:02:59.801474
1000,10000,0.05,0.3,rl,2,3838,1996,1841,0,3758,0.0,0.9223446893787575,0.0,1.841,28.178,2026-01-08T16:03:18.808519
1000,10000,0.05,0.3,rl,3,3858,1996,1861,0,3777,0.0,0.9323647294589178,0.0,1.861,28.894,2026-01-08T16:03:37.739653
1000,10000,0.05,0.3,rl,4,3850,1996,1853,0,3769,0.0,0.9283567134268537,0.0,1.853,28.66,2026-01-08T16:03:56.578420
1000,10000,0.05,0.5,rl,0,3837,1996,1840,0,3759,0.0,0.9218436873747495,0.0,1.84,28.144,2026-01-08T16:04:14.188785
1000,10000,0.05,0.5,rl,1,3857,1996,1860,0,3778,0.0,0.9318637274549099,0.0,1.86,28.57,2026-01-08T16:04:31.906371
1000,10000,0.05,0.5,rl,2,3850,1996,1853,0,3769,0.0,0.9283567134268537,0.0,1.853,28.116,2026-01-08T16:04:49.538446
1000,10000,0.05,0.5,rl,3,3861,1996,1864,0,3783,0.0,0.9338677354709419,0.0,1.864,28.618,2026-01-08T16:05:07.090321
1000,10000,0.05,0.5,rl,4,3872,1996,1875,0,3791,0.0,0.9393787575150301,0.0,1.875,28.502,2026-01-08T16:05:24.772759
