tick,timestamp,channel_total_generated_packets,channel_total_data_packet_sent,channel_total_sent_packets,channel_total_loss_packets,channel_total_timeout_nodes,channel_avg_packet_loss_percentage,channel_total_throughput,channel_avg_recent_packet_loss,nodes_avg_data_packet_sent,nodes_avg_control_packet_sent,nodes_avg_total_packet_sent,nodes_avg_data_packet_generated,nodes_avg_control_packet_generated,nodes_avg_total_packet_generated,nodes_avg_data_packet_loss,nodes_avg_control_packet_loss,nodes_avg_total_packet_loss,nodes_avg_packet_loss_percentage,nodes_avg_success_sent_bits,nodes_avg_throughput_per_node,nodes_avg_timeout_retry,nodes_avg_cw_enters,nodes_avg_cw_increase,nodes_avg_recent_packet_loss_pct,nodes_total_data_packet_sent,nodes_total_control_packet_sent,nodes_total_packet_sent,nodes_total_packet_loss,nodes_total_success_bits,nodes_nodes_in_IDLE,nodes_nodes_in_WAITING_UNTIL_CHANNEL_IS_CLEAR,nodes_nodes_in_SENDING_RTS,nodes_nodes_in_SENDING_CTS,nodes_nodes_in_WAITING_CTS,nodes_nodes_in_SENDING_DATA,nodes_nodes_in_WAITING_DATA,nodes_nodes_in_SENDING_ACK,nodes_nodes_in_WAITING_ACK,nodes_nodes_in_TIMEOUT,nodes_nodes_in_END_BACKOFF_TIMEOUT,nodes_avg_nav_seconds,nodes_max_nav_seconds,nodes_nodes_with_active_nav
0,2026-01-19T15:53:50.934748,0,0,0,0,0,0.0,0.0,0.0,0.0,0.0,0.0,0.0,0.0,0.0,0.0,0.0,0.0,0.0,0.0,0.0,0.0,0.0,0.0,0.0,0,0,0,0,0,500,0,0,0,0,0,0,0,0,0,0,0.0,0,0
10000,2026-01-19T15:53:53.118170,1161,101,710,398,770,0.3808666666666667,0.0009132,0.24336257631257632,0.202,1.218,1.42,0.326,1.996,2.322,0.122,0.674,0.796,0.3808666666666667,18.264,1.8264e-06,1.54,4.222,0.0,0.24336257631257632,101,609,710,398,9132,0,3,454,0,1,0,8,0,3,31,0,50.802,121,308
20000,2026-01-19T15:53:55.127130,2402,205,1483,817,1595,0.5486008380508381,0.0018379,0.28988248118410653,0.41,2.556,2.966,0.686,4.118,4.804,0.276,1.358,1.634,0.5486008380508381,36.758,3.6758e-06,3.19,7.76,0.0,0.28988248118410653,205,1278,1483,817,18379,0,4,457,1,6,0,7,0,2,23,0,79.034,180,458
30000,2026-01-19T15:53:57.067433,3506,303,2153,1210,2342,0.6145305812608445,0.0027734,0.3132124874123267,0.606,3.7,4.306,0.968,6.044,7.012,0.362,2.058,2.42,0.6145305812608445,55.468,5.5468e-06,4.684,10.938,0.0,0.3132124874123267,303,1850,2153,1210,27734,0,4,450,0,5,0,13,0,4,24,0,148.06,180,462
40000,2026-01-19T15:53:59.021208,4652,396,2850,1608,3134,0.6550363916699056,0.0036984,0.3143003105126266,0.792,4.908,5.7,1.296,8.008,9.304,0.504,2.712,3.216,0.6550363916699056,73.968,7.3968e-06,6.268,14.304,0.0,0.3143003105126266,396,2454,2850,1608,36984,0,7,454,0,1,0,6,0,4,28,0,50.626,121,379
50000,2026-01-19T15:54:01.134493,5777,490,3543,2002,3891,0.6554250393596921,0.0046263,0.3174893661917524,0.98,6.106,7.086,1.614,9.94,11.554,0.632,3.372,4.004,0.6554250393596921,92.526,9.2526e-06,7.782,17.552,0.0,0.3174893661917524,490,3053,3543,2002,46263,0,5,463,0,3,0,10,0,5,14,0,64.756,103,458
60000,2026-01-19T15:54:03.232973,6940,589,4257,2410,4671,0.6516679269746122,0.0055642,0.32121253158758073,1.178,7.336,8.514,1.95,11.93,13.88,0.772,4.048,4.82,0.6516679269746122,111.284,1.11284e-05,9.342,20.858,0.0,0.32121253158758073,589,3668,4257,2410,55642,0,9,449,1,3,0,13,0,5,20,0,82.586,180,414
70000,2026-01-19T15:54:05.234203,8089,689,4962,2812,5451,0.6524470399010208,0.006488,0.3297544822143482,1.378,8.546,9.924,2.26,13.918,16.178,0.882,4.742,5.624,0.6524470399010208,129.76,1.2975999999999999e-05,10.902,24.166,0.0,0.3297544822143482,689,4273,4962,2812,64880,0,3,445,0,5,0,9,0,5,33,0,109.486,177,458
80000,2026-01-19T15:54:07.208558,9245,790,5674,3207,6221,0.6430050919371307,0.007413,0.3320149974430488,1.58,9.768,11.348,2.584,15.906,18.49,1.004,5.41,6.414,0.6430050919371307,148.26,1.4826e-05,12.442,27.482,0.0,0.3320149974430488,790,4884,5674,3207,74130,0,3,453,0,7,0,10,0,6,21,0,123.696,176,471
90000,2026-01-19T15:54:09.172303,10400,889,6387,3603,6994,0.6407183922199818,0.0083361,0.33420752251643693,1.778,10.996,12.774,2.924,17.876,20.8,1.144,6.062,7.206,0.6407183922199818,166.722,1.6672200000000003e-05,13.988,30.768,0.0,0.33420752251643693,889,5498,6387,3603,83361,0,5,447,0,2,0,12,0,5,29,0,115.39,156,468
100000,2026-01-19T15:54:11.218502,11529,989,7083,3992,7747,0.6339235923757731,0.0092656,0.33638312826171324,1.978,12.188,14.166,3.254,19.804,23.058,1.276,6.708,7.984,0.6339235923757731,185.312,1.85312e-05,15.494,33.998,0.0,0.33638312826171324,989,6094,7083,3992,92656,0,6,453,0,2,0,6,0,6,27,0,58.998,178,387
110000,2026-01-19T15:54:13.201987,12678,1089,7796,4393,8510,0.6389362152720013,0.0101935,0.34021931842607567,2.178,13.414,15.592,3.582,21.774,25.356,1.402,7.384,8.786,0.6389362152720013,203.87,2.0387e-05,17.02,37.29,0.0,0.34021931842607567,1089,6707,7796,4393,101935,0,2,458,0,5,0,10,0,5,20,0,98.356,117,471
120000,2026-01-19T15:54:15.150624,13803,1190,8495,4777,9261,0.6319087631409697,0.011118,0.34096519314418516,2.38,14.61,16.99,3.896,23.71,27.606,1.514,8.04,9.554,0.6319087631409697,222.36,2.2236e-05,18.522,40.51,0.0,0.34096519314418516,1190,7305,8495,4777,111180,0,4,458,0,0,0,8,0,6,24,0,49.626,113,368
130000,2026-01-19T15:54:17.091959,14939,1285,9192,5175,10032,0.628092327391503,0.0120445,0.3415472800100663,2.57,15.814,18.384,4.222,25.656,29.878,1.65,8.7,10.35,0.628092327391503,240.89,2.4089e-05,20.064,43.782,0.0,0.3415472800100663,1285,7907,9192,5175,120445,0,3,459,0,0,0,10,0,5,23,0,42.804,114,409
140000,2026-01-19T15:54:19.041722,16114,1390,9914,5574,10803,0.6289919865067041,0.0129671,0.3429203516062885,2.78,17.048,19.828,4.572,27.656,32.228,1.792,9.356,11.148,0.6289919865067041,259.342,2.59342e-05,21.606,47.084,0.0,0.3429203516062885,1390,8524,9914,5574,129671,0,5,457,0,4,0,7,0,7,20,0,102.926,141,452
150000,2026-01-19T15:54:20.977593,17234,1492,10596,5962,11555,0.6251798363427511,0.0138977,0.34384089971886056,2.984,18.208,21.192,4.882,29.586,34.468,1.896,10.028,11.924,0.6251798363427511,277.954,2.77954e-05,23.11,50.286,0.0,0.34384089971886056,1492,9104,10596,5962,138977,0,6,454,0,3,0,9,0,5,23,0,104.9,163,458
160000,2026-01-19T15:54:22.949715,18327,1587,11260,6332,12293,0.626448650510742,0.014819,0.3446011215416386,3.174,19.346,22.52,5.186,31.468,36.654,2.01,10.654,12.664,0.626448650510742,296.38,2.9638e-05,24.586,53.442,0.0,0.3446011215416386,1587,9673,11260,6332,148190,0,3,459,0,5,0,6,0,3,24,0,94.556,133,443
170000,2026-01-19T15:54:24.921790,19468,1679,11960,6737,13056,0.6247706355783094,0.0157553,0.3460522132721978,3.358,20.562,23.92,5.534,33.402,38.936,2.176,11.298,13.474,0.6247706355783094,315.106,3.15106e-05,26.112,56.688,0.0,0.3460522132721978,1679,10281,11960,6737,157553,0,3,455,0,6,0,12,0,6,18,0,125.902,178,434
180000,2026-01-19T15:54:27.028900,20649,1778,12689,7144,13854,0.6247658923005465,0.0166799,0.3468362650098832,3.556,21.822,25.378,5.874,35.424,41.298,2.316,11.972,14.288,0.6247658923005465,333.598,3.33598e-05,27.708,60.08,0.0,0.3468362650098832,1778,10911,12689,7144,166799,0,6,452,0,4,0,11,0,6,21,0,106.826,157,439
190000,2026-01-19T15:54:29.229098,21740,1877,13349,7536,14591,0.6291498040975166,0.0176183,0.34853103356975396,3.754,22.944,26.698,6.172,37.308,43.48,2.416,12.656,15.072,0.6291498040975166,352.366,3.52366e-05,29.182,63.23,0.0,0.34853103356975396,1877,11472,13349,7536,176183,0,7,458,0,2,0,13,0,6,14,0,54.904,151,359
200000,2026-01-19T15:54:31.287941,22890,1976,14062,7932,15360,0.6235651928386069,0.0185436,0.3488026328214892,3.952,24.172,28.124,6.522,39.258,45.78,2.568,13.296,15.864,0.6235651928386069,370.872,3.70872e-05,30.72,66.504,0.0,0.3488026328214892,1976,12086,14062,7932,185436,0,7,458,0,0,0,7,0,5,23,0,16.36,87,165
210000,2026-01-19T15:54:33.419379,23991,2077,14734,8322,16095,0.6242358587710563,0.0194797,0.34925260316031514,4.154,25.314,29.468,6.816,41.166,47.982,2.662,13.982,16.644,0.6242358587710563,389.594,3.89594e-05,32.19,69.644,0.0,0.34925260316031514,2077,12657,14734,8322,194797,0,4,449,1,5,0,12,0,3,26,0,135.864,181,460
220000,2026-01-19T15:54:35.572744,25139,2174,15428,8720,16887,0.6228745703595159,0.0203954,0.3505075370580799,4.348,26.508,30.856,7.102,43.176,50.278,2.754,14.686,17.44,0.6228745703595159,407.908,4.07908e-05,33.774,73.026,0.0,0.3505075370580799,2174,13254,15428,8720,203954,0,9,456,0,5,0,10,0,3,17,0,52.364,117,469
230000,2026-01-19T15:54:37.589521,26281,2276,16130,9124,17650,0.6251752336081445,0.0213285,0.35169289219885225,4.552,27.708,32.26,7.426,45.136,52.562,2.872,15.376,18.248,0.6251752336081445,426.57,4.2657e-05,35.3,76.288,0.0,0.35169289219885225,2276,13854,16130,9124,213285,0,7,454,0,5,0,8,0,4,22,0,63.93,104,392
240000,2026-01-19T15:54:39.600679,27422,2380,16834,9522,18412,0.6243179720367156,0.0222669,0.3524132762244041,4.76,28.908,33.668,7.752,47.092,54.844,2.99,16.054,19.044,0.6243179720367156,445.338,4.45338e-05,36.824,79.558,0.0,0.3524132762244041,2380,14454,16834,9522,222669,0,4,461,0,1,0,8,0,5,21,0,49.952,154,398
250000,2026-01-19T15:54:41.573734,28511,2476,17496,9903,19140,0.6265390713875766,0.0231989,0.3538723846960741,4.952,30.04,34.992,8.052,48.97,57.022,3.098,16.708,19.806,0.6265390713875766,463.978,4.6397800000000005e-05,38.28,82.672,0.0,0.3538723846960741,2476,15020,17496,9903,231989,0,4,457,0,4,0,11,0,5,19,0,105.77,147,469
260000,2026-01-19T15:54:43.554852,29658,2573,18193,10308,19931,0.6284979964420035,0.024125,0.35500887649950885,5.146,31.24,36.386,8.36,50.956,59.316,3.214,17.402,20.616,0.6284979964420035,482.5,4.825e-05,39.862,86.022,0.0,0.35500887649950885,2573,15620,18193,10308,241250,0,4,456,0,3,1,9,0,2,25,0,86.76,174,461
270000,2026-01-19T15:54:45.563628,30795,2667,18890,10715,20703,0.6311773911919583,0.0250603,0.3563074738386879,5.334,32.446,37.78,8.696,52.894,61.59,3.362,18.068,21.43,0.6311773911919583,501.206,5.01206e-05,41.406,89.28,0.0,0.3563074738386879,2667,16223,18890,10715,250603,0,5,450,1,4,0,8,0,3,29,0,120.108,181,363
280000,2026-01-19T15:54:47.772058,31965,2760,19608,11121,21489,0.6329989365371066,0.0259813,0.35771182143774766,5.52,33.696,39.216,9.036,54.894,63.93,3.514,18.728,22.242,0.6329989365371066,519.626,5.1962599999999996e-05,42.978,92.644,0.0,0.35771182143774766,2760,16848,19608,11121,259813,0,3,450,0,5,0,14,0,6,22,0,80.512,114,443
290000,2026-01-19T15:54:49.994592,33133,2861,20332,11527,22274,0.6337800769938138,0.0269143,0.3583744045592408,5.722,34.942,40.664,9.372,56.894,66.266,3.65,19.404,23.054,0.6337800769938138,538.286,5.3828599999999995e-05,44.548,96.002,0.0,0.3583744045592408,2861,17471,20332,11527,269143,0,5,458,0,4,0,11,0,5,17,0,79.048,176,333
300000,2026-01-19T15:54:52.044555,34301,2959,21059,11935,23049,0.6326662778425276,0.0278494,0.3586501459840927,5.918,36.2,42.118,9.73,58.872,68.602,3.81,20.06,23.87,0.6326662778425276,556.988,5.56988e-05,46.098,99.31,0.0,0.3586501459840927,2959,18100,21059,11935,278494,0,4,450,0,7,0,13,0,3,23,0,87.044,155,378
310000,2026-01-19T15:54:54.046034,35425,3050,21749,12329,23826,0.633180891088283,0.028769,0.35874338721844856,6.1,37.398,43.498,10.028,60.822,70.85,3.928,20.73,24.658,0.633180891088283,575.38,5.7538e-05,47.652,102.614,0.0,0.35874338721844856,3050,18699,21749,12329,287690,0,4,454,0,7,0,9,0,2,24,0,128.738,177,442
320000,2026-01-19T15:54:56.684824,36613,3149,22492,12737,24611,0.6324112570920228,0.0296987,0.3590887072863501,6.298,38.686,44.984,10.394,62.832,73.226,4.094,21.38,25.474,0.6324112570920228,593.974,5.93974e-05,49.222,105.97,0.0,0.3590887072863501,3149,19343,22492,12737,296987,0,2,456,0,6,0,10,0,5,21,0,135.224,172,464
330000,2026-01-19T15:54:58.640571,37815,3245,23243,13156,25432,0.6318298925064436,0.0306186,0.35962436562856653,6.49,39.996,46.486,10.742,64.888,75.63,4.25,22.062,26.312,0.6318298925064436,612.372,6.12372e-05,50.864,109.446,0.0,0.35962436562856653,3245,19998,23243,13156,306186,0,5,449,0,0,0,10,0,5,31,0,69.002,155,423
340000,2026-01-19T15:55:00.636693,38975,3342,23951,13567,26225,0.6325443288383408,0.0315487,0.3603392239660028,6.684,41.218,47.902,11.06,66.89,77.95,4.376,22.758,27.134,0.6325443288383408,630.974,6.30974e-05,52.45,112.836,0.0,0.3603392239660028,3342,20609,23951,13567,315487,0,3,459,0,1,1,9,0,5,22,0,102.668,174,481
350000,2026-01-19T15:55:02.633342,40139,3440,24663,13979,27014,0.6331098714768056,0.0324745,0.3609952952242398,6.88,42.446,49.326,11.386,68.892,80.278,4.506,23.452,27.958,0.6331098714768056,649.49,6.4949e-05,54.028,116.172,0.0,0.3609952952242398,3440,21223,24663,13979,324745,0,2,446,0,5,1,9,0,4,33,0,120.866,175,462
360000,2026-01-19T15:55:04.648480,41241,3540,25337,14363,27749,0.6347607558242421,0.0334124,0.36193755587606313,7.08,43.594,50.674,11.696,70.786,82.482,4.616,24.11,28.726,0.6347607558242421,668.248,6.68248e-05,55.498,119.318,0.0,0.36193755587606313,3540,21797,25337,14363,334124,0,4,448,0,7,0,9,0,3,29,0,128.686,177,464
370000,2026-01-19T15:55:06.655492,42383,3638,26032,14769,28521,0.6368236757695962,0.0343374,0.3628545880106023,7.276,44.788,52.064,11.986,72.78,84.766,4.708,24.83,29.538,0.6368236757695962,686.748,6.867479999999999e-05,57.042,122.67,0.0,0.3628545880106023,3638,22394,26032,14769,343374,0,2,456,0,10,0,17,0,7,8,0,127.206,167,492
380000,2026-01-19T15:55:08.638718,43464,3731,26687,15157,29276,0.639135338676811,0.0352685,0.36373271535700913,7.462,45.912,53.374,12.258,74.67,86.928,4.796,25.518,30.314,0.639135338676811,705.37,7.0537e-05,58.552,125.852,0.0,0.36373271535700913,3731,22956,26687,15157,352685,0,4,453,0,9,0,16,0,2,16,0,138.916,179,463
390000,2026-01-19T15:55:10.684552,44605,3825,27386,15556,30064,0.6402418198878846,0.0361968,0.36447942388410404,7.65,47.122,54.772,12.584,76.626,89.21,4.934,26.178,31.112,0.6402418198878846,723.936,7.23936e-05,60.128,129.198,0.0,0.36447942388410404,3825,23561,27386,15556,361968,0,2,464,0,3,0,8,0,3,20,0,83.85,177,362
400000,2026-01-19T15:55:12.709037,45787,3924,28123,15963,30850,0.6400152113587877,0.0371249,0.3648165695235193,7.848,48.398,56.246,12.93,78.644,91.574,5.08,26.846,31.926,0.6400152113587877,742.498,7.42498e-05,61.7,132.566,0.0,0.3648165695235193,3924,24199,28123,15963,371249,0,5,460,0,3,0,9,0,5,18,0,80.386,150,462
410000,2026-01-19T15:55:14.749880,46906,4025,28811,16354,31588,0.640630356370594,0.0380591,0.3652359968601353,8.05,49.572,57.622,13.244,80.568,93.812,5.192,27.516,32.708,0.640630356370594,761.182,7.611819999999999e-05,63.176,135.724,0.0,0.3652359968601353,4025,24786,28811,16354,380591,0,3,451,0,9,0,13,0,5,19,0,121.076,161,471
420000,2026-01-19T15:55:16.780779,48034,4121,29495,16740,32367,0.6409471727811151,0.0389676,0.3658722013134323,8.242,50.748,58.99,13.546,82.522,96.068,5.302,28.178,33.48,0.6409471727811151,779.352,7.793519999999999e-05,64.734,139.028,0.0,0.3658722013134323,4121,25374,29495,16740,389676,0,7,451,0,0,0,8,0,4,30,0,21.458,100,212
430000,2026-01-19T15:55:18.813452,49162,4221,30172,17138,33132,0.6422056969704959,0.039902,0.3662311272234888,8.442,51.902,60.344,13.836,84.488,98.324,5.394,28.882,34.276,0.6422056969704959,798.04,7.9804e-05,66.264,142.31,0.0,0.3662311272234888,4221,25951,30172,17138,399020,0,10,450,0,5,0,10,0,5,20,0,114.346,176,481
440000,2026-01-19T15:55:21.009585,50312,4320,30883,17534,33894,0.6420106181461676,0.0408228,0.3665390323826805,8.64,53.126,61.766,14.168,86.456,100.624,5.528,29.54,35.068,0.6420106181461676,816.456,8.16456e-05,67.788,145.574,0.0,0.3665390323826805,4320,26563,30883,17534,408228,0,5,447,0,6,1,13,0,7,21,0,139.12,175,473
450000,2026-01-19T15:55:23.249264,51444,4421,31584,17928,34655,0.6424675370567215,0.0417583,0.3670612364232074,8.842,54.326,63.168,14.512,88.376,102.888,5.67,30.186,35.856,0.6424675370567215,835.166,8.351659999999999e-05,69.31,148.826,0.0,0.3670612364232074,4421,27163,31584,17928,417583,0,4,460,1,2,0,7,0,5,21,0,69.208,181,370
460000,2026-01-19T15:55:25.889060,52614,4516,32313,18318,35423,0.6410856370739085,0.0426688,0.3671142461032758,9.032,55.594,64.626,14.874,90.354,105.228,5.84,30.796,36.636,0.6410856370739085,853.376,8.53376e-05,70.846,152.14,0.0,0.3671142461032758,4516,27797,32313,18318,426688,0,2,466,0,9,0,9,0,3,11,0,97.658,146,478
470000,2026-01-19T15:55:28.169620,53801,4616,33042,18732,36228,0.6414290434615008,0.0435915,0.36747113253416186,9.232,56.852,66.084,15.208,92.394,107.602,5.974,31.49,37.464,0.6414290434615008,871.83,8.7183e-05,72.456,155.554,0.0,0.36747113253416186,4616,28426,33042,18732,435915,0,4,459,0,6,0,11,0,3,17,0,123.494,163,459
480000,2026-01-19T15:55:30.483953,54946,4710,33752,19131,37009,0.6416626431555468,0.0445199,0.36793511322545525,9.42,58.084,67.504,15.544,94.348,109.892,6.122,32.14,38.262,0.6416626431555468,890.398,8.90398e-05,74.018,158.838,0.0,0.36793511322545525,4710,29042,33752,19131,445199,0,2,444,0,1,0,7,0,4,42,0,77.804,147,379
490000,2026-01-19T15:55:32.521866,56059,4807,34432,19523,37755,0.6423744392649706,0.0454468,0.36832883478119777,9.614,59.25,68.864,15.844,96.274,112.118,6.228,32.818,39.046,0.6423744392649706,908.936,9.08936e-05,75.51,162.074,0.0,0.36832883478119777,4807,29625,34432,19523,454468,0,3,452,0,6,0,12,0,2,25,0,117.374,151,459
500000,2026-01-19T15:55:34.519632,57197,4912,35141,19912,38498,0.6425161329816391,0.0463815,0.3685515202171867,9.824,60.458,70.282,16.184,98.21,114.394,6.36,33.464,39.824,0.6425161329816391,927.63,9.276299999999999e-05,76.996,165.262,0.0,0.3685515202171867,4912,30229,35141,19912,463815,0,6,457,0,2,1,10,0,6,18,0,87.47,175,472
510000,2026-01-19T15:55:36.529058,58378,5006,35862,20322,39304,0.6420549490969227,0.0472939,0.3686711633350085,10.012,61.712,71.724,16.526,100.23,116.756,6.512,34.132,40.644,0.6420549490969227,945.878,9.45878e-05,78.608,168.662,0.0,0.3686711633350085,5006,30856,35862,20322,472939,0,5,448,0,6,0,9,0,3,29,0,62.974,98,450
520000,2026-01-19T15:55:38.533081,59512,5101,36547,20725,40083,0.6425644478245979,0.0482242,0.3692114737515284,10.202,62.892,73.094,16.846,102.178,119.024,6.642,34.808,41.45,0.6425644478245979,964.484,9.644840000000001e-05,80.166,171.968,0.0,0.3692114737515284,5101,31446,36547,20725,482242,0,5,450,0,3,0,8,0,3,31,0,46.668,106,282
530000,2026-01-19T15:55:41.332275,60721,5203,37294,21144,40896,0.6430692474243274,0.0491441,0.3694780116928916,10.406,64.182,74.588,17.192,104.25,121.442,6.784,35.504,42.288,0.6430692474243274,982.882,9.82882e-05,81.792,175.452,0.0,0.3694780116928916,5203,32091,37294,21144,491441,0,4,458,0,3,0,10,0,2,23,0,53.7,100,427
540000,2026-01-19T15:55:43.819997,61871,5303,38000,21544,41670,0.643301485702801,0.050077,0.3697377359018857,10.606,65.394,76.0,17.51,106.232,123.742,6.902,36.186,43.088,0.643301485702801,1001.54,0.00010015399999999999,83.34,178.754,0.0,0.3697377359018857,5303,32697,38000,21544,500770,0,5,451,0,3,0,11,0,4,26,0,83.494,145,451
550000,2026-01-19T15:55:45.845036,62970,5399,38675,21925,42412,0.6428036187319077,0.0509997,0.3698505383964887,10.798,66.552,77.35,17.82,108.12,125.94,7.022,36.828,43.85,0.6428036187319077,1019.994,0.0001019994,84.824,181.932,0.0,0.3698505383964887,5399,33276,38675,21925,509997,0,2,459,1,3,0,8,0,3,24,0,108.418,181,422
560000,2026-01-19T15:55:47.940903,64136,5488,39383,22341,43220,0.6432670309817623,0.0519249,0.3702584201770964,10.976,67.79,78.766,18.154,110.118,128.272,7.178,37.504,44.682,0.6432670309817623,1038.498,0.0001038498,86.44,185.328,0.0,0.3702584201770964,5488,33895,39383,22341,519249,0,6,448,0,2,1,9,0,4,30,0,103.838,174,457
570000,2026-01-19T15:55:50.020508,65290,5587,40094,22749,43986,0.6437022351724531,0.0528628,0.37072602130666793,11.174,69.014,80.188,18.492,112.088,130.58,7.318,38.18,45.498,0.6437022351724531,1057.256,0.0001057256,87.972,188.632,0.0,0.37072602130666793,5587,34507,40094,22749,528628,0,1,457,0,5,0,11,0,7,19,0,93.894,179,459
580000,2026-01-19T15:55:52.173209,66445,5681,40796,23156,44781,0.6436025757011529,0.0537822,0.3710533666413513,11.362,70.23,81.592,18.818,114.072,132.89,7.454,38.858,46.312,0.6436025757011529,1075.644,0.0001075644,89.562,191.984,0.0,0.3710533666413513,5681,35115,40796,23156,537822,0,6,453,0,4,0,10,0,6,21,0,79.324,123,457
590000,2026-01-19T15:55:54.643096,67620,5779,41524,23568,45576,0.6438254319810081,0.0547127,0.3714118742538623,11.558,71.49,83.048,19.164,116.076,135.24,7.604,39.532,47.136,0.6438254319810081,1094.254,0.0001094254,91.152,195.342,0.0,0.3714118742538623,5779,35745,41524,23568,547127,0,6,448,0,3,0,10,0,3,30,0,101.134,155,469
600000,2026-01-19T15:55:56.934200,68740,5876,42215,23957,46331,0.6446853728158801,0.0556463,0.3718290591253359,11.752,72.678,84.43,19.484,117.996,137.48,7.73,40.184,47.914,0.6446853728158801,1112.926,0.0001112926,92.662,198.578,0.0,0.3718290591253359,5876,36339,42215,23957,556463,0,4,459,0,1,0,7,0,3,26,0,95.456,158,476
610000,2026-01-19T15:55:58.998096,69873,5972,42914,24354,47082,0.6445706074871804,0.0565718,0.37205032559337814,11.944,73.884,85.828,19.822,119.924,139.746,7.878,40.83,48.708,0.6445706074871804,1131.436,0.0001131436,94.164,201.794,0.0,0.37205032559337814,5972,36942,42914,24354,565718,0,7,458,0,6,0,11,0,3,15,0,111.648,178,491
620000,2026-01-19T15:56:01.304116,71013,6076,43614,24755,47839,0.6446034960979745,0.0574997,0.37219234594028666,12.152,75.076,87.228,20.154,121.872,142.026,8.0,41.51,49.51,0.6446034960979745,1149.994,0.0001149994,95.678,205.002,0.0,0.37219234594028666,6076,37538,43614,24755,574997,0,5,446,0,5,0,10,0,4,30,0,80.242,126,445
630000,2026-01-19T15:56:03.402481,72110,6169,44291,25136,48577,0.6443509070755071,0.0584341,0.37241143029738755,12.338,76.244,88.582,20.486,123.734,144.22,8.146,42.126,50.272,0.6443509070755071,1168.682,0.00011686820000000001,97.154,208.168,0.0,0.37241143029738755,6169,38122,44291,25136,584341,0,4,466,0,4,0,7,0,3,16,0,104.002,173,477
640000,2026-01-19T15:56:05.458947,73240,6259,44969,25530,49361,0.6448804022166308,0.0593422,0.3727364837480073,12.518,77.42,89.938,20.79,125.69,146.48,8.27,42.79,51.06,0.6448804022166308,1186.844,0.00011868439999999999,98.722,211.454,0.0,0.3727364837480073,6259,38710,44969,25530,593422,0,8,444,0,5,0,9,0,3,31,0,73.878,101,446
650000,2026-01-19T15:56:07.531718,74432,6359,45708,25943,50166,0.6451515240824907,0.0602682,0.3729541936155778,12.718,78.698,91.416,21.122,127.742,148.864,8.402,43.484,51.886,0.6451515240824907,1205.364,0.0001205364,100.332,214.898,0.0,0.3729541936155778,6359,39349,45708,25943,602682,0,5,450,0,3,0,9,0,5,28,0,64.588,103,464
660000,2026-01-19T15:56:09.628235,75601,6460,46432,26344,50935,0.6439839956546615,0.0611977,0.37269344059654025,12.92,79.944,92.864,21.468,129.734,151.202,8.546,44.142,52.688,0.6439839956546615,1223.954,0.0001223954,101.87,218.23,0.0,0.37269344059654025,6460,39972,46432,26344,611977,0,5,461,0,7,0,13,0,5,9,0,105.612,159,476
670000,2026-01-19T15:56:11.817789,76722,6561,47123,26728,51687,0.6443036244311482,0.0621324,0.3727268379613483,13.122,81.124,94.246,21.788,131.656,153.444,8.666,44.79,53.456,0.6443036244311482,1242.648,0.0001242648,103.374,221.43,0.0,0.3727268379613483,6561,40562,47123,26728,621324,0,4,459,0,2,0,9,0,4,22,0,84.838,177,452
680000,2026-01-19T15:56:13.875827,77865,6660,47833,27122,52450,0.6439508269963594,0.0630643,0.37256499481753,13.32,82.346,95.666,22.122,133.608,155.73,8.802,45.442,54.244,0.6439508269963594,1261.286,0.0001261286,104.9,224.68,0.0,0.37256499481753,6660,41173,47833,27122,630643,0,8,447,1,2,0,5,0,5,32,0,85.362,181,395
690000,2026-01-19T15:56:15.934225,79002,6756,48521,27517,53223,0.6445615599274988,0.0639859,0.37296931628446295,13.512,83.53,97.042,22.428,135.576,158.004,8.914,46.12,55.034,0.6445615599274988,1279.718,0.0001279718,106.446,227.976,0.0,0.37296931628446295,6756,41765,48521,27517,639859,0,4,448,0,5,0,7,0,6,30,0,97.998,164,441
700000,2026-01-19T15:56:17.989443,80117,6849,49207,27907,53987,0.6449114358791362,0.0649178,0.3732170188679289,13.698,84.716,98.414,22.738,137.496,160.234,9.04,46.774,55.814,0.6449114358791362,1298.356,0.0001298356,107.974,231.234,0.0,0.3732170188679289,6849,42358,49207,27907,649178,1,4,456,0,4,0,9,0,2,24,0,52.084,122,379
710000,2026-01-19T15:56:20.040208,81259,6950,49910,28304,54749,0.6452214689514065,0.0658452,0.3733948950625503,13.9,85.92,99.82,23.066,139.452,162.518,9.166,47.442,56.608,0.6452214689514065,1316.904,0.0001316904,109.498,234.458,0.0,0.3733948950625503,6950,42960,49910,28304,658452,0,5,443,1,5,0,9,0,2,35,0,136.026,180,463
720000,2026-01-19T15:56:22.101954,82397,7049,50619,28703,55519,0.6456804254268186,0.0667776,0.37355978652914207,14.098,87.14,101.238,23.376,141.418,164.794,9.276,48.13,57.406,0.6456804254268186,1335.552,0.0001335552,111.038,237.782,0.0,0.37355978652914207,7049,43570,50619,28703,667776,0,5,464,0,1,0,6,0,6,18,0,77.168,142,468
730000,2026-01-19T15:56:24.186502,83536,7152,51334,29094,56257,0.6448404359565494,0.0677157,0.3734437905876143,14.304,88.364,102.668,23.728,143.344,167.072,9.424,48.764,58.188,0.6448404359565494,1354.314,0.0001354314,112.514,240.946,0.0,0.3734437905876143,7152,44182,51334,29094,677157,0,3,459,0,4,0,9,0,5,20,0,72.772,177,385
740000,2026-01-19T15:56:27.274016,84665,7253,52035,29491,57020,0.6453704825445763,0.0686562,0.37368662977772715,14.506,89.564,104.07,24.012,145.318,169.33,9.504,49.478,58.982,0.6453704825445763,1373.124,0.0001373124,114.04,244.198,0.0,0.37368662977772715,7253,44782,52035,29491,686562,0,5,453,0,4,0,11,0,4,23,0,113.332,167,467
750000,2026-01-19T15:56:29.398586,85812,7352,52733,29887,57793,0.6450689616401026,0.0695731,0.3736860903027358,14.704,90.762,105.466,24.35,147.274,171.624,9.644,50.13,59.774,0.6450689616401026,1391.462,0.0001391462,115.586,247.482,0.0,0.3736860903027358,7352,45381,52733,29887,695731,0,3,447,0,4,0,10,0,3,33,0,94.932,141,451
760000,2026-01-19T15:56:31.503646,86952,7449,53428,30299,58573,0.6458610166182995,0.0705174,0.37402019263056435,14.898,91.958,106.856,24.66,149.244,173.904,9.762,50.836,60.598,0.6458610166182995,1410.348,0.00014103479999999998,117.146,250.812,0.0,0.37402019263056435,7449,45979,53428,30299,705174,0,4,451,0,4,0,9,0,6,26,0,79.752,178,473
770000,2026-01-19T15:56:33.817656,88090,7548,54131,30695,59331,0.6463432589366993,0.0714528,0.37418103408814724,15.096,93.166,108.262,24.992,151.188,176.18,9.896,51.494,61.39,0.6463432589366993,1429.056,0.0001429056,118.662,254.04,0.0,0.37418103408814724,7548,46583,54131,30695,714528,0,6,449,0,3,0,10,0,4,28,0,68.4,177,413
780000,2026-01-19T15:56:35.937976,89203,7643,54816,31086,60081,0.6470015817765397,0.0723864,0.3744691345406893,15.286,94.346,109.632,25.302,153.104,178.406,10.014,52.158,62.172,0.6470015817765397,1447.728,0.00014477280000000002,120.162,257.24,0.0,0.3744691345406893,7643,47173,54816,31086,723864,0,3,451,0,7,0,12,0,4,23,0,99.988,154,452
790000,2026-01-19T15:56:38.351698,90371,7737,55526,31495,60891,0.6472679906300066,0.0733046,0.37460270106973986,15.474,95.578,111.052,25.614,155.128,180.742,10.138,52.852,62.99,0.6472679906300066,1466.092,0.0001466092,121.782,260.684,0.0,0.37460270106973986,7737,47789,55526,31495,733046,0,7,458,0,3,0,10,0,6,16,0,103.152,163,475
800000,2026-01-19T15:56:40.790213,91514,7833,56228,31897,61662,0.647707325072738,0.0742358,0.37484176475216036,15.666,96.79,112.456,25.932,157.096,183.028,10.266,53.528,63.794,0.647707325072738,1484.716,0.0001484716,123.324,263.984,0.0,0.37484176475216036,7833,48395,56228,31897,742358,0,3,459,0,5,1,14,0,6,12,0,127.474,175,474
810000,2026-01-19T15:56:42.977826,92657,7933,56928,32302,62440,0.6481138325874791,0.0751683,0.37506561763468727,15.866,97.99,113.856,26.244,159.07,185.314,10.378,54.226,64.604,0.6481138325874791,1503.366,0.00015033659999999998,124.88,267.28,0.0,0.37506561763468727,7933,48995,56928,32302,751683,1,5,455,0,3,0,11,0,5,20,0,61.552,122,322
820000,2026-01-19T15:56:45.478137,93782,8032,57622,32690,63186,0.6481038327872398,0.0761015,0.3752099147745398,16.064,99.18,115.244,26.578,160.986,187.564,10.514,54.866,65.38,0.6481038327872398,1522.03,0.000152203,126.372,270.482,0.0,0.3752099147745398,8032,49590,57622,32690,761015,0,5,461,0,3,0,10,0,5,16,0,60.972,122,426
830000,2026-01-19T15:56:48.255988,94874,8124,58291,33070,63921,0.6484137071162922,0.0770281,0.375345718775459,16.248,100.334,116.582,26.882,162.866,189.748,10.632,55.508,66.14,0.6484137071162922,1540.562,0.0001540562,127.842,273.628,0.0,0.375345718775459,8124,50167,58291,33070,770281,0,4,454,0,5,0,14,0,6,17,0,95.588,138,468
840000,2026-01-19T15:56:51.047647,96043,8224,59007,33471,64720,0.6486269911506746,0.0779476,0.37552879060396804,16.448,101.566,118.014,27.204,164.882,192.086,10.754,56.188,66.942,0.6486269911506746,1558.952,0.0001558952,129.44,277.028,0.0,0.37552879060396804,8224,50783,59007,33471,779476,0,4,456,0,1,0,8,0,6,25,0,57.012,139,342
850000,2026-01-19T15:56:53.441296,97176,8317,59700,33871,65500,0.6492897519794709,0.0788792,0.3757252737234031,16.634,102.766,119.4,27.492,166.86,194.352,10.858,56.884,67.742,0.6492897519794709,1577.584,0.0001577584,131.0,280.342,0.0,0.3757252737234031,8317,51383,59700,33871,788792,0,7,449,0,7,0,10,0,3,24,0,114.398,180,450
860000,2026-01-19T15:56:55.521872,98316,8414,60409,34256,66266,0.6491177148214707,0.0798021,0.37570129647862316,16.828,103.99,120.818,27.832,168.8,196.632,11.002,57.51,68.512,0.6491177148214707,1596.042,0.0001596042,132.532,283.644,0.0,0.37570129647862316,8414,51995,60409,34256,798021,0,2,469,0,2,0,5,0,3,19,0,55.754,125,413
870000,2026-01-19T15:56:57.494361,99477,8509,61119,34657,67049,0.6488715856735271,0.0807191,0.3756938801304364,17.018,105.22,122.238,28.156,170.798,198.954,11.136,58.178,69.314,0.6488715856735271,1614.382,0.0001614382,134.098,286.986,0.0,0.3756938801304364,8509,52610,61119,34657,807191,0,1,466,0,2,0,13,0,4,14,0,80.178,131,401
880000,2026-01-19T15:56:59.462890,100589,8607,61794,35051,67805,0.6491612441029381,0.081648,0.3758288129570733,17.214,106.374,123.588,28.448,172.73,201.178,11.232,58.87,70.102,0.6491612441029381,1632.96,0.000163296,135.61,290.182,0.0,0.3758288129570733,8607,53187,61794,35051,816480,0,2,449,0,4,0,10,0,6,29,0,66.146,99,460
890000,2026-01-19T15:57:01.429295,101710,8708,62469,35441,68558,0.6494922286991351,0.0825826,0.3759602185639894,17.416,107.522,124.938,28.756,174.664,203.42,11.34,59.542,70.882,0.6494922286991351,1651.652,0.0001651652,137.116,293.426,0.0,0.3759602185639894,8708,53761,62469,35441,825826,0,6,460,0,6,0,9,0,6,13,0,130.452,176,475
900000,2026-01-19T15:57:03.393790,102852,8806,63172,35840,69337,0.6495228005406036,0.0835135,0.376030476467936,17.612,108.732,126.344,29.074,176.63,205.704,11.46,60.22,71.68,0.6495228005406036,1670.27,0.000167027,138.674,296.758,0.0,0.376030476467936,8806,54366,63172,35840,835135,0,4,468,0,5,0,7,0,4,12,0,88.628,130,457
910000,2026-01-19T15:57:05.367116,104012,8906,63889,36242,70106,0.6493211651110782,0.084444,0.3760124840180947,17.812,109.966,127.778,29.41,178.614,208.024,11.598,60.886,72.484,0.6493211651110782,1688.88,0.000168888,140.212,300.034,0.0,0.3760124840180947,8906,54983,63889,36242,844440,0,4,459,0,5,0,12,0,5,15,0,118.252,171,451
920000,2026-01-19T15:57:07.333147,105140,9000,64577,36637,70871,0.6493631482574345,0.0853717,0.3760106423786502,18.0,111.154,129.154,29.726,180.554,210.28,11.726,61.548,73.274,0.6493631482574345,1707.434,0.0001707434,141.742,303.266,0.0,0.3760106423786502,9000,55577,64577,36637,853717,0,7,445,0,8,0,15,0,3,22,0,132.434,176,474
930000,2026-01-19T15:57:09.300056,106289,9099,65286,37028,71642,0.6494308262082503,0.0862869,0.3760396497482256,18.198,112.374,130.572,30.06,182.518,212.578,11.86,62.196,74.056,0.6494308262082503,1725.738,0.0001725738,143.284,306.598,0.0,0.3760396497482256,9099,56187,65286,37028,862869,0,3,458,0,5,0,14,0,4,16,0,75.72,122,479
940000,2026-01-19T15:57:11.267627,107415,9201,65981,37421,72406,0.6494179895902534,0.0872294,0.37607353729614695,18.402,113.56,131.962,30.354,184.476,214.83,11.952,62.89,74.842,0.6494179895902534,1744.588,0.0001744588,144.812,309.86,0.0,0.37607353729614695,9201,56780,65981,37421,872294,0,4,459,0,2,0,10,0,5,20,0,102.572,176,474
950000,2026-01-19T15:57:13.228233,108573,9297,66682,37819,73184,0.6495890209063122,0.0881371,0.37620351810171165,18.594,114.77,133.364,30.676,186.47,217.146,12.08,63.558,75.638,0.6495890209063122,1762.742,0.0001762742,146.368,313.188,0.0,0.37620351810171165,9297,57385,66682,37819,881371,0,7,449,0,2,0,15,0,8,19,0,88.164,150,467
960000,2026-01-19T15:57:15.190612,109725,9392,67390,38219,73979,0.6497047965729571,0.0890631,0.376204280389769,18.784,115.996,134.78,30.986,188.464,219.45,12.202,64.236,76.438,0.6497047965729571,1781.262,0.0001781262,147.958,316.568,0.0,0.376204280389769,9392,57998,67390,38219,890631,0,2,454,0,4,0,9,0,4,27,0,97.406,177,409
970000,2026-01-19T15:57:17.156891,110855,9489,68097,38619,74732,0.6496640354646303,0.0900021,0.3762543343721379,18.978,117.216,136.194,31.314,190.396,221.71,12.336,64.902,77.238,0.6496640354646303,1800.042,0.0001800042,149.464,319.804,0.0,0.3762543343721379,9489,58608,68097,38619,900021,0,2,457,0,6,0,10,0,3,22,0,126.718,179,453
980000,2026-01-19T15:57:19.122562,112009,9583,68793,39024,75522,0.6499121821608246,0.0909223,0.37635381867365936,19.166,118.42,137.586,31.63,192.388,224.018,12.464,65.584,78.048,0.6499121821608246,1818.446,0.0001818446,151.044,323.158,0.0,0.37635381867365936,9583,59210,68793,39024,909223,0,3,447,0,8,0,11,0,5,26,0,122.282,178,465
990000,2026-01-19T15:57:21.086789,113154,9676,69495,39422,76313,0.6503517879396913,0.0918469,0.3765236066136197,19.352,119.638,138.99,31.948,194.36,226.308,12.594,66.25,78.844,0.6503517879396913,1836.938,0.0001836938,152.626,326.51,0.0,0.3765236066136197,9676,59819,69495,39422,918469,0,2,448,0,4,0,8,0,3,35,0,82.95,133,439
1000000,2026-01-19T15:57:23.053908,114318,9773,70206,39829,77092,0.6503593555846747,0.0927715,0.3766589231488928,19.546,120.866,140.412,32.288,196.348,228.636,12.74,66.918,79.658,0.6503593555846747,1855.43,0.000185543,154.184,329.85,0.0,0.3766589231488928,9773,60433,70206,39829,927715,0,1,454,0,5,0,13,0,5,22,0,115.694,159,442
1010000,2026-01-19T15:57:25.022025,115468,9871,70898,40229,77880,0.6506533269697543,0.09369,0.37684664643703164,19.742,122.054,141.796,32.59,198.346,230.936,12.848,67.61,80.458,0.6506533269697543,1873.8,0.00018737999999999998,155.76,333.208,0.0,0.37684664643703164,9871,61027,70898,40229,936900,0,3,453,0,6,0,12,0,4,22,0,130.94,179,465
1020000,2026-01-19T15:57:26.992818,116625,9968,71619,40623,78654,0.6504965487279437,0.0946165,0.3768950174769213,19.936,123.302,143.238,32.934,200.316,233.25,12.998,68.248,81.246,0.6504965487279437,1892.33,0.00018923300000000002,157.308,336.516,0.0,0.3768950174769213,9968,61651,71619,40623,946165,0,4,457,0,3,0,12,0,5,19,0,111.7,177,468
1030000,2026-01-19T15:57:28.959901,117751,10066,72316,41017,79416,0.6507211508895735,0.0955474,0.3770165126903281,20.132,124.5,144.632,33.242,202.26,235.502,13.11,68.924,82.034,0.6507211508895735,1910.948,0.0001910948,158.832,339.79,0.0,0.3770165126903281,10066,62250,72316,41017,955474,0,6,461,0,5,0,7,0,2,19,0,77.054,119,481
1040000,2026-01-19T15:57:30.929557,118896,10162,73025,41418,80187,0.6510996473431176,0.0964712,0.37710106057900583,20.324,125.726,146.05,33.562,204.23,237.792,13.236,69.6,82.836,0.6510996473431176,1929.424,0.00019294239999999998,160.374,343.054,0.0,0.37710106057900583,10162,62863,73025,41418,964712,0,5,445,0,5,0,13,0,3,29,0,112.984,158,463
1050000,2026-01-19T15:57:32.890256,120015,10263,73722,41806,80933,0.6508099814580542,0.0974049,0.3770913253941819,20.526,126.918,147.444,33.852,206.178,240.03,13.324,70.288,83.612,0.6508099814580542,1948.098,0.0001948098,161.866,346.308,0.0,0.3770913253941819,10263,63459,73722,41806,974049,0,3,466,0,4,0,13,0,5,9,0,73.294,143,478
1060000,2026-01-19T15:57:34.866920,121157,10361,74423,42204,81702,0.6507294474684625,0.0983282,0.37706766409689074,20.722,128.124,148.846,34.172,208.142,242.314,13.448,70.96,84.408,0.6507294474684625,1966.564,0.0001966564,163.404,349.574,0.0,0.37706766409689074,10361,64062,74423,42204,983282,0,2,452,0,6,0,14,0,4,22,0,103.822,128,448
1070000,2026-01-19T15:57:36.855522,122343,10456,75161,42606,82501,0.650427440344059,0.0992516,0.37699425195555136,20.912,129.41,150.322,34.518,210.168,244.686,13.604,71.608,85.212,0.650427440344059,1985.032,0.00019850319999999998,165.002,352.992,0.0,0.37699425195555136,10456,64705,75161,42606,992516,0,2,460,0,5,0,12,0,6,15,0,122.024,166,485
1080000,2026-01-19T15:57:38.816724,123468,10553,75857,43004,83261,0.650565994126915,0.1001913,0.3771230857717705,21.106,130.608,151.714,34.852,212.084,246.936,13.746,72.262,86.008,0.650565994126915,2003.826,0.0002003826,166.522,356.198,0.0,0.3771230857717705,10553,65304,75857,43004,1001913,0,4,451,1,2,0,9,0,4,29,0,84.668,181,371
1090000,2026-01-19T15:57:40.784145,124596,10653,76557,43398,84011,0.6507778518044995,0.101131,0.37723089728045506,21.306,131.808,153.114,35.178,214.014,249.192,13.87,72.926,86.796,0.6507778518044995,2022.62,0.000202262,168.022,359.422,0.0,0.37723089728045506,10653,65904,76557,43398,1011310,0,5,454,0,3,0,10,0,4,24,0,89.67,142,434
1100000,2026-01-19T15:57:42.749920,125758,10752,77270,43799,84802,0.6504089654603791,0.1020447,0.3771765815746819,21.504,133.036,154.54,35.498,216.018,251.516,13.994,73.604,87.598,0.6504089654603791,2040.894,0.0002040894,169.604,362.77,0.0,0.3771765815746819,10752,66518,77270,43799,1020447,0,5,451,0,5,0,4,0,4,31,0,77.996,177,369
1110000,2026-01-19T15:57:44.715775,126907,10853,77982,44192,85557,0.6502930313696332,0.1029679,0.3772409292275406,21.706,134.258,155.964,35.826,217.988,253.814,14.118,74.266,88.384,0.6502930313696332,2059.358,0.0002059358,171.114,366.056,0.0,0.3772409292275406,10853,67129,77982,44192,1029679,0,2,469,0,5,0,14,0,4,6,0,77.722,164,375
1120000,2026-01-19T15:57:46.675255,128026,10951,78669,44584,86320,0.6502710405728527,0.1039033,0.3772549620488125,21.902,135.436,157.338,36.148,219.904,256.052,14.246,74.922,89.168,0.6502710405728527,2078.066,0.0002078066,172.64,369.24,0.0,0.3772549620488125,10951,67718,78669,44584,1039033,0,3,453,0,2,0,6,0,2,34,0,68.84,172,451
1130000,2026-01-19T15:57:48.640041,129133,11045,79350,44968,87054,0.6502516240885549,0.1048356,0.3773060505371818,22.09,136.61,158.7,36.464,221.802,258.266,14.372,75.564,89.936,0.6502516240885549,2096.712,0.0002096712,174.108,372.418,0.0,0.3773060505371818,11045,68305,79350,44968,1048356,0,3,462,0,2,0,10,0,8,15,0,109.428,166,469
1140000,2026-01-19T15:57:50.610514,130242,11145,80029,45353,87802,0.650358145856377,0.1057681,0.37741672267279286,22.29,137.768,160.058,36.762,223.722,260.484,14.472,76.234,90.706,0.650358145856377,2115.362,0.0002115362,175.604,375.606,0.0,0.37741672267279286,11145,68884,80029,45353,1057681,0,4,457,0,6,0,7,0,1,25,0,77.646,177,465
1150000,2026-01-19T15:57:52.585881,131392,11242,80739,45746,88577,0.6499677231843599,0.1066811,0.377326701774118,22.484,138.994,161.478,37.086,225.698,262.784,14.6,76.892,91.492,0.6499677231843599,2133.622,0.0002133622,177.154,378.924,0.0,0.377326701774118,11242,69497,80739,45746,1066811,0,6,455,0,3,0,8,0,3,25,0,90.608,149,472
1160000,2026-01-19T15:57:54.555226,132530,11340,81432,46132,89345,0.6497609379464463,0.1075933,0.3773765688453699,22.68,140.184,162.864,37.392,227.668,265.06,14.71,77.554,92.264,0.6497609379464463,2151.866,0.0002151866,178.69,382.222,0.0,0.3773765688453699,11340,70092,81432,46132,1075933,0,1,465,0,6,0,7,0,3,18,0,114.9,158,475
1170000,2026-01-19T15:57:56.562660,133717,11440,82162,46539,90142,0.6498836403714499,0.1085137,0.3774852698860798,22.88,141.444,164.324,37.728,229.706,267.434,14.848,78.23,93.078,0.6498836403714499,2170.274,0.0002170274,180.284,385.594,0.0,0.3774852698860798,11440,70722,82162,46539,1085137,0,5,454,0,5,0,10,0,4,22,0,98.912,178,462
1180000,2026-01-19T15:57:58.576097,134839,11538,82844,46930,90897,0.6501345274767459,0.1094444,0.3775801796282192,23.076,142.612,165.688,38.028,231.65,269.678,14.95,78.91,93.86,0.6501345274767459,2188.888,0.00021888879999999998,181.794,388.85,0.0,0.3775801796282192,11538,71306,82844,46930,1094444,0,3,458,0,6,0,10,0,7,16,0,110.14,164,473
1190000,2026-01-19T15:58:00.678090,135915,11633,83496,47310,91637,0.6503245951926357,0.1103812,0.3777213479328417,23.266,143.726,166.992,38.326,233.504,271.83,15.058,79.562,94.62,0.6503245951926357,2207.624,0.0002207624,183.274,391.97,0.0,0.3777213479328417,11633,71863,83496,47310,1103812,0,4,459,0,0,0,5,0,4,28,0,63.772,148,413
1200000,2026-01-19T15:58:02.703132,137066,11732,84209,47704,92399,0.6499797917931689,0.1113026,0.37769032487282067,23.464,144.954,168.418,38.654,235.478,274.132,15.188,80.22,95.408,0.6499797917931689,2226.052,0.0002226052,184.798,395.252,0.0,0.37769032487282067,11732,72477,84209,47704,1113026,0,7,456,0,6,0,8,0,2,21,0,92.546,121,478
1210000,2026-01-19T15:58:04.713722,138205,11829,84914,48093,93168,0.6498198127755954,0.112229,0.37766916733252687,23.658,146.17,169.828,38.956,237.454,276.41,15.296,80.89,96.186,0.6498198127755954,2244.58,0.000224458,186.336,398.536,0.0,0.37766916733252687,11829,73085,84914,48093,1122290,0,6,449,0,5,0,7,0,4,29,0,83.958,115,452
1220000,2026-01-19T15:58:06.747497,139303,11927,85577,48469,93908,0.6498917920751062,0.113146,0.37778315789406974,23.854,147.3,171.154,39.26,239.346,278.606,15.404,81.534,96.938,0.6498917920751062,2262.92,0.00022629199999999998,187.816,401.706,0.0,0.37778315789406974,11927,73650,85577,48469,1131460,0,2,451,0,1,0,10,0,3,33,0,53.5,135,472
1230000,2026-01-19T15:58:08.777291,140421,12023,86261,48854,94666,0.6499765597366214,0.1140691,0.37780292322028325,24.046,148.476,172.522,39.562,241.28,280.842,15.514,82.194,97.708,0.6499765597366214,2281.382,0.0002281382,189.332,404.958,0.0,0.37780292322028325,12023,74238,86261,48854,1140691,0,3,458,0,4,0,7,0,3,25,0,68.65,109,431
1240000,2026-01-19T15:58:10.799126,141568,12115,86961,49251,95452,0.649984600539626,0.1149869,0.3778407208761716,24.23,149.692,173.922,39.874,243.262,283.136,15.642,82.86,98.502,0.649984600539626,2299.738,0.00022997380000000002,190.904,408.32,0.0,0.3778407208761716,12115,74846,86961,49251,1149869,0,3,460,0,2,0,9,0,6,20,0,52.842,113,434
1250000,2026-01-19T15:58:12.778859,142705,12211,87663,49652,96227,0.6500976308273445,0.1159224,0.3779011459313199,24.422,150.904,175.326,40.182,245.228,285.41,15.758,83.546,99.304,0.6500976308273445,2318.448,0.00023184479999999999,192.454,411.622,0.0,0.3779011459313199,12211,75452,87663,49652,1159224,0,5,454,0,3,0,8,0,3,27,0,88.2,144,416
1260000,2026-01-19T15:58:14.758756,143872,12307,88379,50051,97009,0.6499002336608587,0.1168396,0.37792548741347076,24.614,152.144,176.758,40.526,247.218,287.744,15.91,84.192,100.102,0.6499002336608587,2336.792,0.0002336792,194.018,414.96,0.0,0.37792548741347076,12307,76072,88379,50051,1168396,0,6,448,0,7,0,12,0,4,23,0,118.284,152,473
1270000,2026-01-19T15:58:16.723930,144977,12402,89057,50433,97766,0.6499944120597085,0.1177694,0.3779885317963666,24.804,153.31,178.114,40.83,249.124,289.954,16.026,84.84,100.866,0.6499944120597085,2355.388,0.00023553879999999998,195.532,418.17,0.0,0.3779885317963666,12402,76655,89057,50433,1177694,0,4,445,0,1,0,6,1,5,38,0,42.988,124,380
1280000,2026-01-19T15:58:18.686306,146121,12502,89758,50837,98533,0.6501787463957757,0.1187049,0.3781013798405172,25.004,154.512,179.516,41.146,251.096,292.242,16.14,85.534,101.674,0.6501787463957757,2374.098,0.0002374098,197.066,421.456,0.0,0.3781013798405172,12502,77256,89758,50837,1187049,0,6,448,0,4,0,6,0,5,31,0,85.204,134,472
1290000,2026-01-19T15:58:20.660823,147283,12603,90477,51240,99320,0.6500760356686881,0.1196321,0.3781058110825998,25.206,155.748,180.954,41.446,253.12,294.566,16.24,86.24,102.48,0.6500760356686881,2392.642,0.0002392642,198.64,424.82,0.0,0.3781058110825998,12603,77874,90477,51240,1196321,0,7,443,1,7,0,11,0,2,29,0,107.074,181,460
1300000,2026-01-19T15:58:22.644269,148428,12702,91182,51626,100088,0.64980666173753,0.1205553,0.37803866222999705,25.404,156.96,182.364,41.784,255.072,296.856,16.38,86.872,103.252,0.64980666173753,2411.106,0.00024111060000000002,200.176,428.118,0.0,0.37803866222999705,12702,78480,91182,51626,1205553,0,3,459,0,1,0,6,1,6,24,0,43.816,146,369
1310000,2026-01-19T15:58:24.630640,149607,12797,91912,52040,100875,0.6498024335801093,0.1214815,0.37805293030540355,25.594,158.23,183.824,42.124,257.09,299.214,16.528,87.552,104.08,0.6498024335801093,2429.63,0.000242963,201.75,431.496,0.0,0.37805293030540355,12797,79115,91912,52040,1214815,0,2,456,0,8,0,11,0,4,19,0,88.766,121,463
1320000,2026-01-19T15:58:26.620600,150731,12889,92607,52431,101637,0.6497211510523339,0.1224134,0.378083310061582,25.778,159.436,185.214,42.444,259.018,301.462,16.664,88.198,104.862,0.6497211510523339,2448.268,0.0002448268,203.274,434.73,0.0,0.378083310061582,12889,79718,92607,52431,1224134,0,4,449,0,5,0,13,0,7,22,0,105.068,149,445
1330000,2026-01-19T15:58:28.607555,151891,12983,93317,52847,102438,0.6499886322557951,0.1233488,0.37819873564047046,25.966,160.668,186.634,42.782,261.0,303.782,16.814,88.88,105.694,0.6499886322557951,2466.976,0.0002466976,204.876,438.11,0.0,0.37819873564047046,12983,80334,93317,52847,1233488,0,4,454,0,3,0,10,0,5,24,0,111.904,166,419
1340000,2026-01-19T15:58:30.582098,153059,13080,94032,53248,103221,0.6498064402380589,0.1242638,0.37819086861345663,26.16,161.904,188.064,43.126,262.992,306.118,16.964,89.532,106.496,0.6498064402380589,2485.276,0.0002485276,206.442,441.456,0.0,0.37819086861345663,13080,80952,94032,53248,1242638,0,4,454,0,9,0,10,0,4,19,0,89.488,121,460
1350000,2026-01-19T15:58:32.539861,154208,13176,94739,53644,104002,0.6500608080999876,0.1251889,0.37832729682520355,26.352,163.126,189.478,43.462,264.954,308.416,17.108,90.18,107.288,0.6500608080999876,2503.778,0.0002503778,208.004,444.76,0.0,0.37832729682520355,13176,81563,94739,53644,1251889,0,8,451,0,1,0,8,0,6,26,0,42.806,139,387
1360000,2026-01-19T15:58:34.495013,155378,13269,95455,54049,104799,0.649940982459177,0.1261076,0.37837713810957124,26.538,164.372,190.91,43.794,266.962,310.756,17.254,90.844,108.098,0.649940982459177,2522.152,0.0002522152,209.598,448.19,0.0,0.37837713810957124,13269,82186,95455,54049,1261076,0,4,466,0,2,0,9,0,4,15,0,72.596,127,479
1370000,2026-01-19T15:58:36.445009,156478,13362,96125,54432,105551,0.6499816482584148,0.1270258,0.3784309123425538,26.724,165.526,192.25,44.094,268.862,312.956,17.368,91.496,108.864,0.6499816482584148,2540.516,0.00025405159999999997,211.102,451.374,0.0,0.3784309123425538,13362,82763,96125,54432,1270258,0,2,457,0,2,0,8,0,6,25,0,73.77,137,388
1380000,2026-01-19T15:58:38.406678,157623,13460,96833,54829,106317,0.6500407162603682,0.1279565,0.3784756866559639,26.92,166.746,193.666,44.416,270.83,315.246,17.496,92.162,109.658,0.6500407162603682,2559.13,0.00025591300000000003,212.634,454.658,0.0,0.3784756866559639,13460,83373,96833,54829,1279565,0,5,461,0,3,0,10,0,7,14,0,105.528,177,483
1390000,2026-01-19T15:58:40.375487,158756,13558,97531,55221,107083,0.6499434540377622,0.1288731,0.3785315628611409,27.116,167.946,195.062,44.742,272.77,317.512,17.624,92.818,110.442,0.6499434540377622,2577.462,0.00025774619999999995,214.166,457.912,0.0,0.3785315628611409,13558,83973,97531,55221,1288731,0,3,458,0,1,0,8,0,4,26,0,23.682,109,288
1400000,2026-01-19T15:58:42.328386,159852,13648,98198,55608,107840,0.6503211872331515,0.1298092,0.37865015512253886,27.296,169.1,196.396,45.024,274.68,319.704,17.726,93.49,111.216,0.6503211872331515,2596.184,0.0002596184,215.68,461.128,0.0,0.37865015512253886,13648,84550,98198,55608,1298092,0,3,453,0,4,0,8,0,3,29,0,106.882,140,461
1410000,2026-01-19T15:58:44.288720,160999,13745,98903,56008,108610,0.6504717331462602,0.1307437,0.37876073444551167,27.49,170.316,197.806,45.374,276.624,321.998,17.884,94.132,112.016,0.6504717331462602,2614.874,0.0002614874,217.22,464.384,0.0,0.37876073444551167,13745,85158,98903,56008,1307437,0,2,452,0,6,0,7,0,3,30,0,81.492,177,435
1420000,2026-01-19T15:58:46.248120,162115,13837,99589,56406,109369,0.6504969127849417,0.1316774,0.37885642270648956,27.674,171.504,199.178,45.696,278.534,324.23,18.02,94.792,112.812,0.6504969127849417,2633.548,0.0002633548,218.738,467.616,0.0,0.37885642270648956,13837,85752,99589,56406,1316774,0,5,452,0,1,0,10,0,5,27,0,73.144,121,474
1430000,2026-01-19T15:58:48.215726,163298,13936,100314,56811,110157,0.6503078330253873,0.1326029,0.3788317854922762,27.872,172.756,200.628,46.03,280.566,326.596,18.158,95.464,113.622,0.6503078330253873,2652.058,0.00026520579999999997,220.314,470.976,0.0,0.3788317854922762,13936,86378,100314,56811,1326029,0,8,440,0,5,0,14,0,5,28,0,111.97,177,428
1440000,2026-01-19T15:58:50.177463,164412,14031,101000,57203,110927,0.6503827680403254,0.133537,0.3788684983610261,28.062,173.938,202.0,46.334,282.49,328.824,18.272,96.134,114.406,0.6503827680403254,2670.74,0.00026707399999999996,221.854,474.272,0.0,0.3788684983610261,14031,86969,101000,57203,1335370,0,5,458,0,1,0,6,1,3,26,0,25.56,124,148
1450000,2026-01-19T15:58:52.142412,165602,14126,101739,57613,111724,0.6503228367209462,0.1344578,0.3789153485184979,28.252,175.226,203.478,46.676,284.528,331.204,18.422,96.804,115.226,0.6503228367209462,2689.156,0.0002689156,223.448,477.666,0.0,0.3789153485184979,14126,87613,101739,57613,1344578,0,6,444,0,2,0,9,0,4,35,0,54.542,110,361
1460000,2026-01-19T15:58:54.101997,166752,14222,102443,58009,112492,0.650410572470707,0.1353843,0.3789641253775037,28.444,176.442,204.886,46.992,286.512,333.504,18.548,97.47,116.018,0.650410572470707,2707.686,0.00027076860000000005,224.984,481.0,0.0,0.3789641253775037,14222,88221,102443,58009,1353843,0,4,460,0,8,0,13,0,6,9,0,139.848,177,478
1470000,2026-01-19T15:58:56.082973,167926,14322,103161,58409,113284,0.6503690074819442,0.1363006,0.3789508792527818,28.644,177.678,206.322,47.326,288.526,335.852,18.682,98.136,116.818,0.6503690074819442,2726.012,0.0002726012,226.568,484.382,0.0,0.3789508792527818,14322,88839,103161,58409,1363006,0,4,462,0,8,0,10,0,5,11,0,124.826,165,472
1480000,2026-01-19T15:58:58.042337,169058,14420,103863,58806,114049,0.6504627946287772,0.1372299,0.3789976397345418,28.84,178.886,207.726,47.638,290.478,338.116,18.796,98.816,117.612,0.6504627946287772,2744.598,0.00027445979999999996,228.098,487.656,0.0,0.3789976397345418,14420,89443,103863,58806,1372299,0,5,461,0,4,0,10,0,5,15,0,77.95,140,464
1490000,2026-01-19T15:59:00.015889,170191,14518,104562,59204,114809,0.6506103692644787,0.1381692,0.3790521283207881,29.036,180.088,209.124,47.962,292.42,340.382,18.926,99.482,118.408,0.6506103692644787,2763.384,0.00027633839999999997,229.618,490.892,0.0,0.3790521283207881,14518,90044,104562,59204,1381692,0,4,460,0,7,0,8,0,3,18,0,79.118,178,476
1500000,2026-01-19T15:59:01.982283,171320,14613,105247,59602,115583,0.6509011635196027,0.1390935,0.37917295211881835,29.226,181.268,210.494,48.262,294.378,342.64,19.034,100.17,119.204,0.6509011635196027,2781.87,0.000278187,231.166,494.19,0.0,0.37917295211881835,14613,90634,105247,59602,1390935,0,3,458,0,5,0,9,0,6,19,0,126.894,172,463
1510000,2026-01-19T15:59:03.950996,172432,14703,105924,59996,116350,0.6510167087691026,0.1400152,0.37924159305978933,29.406,182.442,211.848,48.57,296.294,344.864,19.162,100.83,119.992,0.6510167087691026,2800.304,0.0002800304,232.7,497.448,0.0,0.37924159305978933,14703,91221,105924,59996,1400152,0,5,461,0,3,0,10,0,4,17,0,76.492,132,382
1520000,2026-01-19T15:59:05.908807,173593,14800,106637,60400,117129,0.6510244926709602,0.1409536,0.3792976637393785,29.6,183.674,213.274,48.9,298.286,347.186,19.3,101.5,120.8,0.6510244926709602,2819.072,0.00028190720000000004,234.258,500.754,0.0,0.3792976637393785,14800,91837,106637,60400,1409536,0,4,449,0,5,0,11,0,7,24,0,94.588,179,473
1530000,2026-01-19T15:59:07.872248,174772,14895,107359,60813,117941,0.651067250351219,0.1418747,0.37938207950473907,29.79,184.928,214.718,49.236,300.308,349.544,19.446,102.18,121.626,0.651067250351219,2837.494,0.0002837494,235.882,504.204,0.0,0.37938207950473907,14895,92464,107359,60813,1418747,0,2,453,0,4,0,10,0,3,28,0,93.382,176,467
1540000,2026-01-19T15:59:09.856038,175932,14993,108081,61215,118713,0.6511920533131748,0.1427989,0.37945411022474873,29.986,186.176,216.162,49.572,302.292,351.864,19.584,102.846,122.43,0.6511920533131748,2855.978,0.0002855978,237.426,507.524,0.0,0.37945411022474873,14993,93088,108081,61215,1427989,0,5,452,0,2,0,11,0,7,23,0,89.08,145,468
1550000,2026-01-19T15:59:11.849517,177070,15091,108776,61620,119479,0.6513232152731129,0.1437328,0.3795613261212375,30.182,187.37,217.552,49.892,304.248,354.14,19.708,103.532,123.24,0.6513232152731129,2874.656,0.0002874656,238.958,510.8,0.0,0.3795613261212375,15091,93685,108776,61620,1437328,0,3,457,0,6,0,12,0,8,14,0,109.864,153,485
1560000,2026-01-19T15:59:13.852275,178200,15190,109477,62002,120227,0.6510234040555775,0.1446589,0.3795191181154342,30.38,188.574,218.954,50.216,306.184,356.4,19.834,104.17,124.004,0.6510234040555775,2893.178,0.00028931780000000004,240.454,514.016,0.0,0.3795191181154342,15190,94287,109477,62002,1446589,0,7,456,0,3,0,14,0,8,12,0,68.374,98,481
1570000,2026-01-19T15:59:15.859649,179318,15286,110169,62390,120981,0.6510944737952763,0.1455977,0.3795468341688245,30.572,189.766,220.338,50.526,308.11,358.636,19.952,104.828,124.78,0.6510944737952763,2911.954,0.0002911954,241.962,517.224,0.0,0.3795468341688245,15286,94883,110169,62390,1455977,0,2,447,0,7,0,11,0,6,27,0,98.532,134,474
1580000,2026-01-19T15:59:17.816009,180444,15383,110858,62777,121739,0.6511449757147648,0.1465278,0.3795768664752671,30.766,190.95,221.716,50.85,310.038,360.888,20.084,105.47,125.554,0.6511449757147648,2930.556,0.0002930556,243.478,520.454,0.0,0.3795768664752671,15383,95475,110858,62777,1465278,0,6,446,0,7,0,11,1,5,24,0,104.72,137,464
1590000,2026-01-19T15:59:19.769303,181582,15475,111546,63175,122528,0.6515655204707972,0.1474441,0.3797147759146859,30.95,192.142,223.092,51.136,312.028,363.164,20.184,106.166,126.35,0.6515655204707972,2948.882,0.0002948882,245.056,523.83,0.0,0.3797147759146859,15475,96071,111546,63175,1474441,0,6,454,0,6,0,17,0,3,14,0,120.518,152,474
1600000,2026-01-19T15:59:21.890020,182771,15561,112274,63586,123367,0.6515835518380916,0.1483567,0.3797573695569544,31.122,193.426,224.548,51.476,314.066,365.542,20.354,106.818,127.172,0.6515835518380916,2967.134,0.0002967134,246.734,527.338,0.0,0.3797573695569544,15561,96713,112274,63586,1483567,0,7,452,0,1,0,8,0,3,29,0,28.89,113,448
1610000,2026-01-19T15:59:23.856081,183946,15660,112998,63998,124146,0.6515396603606427,0.1492852,0.3798107712500042,31.32,194.676,225.996,51.82,316.072,367.892,20.5,107.496,127.996,0.6515396603606427,2985.704,0.00029857040000000004,248.292,530.684,0.0,0.3798107712500042,15660,97338,112998,63998,1492852,0,5,456,0,5,0,11,0,7,16,0,103.056,171,406
1620000,2026-01-19T15:59:25.811936,185126,15754,113720,64402,124955,0.6516740101943072,0.150204,0.37985844245907435,31.508,195.932,227.44,52.162,318.09,370.252,20.652,108.152,128.804,0.6516740101943072,3004.08,0.000300408,249.91,534.102,0.0,0.37985844245907435,15754,97966,113720,64402,1502040,0,3,455,0,1,0,11,0,2,28,0,94.036,167,450
1630000,2026-01-19T15:59:27.766574,186275,15855,114426,64803,125727,0.651675358252982,0.1511162,0.37986916781731106,31.71,197.142,228.852,52.476,320.074,372.55,20.764,108.842,129.606,0.651675358252982,3022.324,0.0003022324,251.454,537.4,0.0,0.37986916781731106,15855,98571,114426,64803,1511162,0,7,445,0,5,0,9,0,3,31,0,79.554,116,402
1640000,2026-01-19T15:59:29.732307,187479,15956,115161,65223,126531,0.651731151061825,0.1520367,0.3799442166483801,31.912,198.41,230.322,52.816,322.142,374.958,20.902,109.544,130.446,0.651731151061825,3040.734,0.0003040734,253.062,540.868,0.0,0.3799442166483801,15956,99205,115161,65223,1520367,0,5,449,0,9,0,17,0,4,16,0,102.556,151,465
1650000,2026-01-19T15:59:31.686652,188625,16054,115864,65623,127324,0.6516703531314556,0.1529631,0.3799670392408973,32.108,199.62,231.728,53.126,324.124,377.25,21.016,110.23,131.246,0.6516703531314556,3059.262,0.0003059262,254.648,544.232,0.0,0.3799670392408973,16054,99810,115864,65623,1529631,0,3,457,0,3,0,10,0,3,24,0,93.268,162,466
1660000,2026-01-19T15:59:33.648664,189771,16150,116569,66018,128091,0.6515708865107169,0.1538924,0.3799768294180041,32.3,200.838,233.138,53.478,326.064,379.542,21.178,110.858,132.036,0.6515708865107169,3077.848,0.0003077848,256.182,547.476,0.0,0.3799768294180041,16150,100419,116569,66018,1538924,1,6,449,0,4,0,6,0,2,32,0,46.086,122,293
1670000,2026-01-19T15:59:35.606228,190902,16247,117262,66412,128859,0.6514221470559618,0.1548183,0.37997006726682714,32.494,202.03,234.524,53.778,328.026,381.804,21.284,111.54,132.824,0.6514221470559618,3096.366,0.0003096366,257.718,550.746,0.0,0.37997006726682714,16247,101015,117262,66412,1548183,0,6,449,0,1,0,7,0,3,34,0,64.378,172,460
1680000,2026-01-19T15:59:37.562328,192060,16342,117975,66801,129625,0.6512446476153291,0.1557396,0.379973155190842,32.684,203.266,235.95,54.128,329.992,384.12,21.442,112.16,133.602,0.6512446476153291,3114.792,0.0003114792,259.25,554.05,0.0,0.379973155190842,16342,101633,117975,66801,1557396,0,4,456,0,4,0,11,0,4,21,0,115.426,167,475
1690000,2026-01-19T15:59:39.510499,193158,16438,118649,67181,130363,0.651348518095824,0.1566639,0.3799928557825636,32.876,204.422,237.298,54.436,331.88,386.316,21.558,112.804,134.362,0.651348518095824,3133.278,0.00031332779999999996,260.726,557.206,0.0,0.3799928557825636,16438,102211,118649,67181,1566639,0,4,455,0,4,0,13,0,4,20,0,72.748,118,477
1700000,2026-01-19T15:59:41.484169,194282,16532,119344,67577,131128,0.6515068341227581,0.1576026,0.3800629215827532,33.064,205.624,238.688,54.762,333.802,388.564,21.696,113.458,135.154,0.6515068341227581,3152.052,0.0003152052,262.256,560.446,0.0,0.3800629215827532,16532,102812,119344,67577,1576026,0,6,451,0,3,0,8,0,3,29,0,71.97,128,345
1710000,2026-01-19T15:59:43.440993,195390,16628,120025,67971,131873,0.6516422513247361,0.1585438,0.38011030087372766,33.256,206.794,240.05,55.082,335.698,390.78,21.826,114.116,135.942,0.6516422513247361,3170.876,0.0003170876,263.746,563.634,0.0,0.38011030087372766,16628,103397,120025,67971,1585438,0,4,458,0,2,0,8,0,7,21,0,49.674,120,430
1720000,2026-01-19T15:59:45.414341,196577,16725,120753,68382,132679,0.6518129992118271,0.1594618,0.3801677495354518,33.45,208.056,241.506,55.416,337.738,393.154,21.964,114.8,136.764,0.6518129992118271,3189.236,0.00031892359999999997,265.358,567.058,0.0,0.3801677495354518,16725,104028,120753,68382,1594618,0,3,453,0,2,0,10,0,6,26,0,123.168,161,467
1730000,2026-01-19T15:59:47.369792,197730,16824,121464,68784,133461,0.651731471355576,0.1603852,0.3801781079619608,33.648,209.28,242.928,55.752,339.708,395.46,22.102,115.466,137.568,0.651731471355576,3207.704,0.00032077040000000003,266.922,570.386,0.0,0.3801781079619608,16824,104640,121464,68784,1603852,0,3,458,0,1,0,5,0,2,31,0,32.306,87,274
1740000,2026-01-19T15:59:49.324841,198857,16921,122151,69171,134211,0.6516585019037227,0.161305,0.3801871075815874,33.842,210.46,244.302,56.066,341.648,397.714,22.222,116.12,138.342,0.6516585019037227,3226.1,0.00032261000000000003,268.422,573.596,0.0,0.3801871075815874,16921,105230,122151,69171,1613050,0,3,452,0,5,0,9,0,5,26,0,72.112,106,461
1750000,2026-01-19T15:59:51.283112,199972,17021,122835,69550,134962,0.6518601425225192,0.1622271,0.3802497479648735,34.042,211.628,245.67,56.376,343.568,399.944,22.332,116.768,139.1,0.6518601425225192,3244.542,0.0003244542,269.924,576.814,0.0,0.3802497479648735,17021,105814,122835,69550,1622271,0,2,460,0,4,0,4,0,2,28,0,56.958,98,398
1760000,2026-01-19T15:59:53.252226,201177,17127,123583,69957,135744,0.651541829205992,0.1631475,0.3802106094333885,34.254,212.912,247.166,56.73,345.624,402.354,22.476,117.438,139.914,0.651541829205992,3262.95,0.000326295,271.488,580.19,0.0,0.3802106094333885,17127,106456,123583,69957,1631475,0,4,460,0,4,1,14,0,7,10,0,76.448,174,482
1770000,2026-01-19T15:59:55.228191,202340,17228,124302,70357,136524,0.6513448007842948,0.1640759,0.3801915574843073,34.456,214.148,248.604,57.07,347.61,404.68,22.614,118.1,140.714,0.6513448007842948,3281.518,0.0003281518,273.048,583.512,0.0,0.3801915574843073,17228,107074,124302,70357,1640759,0,3,459,0,3,0,11,0,4,20,0,84.624,179,300
1780000,2026-01-19T15:59:57.185760,203473,17331,124999,70745,137282,0.6510919945548708,0.1649985,0.3801725749331737,34.662,215.336,249.998,57.384,349.562,406.946,22.722,118.768,141.49,0.6510919945548708,3299.97,0.000329997,274.564,586.752,0.0,0.3801725749331737,17331,107668,124999,70745,1649985,0,4,457,0,4,0,6,0,3,26,0,58.122,177,403
1790000,2026-01-19T15:59:59.143544,204596,17432,125689,71129,138025,0.6511647311172606,0.1659214,0.38020733962747716,34.864,216.514,251.378,57.692,351.5,409.192,22.826,119.432,142.258,0.6511647311172606,3318.428,0.0003318428,276.05,589.944,0.0,0.38020733962747716,17432,108257,125689,71129,1659214,0,5,450,0,4,0,12,0,4,25,0,108.3,151,467
1800000,2026-01-19T16:00:01.109317,205813,17532,126449,71543,138839,0.6507844873927662,0.1668235,0.3801350772409452,35.064,217.834,252.898,58.036,353.59,411.626,22.972,120.114,143.086,0.6507844873927662,3336.47,0.000333647,277.678,593.452,0.0,0.3801350772409452,17532,108917,126449,71543,1668235,0,4,464,0,10,0,12,0,4,6,0,142.094,178,490
1810000,2026-01-19T16:00:03.067145,206968,17628,127164,71940,139617,0.6507536120780897,0.1677491,0.3801499046563507,35.256,219.072,254.328,58.364,355.572,413.936,23.108,120.772,143.88,0.6507536120780897,3354.982,0.0003354982,279.234,596.732,0.0,0.3801499046563507,17628,109536,127164,71940,1677491,0,3,445,0,9,0,16,0,5,22,0,130.612,177,461
1820000,2026-01-19T16:00:05.026675,208148,17727,127901,72351,140420,0.6506343418944723,0.1686766,0.3801447440126337,35.454,220.348,255.802,58.712,357.584,416.296,23.258,121.444,144.702,0.6506343418944723,3373.532,0.0003373532,280.84,600.168,0.0,0.3801447440126337,17727,110174,127901,72351,1686766,0,4,458,0,4,0,9,0,4,21,0,88.538,178,466
1830000,2026-01-19T16:00:06.988003,209338,17831,128647,72763,141198,0.6506348661690408,0.1696031,0.3802055097367935,35.662,221.632,257.294,59.082,359.594,418.676,23.418,122.108,145.526,0.6506348661690408,3392.062,0.0003392062,282.396,603.516,0.0,0.3802055097367935,17831,110816,128647,72763,1696031,0,5,456,0,3,0,11,0,6,19,0,87.224,134,438
1840000,2026-01-19T16:00:08.945407,210506,17933,129368,73174,141975,0.6507862892782974,0.1705408,0.38028774244630975,35.866,222.87,258.736,59.422,361.59,421.012,23.554,122.794,146.348,0.6507862892782974,3410.816,0.0003410816,283.95,606.838,0.0,0.38028774244630975,17933,111435,129368,73174,1705408,0,1,457,0,7,0,14,0,4,17,0,115.758,154,461
1850000,2026-01-19T16:00:10.914260,211641,18030,130062,73572,142754,0.6509646859093121,0.1714683,0.3803806107168194,36.06,224.064,260.124,59.746,363.536,423.282,23.684,123.46,147.144,0.6509646859093121,3429.366,0.0003429366,285.508,610.114,0.0,0.3803806107168194,18030,112032,130062,73572,1714683,0,5,446,0,2,0,9,0,3,35,0,68.714,139,463
1860000,2026-01-19T16:00:12.869083,212771,18127,130758,73967,143520,0.6511490327138358,0.1723974,0.3804500309665379,36.254,225.262,261.516,60.062,365.48,425.542,23.806,124.128,147.934,0.6511490327138358,3447.948,0.0003447948,287.04,613.398,0.0,0.3804500309665379,18127,112631,130758,73967,1723974,0,3,454,0,1,0,10,0,2,30,0,50.76,117,363
1870000,2026-01-19T16:00:14.828098,213911,18223,131459,74357,144293,0.6513244698381846,0.1733082,0.3804993126787975,36.446,226.472,262.918,60.378,367.444,427.822,23.93,124.784,148.714,0.6513244698381846,3466.164,0.0003466164,288.586,616.684,0.0,0.3804993126787975,18223,113236,131459,74357,1733082,0,5,448,0,2,0,9,0,5,31,0,31.762,79,414
1880000,2026-01-19T16:00:16.788516,215075,18331,132188,74756,145053,0.6513005639943175,0.1742489,0.38050285157510255,36.662,227.714,264.376,60.724,369.426,430.15,24.062,125.45,149.512,0.6513005639943175,3484.978,0.0003484978,290.106,619.958,0.0,0.38050285157510255,18331,113857,132188,74756,1742489,1,5,457,0,1,0,8,0,4,24,0,53.742,120,433
1890000,2026-01-19T16:00:18.754819,216272,18432,132938,75160,145838,0.6510320758979038,0.1751649,0.38044998829081866,36.864,229.012,265.876,61.074,371.47,432.544,24.208,126.112,150.32,0.6510320758979038,3503.298,0.00035032980000000003,291.676,623.336,0.0,0.38044998829081866,18432,114506,132938,75160,1751649,0,5,450,0,7,0,12,0,4,22,0,125.016,167,465
1900000,2026-01-19T16:00:20.983554,217428,18526,133649,75559,146627,0.6509885111691184,0.1760833,0.3804610643827801,37.052,230.246,267.298,61.41,373.446,434.856,24.358,126.76,151.118,0.6509885111691184,3521.666,0.0003521666,293.254,626.686,0.0,0.3804610643827801,18526,115123,133649,75559,1760833,0,5,456,0,4,0,10,0,6,19,0,103.354,177,457
1910000,2026-01-19T16:00:22.979877,218587,18620,134365,75961,147420,0.6510783786767644,0.1770072,0.38049183759563343,37.24,231.49,268.73,61.728,375.446,437.174,24.486,127.436,151.922,0.6510783786767644,3540.144,0.0003540144,294.84,630.078,0.0,0.38049183759563343,18620,115745,134365,75961,1770072,0,6,457,0,5,0,10,0,5,17,0,104.804,141,458
1920000,2026-01-19T16:00:24.979994,219699,18717,135048,76355,148179,0.6511711453224596,0.1779373,0.380544483088533,37.434,232.662,270.096,62.032,377.366,439.398,24.596,128.114,152.71,0.6511711453224596,3558.746,0.0003558746,296.358,633.31,0.0,0.380544483088533,18717,116331,135048,76355,1779373,0,4,461,0,0,0,8,0,3,24,0,24.814,98,326
1930000,2026-01-19T16:00:26.978755,220836,18813,135743,76756,148941,0.6513819149414057,0.1788767,0.3806151774544781,37.626,233.86,271.486,62.356,379.316,441.672,24.73,128.782,153.512,0.6513819149414057,3577.534,0.0003577534,297.882,636.552,0.0,0.3806151774544781,18813,116930,135743,76756,1788767,0,4,453,0,4,0,9,0,6,24,0,110.4,179,365
1940000,2026-01-19T16:00:28.983452,221968,18911,136436,77145,149696,0.651444828300661,0.1797922,0.3806446493850237,37.822,235.05,272.872,62.666,381.27,443.936,24.844,129.446,154.29,0.651444828300661,3595.844,0.0003595844,299.392,639.808,0.0,0.3806446493850237,18911,117525,136436,77145,1797922,0,5,457,0,7,1,15,0,3,12,0,109.604,174,480
1950000,2026-01-19T16:00:30.974702,223055,19006,137097,77531,150450,0.6516907944821941,0.1807211,0.3807357876398007,38.012,236.182,274.194,62.946,383.164,446.11,24.932,130.13,155.062,0.6516907944821941,3614.422,0.0003614422,300.9,643.0,0.0,0.3807357876398007,19006,118091,137097,77531,1807211,0,3,453,0,4,0,10,0,4,26,0,87.65,129,417
1960000,2026-01-19T16:00:32.964893,224182,19106,137791,77927,151208,0.6517806466582957,0.1816534,0.3808073551821547,38.212,237.37,275.582,63.274,385.09,448.364,25.06,130.794,155.854,0.6517806466582957,3633.068,0.0003633068,302.416,646.226,0.0,0.3808073551821547,19106,118685,137791,77927,1816534,0,2,455,0,0,0,7,0,3,33,0,33.612,112,261
1970000,2026-01-19T16:00:34.955495,225347,19199,138502,78322,151985,0.6519313139014056,0.1825729,0.3808664985487156,38.398,238.606,277.004,63.592,387.102,450.694,25.194,131.45,156.644,0.6519313139014056,3651.458,0.00036514580000000004,303.97,649.588,0.0,0.3808664985487156,19199,119303,138502,78322,1825729,0,3,460,0,10,0,14,0,3,10,0,144.586,165,479
1980000,2026-01-19T16:00:36.947226,226450,19295,139171,78701,152744,0.6521245535789306,0.1834883,0.3809160480967486,38.59,239.752,278.342,63.89,389.01,452.9,25.3,132.102,157.402,0.6521245535789306,3669.766,0.00036697659999999997,305.488,652.786,0.0,0.3809160480967486,19295,119876,139171,78701,1834883,0,5,443,0,3,0,8,0,4,37,0,46.862,177,358
1990000,2026-01-19T16:00:38.938542,227574,19389,139866,79096,153499,0.6521306388562117,0.1844201,0.38094318781079356,38.778,240.954,279.732,64.22,390.928,455.148,25.44,132.752,158.192,0.6521306388562117,3688.402,0.0003688402,306.998,656.046,0.0,0.38094318781079356,19389,120477,139866,79096,1844201,0,6,458,0,4,0,10,0,4,18,0,100.848,142,446
2000000,2026-01-19T16:00:40.943259,228681,19486,140537,79486,154242,0.6523517569147647,0.1853453,0.3810011385604973,38.972,242.102,281.074,64.532,392.83,457.362,25.558,133.414,158.972,0.6523517569147647,3706.906,0.0003706906,308.484,659.21,0.0,0.3810011385604973,19486,121051,140537,79486,1853453,0,3,460,0,6,0,14,0,6,11,0,93.556,166,475
2010000,2026-01-19T16:00:42.935531,229813,19586,141225,79889,155024,0.6525455944000537,0.1862741,0.3810729915049945,39.172,243.278,282.45,64.836,394.79,459.626,25.662,134.116,159.778,0.6525455944000537,3725.482,0.0003725482,310.048,662.504,0.0,0.3810729915049945,19586,121639,141225,79889,1862741,0,7,454,0,1,0,7,0,4,27,0,47.3,125,249
2020000,2026-01-19T16:00:44.919483,230969,19682,141938,80287,155804,0.6525450188956654,0.1871957,0.38110528202718835,39.364,244.512,283.876,65.16,396.778,461.938,25.794,134.78,160.574,0.6525450188956654,3743.914,0.0003743914,311.608,665.824,0.0,0.38110528202718835,19682,122256,141938,80287,1871957,0,3,449,0,4,0,11,0,4,29,0,104.842,159,446
2030000,2026-01-19T16:00:46.896409,232097,19776,142633,80678,156566,0.652576821662744,0.1881188,0.3811299600190376,39.552,245.714,285.266,65.486,398.708,464.194,25.932,135.424,161.356,0.652576821662744,3762.376,0.0003762376,313.132,669.082,0.0,0.3811299600190376,19776,122857,142633,80678,1881188,0,4,454,0,3,0,12,0,5,22,0,85.87,140,376
2040000,2026-01-19T16:00:48.891078,233245,19876,143338,81078,157338,0.6525333726036651,0.1890545,0.38115421458082166,39.752,246.924,286.676,65.816,400.674,466.49,26.062,136.094,162.156,0.6525333726036651,3781.09,0.000378109,314.676,672.384,0.0,0.38115421458082166,19876,123462,143338,81078,1890545,0,2,462,0,1,0,11,0,5,19,0,112.236,162,474
2050000,2026-01-19T16:00:50.885578,234348,19972,144011,81469,158078,0.652567448904016,0.1899869,0.38119444087344667,39.944,248.078,288.022,66.126,402.57,468.696,26.18,136.758,162.938,0.652567448904016,3799.738,0.0003799738,316.156,675.528,0.0,0.38119444087344667,19972,124039,144011,81469,1899869,0,6,447,0,3,0,11,0,7,26,0,99.798,159,462
2060000,2026-01-19T16:00:52.881995,235481,20068,144706,81852,158846,0.6524672479907185,0.1909111,0.38117121035903867,40.136,249.276,289.412,66.44,404.522,470.962,26.304,137.4,163.704,0.6524672479907185,3818.222,0.0003818222,317.692,678.82,0.0,0.38117121035903867,20068,124638,144706,81852,1909111,0,1,470,1,1,0,9,0,4,14,0,67.49,181,472
2070000,2026-01-19T16:00:54.890915,236686,20168,145459,82261,159630,0.6521683368831567,0.191831,0.38113314793303804,40.336,250.582,290.918,66.814,406.558,473.372,26.476,138.046,164.522,0.6521683368831567,3836.62,0.000383662,319.26,682.188,0.0,0.38113314793303804,20168,125291,145459,82261,1918310,0,3,455,0,6,0,17,0,5,14,0,116.048,172,478
2080000,2026-01-19T16:00:56.896828,237836,20267,146164,82659,160417,0.6521224028021599,0.1927499,0.38115253121906156,40.534,251.794,292.328,67.136,408.536,475.672,26.6,138.718,165.318,0.6521224028021599,3854.998,0.0003854998,320.834,685.52,0.0,0.38115253121906156,20267,125897,146164,82659,1927499,0,5,449,0,3,0,7,0,5,31,0,83.104,139,356
2090000,2026-01-19T16:00:58.891275,238981,20368,146877,83052,161162,0.6519662639634167,0.1936863,0.3811021855374609,40.736,253.018,293.754,67.482,410.48,477.962,26.744,139.36,166.104,0.6519662639634167,3873.726,0.0003873726,322.324,688.744,0.0,0.3811021855374609,20368,126509,146877,83052,1936863,0,7,455,0,3,0,15,0,7,13,0,115.16,173,480
2100000,2026-01-19T16:01:00.883222,240084,20464,147551,83439,161923,0.6521885964050778,0.1946194,0.38118679991955967,40.928,254.174,295.102,67.774,412.394,480.168,26.844,140.034,166.878,0.6521885964050778,3892.388,0.0003892388,323.846,691.974,0.0,0.38118679991955967,20464,127087,147551,83439,1946194,0,5,452,0,3,0,9,0,4,27,0,101.464,153,467
2110000,2026-01-19T16:01:02.872870,241190,20556,148221,83831,162681,0.6523421981340431,0.1955482,0.38123924976611057,41.112,255.33,296.442,68.09,414.29,482.38,26.976,140.686,167.662,0.6523421981340431,3910.964,0.0003910964,325.362,695.182,0.0,0.38123924976611057,20556,127665,148221,83831,1955482,0,4,448,0,1,0,9,0,3,35,0,47.818,110,458
2120000,2026-01-19T16:01:04.902077,242315,20648,148913,84222,163444,0.6523514223487962,0.1964792,0.38126827762637305,41.296,256.53,297.826,68.41,416.22,484.63,27.112,141.332,168.444,0.6523514223487962,3929.584,0.0003929584,326.888,698.442,0.0,0.38126827762637305,20648,128265,148913,84222,1964792,0,3,456,0,1,0,10,0,5,25,0,51.886,151,454
2130000,2026-01-19T16:01:06.933096,243458,20745,149603,84633,164225,0.6526518055652898,0.1974124,0.3813823861327059,41.49,257.716,299.206,68.718,418.198,486.916,27.226,142.04,169.266,0.6526518055652898,3948.248,0.0003948248,328.45,701.772,0.0,0.3813823861327059,20745,128858,149603,84633,1974124,0,4,453,0,5,0,14,0,2,22,0,121.504,156,470
2140000,2026-01-19T16:01:08.968601,244580,20848,150298,85020,164977,0.6525848613653,0.1983468,0.3813772489674569,41.696,258.9,300.596,69.03,420.13,489.16,27.332,142.708,170.04,0.6525848613653,3966.936,0.0003966936,329.954,704.97,0.0,0.3813772489674569,20848,129450,150298,85020,1983468,0,6,448,0,0,0,8,0,3,35,0,78.768,153,466
2150000,2026-01-19T16:01:10.989181,245712,20944,150999,85421,165730,0.6525865514201706,0.199281,0.38139317924096133,41.888,260.11,301.998,69.35,422.074,491.424,27.462,143.38,170.842,0.6525865514201706,3985.62,0.00039856200000000004,331.46,708.216,0.0,0.38139317924096133,20944,130055,150999,85421,1992810,0,6,456,0,7,0,13,0,5,13,0,132.194,171,490
2160000,2026-01-19T16:01:13.008811,246832,21037,151690,85808,166490,0.6525579428710314,0.20021,0.38139653777298554,42.074,261.306,303.38,69.666,423.998,493.664,27.59,144.026,171.616,0.6525579428710314,4004.2,0.00040042,332.98,711.452,0.0,0.38139653777298554,21037,130653,151690,85808,2002100,0,3,456,0,4,0,10,0,7,20,0,126.092,167,469
2170000,2026-01-19T16:01:15.209033,248020,21130,152423,86228,167322,0.6525234461994257,0.2011299,0.3813764780771485,42.26,262.586,304.846,69.99,426.05,496.04,27.728,144.728,172.456,0.6525234461994257,4022.598,0.00040225980000000003,334.644,714.968,0.0,0.3813764780771485,21130,131293,152423,86228,2011299,0,6,463,0,3,0,6,0,1,21,0,64.3,105,385
2180000,2026-01-19T16:01:17.200247,249115,21224,153083,86618,168064,0.6527553562504935,0.2020588,0.3814456137745272,42.448,263.718,306.166,70.276,427.954,498.23,27.826,145.41,173.236,0.6527553562504935,4041.176,0.0004041176,336.128,718.136,0.0,0.3814456137745272,21224,131859,153083,86618,2020588,0,5,455,0,4,0,12,0,5,19,0,47.192,80,440
2190000,2026-01-19T16:01:19.281027,250262,21324,153788,87025,168849,0.6529863171923284,0.2030046,0.38150477218637924,42.648,264.928,307.576,70.58,429.944,500.524,27.93,146.12,174.05,0.6529863171923284,4060.092,0.0004060092,337.698,721.47,0.0,0.38150477218637924,21324,132464,153788,87025,2030046,0,4,451,0,3,0,8,0,3,31,0,88.422,144,430
2200000,2026-01-19T16:01:22.237354,251358,21421,154460,87410,169577,0.6529991024090525,0.2039468,0.38152353997793603,42.842,266.078,308.92,70.894,431.822,502.716,28.052,146.768,174.82,0.6529991024090525,4078.936,0.00040789360000000003,339.154,724.562,0.0,0.38152353997793603,21421,133039,154460,87410,2039468,0,5,441,0,7,0,8,0,4,35,0,98.886,178,392
2210000,2026-01-19T16:01:24.304629,252427,21513,155108,87791,170308,0.6531669004111011,0.2048798,0.3815985968414745,43.026,267.19,310.216,71.196,433.658,504.854,28.168,147.414,175.582,0.6531669004111011,4097.596,0.0004097596,340.616,727.69,0.0,0.3815985968414745,21513,133595,155108,87791,2048798,0,2,454,0,2,0,9,0,4,29,0,75.672,131,441
2220000,2026-01-19T16:01:26.313001,253533,21607,155784,88173,171062,0.6530872000103557,0.2058057,0.3816056312788208,43.214,268.354,311.568,71.502,435.564,507.066,28.286,148.06,176.346,0.6530872000103557,4116.114,0.0004116114,342.124,730.896,0.0,0.3816056312788208,21607,134177,155784,88173,2058057,0,5,452,0,2,0,5,0,2,34,0,80.696,145,413
2230000,2026-01-19T16:01:28.442149,254670,21705,156479,88575,171824,0.6533421933852476,0.2067388,0.381688438126562,43.41,269.548,312.958,71.804,437.536,509.34,28.392,148.758,177.15,0.6533421933852476,4134.776,0.00041347760000000003,343.648,734.174,0.0,0.381688438126562,21705,134774,156479,88575,2067388,0,4,452,0,6,0,10,0,5,23,0,99.556,139,459
2240000,2026-01-19T16:01:30.441259,255798,21806,157175,88968,172583,0.6534856510084827,0.2076762,0.3817131872981441,43.612,270.738,314.35,72.116,439.48,511.596,28.504,149.432,177.936,0.6534856510084827,4153.524,0.0004153524,345.166,737.42,0.0,0.3817131872981441,21806,135369,157175,88968,2076762,0,5,457,0,6,0,7,0,4,21,0,110.248,176,440
2250000,2026-01-19T16:01:32.660428,256982,21907,157908,89376,173377,0.653446450362985,0.2085964,0.3816981895991377,43.814,272.002,315.816,72.466,441.498,513.964,28.65,150.102,178.752,0.653446450362985,4171.928,0.0004171928,346.754,740.812,0.0,0.3816981895991377,21907,136001,157908,89376,2085964,0,2,462,0,4,0,8,0,3,21,0,94.448,125,447
2260000,2026-01-19T16:01:34.698151,258156,22010,158643,89782,174143,0.6534563526322648,0.2095314,0.38169902520999305,44.02,273.266,317.286,72.814,443.498,516.312,28.792,150.772,179.564,0.6534563526322648,4190.628,0.0004190628,348.286,744.088,0.0,0.38169902520999305,22010,136633,158643,89782,2095314,0,3,447,0,7,0,12,0,4,27,0,113.18,143,450
2270000,2026-01-19T16:01:36.695924,259268,22109,159340,90168,174885,0.6533016182729537,0.2104736,0.38166706516928667,44.218,274.462,318.68,73.132,445.404,518.536,28.912,151.424,180.336,0.6533016182729537,4209.472,0.00042094720000000003,349.77,747.274,0.0,0.38166706516928667,22109,137231,159340,90168,2104736,0,4,454,0,4,0,9,0,4,25,0,115.624,168,467
2280000,2026-01-19T16:01:38.668875,260427,22201,160044,90566,175680,0.6533941205219045,0.2113804,0.3816944179150227,44.402,275.686,320.088,73.462,447.392,520.854,29.058,152.074,181.132,0.6533941205219045,4227.608,0.0004227608,351.36,750.65,0.0,0.3816944179150227,22201,137843,160044,90566,2113804,0,3,454,0,2,0,8,0,3,30,0,38.51,87,464
2290000,2026-01-19T16:01:40.637216,261564,22298,160741,90964,176457,0.6535538930459895,0.2123126,0.3817397859132279,44.596,276.886,321.482,73.77,449.358,523.128,29.172,152.756,181.928,0.6535538930459895,4246.252,0.0004246252,352.914,753.946,0.0,0.3817397859132279,22298,138443,160741,90964,2123126,0,7,451,0,2,0,6,0,2,32,0,56.208,111,340
2300000,2026-01-19T16:01:42.600811,262678,22396,161426,91348,177197,0.6536299343167578,0.2132447,0.3817792399652159,44.792,278.06,322.852,74.092,451.264,525.356,29.298,153.398,182.696,0.6536299343167578,4264.894,0.00042648940000000003,354.394,757.124,0.0,0.3817792399652159,22396,139030,161426,91348,2132447,0,6,459,0,2,0,7,0,4,22,0,40.708,106,251
2310000,2026-01-19T16:01:44.570920,263838,22497,162153,91742,177959,0.6534853684707485,0.2141808,0.3817477227999178,44.994,279.312,324.306,74.424,453.252,527.676,29.428,154.056,183.484,0.6534853684707485,4283.616,0.00042836160000000003,355.918,760.41,0.0,0.3817477227999178,22497,139656,162153,91742,2141808,0,6,454,0,6,0,8,0,6,20,0,107.956,172,466
2320000,2026-01-19T16:01:46.547431,265018,22594,162879,92146,178768,0.6534758881462126,0.2150922,0.38176966980389543,45.188,280.57,325.758,74.742,455.294,530.036,29.552,154.74,184.292,0.6534758881462126,4301.844,0.00043018440000000004,357.536,763.856,0.0,0.38176966980389543,22594,140285,162879,92146,2150922,0,6,458,0,1,0,9,0,2,24,0,74.782,138,477
2330000,2026-01-19T16:01:48.524688,266190,22696,163592,92554,179547,0.6535987828997933,0.2160176,0.38181213758178634,45.392,281.792,327.184,75.08,457.3,532.38,29.686,155.422,185.108,0.6535987828997933,4320.352,0.0004320352,359.094,767.19,0.0,0.38181213758178634,22696,140896,163592,92554,2160176,0,9,456,0,5,0,11,0,4,15,0,86.716,123,456
2340000,2026-01-19T16:01:50.499950,267387,22805,164340,92973,180334,0.65343902966275,0.2169601,0.3817902728019904,45.61,283.07,328.68,75.434,459.34,534.774,29.824,156.122,185.946,0.65343902966275,4339.202,0.0004339202,360.668,770.534,0.0,0.3817902728019904,22805,141535,164340,92973,2169601,0,3,444,1,4,0,9,0,4,35,0,101.826,180,411
2350000,2026-01-19T16:01:52.468075,268524,22907,165029,93370,181094,0.6535913337824004,0.2178795,0.3818225632586616,45.814,284.244,330.058,75.738,461.31,537.048,29.922,156.818,186.74,0.6535913337824004,4357.59,0.000435759,362.188,773.822,0.0,0.3818225632586616,22907,142122,165029,93370,2178795,0,3,455,0,4,0,12,0,5,21,0,51.052,101,406
2360000,2026-01-19T16:01:54.441233,269696,23009,165748,93770,181877,0.6535362931424662,0.2188069,0.3818193502796257,46.018,285.478,331.496,76.06,463.332,539.392,30.042,157.498,187.54,0.6535362931424662,4376.138,0.0004376138,363.754,777.182,0.0,0.3818193502796257,23009,142739,165748,93770,2188069,0,4,455,0,7,0,12,0,7,15,0,129.586,171,483
2370000,2026-01-19T16:01:56.418336,270878,23107,166481,94174,182677,0.6534867231221002,0.2197208,0.3818041192262701,46.214,286.748,332.962,76.42,465.336,541.756,30.204,158.144,188.348,0.6534867231221002,4394.416,0.0004394416,365.354,780.57,0.0,0.3818041192262701,23107,143374,166481,94174,2197208,0,3,455,0,2,0,9,0,4,27,0,55.53,104,401
2380000,2026-01-19T16:01:58.382107,271988,23204,167162,94558,183415,0.6535312235525882,0.2206584,0.3818208038741086,46.408,287.916,334.324,76.732,467.244,543.976,30.324,158.792,189.116,0.6535312235525882,4413.168,0.00044131680000000003,366.83,783.738,0.0,0.3818208038741086,23204,143958,167162,94558,2206584,0,3,461,0,3,0,12,0,7,14,0,129.752,173,477
2390000,2026-01-19T16:02:00.350409,273116,23305,167858,94947,184173,0.6533967773698731,0.2215821,0.3818075158494761,46.61,289.106,335.716,77.06,469.172,546.232,30.448,159.446,189.894,0.6533967773698731,4431.642,0.00044316420000000003,368.346,786.95,0.0,0.3818075158494761,23305,144553,167858,94947,2215821,0,4,455,0,0,0,7,0,3,31,0,55.628,127,459
2400000,2026-01-19T16:02:02.320816,274282,23408,168577,95345,184941,0.6533929932444295,0.2225038,0.3818104500459917,46.816,290.338,337.154,77.414,471.15,548.564,30.596,160.094,190.69,0.6533929932444295,4450.076,0.0004450076,369.882,790.246,0.0,0.3818104500459917,23408,145169,168577,95345,2225038,0,3,458,0,1,0,8,0,4,26,0,44.238,109,317
2410000,2026-01-19T16:02:04.290018,275395,23510,169267,95734,185674,0.6534876213343082,0.2234485,0.3818372849204165,47.02,291.514,338.534,77.732,473.058,550.79,30.71,160.758,191.468,0.6534876213343082,4468.97,0.000446897,371.348,793.39,0.0,0.3818372849204165,23510,145757,169267,95734,2234485,0,6,458,0,3,0,10,0,3,20,0,126.618,168,470
2420000,2026-01-19T16:02:06.252434,276511,23605,169953,96122,186430,0.6535007255923658,0.22438,0.3818582643510884,47.21,292.696,339.906,78.04,474.982,553.022,30.828,161.416,192.244,0.6535007255923658,4487.6,0.00044876,372.86,796.636,0.0,0.3818582643510884,23605,146348,169953,96122,2243800,0,3,462,0,3,0,8,0,6,18,0,101.484,152,461
2430000,2026-01-19T16:02:08.214052,277648,23697,170642,96518,187207,0.6536422374407654,0.2253058,0.38193147009350265,47.394,293.89,341.284,78.36,476.936,555.296,30.966,162.07,193.036,0.6536422374407654,4506.116,0.0004506116,374.414,799.928,0.0,0.38193147009350265,23697,146945,170642,96518,2253058,0,4,456,0,7,0,9,0,3,21,0,136.604,175,474
2440000,2026-01-19T16:02:10.182683,278827,23793,171368,96926,188016,0.6536066966607121,0.2262305,0.38193213851020563,47.586,295.15,342.736,78.684,478.97,557.654,31.098,162.754,193.852,0.6536066966607121,4524.61,0.000452461,376.032,803.372,0.0,0.38193213851020563,23793,147575,171368,96926,2262305,0,5,454,1,6,0,7,0,3,24,0,94.26,180,448
2450000,2026-01-19T16:02:12.142783,279942,23892,172060,97320,188756,0.6535984392372862,0.2271718,0.38195379221495823,47.784,296.336,344.12,79.0,480.884,559.884,31.214,163.426,194.64,0.6535984392372862,4543.436,0.0004543436,377.512,806.536,0.0,0.38195379221495823,23892,148168,172060,97320,2271718,0,7,451,0,5,0,13,0,4,20,0,120.56,164,465
2460000,2026-01-19T16:02:14.104204,281080,23986,172750,97706,189525,0.653537073319099,0.2280729,0.381945171318637,47.972,297.528,345.5,79.342,482.818,562.16,31.368,164.044,195.412,0.653537073319099,4561.458,0.0004561458,379.05,809.82,0.0,0.381945171318637,23986,148764,172750,97706,2280729,0,4,460,0,5,0,12,0,3,16,0,51.742,86,391
2470000,2026-01-19T16:02:16.067303,282200,24080,173434,98104,190299,0.6537490848338903,0.2290066,0.3820303068749977,48.16,298.708,346.868,79.644,484.756,564.4,31.482,164.726,196.208,0.6537490848338903,4580.132,0.0004580132,380.598,813.092,0.0,0.3820303068749977,24080,149354,173434,98104,2290066,0,5,454,0,3,0,9,0,3,26,0,93.8,139,450
2480000,2026-01-19T16:02:18.035215,283332,24183,174141,98500,191046,0.6537393602639773,0.2299468,0.38204382041526314,48.366,299.916,348.282,79.962,486.702,566.664,31.594,165.406,197.0,0.6537393602639773,4598.936,0.0004598936,382.092,816.318,0.0,0.38204382041526314,24183,149958,174141,98500,2299468,0,4,462,0,2,0,10,0,3,19,0,88.174,144,418
2490000,2026-01-19T16:02:20.014386,284495,24286,174865,98890,191794,0.6534471680102429,0.2308724,0.3819807602032919,48.572,301.158,349.73,80.31,488.68,568.99,31.736,166.044,197.78,0.6534471680102429,4617.448,0.0004617448,383.588,819.55,0.0,0.3819807602032919,24286,150579,174865,98890,2308724,0,6,452,0,9,0,14,0,5,14,0,126.694,169,471
2500000,2026-01-19T16:02:21.983747,285645,24386,175564,99286,192565,0.6535238644241272,0.2317968,0.38202547897648004,48.772,302.356,351.128,80.634,490.656,571.29,31.86,166.712,198.572,0.6535238644241272,4635.936,0.0004635936,385.13,822.844,0.0,0.38202547897648004,24386,151178,175564,99286,2317968,0,6,456,0,9,0,16,0,4,9,0,133.294,173,476
2510000,2026-01-19T16:02:23.955588,286824,24481,176292,99700,193369,0.6535361306260075,0.2327274,0.3820433119687213,48.962,303.622,352.584,80.986,492.662,573.648,32.022,167.378,199.4,0.6535361306260075,4654.548,0.0004654548,386.738,826.226,0.0,0.3820433119687213,24481,151811,176292,99700,2327274,0,4,449,0,5,0,12,0,5,25,0,126.128,165,462
2520000,2026-01-19T16:02:25.911467,287893,24577,176942,100076,194101,0.6535238328994007,0.2336611,0.3820547256491618,49.154,304.73,353.884,81.27,494.516,575.786,32.114,168.038,200.152,0.6535238328994007,4673.222,0.0004673222,388.202,829.334,0.0,0.3820547256491618,24577,152365,176942,100076,2336611,0,2,450,0,4,0,8,0,3,33,0,72.542,108,443
2530000,2026-01-19T16:02:27.879231,289043,24677,177652,100466,194860,0.6534553674490229,0.2345887,0.3820198380163912,49.354,305.95,355.304,81.594,496.492,578.086,32.238,168.694,200.932,0.6534553674490229,4691.774,0.0004691774,389.72,832.62,0.0,0.3820198380163912,24677,152975,177652,100466,2345887,0,1,456,0,6,0,13,0,4,20,0,92.404,130,416
2540000,2026-01-19T16:02:29.848995,290199,24780,178368,100861,195632,0.6533607883576547,0.2355161,0.38198614708237644,49.56,307.176,356.736,81.912,498.486,580.398,32.352,169.37,201.722,0.6533607883576547,4710.322,0.0004710322,391.264,835.918,0.0,0.38198614708237644,24780,153588,178368,100861,2355161,0,3,462,0,12,0,8,0,1,14,0,94.12,171,464
2550000,2026-01-19T16:02:31.809818,291318,24880,179055,101247,196381,0.6534022438365745,0.2364435,0.38202153887487567,49.76,308.35,358.11,82.238,500.398,582.636,32.476,170.018,202.494,0.6534022438365745,4728.87,0.000472887,392.762,839.116,0.0,0.38202153887487567,24880,154175,179055,101247,2364435,0,5,449,0,3,0,9,0,3,31,0,60.38,98,384
2560000,2026-01-19T16:02:33.781455,292482,24978,179775,101642,197154,0.6532601393278049,0.2373657,0.3820077748137432,49.956,309.594,359.55,82.578,502.386,584.964,32.62,170.664,203.284,0.6532601393278049,4747.314,0.0004747314,394.308,842.45,0.0,0.3820077748137432,24978,154797,179775,101642,2373657,0,5,456,0,3,0,11,0,4,21,0,62.928,120,395
2570000,2026-01-19T16:02:35.746875,293651,25076,180495,102045,197930,0.6531537904209859,0.2382971,0.38198231294332924,50.152,310.838,360.99,82.902,504.4,587.302,32.748,171.342,204.09,0.6531537904209859,4765.942,0.0004765942,395.86,845.784,0.0,0.38198231294332924,25076,155419,180495,102045,2382971,0,4,453,0,10,0,14,0,8,11,0,132.002,166,477
2580000,2026-01-19T16:02:37.709987,294793,25174,181196,102438,198715,0.6531870130534727,0.2392227,0.3819924867979365,50.348,312.044,362.392,83.222,506.364,589.586,32.874,172.002,204.876,0.6531870130534727,4784.454,0.0004784454,397.43,849.12,0.0,0.3819924867979365,25174,156022,181196,102438,2392227,0,4,451,1,5,0,8,0,3,28,0,106.816,180,400
2590000,2026-01-19T16:02:39.673115,295930,25269,181882,102835,199490,0.653280233134754,0.2401449,0.38204356835090947,50.538,313.226,363.764,83.522,508.338,591.86,32.982,172.688,205.67,0.653280233134754,4802.898,0.0004802898,398.98,852.428,0.0,0.38204356835090947,25269,156613,181882,102835,2401449,0,4,452,0,6,0,14,0,6,18,0,110.242,140,471
2600000,2026-01-19T16:02:41.641180,297101,25370,182599,103241,200277,0.6532161771128054,0.2410663,0.3820732572360092,50.74,314.458,365.198,83.862,510.34,594.202,33.12,173.362,206.482,0.6532161771128054,4821.326,0.0004821326,400.554,855.79,0.0,0.3820732572360092,25370,157229,182599,103241,2410663,0,1,454,0,7,0,12,0,4,22,0,107.53,158,439
2610000,2026-01-19T16:02:43.610731,298262,25465,183325,103634,201053,0.6528778557761277,0.2419861,0.3820216272138443,50.93,315.72,366.65,84.218,512.306,596.524,33.286,173.982,207.268,0.6528778557761277,4839.722,0.0004839722,402.106,859.09,0.0,0.3820216272138443,25465,157860,183325,103634,2419861,0,3,454,0,4,0,11,0,4,24,0,108.286,159,466
2620000,2026-01-19T16:02:45.583673,299465,25562,184066,104049,201874,0.6529568931860544,0.2429038,0.38204876023066087,51.124,317.008,368.132,84.566,514.364,598.93,33.44,174.658,208.098,0.6529568931860544,4858.076,0.0004858076,403.748,862.586,0.0,0.38204876023066087,25562,158504,184066,104049,2429038,0,5,456,0,2,0,7,0,4,26,0,68.02,124,393
2630000,2026-01-19T16:02:47.549885,300598,25662,184760,104439,202631,0.6529380037992794,0.2438273,0.3820595827223316,51.324,318.196,369.52,84.884,516.312,601.196,33.558,175.32,208.878,0.6529380037992794,4876.546,0.0004876546,405.262,865.82,0.0,0.3820595827223316,25662,159098,184760,104439,2438273,0,4,454,0,2,0,7,0,4,29,0,44.506,105,331
2640000,2026-01-19T16:02:49.520730,301790,25761,185501,104846,203420,0.6527838652447796,0.2447518,0.3820134554870857,51.522,319.48,371.002,85.238,518.342,603.58,33.714,175.978,209.692,0.6527838652447796,4895.036,0.0004895036,406.84,869.202,0.0,0.3820134554870857,25761,159740,185501,104846,2447518,0,4,447,0,5,0,11,0,3,30,0,60.298,95,468
2650000,2026-01-19T16:02:51.482625,302901,25855,186184,105230,204176,0.6527782221763592,0.2456906,0.38203460413104706,51.71,320.658,372.368,85.542,520.26,605.802,33.83,176.63,210.46,0.6527782221763592,4913.812,0.0004913812,408.352,872.442,0.0,0.38203460413104706,25855,160329,186184,105230,2456906,0,7,454,0,1,0,7,0,6,25,0,74.424,147,450
2660000,2026-01-19T16:02:53.442841,304023,25951,186873,105627,204928,0.6529116806788745,0.2466296,0.38206779423761855,51.902,321.844,373.746,85.848,522.198,608.046,33.946,177.308,211.254,0.6529116806788745,4932.592,0.0004932592,409.856,875.658,0.0,0.38206779423761855,25951,160922,186873,105627,2466296,0,4,450,0,6,0,12,0,6,22,0,134.284,179,469
2670000,2026-01-19T16:02:55.406885,305166,26049,187570,106021,205706,0.6530156984452045,0.2475518,0.3821103609060482,52.098,323.042,375.14,86.176,524.156,610.332,34.076,177.966,212.042,0.6530156984452045,4951.036,0.0004951036,411.412,878.962,0.0,0.3821103609060482,26049,161521,187570,106021,2475518,0,3,452,0,1,0,8,0,4,32,0,50.692,142,323
2680000,2026-01-19T16:02:57.367791,306293,26144,188253,106411,206471,0.652991339422175,0.2484676,0.38211173432525564,52.288,324.218,376.506,86.49,526.096,612.586,34.2,178.622,212.822,0.652991339422175,4969.352,0.0004969352000000001,412.942,882.254,0.0,0.38211173432525564,26144,162109,188253,106411,2484676,0,4,466,0,0,0,9,0,5,16,0,34.548,124,284
2690000,2026-01-19T16:02:59.333111,307450,26239,188959,106817,207262,0.6529948601506367,0.249389,0.38213132780648756,52.478,325.44,377.918,86.796,528.104,614.9,34.316,179.318,213.634,0.6529948601506367,4987.78,0.000498778,414.524,885.616,0.0,0.38213132780648756,26239,162720,188959,106817,2493890,0,6,452,0,2,0,9,0,6,25,0,81.458,130,458
2700000,2026-01-19T16:03:01.296025,308598,26335,189663,107220,208036,0.653057807237533,0.2503203,0.3821798940205927,52.67,326.656,379.326,87.116,530.08,617.196,34.446,179.994,214.44,0.653057807237533,5006.406,0.0005006406,416.072,888.906,0.0,0.3821798940205927,26335,163328,189663,107220,2503203,0,5,449,0,6,0,14,0,4,22,0,94.288,179,418
2710000,2026-01-19T16:03:03.261936,309747,26433,190366,107615,208821,0.6530202371750563,0.2512436,0.38218792676904817,52.866,327.866,380.732,87.426,532.068,619.494,34.558,180.672,215.23,0.6530202371750563,5024.872,0.0005024872,417.642,892.258,0.0,0.38218792676904817,26433,163933,190366,107615,2512436,0,3,457,0,4,0,8,0,5,23,0,107.432,169,452
2720000,2026-01-19T16:03:05.228900,310897,26528,191083,108010,209594,0.6528428712138175,0.2521668,0.38215695123170895,53.056,329.11,382.166,87.76,534.034,621.794,34.702,181.318,216.02,0.6528428712138175,5043.336,0.0005043336,419.188,895.562,0.0,0.38215695123170895,26528,164555,191083,108010,2521668,0,3,457,0,2,0,7,0,6,25,0,61.872,109,404
2730000,2026-01-19T16:03:07.189135,312016,26623,191763,108405,210349,0.6529499050840532,0.2530982,0.38219256280204994,53.246,330.28,383.526,88.072,535.96,624.032,34.824,181.986,216.81,0.6529499050840532,5061.964,0.0005061964,420.698,898.784,0.0,0.38219256280204994,26623,165140,191763,108405,2530982,0,3,457,0,5,0,14,0,3,18,0,94.526,144,479
2740000,2026-01-19T16:03:09.153920,313166,26714,192459,108808,211151,0.6530212595306875,0.254018,0.3822266427763345,53.428,331.49,384.918,88.392,537.94,626.332,34.962,182.654,217.616,0.6530212595306875,5080.36,0.000508036,422.302,902.164,0.0,0.3822266427763345,26714,165745,192459,108808,2540180,0,5,456,0,3,0,8,0,3,25,0,78.958,129,463
2750000,2026-01-19T16:03:11.121187,314324,26811,193157,109214,211938,0.6530128325265969,0.2549381,0.38225716329007975,53.622,332.692,386.314,88.718,539.93,628.648,35.096,183.332,218.428,0.6530128325265969,5098.762,0.0005098762,423.876,905.51,0.0,0.38225716329007975,26811,166346,193157,109214,2549381,0,3,458,0,3,0,9,0,5,22,0,75.722,177,402
2760000,2026-01-19T16:03:13.089122,315498,26906,193876,109613,212728,0.6529110266611894,0.2558542,0.3822554433296149,53.812,333.94,387.752,89.054,541.942,630.996,35.242,183.984,219.226,0.6529110266611894,5117.084,0.0005117084,425.456,908.886,0.0,0.3822554433296149,26906,166970,193876,109613,2558542,0,1,455,0,6,0,10,0,7,21,0,132.728,180,399
2770000,2026-01-19T16:03:15.063775,316683,27003,194619,110000,213521,0.6526804341160727,0.2567642,0.3821921529455595,54.006,335.232,389.238,89.412,543.954,633.366,35.406,184.594,220.0,0.6526804341160727,5135.284,0.0005135284,427.042,912.288,0.0,0.3821921529455595,27003,167616,194619,110000,2567642,0,4,459,1,3,0,6,0,3,24,0,75.938,180,321
2780000,2026-01-19T16:03:17.035667,317852,27109,195339,110406,214291,0.6528122726609176,0.257685,0.38223898157883773,54.218,336.46,390.678,89.73,545.974,635.704,35.512,185.3,220.812,0.6528122726609176,5153.7,0.00051537,428.582,915.6,0.0,0.38223898157883773,27109,168230,195339,110406,2576850,0,2,455,1,8,0,11,0,3,20,0,141.612,181,470
2790000,2026-01-19T16:03:19.024271,319023,27204,196055,110808,215094,0.6527225451148971,0.2585964,0.3822286553753174,54.408,337.702,392.11,90.056,547.99,638.046,35.646,185.97,221.616,0.6527225451148971,5171.928,0.0005171928,430.188,919.018,0.0,0.3822286553753174,27204,168851,196055,110808,2585964,0,4,463,0,0,0,11,0,6,16,0,80.19,140,476
2800000,2026-01-19T16:03:20.992551,320179,27303,196762,111217,215878,0.6527989867745561,0.2595293,0.3822854596998435,54.606,338.918,393.524,90.37,549.988,640.358,35.762,186.672,222.434,0.6527989867745561,5190.586,0.0005190586000000001,431.756,922.32,0.0,0.3822854596998435,27303,169459,196762,111217,2595293,0,5,450,0,4,0,11,0,6,24,0,106.582,158,444
2810000,2026-01-19T16:03:22.960792,321322,27394,197460,111618,216664,0.6527919544571782,0.2604508,0.38230555067930755,54.788,340.132,394.92,90.694,551.95,642.644,35.904,187.332,223.236,0.6527919544571782,5209.016,0.0005209015999999999,433.328,925.68,0.0,0.38230555067930755,27394,170066,197460,111618,2604508,0,5,457,0,6,0,12,0,5,15,0,130.888,165,465
2820000,2026-01-19T16:03:24.925457,322460,27501,198167,112012,217417,0.6527228175196333,0.2613853,0.3823052320603543,55.002,341.332,396.334,91.01,553.91,644.92,36.008,188.016,224.024,0.6527228175196333,5227.706,0.0005227706,434.834,928.914,0.0,0.3823052320603543,27501,170666,198167,112012,2613853,0,3,455,0,5,0,11,0,3,23,0,119.198,176,463
2830000,2026-01-19T16:03:26.894492,323627,27596,198889,112407,218191,0.6524326529495037,0.2623037,0.38224771188647794,55.192,342.586,397.778,91.356,555.898,647.254,36.164,188.65,224.814,0.6524326529495037,5246.074,0.0005246074000000001,436.382,932.236,0.0,0.38224771188647794,27596,171293,198889,112407,2623037,0,7,451,0,7,1,16,0,5,13,0,119.466,174,469
2840000,2026-01-19T16:03:28.857578,324769,27693,199584,112797,218975,0.6523341381946152,0.263221,0.3822338443723683,55.386,343.782,399.168,91.672,557.866,649.538,36.284,189.31,225.594,0.6523341381946152,5264.42,0.000526442,437.95,935.582,0.0,0.3822338443723683,27693,171891,199584,112797,2632210,0,4,461,0,3,0,8,0,6,18,0,106.62,148,452
2850000,2026-01-19T16:03:30.821455,325876,27794,200268,113179,219706,0.6523137157548742,0.2641504,0.3822513649415375,55.588,344.948,400.536,91.976,559.776,651.752,36.386,189.972,226.358,0.6523137157548742,5283.008,0.0005283008,439.412,938.728,0.0,0.3822513649415375,27794,172474,200268,113179,2641504,0,6,460,0,3,0,12,0,8,11,0,90.508,162,484
2860000,2026-01-19T16:03:32.791228,327052,27896,200989,113584,220497,0.6522551984423393,0.2650734,0.38225211127723824,55.792,346.186,401.978,92.312,561.792,654.104,36.518,190.65,227.168,0.6522551984423393,5301.468,0.0005301468000000001,440.994,942.066,0.0,0.38225211127723824,27896,173093,200989,113584,2650734,0,4,449,0,6,0,10,0,4,27,0,115.838,163,463
2870000,2026-01-19T16:03:34.757898,328209,27995,201693,113983,221276,0.6521984467985127,0.2659943,0.38225319879195285,55.99,347.396,403.386,92.648,563.77,656.418,36.658,191.308,227.966,0.6521984467985127,5319.886,0.0005319886,442.552,945.374,0.0,0.38225319879195285,27995,173698,201693,113983,2659943,0,3,448,1,5,0,8,0,4,31,0,129.73,181,445
2880000,2026-01-19T16:03:36.725858,329348,28090,202396,114377,222039,0.6520961901733644,0.2669186,0.3822349773617997,56.18,348.612,404.792,92.998,565.698,658.696,36.816,191.938,228.754,0.6520961901733644,5338.372,0.0005338372,444.078,948.632,0.0,0.3822349773617997,28090,174306,202396,114377,2669186,0,3,451,0,3,0,9,0,3,31,0,46.984,94,360
2890000,2026-01-19T16:03:38.700651,330518,28192,203125,114782,222813,0.6519522778112532,0.2678585,0.3821875614477074,56.384,349.866,406.25,93.338,567.698,661.036,36.954,192.61,229.564,0.6519522778112532,5357.17,0.000535717,445.626,951.964,0.0,0.3821875614477074,28192,174933,203125,114782,2678585,0,6,453,0,4,0,10,0,3,24,0,80.862,181,452
2900000,2026-01-19T16:03:40.674663,331687,28295,203851,115182,223582,0.6517882893047967,0.2687837,0.38215222883758065,56.59,351.112,407.702,93.686,569.688,663.374,37.096,193.268,230.364,0.6517882893047967,5375.674,0.0005375674,447.164,955.274,0.0,0.38215222883758065,28295,175556,203851,115182,2687837,0,3,458,0,8,0,9,0,3,19,0,95.456,177,386
2910000,2026-01-19T16:03:42.647291,332860,28392,204574,115583,224376,0.6516940502251662,0.269699,0.3821216182315574,56.784,352.364,409.148,94.0,571.72,665.72,37.214,193.952,231.166,0.6516940502251662,5393.98,0.0005393980000000001,448.752,958.69,0.0,0.3821216182315574,28392,176182,204574,115583,2696990,0,3,458,0,5,0,13,0,3,18,0,123.57,157,459
2920000,2026-01-19T16:03:44.712534,334023,28486,205287,115989,225169,0.651640650520149,0.2706172,0.3821135862628905,56.972,353.602,410.574,94.348,573.698,668.046,37.374,194.604,231.978,0.651640650520149,5412.344,0.0005412344000000001,450.338,962.02,0.0,0.3821135862628905,28486,176801,205287,115989,2706172,0,6,446,0,2,0,8,0,3,35,0,34.07,75,369
2930000,2026-01-19T16:03:46.678435,335170,28584,205989,116394,225944,0.6517770742252784,0.2715618,0.3821590949149969,57.168,354.81,411.978,94.656,575.684,670.34,37.486,195.302,232.788,0.6517770742252784,5431.236,0.0005431236,451.888,965.33,0.0,0.3821590949149969,28584,177405,205989,116394,2715618,0,5,451,0,3,0,11,0,4,26,0,122.532,172,474
2940000,2026-01-19T16:03:48.639936,336267,28680,206666,116776,226684,0.6516506738064531,0.2724911,0.382131717892279,57.36,355.972,413.332,94.956,577.578,672.534,37.594,195.958,233.552,0.6516506738064531,5449.822,0.0005449822,453.368,968.502,0.0,0.382131717892279,28680,177986,206666,116776,2724911,0,3,456,0,2,0,10,0,4,25,0,94.324,149,473
2950000,2026-01-19T16:03:50.606994,337412,28775,207373,117173,227455,0.6516096336389199,0.2734206,0.3821209769003296,57.55,357.196,414.746,95.278,579.546,674.824,37.728,196.618,234.346,0.6516096336389199,5468.412,0.0005468412,454.91,971.814,0.0,0.3821209769003296,28775,178598,207373,117173,2734206,0,4,470,0,6,0,12,0,2,6,0,86.07,171,467
2960000,2026-01-19T16:03:52.581941,338557,28870,208073,117568,228240,0.6516552464523312,0.2743351,0.3821487384983408,57.74,358.406,416.146,95.59,581.524,677.114,37.848,197.288,235.136,0.6516552464523312,5486.702,0.0005486702,456.48,975.12,0.0,0.3821487384983408,28870,179203,208073,117568,2743351,0,5,446,0,5,0,8,0,3,33,0,53.346,96,367
2970000,2026-01-19T16:03:54.546587,339694,28968,208778,117976,229011,0.6518749912879558,0.2752849,0.3822044818068683,57.936,359.62,417.556,95.916,583.472,679.388,37.98,197.972,235.952,0.6518749912879558,5505.698,0.0005505698,458.022,978.386,0.0,0.3822044818068683,28968,179810,208778,117976,2752849,0,4,450,0,1,0,7,0,5,33,0,55.854,121,321
2980000,2026-01-19T16:03:56.510544,340834,29067,209485,118376,229768,0.6520143649950966,0.2762256,0.38224553507385284,58.134,360.836,418.97,96.236,585.432,681.668,38.1,198.652,236.752,0.6520143649950966,5524.512,0.0005524512,459.536,981.628,0.0,0.38224553507385284,29067,180418,209485,118376,2762256,0,6,451,0,7,0,9,0,3,24,0,110.412,168,465
2990000,2026-01-19T16:03:58.473988,341945,29166,210165,118755,230515,0.6519489205944232,0.2771412,0.3822384896270432,58.332,361.998,420.33,96.53,587.36,683.89,38.196,199.314,237.51,0.6519489205944232,5542.824,0.0005542823999999999,461.03,984.85,0.0,0.3822384896270432,29166,180999,210165,118755,2771412,0,5,457,0,4,0,13,0,3,18,0,82.394,157,448
3000000,2026-01-19T16:04:00.435570,343062,29261,210849,119147,231277,0.6519539322487943,0.2780753,0.38225411870076303,58.522,363.176,421.698,96.836,589.288,686.124,38.312,199.982,238.294,0.6519539322487943,5561.506,0.0005561506,462.554,988.076,0.0,0.38225411870076303,29261,181588,210849,119147,2780753,0,6,449,0,4,0,11,0,4,26,0,94.868,150,461
3010000,2026-01-19T16:04:02.399563,344206,29354,211544,119553,232053,0.6520153019294334,0.279005,0.3822916715899091,58.708,364.38,423.088,97.144,591.268,688.412,38.434,200.672,239.106,0.6520153019294334,5580.1,0.0005580100000000001,464.106,991.414,0.0,0.3822916715899091,29354,182190,211544,119553,2790050,0,2,454,0,13,0,14,0,5,12,0,120.552,154,480
3020000,2026-01-19T16:04:04.359141,345336,29444,212229,119952,232848,0.652107826094514,0.2799274,0.38234816657294834,58.888,365.57,424.458,97.448,593.224,690.672,38.558,201.346,239.904,0.652107826094514,5598.548,0.0005598548,465.696,994.746,0.0,0.38234816657294834,29444,182785,212229,119952,2799274,0,4,446,0,3,0,12,0,5,30,0,86.254,127,421
3030000,2026-01-19T16:04:06.309792,346475,29545,212928,120353,233609,0.652117235085705,0.2808625,0.38235422163502725,59.09,366.766,425.856,97.764,595.186,692.95,38.672,202.034,240.706,0.652117235085705,5617.25,0.000561725,467.218,998.004,0.0,0.38235422163502725,29545,183383,212928,120353,2808625,0,3,444,0,9,0,14,0,5,25,0,125.17,160,465
3040000,2026-01-19T16:04:08.275122,347621,29647,213632,120739,234374,0.6520033751935811,0.2817813,0.382322425903027,59.294,367.97,427.264,98.1,597.142,695.242,38.804,202.674,241.478,0.6520033751935811,5635.626,0.0005635626000000001,468.748,1001.276,0.0,0.382322425903027,29647,183985,213632,120739,2817813,0,5,456,0,4,0,12,0,6,17,0,119.958,152,467
3050000,2026-01-19T16:04:10.237123,348758,29745,214329,121140,235142,0.6521272993520657,0.2827117,0.38236784234459564,59.49,369.168,428.658,98.412,599.104,697.516,38.922,203.358,242.28,0.6521272993520657,5654.234,0.0005654234,470.284,1004.556,0.0,0.38236784234459564,29745,184584,214329,121140,2827117,0,4,453,0,8,0,12,0,4,19,0,127.872,177,464
3060000,2026-01-19T16:04:12.212738,349963,29842,215070,121548,235971,0.65200658137768,0.283609,0.3823365445141913,59.684,370.456,430.14,98.736,601.19,699.926,39.052,204.044,243.096,0.65200658137768,5672.18,0.000567218,471.942,1008.098,0.0,0.3823365445141913,29842,185228,215070,121548,2836090,0,6,453,0,4,0,10,0,6,21,0,87.53,135,414
3070000,2026-01-19T16:04:14.185790,351150,29944,215813,121954,236760,0.6518785580430476,0.2845367,0.38228892900359923,59.888,371.738,431.626,99.064,603.236,702.3,39.174,204.734,243.908,0.6518785580430476,5690.734,0.0005690733999999999,473.52,1011.482,0.0,0.38228892900359923,29944,185869,215813,121954,2845367,0,6,448,0,4,0,13,0,8,21,0,118.902,164,467
3080000,2026-01-19T16:04:16.155655,352283,30041,216515,122336,237521,0.6517028483030989,0.2854588,0.38225275860671093,60.082,372.948,433.03,99.406,605.16,704.566,39.322,205.35,244.672,0.6517028483030989,5709.176,0.0005709176,475.042,1014.734,0.0,0.38225275860671093,30041,186474,216515,122336,2854588,0,1,452,0,6,0,7,0,3,31,0,72.926,106,444
3090000,2026-01-19T16:04:18.122420,353420,30140,217218,122733,238282,0.6516674659099705,0.2863897,0.38225860887031016,60.28,374.156,434.436,99.722,607.118,706.84,39.44,206.026,245.466,0.6516674659099705,5727.794,0.0005727794000000001,476.564,1018.002,0.0,0.38225860887031016,30140,187078,217218,122733,2863897,0,4,454,0,4,0,11,0,4,23,0,88.246,144,411
3100000,2026-01-19T16:04:20.103174,354600,30241,217957,123128,239068,0.6516006429298397,0.287304,0.3822310840100276,60.482,375.432,435.914,100.066,609.134,709.2,39.582,206.674,246.256,0.6516006429298397,5746.08,0.000574608,478.136,1021.358,0.0,0.3822310840100276,30241,187716,217957,123128,2873040,0,2,450,0,2,0,9,0,4,33,0,63.93,135,468
3110000,2026-01-19T16:04:22.069235,355764,30336,218672,123533,239874,0.6517438380746846,0.2882358,0.38227438255085117,60.672,376.672,437.344,100.382,611.146,711.528,39.71,207.356,247.066,0.6517438380746846,5764.716,0.0005764715999999999,479.748,1024.788,0.0,0.38227438255085117,30336,188336,218672,123533,2882358,0,6,459,0,0,0,7,1,1,26,0,41.566,124,204
3120000,2026-01-19T16:04:24.035106,356863,30430,219346,123917,240608,0.6517028725005627,0.2891671,0.38227396893721327,60.86,377.832,438.692,100.686,613.04,713.726,39.824,208.01,247.834,0.6517028725005627,5783.342,0.0005783342,481.216,1027.92,0.0,0.38227396893721327,30430,188916,219346,123917,2891671,0,6,452,0,1,0,9,0,5,27,0,86.714,155,467
3130000,2026-01-19T16:04:25.999106,357991,30525,220041,124312,241366,0.6516538260833212,0.2901013,0.3822599928907741,61.05,379.032,440.082,101.01,614.972,715.982,39.958,208.666,248.624,0.6516538260833212,5802.026,0.0005802026,482.732,1031.162,0.0,0.3822599928907741,30525,189516,220041,124312,2901013,0,3,456,0,3,0,12,0,5,21,0,113.57,157,466
3140000,2026-01-19T16:04:27.959804,359143,30618,220742,124717,242142,0.6517086716782794,0.2910278,0.382272729338456,61.236,380.248,441.484,101.342,616.944,718.286,40.104,209.33,249.434,0.6517086716782794,5820.556,0.0005820556,484.284,1034.472,0.0,0.382272729338456,30618,190124,220742,124717,2910278,0,2,451,0,6,0,19,0,5,17,0,129.22,169,484
3150000,2026-01-19T16:04:29.926628,360270,30717,221439,125114,242904,0.6516249017609919,0.2919622,0.382270147092777,61.434,381.444,442.878,101.666,618.874,720.54,40.23,209.998,250.228,0.6516249017609919,5839.244,0.0005839244,485.808,1037.724,0.0,0.382270147092777,30717,190722,221439,125114,2919622,0,3,459,0,5,0,9,0,7,17,0,81.986,132,472
3160000,2026-01-19T16:04:31.887025,361365,30812,222111,125493,243643,0.651634239823397,0.2928972,0.38227173151825855,61.624,382.598,444.222,101.974,620.756,722.73,40.348,210.638,250.986,0.651634239823397,5857.944,0.0005857944000000001,487.286,1040.866,0.0,0.38227173151825855,30812,191299,222111,125493,2928972,0,7,451,0,4,0,10,0,6,22,0,111.804,153,469
3170000,2026-01-19T16:04:33.852946,362483,30911,222804,125877,244387,0.6516468398084574,0.2938327,0.38226877528790343,61.822,383.786,445.608,102.312,622.654,724.966,40.49,211.264,251.754,0.6516468398084574,5876.654,0.0005876654,488.774,1044.05,0.0,0.38226877528790343,30911,191893,222804,125877,2938327,0,1,459,0,3,1,7,0,5,24,0,91.62,174,355
3180000,2026-01-19T16:04:35.821074,363647,31015,223534,126275,245139,0.651682298288463,0.294766,0.38228007427076705,62.03,385.038,447.068,102.688,624.606,727.294,40.656,211.894,252.55,0.651682298288463,5895.32,0.000589532,490.278,1047.252,0.0,0.38228007427076705,31015,192519,223534,126275,2947660,0,9,445,0,0,0,10,0,8,28,0,49.36,161,439
3190000,2026-01-19T16:04:37.782547,364767,31110,224213,126669,245908,0.6517716695762547,0.2956867,0.3823204832921151,62.22,386.206,448.426,102.988,626.546,729.534,40.766,212.572,253.338,0.6517716695762547,5913.734,0.0005913734000000001,491.816,1050.552,0.0,0.3823204832921151,31110,193103,224213,126669,2956867,0,2,461,0,6,0,6,0,4,21,0,113.21,158,452
3200000,2026-01-19T16:04:39.748820,365925,31207,224929,127076,246687,0.6517220023776851,0.296616,0.3823266562416056,62.414,387.444,449.858,103.316,628.534,731.85,40.9,213.252,254.152,0.6517220023776851,5932.32,0.000593232,493.374,1053.862,0.0,0.3823266562416056,31207,193722,224929,127076,2966160,0,3,453,0,5,0,11,0,4,24,0,83.482,122,456
3210000,2026-01-19T16:04:41.713072,367062,31302,225628,127471,247450,0.6519017478840914,0.2975408,0.38238004598990744,62.604,388.652,451.256,103.644,630.48,734.124,41.038,213.904,254.942,0.6519017478840914,5950.816,0.0005950816,494.9,1057.112,0.0,0.38238004598990744,31302,194326,225628,127471,2975408,0,4,450,0,5,0,15,0,8,18,0,66.904,106,468
3220000,2026-01-19T16:04:43.679098,368213,31404,226332,127871,248245,0.6519607801816139,0.2984605,0.38240619501970463,62.808,389.856,452.664,103.952,632.474,736.426,41.142,214.6,255.742,0.6519607801816139,5969.21,0.000596921,496.49,1060.482,0.0,0.38240619501970463,31404,194928,226332,127871,2984605,0,2,461,0,2,0,6,0,3,26,0,48.15,87,358
3230000,2026-01-19T16:04:45.640740,369351,31498,227038,128272,249001,0.651931814246143,0.2994038,0.3824117774806831,62.996,391.08,454.076,104.288,634.414,738.702,41.292,215.252,256.544,0.651931814246143,5988.076,0.0005988076,498.002,1063.72,0.0,0.3824117774806831,31498,195540,227038,128272,2994038,0,2,461,0,3,0,11,0,8,15,0,77.108,179,460
3240000,2026-01-19T16:04:47.602428,370480,31594,227726,128665,249768,0.6518221605158163,0.3003166,0.3823866929364236,63.188,392.264,455.452,104.608,636.352,740.96,41.42,215.91,257.33,0.6518221605158163,6006.332,0.0006006332,499.536,1066.99,0.0,0.3823866929364236,31594,196132,227726,128665,3003166,0,4,461,0,4,0,12,0,3,16,0,85.642,177,463
3250000,2026-01-19T16:04:49.567101,371643,31691,228441,129069,250542,0.6516372767536265,0.3012374,0.382349138115893,63.382,393.5,456.882,104.95,638.336,743.286,41.566,216.572,258.138,0.6516372767536265,6024.748,0.0006024747999999999,501.084,1070.294,0.0,0.382349138115893,31691,196750,228441,129069,3012374,0,4,449,0,8,0,15,0,4,20,0,126.504,157,470
3260000,2026-01-19T16:04:51.534490,372786,31788,229143,129470,251332,0.6515400534565509,0.3021631,0.3823347925953452,63.576,394.71,458.286,105.258,640.314,745.572,41.68,217.26,258.94,0.6515400534565509,6043.262,0.0006043262,502.664,1073.632,0.0,0.3823347925953452,31788,197355,229143,129470,3021631,0,5,454,0,2,0,9,0,6,24,0,82.876,125,469
3270000,2026-01-19T16:04:53.496418,373870,31885,229804,129849,252057,0.6516237515981617,0.3030929,0.38234965886953903,63.77,395.838,459.608,105.548,642.192,747.74,41.776,217.922,259.698,0.6516237515981617,6061.858,0.0006061858,504.114,1076.75,0.0,0.38234965886953903,31885,197919,229804,129849,3030929,0,3,456,0,4,0,13,0,6,18,0,99.488,141,446
3280000,2026-01-19T16:04:55.462212,374993,31986,230501,130242,252800,0.6516145075703549,0.3040256,0.3823608894565883,63.972,397.03,461.002,105.878,644.108,749.986,41.904,218.58,260.484,0.6516145075703549,6080.512,0.0006080512,505.6,1079.914,0.0,0.3823608894565883,31986,198515,230501,130242,3040256,0,4,450,0,8,0,10,0,4,24,0,121.73,155,468
3290000,2026-01-19T16:04:57.430047,376154,32080,231213,130654,253606,0.651746951306286,0.3049573,0.3824092933344054,64.16,398.266,462.426,106.192,646.116,752.308,42.032,219.276,261.308,0.651746951306286,6099.146,0.0006099146,507.212,1083.296,0.0,0.3824092933344054,32080,199133,231213,130654,3049573,0,1,441,1,6,0,8,0,3,40,0,133.116,180,446
3300000,2026-01-19T16:04:59.397248,377317,32173,231928,131056,254390,0.6517907924417483,0.305869,0.3824089253690942,64.346,399.51,463.856,106.536,648.098,754.634,42.188,219.924,262.112,0.6517907924417483,6117.38,0.000611738,508.78,1086.674,0.0,0.3824089253690942,32173,199755,231928,131056,3058690,0,4,457,0,2,0,15,0,8,14,0,116.062,165,464
3310000,2026-01-19T16:05:01.366991,378452,32279,232626,131439,255141,0.651710867440086,0.3067903,0.38239276348533807,64.558,400.694,465.252,106.858,650.046,756.904,42.298,220.58,262.878,0.651710867440086,6135.806,0.0006135806000000001,510.282,1089.906,0.0,0.38239276348533807,32279,200347,232626,131439,3067903,0,5,464,0,2,0,7,0,6,16,0,82.896,137,479
3320000,2026-01-19T16:05:03.341584,379641,32381,233366,131845,255938,0.6516549341026894,0.3077103,0.382374261081856,64.762,401.97,466.732,107.194,652.088,759.282,42.43,221.26,263.69,0.6516549341026894,6154.206,0.0006154206,511.876,1093.304,0.0,0.382374261081856,32381,200985,233366,131845,3077103,0,6,455,0,0,0,7,0,5,27,0,30.892,132,219
3330000,2026-01-19T16:05:05.311453,380808,32476,234075,132249,256730,0.6516488230413428,0.3086258,0.38239654675637463,64.952,403.198,468.15,107.516,654.1,761.616,42.562,221.936,264.498,0.6516488230413428,6172.516,0.0006172516,513.46,1096.696,0.0,0.38239654675637463,32476,201599,234075,132249,3086258,0,6,456,0,2,0,12,0,6,18,0,91.002,150,483
3340000,2026-01-19T16:05:07.277756,381955,32571,234771,132648,257519,0.6517352617277611,0.3095405,0.3824341383298014,65.142,404.4,469.542,107.818,656.092,763.91,42.674,222.622,265.296,0.6517352617277611,6190.81,0.000619081,515.038,1100.04,0.0,0.3824341383298014,32571,202200,234771,132648,3095405,0,2,448,0,6,0,10,0,3,31,0,102.284,137,443
3350000,2026-01-19T16:05:09.239621,383070,32666,235460,133038,258275,0.6518125871432034,0.3104737,0.3824593126102467,65.332,405.588,470.92,108.132,658.008,766.14,42.798,223.278,266.076,0.6518125871432034,6209.474,0.0006209474000000001,516.55,1103.29,0.0,0.3824593126102467,32666,202794,235460,133038,3104737,0,5,462,0,0,0,9,0,8,16,0,38.876,148,313
3360000,2026-01-19T16:05:11.347043,384224,32767,236177,133438,259049,0.6518812690278653,0.3114048,0.3824687520262624,65.534,406.82,472.354,108.458,659.99,768.448,42.922,223.954,266.876,0.6518812690278653,6228.096,0.0006228096,518.098,1106.584,0.0,0.3824687520262624,32767,203410,236177,133438,3114048,0,4,455,0,3,0,10,0,3,25,0,122.662,170,477
3370000,2026-01-19T16:05:13.343788,385421,32867,236923,133842,259835,0.651702545085115,0.3123163,0.38241458853921667,65.734,408.112,473.846,108.82,662.022,770.842,43.084,224.6,267.684,0.651702545085115,6246.326,0.0006246326,519.67,1109.938,0.0,0.38241458853921667,32867,204056,236923,133842,3123163,0,3,445,0,7,0,11,0,6,28,0,127.85,169,469
3380000,2026-01-19T16:05:15.334159,386582,32969,237634,134248,260622,0.6517781757194241,0.3132444,0.3824369087242562,65.938,409.33,475.268,109.126,664.038,773.164,43.186,225.31,268.496,0.6517781757194241,6264.888,0.0006264888,521.244,1113.318,0.0,0.3824369087242562,32969,204665,237634,134248,3132444,0,5,454,0,5,0,12,0,6,18,0,97.02,159,457
3390000,2026-01-19T16:05:17.317098,387726,33066,238339,134652,261406,0.6518778190473459,0.3141766,0.38247057773935084,66.132,410.546,476.678,109.436,666.016,775.452,43.304,226.0,269.304,0.6518778190473459,6283.532,0.0006283532,522.812,1116.63,0.0,0.38247057773935084,33066,205273,238339,134652,3141766,0,5,450,0,3,0,12,0,5,25,0,90.856,178,477
3400000,2026-01-19T16:05:19.291317,388848,33164,239031,135047,262158,0.6518507443537886,0.3151148,0.3824766705560797,66.328,411.734,478.062,109.764,667.932,777.696,43.436,226.658,270.094,0.6518507443537886,6302.296,0.0006302295999999999,524.316,1119.83,0.0,0.3824766705560797,33164,205867,239031,135047,3151148,0,1,454,0,4,0,9,0,4,28,0,119.898,173,451
3410000,2026-01-19T16:05:21.288677,390003,33263,239747,135443,262929,0.6518999926016574,0.3160356,0.3824800125126039,66.526,412.968,479.494,110.102,669.904,780.006,43.574,227.312,270.886,0.6518999926016574,6320.712,0.0006320712,525.858,1123.128,0.0,0.3824800125126039,33263,206484,239747,135443,3160356,0,3,451,0,4,0,11,0,5,26,0,108.714,159,464
3420000,2026-01-19T16:05:23.294687,391131,33361,240436,135827,263689,0.6519203745714768,0.3169477,0.38248158475545796,66.722,414.15,480.872,110.406,671.856,782.262,43.682,227.972,271.654,0.6519203745714768,6338.954,0.0006338954,527.378,1126.406,0.0,0.38248158475545796,33361,207075,240436,135827,3169477,0,2,459,0,4,0,12,0,5,18,0,80.198,122,470
3430000,2026-01-19T16:05:25.290660,392321,33460,241176,136237,264487,0.6519045461413965,0.3178707,0.3824748322551681,66.92,415.432,482.352,110.764,673.878,784.642,43.842,228.632,272.474,0.6519045461413965,6357.414,0.0006357414,528.974,1129.788,0.0,0.3824748322551681,33460,207716,241176,136237,3178707,0,4,447,0,5,0,12,0,1,31,0,72.272,102,436
3440000,2026-01-19T16:05:27.277379,393418,33556,241851,136625,265233,0.6520451933260704,0.3188127,0.38250186868079306,67.112,416.59,483.702,111.064,675.772,786.836,43.95,229.3,273.25,0.6520451933260704,6376.254,0.0006376254,530.466,1132.984,0.0,0.38250186868079306,33556,208295,241851,136625,3188127,0,3,457,0,0,0,9,0,2,29,0,18.864,78,197
3450000,2026-01-19T16:05:29.266537,394567,33651,242556,137016,265994,0.6518863290301855,0.3197382,0.38247143523061267,67.302,417.81,485.112,111.41,677.724,789.134,44.108,229.924,274.032,0.6518863290301855,6394.764,0.0006394764,531.988,1136.232,0.0,0.38247143523061267,33651,208905,242556,137016,3197382,1,3,455,0,5,0,11,0,5,20,0,99.004,139,480
3460000,2026-01-19T16:05:31.261411,395738,33747,243273,137424,266787,0.6519392794387593,0.3206586,0.38248927362682966,67.494,419.052,486.546,111.726,679.75,791.476,44.232,230.616,274.848,0.6519392794387593,6413.172,0.0006413172,533.574,1139.646,0.0,0.38248927362682966,33747,209526,243273,137424,3206586,0,1,464,0,8,0,12,0,6,9,0,138.746,173,471
3470000,2026-01-19T16:05:33.246193,396830,33844,243938,137801,267534,0.6519299730204386,0.3215849,0.3824977977920863,67.688,420.188,487.876,112.034,681.626,793.66,44.346,231.256,275.602,0.6519299730204386,6431.698,0.0006431698,535.068,1142.786,0.0,0.3824977977920863,33844,210094,243938,137801,3215849,0,5,448,0,4,0,6,0,2,35,0,77.604,181,451
3480000,2026-01-19T16:05:35.238110,398021,33944,244664,138221,268341,0.6520433562791373,0.3225057,0.38254578788374727,67.888,421.44,489.328,112.364,683.678,796.042,44.474,231.968,276.442,0.6520433562791373,6450.114,0.0006450114,536.682,1146.238,0.0,0.38254578788374727,33944,210720,244664,138221,3225057,0,6,451,0,6,0,9,0,3,25,0,95.788,137,440
3490000,2026-01-19T16:05:37.222835,399147,34041,245353,138613,269101,0.6520728105792745,0.3234278,0.3825543585749109,68.082,422.624,490.706,112.684,685.61,798.294,44.6,232.626,277.226,0.6520728105792745,6468.556,0.0006468556,538.202,1149.498,0.0,0.3825543585749109,34041,211312,245353,138613,3234278,0,4,459,0,1,0,10,0,6,20,0,45.966,113,367
3500000,2026-01-19T16:05:39.211755,400313,34141,246075,139013,269871,0.6519936846100368,0.3243609,0.3825546130456192,68.282,423.868,492.15,113.014,687.612,800.626,44.73,233.296,278.026,0.6519936846100368,6487.218,0.0006487218,539.742,1152.808,0.0,0.3825546130456192,34141,211934,246075,139013,3243609,0,3,453,0,6,0,13,0,5,20,0,126.156,163,464
3510000,2026-01-19T16:05:41.200152,401461,34239,246781,139408,270644,0.6520983446681698,0.3252831,0.38259063715162567,68.478,425.084,493.562,113.34,689.582,802.922,44.86,233.956,278.816,0.6520983446681698,6505.662,0.0006505662,541.288,1156.112,0.0,0.38259063715162567,34239,212542,246781,139408,3252831,0,2,456,0,5,0,11,0,6,20,0,86.524,139,443
3520000,2026-01-19T16:05:43.186197,402589,34340,247473,139795,271399,0.6521248596149891,0.3261993,0.38260486762958495,68.68,426.266,494.946,113.66,691.518,805.178,44.978,234.612,279.59,0.6521248596149891,6523.986,0.0006523986000000001,542.798,1159.336,0.0,0.38260486762958495,34340,213133,247473,139795,3261993,0,2,456,0,3,0,9,0,5,25,0,45.572,71,451
3530000,2026-01-19T16:05:45.173868,403759,34441,248191,140204,272185,0.6522323210848802,0.3271308,0.38264912902214554,68.882,427.5,496.382,113.994,693.524,807.518,45.11,235.298,280.408,0.6522323210848802,6542.616,0.0006542616,544.37,1162.658,0.0,0.38264912902214554,34441,213750,248191,140204,3271308,0,4,446,0,6,0,11,0,6,27,0,114.54,156,450
3540000,2026-01-19T16:05:47.162082,404915,34539,248900,140606,272966,0.6522083259197079,0.3280589,0.3826591385959577,69.078,428.722,497.8,114.322,695.508,809.83,45.244,235.968,281.212,0.6522083259197079,6561.178,0.0006561178,545.932,1165.988,0.0,0.3826591385959577,34539,214361,248900,140606,3280589,0,6,446,0,6,0,12,0,4,26,0,105.55,179,472
3550000,2026-01-19T16:05:49.155795,406061,34640,249607,140995,273727,0.6522541984253466,0.3289785,0.38267295084095687,69.28,429.934,499.214,114.662,697.46,812.122,45.38,236.61,281.99,0.6522541984253466,6579.57,0.000657957,547.454,1169.26,0.0,0.38267295084095687,34640,214967,249607,140995,3289785,0,6,453,0,3,0,10,0,5,23,0,88.208,139,470
3560000,2026-01-19T16:05:51.152076,407215,34737,250316,141398,274501,0.652318196203115,0.3299113,0.3826994734956548,69.474,431.158,500.632,115.0,699.43,814.43,45.524,237.272,282.796,0.652318196203115,6598.226,0.0006598226,549.002,1172.564,0.0,0.3826994734956548,34737,215579,250316,141398,3299113,0,7,452,0,7,0,12,0,4,18,0,99.492,168,477
3570000,2026-01-19T16:05:53.139114,408347,34833,251014,141787,275268,0.6522625295273787,0.3308273,0.3826933284652703,69.666,432.362,502.028,115.318,701.376,816.694,45.65,237.924,283.574,0.6522625295273787,6616.546,0.0006616546,550.536,1175.828,0.0,0.3826933284652703,34833,216181,251014,141787,3308273,0,4,453,0,7,0,9,0,5,22,0,87.606,109,465
3580000,2026-01-19T16:05:55.126457,409495,34933,251724,142184,276031,0.652170480202737,0.3317603,0.3826927342959345,69.866,433.582,503.448,115.648,703.342,818.99,45.78,238.588,284.368,0.652170480202737,6635.206,0.0006635206,552.062,1179.122,0.0,0.3826927342959345,34933,216791,251724,142184,3317603,0,2,463,0,5,0,12,0,8,10,0,125.608,165,489
3590000,2026-01-19T16:05:57.111344,410604,35030,252399,142577,276795,0.6523496101787778,0.3326939,0.3827350480755805,70.06,434.738,504.798,115.95,705.258,821.208,45.888,239.266,285.154,0.6523496101787778,6653.878,0.0006653878,553.59,1182.34,0.0,0.3827350480755805,35030,217369,252399,142577,3326939,0,2,457,0,6,0,7,0,3,25,0,110.728,149,452
3600000,2026-01-19T16:05:59.090904,411696,35128,253069,142964,277519,0.652447797830914,0.3336359,0.3827731172292315,70.256,435.882,506.138,116.254,707.138,823.392,45.998,239.93,285.928,0.652447797830914,6672.718,0.0006672717999999999,555.038,1185.44,0.0,0.3827731172292315,35128,217941,253069,142964,3336359,0,2,454,0,7,0,14,0,4,19,0,138.812,176,464
3610000,2026-01-19T16:06:01.074329,412801,35226,253742,143357,278259,0.6525371379563997,0.3345713,0.3828089107426484,70.452,437.032,507.484,116.566,709.036,825.602,46.112,240.602,286.714,0.6525371379563997,6691.426,0.0006691426,556.518,1188.606,0.0,0.3828089107426484,35226,218516,253742,143357,3345713,0,4,452,0,8,0,16,0,4,16,0,103.568,135,465
3620000,2026-01-19T16:06:03.057741,413912,35322,254415,143749,279023,0.6526127802695741,0.3354983,0.38283616735956183,70.644,438.186,508.83,116.874,710.95,827.824,46.228,241.27,287.498,0.6526127802695741,6709.966,0.0006709966000000001,558.046,1191.864,0.0,0.38283616735956183,35322,219093,254415,143749,3354983,0,5,463,0,2,0,10,0,6,14,0,67.188,118,477
3630000,2026-01-19T16:06:05.037774,415074,35424,255130,144157,279807,0.6526315903932175,0.3364347,0.3828534709115026,70.848,439.412,510.26,117.198,712.95,830.148,46.348,241.966,288.314,0.6526315903932175,6728.694,0.0006728693999999999,559.614,1195.17,0.0,0.3828534709115026,35424,219706,255130,144157,3364347,0,4,454,0,5,0,7,0,3,27,0,126.87,172,467
3640000,2026-01-19T16:06:07.053905,416200,35526,255829,144552,280559,0.6526205802418777,0.3373646,0.3828479613342711,71.052,440.606,511.658,117.502,714.898,832.4,46.448,242.656,289.104,0.6526205802418777,6747.292,0.0006747292000000001,561.118,1198.412,0.0,0.3828479613342711,35526,220303,255829,144552,3373646,0,3,456,0,5,0,9,0,2,25,0,59.232,99,369
3650000,2026-01-19T16:06:09.044230,417362,35627,256556,144948,281327,0.6524967350349677,0.3382997,0.3828162175065814,71.254,441.858,513.112,117.846,716.878,834.724,46.59,243.306,289.896,0.6524967350349677,6765.994,0.0006765994,562.654,1201.696,0.0,0.3828162175065814,35627,220929,256556,144948,3382997,0,4,454,0,1,0,11,0,5,25,0,48.56,118,321
3660000,2026-01-19T16:06:11.036601,418491,35724,257242,145349,282096,0.65257407385011,0.3392405,0.38284858160590474,71.448,443.036,514.484,118.15,718.832,836.982,46.7,243.998,290.698,0.65257407385011,6784.81,0.000678481,564.192,1204.982,0.0,0.38284858160590474,35724,221518,257242,145349,3392405,0,7,457,0,3,0,11,0,4,18,0,89.372,156,466
3670000,2026-01-19T16:06:13.026953,419636,35825,257948,145751,282856,0.6525206780653904,0.3401765,0.38284629937546,71.65,444.246,515.896,118.484,720.788,839.272,46.832,244.67,291.502,0.6525206780653904,6803.53,0.000680353,565.712,1208.238,0.0,0.38284629937546,35825,222123,257948,145751,3401765,0,3,457,0,3,0,11,0,7,19,0,113.316,154,463
3680000,2026-01-19T16:06:15.017207,420781,35922,258658,146148,283626,0.6524857903163997,0.341107,0.3828448254523514,71.844,445.472,517.316,118.81,722.752,841.562,46.966,245.33,292.296,0.6524857903163997,6822.14,0.000682214,567.252,1211.516,0.0,0.3828448254523514,35922,222736,258658,146148,3411070,0,5,457,1,6,0,9,0,4,18,0,140.122,181,477
3690000,2026-01-19T16:06:17.001617,421913,36021,259345,146559,284401,0.6526406727407362,0.3420433,0.38290836363681274,72.042,446.648,518.69,119.118,724.708,843.826,47.076,246.042,293.118,0.6526406727407362,6840.866,0.0006840866,568.802,1214.788,0.0,0.38290836363681274,36021,223324,259345,146559,3420433,0,3,453,0,5,0,10,0,2,27,0,120.378,178,466
3700000,2026-01-19T16:06:18.996537,423039,36117,260038,146950,285151,0.6527105530995706,0.3429729,0.38293777040923577,72.234,447.842,520.076,119.438,726.64,846.078,47.202,246.698,293.9,0.6527105530995706,6859.458,0.0006859458,570.302,1217.99,0.0,0.38293777040923577,36117,223921,260038,146950,3429729,0,3,443,0,8,0,15,0,3,28,0,121.25,160,462
3710000,2026-01-19T16:06:20.996542,424177,36216,260743,147345,285921,0.6526512534564936,0.3439005,0.38294306105277487,72.432,449.054,521.486,119.752,728.602,848.354,47.32,247.37,294.69,0.6526512534564936,6878.01,0.000687801,571.842,1221.3,0.0,0.38294306105277487,36216,224527,260743,147345,3439005,0,7,457,0,3,0,13,0,4,16,0,51.872,100,479
3720000,2026-01-19T16:06:22.999724,425312,36313,261433,147750,286695,0.6527789392833007,0.3448331,0.38298609444659637,72.626,450.24,522.866,120.064,730.56,850.624,47.436,248.064,295.5,0.6527789392833007,6896.662,0.0006896662,573.39,1224.594,0.0,0.38298609444659637,36313,225120,261433,147750,3448331,0,2,454,0,6,0,12,0,4,22,0,111.27,156,458
3730000,2026-01-19T16:06:24.990204,426447,36413,262131,148143,287460,0.6528674778971577,0.3457672,0.3830069031334934,72.826,451.436,524.262,120.384,732.51,852.894,47.558,248.728,296.286,0.6528674778971577,6915.344,0.0006915344,574.92,1227.87,0.0,0.3830069031334934,36413,225718,262131,148143,3457672,0,5,460,0,3,0,7,0,4,21,0,53.646,179,279
3740000,2026-01-19T16:06:26.972208,427561,36508,262807,148526,288215,0.6528579926625424,0.3466809,0.3830149870907303,73.016,452.598,525.614,120.686,734.436,855.122,47.67,249.382,297.052,0.6528579926625424,6933.618,0.0006933618,576.43,1231.09,0.0,0.3830149870907303,36508,226299,262807,148526,3466809,0,6,450,1,7,0,8,0,3,25,0,139.002,181,460
3750000,2026-01-19T16:06:28.955018,428673,36601,263482,148914,288983,0.6529020531138521,0.3476052,0.3830324246616389,73.202,453.762,526.964,120.986,736.36,857.346,47.784,250.044,297.828,0.6529020531138521,6952.104,0.0006952104,577.966,1234.364,0.0,0.3830324246616389,36601,226881,263482,148914,3476052,0,2,463,0,2,0,8,1,4,20,0,43.646,145,232
3760000,2026-01-19T16:06:30.943164,429820,36697,264176,149314,289765,0.6529896334830985,0.348514,0.3830625923894902,73.394,454.958,528.352,121.31,738.33,859.64,47.914,250.714,298.628,0.6529896334830985,6970.28,0.0006970279999999999,579.53,1237.682,0.0,0.3830625923894902,36697,227479,264176,149314,3485140,0,5,460,0,2,0,9,0,4,20,0,81.55,139,451
3770000,2026-01-19T16:06:32.932105,430973,36790,264889,149710,290552,0.6529488998276394,0.3494385,0.38305763774765567,73.58,456.198,529.778,121.616,740.33,861.946,48.034,251.386,299.42,0.6529488998276394,6988.77,0.000698877,581.104,1241.024,0.0,0.38305763774765567,36790,228099,264889,149710,3494385,0,6,450,0,2,0,10,0,4,28,0,84.112,139,473
3780000,2026-01-19T16:06:34.911055,432058,36891,265558,150092,291273,0.6529757114520521,0.3503756,0.38306984631519475,73.782,457.334,531.116,121.904,742.212,864.116,48.122,252.062,300.184,0.6529757114520521,7007.512,0.0007007512000000001,582.546,1244.162,0.0,0.38306984631519475,36891,228667,265558,150092,3503756,0,6,468,1,4,0,9,0,6,6,0,99.808,181,473
3790000,2026-01-19T16:06:36.899674,433214,36987,266269,150485,292058,0.6528842534933564,0.3512878,0.3830523237363593,73.974,458.564,532.538,122.228,744.2,866.428,48.254,252.716,300.97,0.6528842534933564,7025.756,0.0007025756,584.116,1247.492,0.0,0.3830523237363593,36987,229282,266269,150485,3512878,0,4,455,1,2,0,6,0,3,29,0,96.478,181,389
3800000,2026-01-19T16:06:38.884430,434357,37083,266958,150890,292832,0.6530784471376769,0.3522088,0.3831046019113028,74.166,459.75,533.916,122.532,746.182,868.714,48.364,253.416,301.78,0.6530784471376769,7044.176,0.0007044176,585.664,1250.786,0.0,0.3831046019113028,37083,229875,266958,150890,3522088,0,3,445,0,7,0,13,0,4,28,0,73.768,106,453
3810000,2026-01-19T16:06:40.872576,435511,37184,267666,151288,293599,0.6530341465969901,0.353149,0.3830909804272254,74.368,460.964,535.332,122.86,748.162,871.022,48.49,254.086,302.576,0.6530341465969901,7062.98,0.000706298,587.198,1254.062,0.0,0.3830909804272254,37184,230482,267666,151288,3531490,0,4,448,0,6,0,16,0,6,20,0,124.202,162,467
3820000,2026-01-19T16:06:42.860776,436642,37281,268366,151665,294360,0.6529658960684447,0.35406,0.38306112892319916,74.562,462.17,536.732,123.176,750.108,873.284,48.614,254.716,303.33,0.6529658960684447,7081.2,0.00070812,588.72,1257.338,0.0,0.38306112892319916,37281,231085,268366,151665,3540600,0,7,458,0,6,0,10,0,4,15,0,82.962,179,474
3830000,2026-01-19T16:06:44.845944,437783,37372,269070,152065,295148,0.6530700779191941,0.3549836,0.38309714777618953,74.744,463.396,538.14,123.504,752.062,875.566,48.758,255.372,304.13,0.6530700779191941,7099.672,0.0007099672,590.296,1260.626,0.0,0.38309714777618953,37372,231698,269070,152065,3549836,0,6,442,0,2,0,9,0,3,38,0,72.44,137,437
3840000,2026-01-19T16:06:46.834642,438923,37468,269764,152455,295923,0.6529982012752612,0.3559038,0.38309049549892443,74.936,464.592,539.528,123.83,754.016,877.846,48.894,256.016,304.91,0.6529982012752612,7118.076,0.0007118075999999999,591.846,1263.918,0.0,0.38309049549892443,37468,232296,269764,152455,3559038,0,4,447,1,4,0,7,0,1,36,0,102.14,180,358
3850000,2026-01-19T16:06:48.820575,440081,37559,270452,152873,296733,0.6531890816225215,0.3568261,0.3831638278873001,75.118,465.786,540.904,124.128,756.034,880.162,49.01,256.736,305.746,0.6531890816225215,7136.522,0.0007136521999999999,593.466,1267.372,0.0,0.3831638278873001,37559,232893,270452,152873,3568261,0,2,457,1,7,0,12,0,3,18,0,129.098,181,472
3860000,2026-01-19T16:06:50.809588,441220,37656,271152,153271,297500,0.6531702913684387,0.3577575,0.3831647565595432,75.312,466.992,542.304,124.462,757.978,882.44,49.15,257.392,306.542,0.6531702913684387,7155.15,0.000715515,595.0,1270.632,0.0,0.3831647565595432,37656,233496,271152,153271,3577575,0,5,456,0,4,0,9,0,6,20,0,125.982,179,470
3870000,2026-01-19T16:06:52.797025,442367,37750,271854,153676,298286,0.6532503837034394,0.3586836,0.38319550238368794,75.5,468.208,543.708,124.782,759.952,884.734,49.282,258.07,307.352,0.6532503837034394,7173.672,0.0007173672,596.572,1273.964,0.0,0.38319550238368794,37750,234104,271854,153676,3586836,0,4,452,0,5,0,6,0,4,29,0,86.862,171,462
3880000,2026-01-19T16:06:54.781012,443446,37840,272518,154058,299021,0.653384993891913,0.3596218,0.38322611000830076,75.68,469.356,545.036,125.058,761.834,886.892,49.378,258.738,308.116,0.653384993891913,7192.436,0.0007192435999999999,598.042,1277.12,0.0,0.38322611000830076,37840,234678,272518,154058,3596218,0,3,456,1,9,0,11,0,3,17,0,136.426,180,484
3890000,2026-01-19T16:06:56.761462,444540,37934,273175,154442,299777,0.6535468163462324,0.360541,0.38327126805474887,75.868,470.482,546.35,125.346,763.734,889.08,49.476,259.408,308.884,0.6535468163462324,7210.82,0.000721082,599.554,1280.316,0.0,0.38327126805474887,37934,235241,273175,154442,3605410,0,5,452,0,3,0,10,0,5,25,0,101.052,139,457
3900000,2026-01-19T16:06:58.735607,445598,38027,273812,154826,300509,0.653755795835241,0.361478,0.38333263092448483,76.054,471.57,547.624,125.62,765.576,891.196,49.564,260.088,309.652,0.653755795835241,7229.56,0.0007229560000000001,601.018,1283.43,0.0,0.38333263092448483,38027,235785,273812,154826,3614780,0,6,454,0,0,0,8,0,6,26,0,27.728,85,235
3910000,2026-01-19T16:07:00.715131,446692,38120,274469,155214,301257,0.6538493051053281,0.3624123,0.3833586301950076,76.24,472.698,548.938,125.916,767.468,893.384,49.674,260.754,310.428,0.6538493051053281,7248.246,0.0007248246000000001,602.514,1286.604,0.0,0.3833586301950076,38120,236349,274469,155214,3624123,0,2,454,0,5,0,11,0,2,26,0,80.33,123,427
3920000,2026-01-19T16:07:02.709813,447845,38217,275178,155620,302031,0.6539460084423595,0.3633501,0.3833850456431405,76.434,473.922,550.356,126.256,769.434,895.69,49.82,261.42,311.24,0.6539460084423595,7267.002,0.0007267002,604.062,1289.922,0.0,0.3833850456431405,38217,236961,275178,155620,3633501,0,3,465,0,7,0,11,0,5,9,0,89.266,122,477
3930000,2026-01-19T16:07:04.719308,448995,38312,275891,156020,302813,0.6539649234587471,0.3642811,0.3834023885351062,76.624,475.158,551.782,126.584,771.406,897.99,49.958,262.082,312.04,0.6539649234587471,7285.622,0.0007285622,605.626,1293.216,0.0,0.3834023885351062,38312,237579,275891,156020,3642811,0,6,446,0,4,0,12,0,4,28,0,91.566,144,398
3940000,2026-01-19T16:07:06.699105,450152,38416,276606,156428,303590,0.6539938191429442,0.3652154,0.38341258664986966,76.832,476.38,553.212,126.924,773.38,900.304,50.09,262.766,312.856,0.6539938191429442,7304.308,0.0007304308000000001,607.18,1296.526,0.0,0.38341258664986966,38416,238190,276606,156428,3652154,0,3,455,0,4,0,8,0,3,27,0,57.268,95,375
3950000,2026-01-19T16:07:08.664427,451247,38510,277275,156816,304335,0.6541072466352735,0.3661508,0.3834403117083922,77.02,477.53,554.55,127.216,775.278,902.494,50.194,263.438,313.632,0.6541072466352735,7323.016,0.0007323016,608.67,1299.712,0.0,0.3834403117083922,38510,238765,277275,156816,3661508,0,4,459,0,4,0,10,0,3,20,0,48.734,80,431
3960000,2026-01-19T16:07:10.628648,452362,38609,277959,157206,305091,0.654163862828947,0.3670899,0.3834585946393322,77.218,478.7,555.918,127.51,777.214,904.724,50.29,264.122,314.412,0.654163862828947,7341.798,0.0007341798,610.182,1302.944,0.0,0.3834585946393322,38609,239350,277959,157206,3670899,0,1,461,0,1,0,10,0,4,23,0,89.462,155,469
3970000,2026-01-19T16:07:12.598761,453492,38704,278655,157601,305851,0.6542192321056746,0.3680261,0.3834818654833294,77.408,479.902,557.31,127.844,779.14,906.984,50.436,264.766,315.202,0.6542192321056746,7360.522,0.0007360522,611.702,1306.14,0.0,0.3834818654833294,38704,239951,278655,157601,3680261,0,6,445,0,5,0,7,0,2,35,0,89.524,179,384
3980000,2026-01-19T16:07:14.566079,454590,38803,279329,157988,306576,0.6543275962187479,0.3689604,0.3835181200383539,77.606,481.052,558.658,128.166,781.014,909.18,50.558,265.418,315.976,0.6543275962187479,7379.208,0.0007379208,613.152,1309.286,0.0,0.3835181200383539,38803,240526,279329,157988,3689604,0,3,459,0,3,0,10,0,6,19,0,64.014,108,451
3990000,2026-01-19T16:07:16.542966,455725,38899,280018,158386,307351,0.6544510055092316,0.3698886,0.3835584442014877,77.798,482.238,560.036,128.474,782.976,911.45,50.676,266.096,316.772,0.6544510055092316,7397.772,0.0007397772,614.702,1312.552,0.0,0.3835584442014877,38899,241119,280018,158386,3698886,0,6,448,0,6,0,10,0,3,27,0,79.834,127,456
4000000,2026-01-19T16:07:18.525319,456920,38997,280748,158796,308159,0.6544122548739882,0.370803,0.38354808694019915,77.994,483.502,561.496,128.806,785.034,913.84,50.81,266.782,317.592,0.6544122548739882,7416.06,0.000741606,616.318,1315.986,0.0,0.38354808694019915,38997,241751,280748,158796,3708030,0,7,442,0,8,0,13,0,3,27,0,139.45,173,461
4010000,2026-01-19T16:07:20.510061,458048,39093,281452,159184,308914,0.6543932673153633,0.371732,0.38354856787974223,78.186,484.718,562.904,129.142,786.954,916.096,50.954,267.414,318.368,0.6543932673153633,7434.64,0.000743464,617.828,1319.266,0.0,0.38354856787974223,39093,242359,281452,159184,3717320,0,3,468,0,5,0,8,0,6,10,0,100.108,134,480
4020000,2026-01-19T16:07:22.485437,459143,39189,282127,159565,309651,0.6543771774357464,0.3726603,0.3835498786528519,78.378,485.876,564.254,129.454,788.832,918.286,51.074,268.056,319.13,0.6543771774357464,7453.206,0.0007453206,619.302,1322.386,0.0,0.3835498786528519,39189,242938,282127,159565,3726603,0,2,463,0,4,0,8,0,5,18,0,73.426,116,476
4030000,2026-01-19T16:07:24.461406,460291,39291,282837,159968,310414,0.654479112630946,0.3735985,0.38357447088659846,78.582,487.092,565.674,129.778,790.804,920.582,51.194,268.742,319.936,0.654479112630946,7471.97,0.000747197,620.828,1325.65,0.0,0.38357447088659846,39291,243546,282837,159968,3735985,0,5,453,0,2,0,13,0,6,21,0,111.7,162,472
4040000,2026-01-19T16:07:26.437194,461451,39390,283547,160371,311207,0.6545192518965667,0.3745208,0.38359746954844165,78.78,488.314,567.094,130.084,792.818,922.902,51.302,269.44,320.742,0.6545192518965667,7490.416,0.0007490416,622.414,1329.054,0.0,0.38359746954844165,39390,244157,283547,160371,3745208,0,3,462,0,4,0,9,0,3,19,0,72.798,121,460
4050000,2026-01-19T16:07:28.423903,462602,39492,284255,160775,311978,0.6545640227805721,0.3754553,0.3836094373794644,78.984,489.526,568.51,130.41,794.794,925.204,51.424,270.126,321.55,0.6545640227805721,7509.106,0.0007509106,623.956,1332.34,0.0,0.3836094373794644,39492,244763,284255,160775,3754553,0,3,456,0,2,0,7,0,5,27,0,66.428,144,342
4060000,2026-01-19T16:07:30.423582,463756,39594,284967,161171,312742,0.6545085660548426,0.376383,0.3836029030706287,79.188,490.746,569.934,130.736,796.776,927.512,51.548,270.794,322.342,0.6545085660548426,7527.66,0.0007527660000000001,625.484,1335.612,0.0,0.3836029030706287,39594,245373,284967,161171,3763830,0,5,452,0,5,0,10,0,5,23,0,95.506,177,455
4070000,2026-01-19T16:07:32.415415,464905,39692,285675,161571,313521,0.6545697832214667,0.3773114,0.3836180509162525,79.384,491.966,571.35,131.062,798.748,929.81,51.676,271.466,323.142,0.6545697832214667,7546.228,0.0007546228,627.042,1338.936,0.0,0.3836180509162525,39692,245983,285675,161571,3773114,0,3,458,0,8,0,6,0,2,23,0,110.18,142,471
4080000,2026-01-19T16:07:34.409978,466091,39789,286414,161977,314321,0.6545123933040885,0.3782328,0.3836046108339044,79.578,493.25,572.828,131.398,800.784,932.182,51.818,272.136,323.954,0.6545123933040885,7564.656,0.0007564656,628.642,1342.352,0.0,0.3836046108339044,39789,246625,286414,161977,3782328,0,7,452,0,1,0,10,0,4,26,0,59.56,144,303
4090000,2026-01-19T16:07:36.393935,467221,39881,287113,162375,315086,0.654422635594126,0.379166,0.3835975852327608,79.762,494.464,574.226,131.718,802.724,934.442,51.956,272.794,324.75,0.654422635594126,7583.32,0.000758332,630.172,1345.612,0.0,0.3835975852327608,39881,247232,287113,162375,3791660,0,7,450,0,4,0,13,0,2,24,0,71.902,122,476
4100000,2026-01-19T16:07:38.381723,468328,39980,287792,162754,315832,0.6544264714522783,0.3800883,0.38360204222884275,79.96,495.624,575.584,132.028,804.628,936.656,52.068,273.44,325.508,0.6544264714522783,7601.766,0.0007601766,631.664,1348.81,0.0,0.38360204222884275,39980,247812,287792,162754,3800883,0,3,460,0,2,0,7,1,4,23,0,44.754,123,392
4110000,2026-01-19T16:07:40.368160,469488,40076,288503,163157,316603,0.6544193881302247,0.3810147,0.38360665740135025,80.152,496.854,577.006,132.362,806.614,938.976,52.21,274.104,326.314,0.6544193881302247,7620.294,0.0007620293999999999,633.206,1352.116,0.0,0.38360665740135025,40076,248427,288503,163157,3810147,0,4,459,0,9,0,14,0,5,9,0,141.024,171,463
4120000,2026-01-19T16:07:42.359070,470652,40175,289224,163563,317400,0.6543821916168598,0.3819455,0.3836060430906392,80.35,498.098,578.448,132.686,808.618,941.304,52.336,274.79,327.126,0.6543821916168598,7638.91,0.0007638909999999999,634.8,1355.48,0.0,0.3836060430906392,40175,249049,289224,163563,3819455,0,4,450,1,4,0,9,0,4,28,0,123.412,181,458
4130000,2026-01-19T16:07:44.346416,471792,40271,289932,163958,318156,0.6543277330330552,0.3828846,0.38359720875439085,80.542,499.322,579.864,133.026,810.558,943.584,52.482,275.434,327.916,0.6543277330330552,7657.692,0.0007657692000000001,636.312,1358.73,0.0,0.38359720875439085,40271,249661,289932,163958,3828846,0,5,453,0,3,0,12,0,6,21,0,111.636,173,477
4140000,2026-01-19T16:07:46.331947,472884,40365,290600,164340,318902,0.6544434139838884,0.383811,0.38362019457977375,80.73,500.47,581.2,133.332,812.436,945.768,52.6,276.08,328.68,0.6544434139838884,7676.22,0.000767622,637.804,1361.898,0.0,0.38362019457977375,40365,250235,290600,164340,3838110,0,4,456,0,2,0,10,0,3,25,0,73.244,134,409
4150000,2026-01-19T16:07:48.317890,474004,40461,291290,164736,319648,0.6544226998950264,0.3847515,0.3836235076559356,80.922,501.658,582.58,133.646,814.362,948.008,52.722,276.75,329.472,0.6544226998950264,7695.03,0.000769503,639.296,1365.106,0.0,0.3836235076559356,40461,250829,291290,164736,3847515,0,4,455,0,8,0,12,0,4,17,0,108.16,139,468
4160000,2026-01-19T16:07:50.307030,475143,40556,291993,165131,320419,0.654422183353277,0.3856772,0.38363298525089096,81.112,502.874,583.986,133.982,816.304,950.286,52.868,277.394,330.262,0.654422183353277,7713.544,0.0007713544,640.838,1368.364,0.0,0.38363298525089096,40556,251437,291993,165131,3856772,0,9,452,0,6,0,11,0,2,20,0,90.936,114,459
4170000,2026-01-19T16:07:52.298775,476296,40653,292697,165529,321199,0.6543780617982214,0.3865966,0.3836215725684941,81.306,504.088,585.394,134.304,818.288,952.592,52.996,278.062,331.058,0.6543780617982214,7731.932,0.0007731932,642.398,1371.674,0.0,0.3836215725684941,40653,252044,292697,165529,3865966,0,8,445,0,2,0,12,0,5,28,0,65.764,111,347
4180000,2026-01-19T16:07:54.288634,477455,40753,293407,165939,321986,0.6544568432056145,0.3875326,0.38364954883439506,81.506,505.308,586.814,134.614,820.296,954.91,53.108,278.77,331.878,0.6544568432056145,7750.652,0.0007750652,643.972,1375.082,0.0,0.38364954883439506,40753,252654,293407,165939,3875326,0,4,465,0,6,0,12,0,0,13,0,80.072,125,470
4190000,2026-01-19T16:07:56.277326,478605,40849,294111,166334,322767,0.6544419456116879,0.3884534,0.3836459405932049,81.698,506.524,588.222,134.946,822.264,957.21,53.246,279.422,332.668,0.6544419456116879,7769.068,0.0007769068,645.534,1378.376,0.0,0.3836459405932049,40849,253262,294111,166334,3884534,0,5,453,0,2,0,7,0,4,29,0,52.678,126,299
4200000,2026-01-19T16:07:58.261980,479707,40948,294781,166714,323497,0.6543989538075452,0.3893835,0.3836307674876798,81.896,507.666,589.562,135.26,824.154,959.414,53.362,280.066,333.428,0.6543989538075452,7787.67,0.000778767,646.994,1381.52,0.0,0.3836307674876798,40948,253833,294781,166714,3893835,0,4,458,0,5,0,8,0,4,21,0,86.518,157,456
4210000,2026-01-19T16:08:00.254074,480857,41045,295485,167103,324273,0.654468012710915,0.3902848,0.38364081400208233,82.09,508.88,590.97,135.58,826.134,961.714,53.488,280.718,334.206,0.654468012710915,7805.696,0.0007805695999999999,648.546,1384.824,0.0,0.38364081400208233,41045,254440,295485,167103,3902848,0,3,452,0,6,0,8,0,2,29,0,63.546,102,428
4220000,2026-01-19T16:08:02.236978,481977,41142,296177,167506,325033,0.6544916202251352,0.3912391,0.3836601468244875,82.284,510.07,592.354,135.886,828.068,963.954,53.602,281.41,335.012,0.6544916202251352,7824.782,0.0007824782,650.066,1388.064,0.0,0.3836601468244875,41142,255035,296177,167506,3912391,0,4,450,1,4,0,8,0,3,30,0,83.312,181,460
4230000,2026-01-19T16:08:04.233408,483151,41239,296903,167906,325823,0.6543793408350215,0.3921472,0.38364268382841893,82.478,511.328,593.806,136.212,830.09,966.302,53.732,282.08,335.812,0.6543793408350215,7842.944,0.0007842944,651.646,1391.466,0.0,0.38364268382841893,41239,255664,296903,167906,3921472,0,7,457,0,3,0,11,0,4,18,0,69.57,136,463
4240000,2026-01-19T16:08:06.219654,484289,41334,297601,168301,326585,0.6544281651734255,0.3930748,0.38366303129570084,82.668,512.534,595.202,136.538,832.04,968.578,53.87,282.732,336.602,0.6544281651734255,7861.496,0.0007861496,653.17,1394.724,0.0,0.38366303129570084,41334,256267,297601,168301,3930748,0,4,457,0,7,0,11,0,5,16,0,129.142,177,469
4250000,2026-01-19T16:08:08.204688,485405,41434,298296,168680,327333,0.6543634849705904,0.3939952,0.38364200897400785,82.868,513.724,596.592,136.86,833.95,970.81,53.992,283.368,337.36,0.6543634849705904,7879.904,0.0007879903999999999,654.666,1397.938,0.0,0.38364200897400785,41434,256862,298296,168680,3939952,0,4,465,0,1,0,7,1,7,15,0,32.578,123,423
4260000,2026-01-19T16:08:10.193730,486582,41531,299015,169097,328131,0.6544511958521837,0.3949173,0.3836682859517138,83.062,514.968,598.03,137.186,835.978,973.164,54.122,284.072,338.194,0.6544511958521837,7898.346,0.0007898346000000001,656.262,1401.29,0.0,0.3836682859517138,41531,257484,299015,169097,3949173,0,4,440,0,5,0,13,0,5,33,0,76.768,118,454
4270000,2026-01-19T16:08:12.182037,487721,41632,299716,169495,328899,0.6544289026220548,0.3958509,0.38366667085742795,83.264,516.168,599.432,137.502,837.94,975.442,54.238,284.752,338.99,0.6544289026220548,7917.018,0.0007917018,657.798,1404.582,0.0,0.38366667085742795,41632,258084,299716,169495,3958509,0,7,456,0,3,0,10,0,5,19,0,61.628,118,453
4280000,2026-01-19T16:08:14.168809,488852,41729,300419,169882,329663,0.6543201100629299,0.39678,0.38363995054946515,83.458,517.38,600.838,137.818,839.886,977.704,54.36,285.404,339.764,0.6543201100629299,7935.6,0.00079356,659.326,1407.826,0.0,0.38363995054946515,41729,258690,300419,169882,3967800,0,2,452,0,4,0,11,0,3,28,0,89.168,179,471
4290000,2026-01-19T16:08:16.156667,489997,41828,301121,170285,330439,0.6543425009830564,0.3977095,0.38364437415905067,83.656,518.586,602.242,138.14,841.854,979.994,54.484,286.086,340.57,0.6543425009830564,7954.19,0.000795419,660.878,1411.14,0.0,0.38364437415905067,41828,259293,301121,170285,3977095,1,4,456,0,7,0,6,0,2,24,0,103.412,126,467
4300000,2026-01-19T16:08:18.146135,491144,41925,301831,170682,331207,0.6542856476100187,0.3986308,0.3836278590389525,83.85,519.812,603.662,138.464,843.824,982.288,54.612,286.752,341.364,0.6542856476100187,7972.616,0.0007972616,662.414,1414.426,0.0,0.3836278590389525,41925,259906,301831,170682,3986308,0,8,449,0,5,0,10,0,4,24,0,43.842,85,337
4310000,2026-01-19T16:08:20.158987,492320,42025,302564,171082,331999,0.654216000828974,0.3995546,0.3836050033686518,84.05,521.078,605.128,138.796,845.844,984.64,54.744,287.42,342.164,0.654216000828974,7991.092,0.0007991092,663.998,1417.83,0.0,0.3836050033686518,42025,260539,302564,171082,3995546,0,2,453,0,2,0,9,0,3,31,0,51.07,79,448
4320000,2026-01-19T16:08:22.144629,493418,42122,303241,171467,332743,0.654189153850655,0.4005019,0.3836042892995425,84.244,522.238,606.482,139.088,847.748,986.836,54.844,288.09,342.934,0.654189153850655,8010.038,0.0008010038000000001,665.486,1421.002,0.0,0.3836042892995425,42122,261119,303241,171467,4005019,1,5,447,0,2,0,5,0,2,38,0,32.446,121,184
4330000,2026-01-19T16:08:24.141937,494549,42219,303939,171860,333493,0.6542156813835731,0.4014379,0.383616668168791,84.438,523.44,607.878,139.392,849.706,989.098,54.954,288.766,343.72,0.6542156813835731,8028.758,0.0008028758,666.986,1424.244,0.0,0.383616668168791,42219,261720,303939,171860,4014379,0,7,450,0,5,0,13,0,5,20,0,134.232,178,482
4340000,2026-01-19T16:08:26.129406,495691,42317,304638,172253,334272,0.6542259780262865,0.4023569,0.38361920249250553,84.634,524.642,609.276,139.7,851.682,991.382,55.064,289.442,344.506,0.6542259780262865,8047.138,0.0008047138,668.544,1427.558,0.0,0.38361920249250553,42317,262321,304638,172253,4023569,0,5,453,0,4,0,8,0,4,26,0,100.798,163,463
4350000,2026-01-19T16:08:28.117332,496812,42419,305324,172645,335024,0.6541994899497895,0.4032898,0.38361040925052087,84.838,525.81,610.648,140.004,853.62,993.624,55.164,290.126,345.29,0.6541994899497895,8065.796,0.0008065796,670.048,1430.788,0.0,0.38361040925052087,42419,262905,305324,172645,4032898,0,2,455,0,5,0,5,0,4,29,0,81.948,159,458
4360000,2026-01-19T16:08:30.120297,497950,42522,306026,173045,335774,0.6542608217263837,0.4042153,0.38363398178084746,85.044,527.008,612.052,140.316,855.584,995.9,55.27,290.82,346.09,0.6542608217263837,8084.306,0.0008084306,671.548,1434.012,0.0,0.38363398178084746,42522,263504,306026,173045,4042153,0,3,451,0,6,0,14,0,7,19,0,95.588,124,453
4370000,2026-01-19T16:08:32.175496,499113,42619,306724,173436,336565,0.6542505295966146,0.4051221,0.3836296337050442,85.238,528.21,613.448,140.64,857.586,998.226,55.4,291.472,346.872,0.6542505295966146,8102.442,0.0008102442,673.13,1437.38,0.0,0.3836296337050442,42619,264105,306724,173436,4051221,0,8,454,0,5,0,12,0,6,15,0,116.668,164,484
4380000,2026-01-19T16:08:34.165647,500276,42715,307435,173844,337358,0.6542362173533258,0.4060441,0.3836219186684678,85.43,529.44,614.87,140.958,859.594,1000.552,55.526,292.162,347.688,0.6542362173533258,8120.882,0.0008120882,674.716,1440.728,0.0,0.3836219186684678,42715,264720,307435,173844,4060441,0,6,446,0,8,0,15,0,3,22,0,109.434,134,467
4390000,2026-01-19T16:08:36.160317,501432,42810,308143,174244,338144,0.654243030011138,0.4069631,0.3836272426773007,85.62,530.666,616.286,141.302,861.562,1002.864,55.68,292.808,348.488,0.654243030011138,8139.262,0.0008139262,676.288,1444.092,0.0,0.3836272426773007,42810,265333,308143,174244,4069631,0,2,464,0,6,0,8,0,5,15,0,78.238,111,473
4400000,2026-01-19T16:08:38.154218,502617,42902,308886,174648,338947,0.6541130539314385,0.407886,0.3836006544780211,85.804,531.968,617.772,141.666,863.568,1005.234,55.86,293.436,349.296,0.6541130539314385,8157.72,0.0008157720000000001,677.894,1447.514,0.0,0.3836006544780211,42902,265984,308886,174648,4078860,0,3,466,0,1,0,6,0,5,19,0,36.984,108,288
4410000,2026-01-19T16:08:40.152782,503820,43005,309624,175062,339754,0.6541819788092548,0.4088014,0.3836181241780713,86.01,533.238,619.248,141.986,865.654,1007.64,55.974,294.15,350.124,0.6541819788092548,8176.028,0.0008176028,679.508,1450.954,0.0,0.3836181241780713,43005,266619,309624,175062,4088014,0,5,448,0,5,0,13,0,5,24,0,99.93,135,493
4420000,2026-01-19T16:08:42.162893,504985,43104,310339,175469,340548,0.6541895523301479,0.4097241,0.3836290831728351,86.208,534.47,620.678,142.312,867.658,1009.97,56.102,294.836,350.938,0.6541895523301479,8194.482,0.0008194481999999999,681.096,1454.346,0.0,0.3836290831728351,43104,267235,310339,175469,4097241,0,3,457,0,4,0,8,0,5,23,0,89.828,132,437
4430000,2026-01-19T16:08:44.149291,506122,43201,311030,175860,341319,0.6541668260491232,0.4106456,0.38363094610790516,86.402,535.658,622.06,142.63,869.614,1012.244,56.226,295.494,351.72,0.6541668260491232,8212.912,0.0008212912,682.638,1457.646,0.0,0.38363094610790516,43201,267829,311030,175860,4106456,0,5,466,0,3,0,9,0,3,14,0,80.994,126,417
4440000,2026-01-19T16:08:46.143157,507294,43303,311763,176252,342083,0.6540294579321415,0.4115612,0.38359860561566256,86.606,536.92,623.526,143.0,871.588,1014.588,56.392,296.112,352.504,0.6540294579321415,8231.224,0.0008231224,684.166,1460.91,0.0,0.38359860561566256,43303,268460,311763,176252,4115612,0,4,455,0,1,0,11,0,5,24,0,51.342,104,454
4450000,2026-01-19T16:08:48.129408,508433,43402,312464,176649,342851,0.653992246100305,0.4124911,0.3835939670445061,86.804,538.124,624.928,143.328,873.538,1016.866,56.524,296.774,353.298,0.653992246100305,8249.822,0.0008249822,685.702,1464.168,0.0,0.3835939670445061,43402,269062,312464,176649,4124911,1,2,454,0,3,0,7,0,2,31,0,37.232,121,203
4460000,2026-01-19T16:08:50.121125,509623,43499,313194,177068,343652,0.6540017229028693,0.413416,0.38359915595139576,86.998,539.39,626.388,143.67,875.576,1019.246,56.672,297.464,354.136,0.6540017229028693,8268.32,0.000826832,687.304,1467.604,0.0,0.38359915595139576,43499,269695,313194,177068,4134160,0,5,459,0,2,0,10,0,9,15,0,110.816,173,478
4470000,2026-01-19T16:08:52.113388,510754,43593,313889,177460,344419,0.6540026682261759,0.4143347,0.38360511931532215,87.186,540.592,627.778,143.992,877.516,1021.508,56.804,298.116,354.92,0.6540026682261759,8286.694,0.0008286694,688.838,1470.856,0.0,0.38360511931532215,43593,270296,313889,177460,4143347,0,3,448,0,6,0,9,0,4,30,0,63.44,98,460
4480000,2026-01-19T16:08:54.108883,511948,43694,314630,177865,345212,0.6539873235841978,0.4152533,0.3836064173739926,87.388,541.872,629.26,144.35,879.546,1023.896,56.96,298.77,355.73,0.6539873235841978,8305.066,0.0008305065999999999,690.424,1474.262,0.0,0.3836064173739926,43694,270936,314630,177865,4152533,0,5,454,0,5,0,10,0,7,19,0,117.392,160,477
4490000,2026-01-19T16:08:56.105255,513080,43790,315319,178261,345974,0.6540182882814908,0.416185,0.38362354163855655,87.58,543.058,630.638,144.688,881.472,1026.16,57.108,299.414,356.522,0.6540182882814908,8323.7,0.00083237,691.948,1477.484,0.0,0.38362354163855655,43790,271529,315319,178261,4161850,0,5,449,1,6,0,9,0,4,26,0,113.44,180,451
4500000,2026-01-19T16:08:58.093465,514237,43887,316033,178664,346749,0.6540231422720759,0.4171104,0.38363068578707255,87.774,544.292,632.066,145.03,883.444,1028.474,57.256,300.072,357.328,0.6540231422720759,8342.208,0.0008342207999999999,693.498,1480.782,0.0,0.38363068578707255,43887,272146,316033,178664,4171104,0,1,453,0,8,0,13,1,3,21,0,104.528,126,465
4510000,2026-01-19T16:09:00.083071,515358,43985,316720,179052,347512,0.6540599640411109,0.4180382,0.383639793086035,87.97,545.47,633.44,145.34,885.376,1030.716,57.37,300.734,358.104,0.6540599640411109,8360.764,0.0008360764000000001,695.024,1484.026,0.0,0.383639793086035,43985,272735,316720,179052,4180382,0,4,450,0,3,1,9,0,3,30,0,94.47,174,470
4520000,2026-01-19T16:09:02.069995,516482,44082,317412,179441,348258,0.6540518755039826,0.4189634,0.3836434648969843,88.164,546.66,634.824,145.676,887.288,1032.964,57.51,301.372,358.882,0.6540518755039826,8379.268,0.0008379268,696.516,1487.222,0.0,0.3836434648969843,44082,273330,317412,179441,4189634,0,6,456,0,3,0,10,0,6,19,0,94.55,157,472
4530000,2026-01-19T16:09:04.059091,517647,44180,318128,179845,349046,0.6540908384695515,0.4198876,0.38365855501016644,88.36,547.896,636.256,146.014,889.28,1035.294,57.652,302.038,359.69,0.6540908384695515,8397.752,0.0008397752,698.092,1490.57,0.0,0.38365855501016644,44180,273948,318128,179845,4198876,0,5,458,0,2,0,8,0,3,24,0,86.862,157,473
4540000,2026-01-19T16:09:06.047537,518805,44273,318834,180252,349840,0.6541301558703565,0.4208088,0.3836746943493405,88.546,549.122,637.668,146.326,891.284,1037.61,57.778,302.726,360.504,0.6541301558703565,8416.176,0.0008416176,699.68,1493.932,0.0,0.3836746943493405,44273,274561,318834,180252,4208088,0,4,450,0,6,0,8,0,3,29,0,65.816,110,432
4550000,2026-01-19T16:09:08.036653,519961,44371,319546,180652,350622,0.6541964786123514,0.4217409,0.38369772033895816,88.742,550.35,639.092,146.652,893.27,1039.922,57.908,303.396,361.304,0.6541964786123514,8434.818,0.0008434817999999999,701.244,1497.272,0.0,0.38369772033895816,44371,275175,319546,180652,4217409,0,5,455,0,3,0,9,0,4,24,0,120.162,157,459
4560000,2026-01-19T16:09:10.024660,521100,44471,320253,181050,351383,0.6542149743333193,0.4226727,0.38371620004468293,88.942,551.564,640.506,146.978,895.222,1042.2,58.034,304.066,362.1,0.6542149743333193,8453.454,0.0008453454,702.766,1500.52,0.0,0.38371620004468293,44471,275782,320253,181050,4226727,0,5,448,0,1,0,10,0,4,32,0,45.12,84,420
4570000,2026-01-19T16:09:12.013724,522242,44565,320950,181447,352163,0.654260366015408,0.423603,0.3837318890272698,89.13,552.77,641.9,147.284,897.2,1044.484,58.154,304.74,362.894,0.654260366015408,8472.06,0.000847206,704.326,1503.85,0.0,0.3837318890272698,44565,276385,320950,181447,4236030,0,4,451,0,5,0,11,0,2,27,0,105.174,177,453
4580000,2026-01-19T16:09:14.002204,523356,44664,321637,181828,352898,0.6542199993111112,0.4245323,0.38373315803385594,89.328,553.946,643.274,147.618,899.094,1046.712,58.29,305.366,363.656,0.6542199993111112,8490.646,0.0008490646,705.796,1506.982,0.0,0.38373315803385594,44664,276973,321637,181828,4245323,0,6,448,1,6,0,9,0,3,27,0,136.516,180,442
4590000,2026-01-19T16:09:15.988189,524485,44765,322335,182218,353653,0.6541677292627776,0.4254638,0.3837283000365225,89.53,555.14,644.67,147.934,901.036,1048.97,58.404,306.032,364.436,0.6541677292627776,8509.276,0.0008509276,707.306,1510.228,0.0,0.3837283000365225,44765,277570,322335,182218,4254638,0,4,468,0,4,1,9,0,3,11,0,104.122,169,456
4600000,2026-01-19T16:09:17.976405,525651,44864,323055,182622,354428,0.6541749248042191,0.4263903,0.3837304433817039,89.728,556.382,646.11,148.258,903.044,1051.302,58.528,306.716,365.244,0.6541749248042191,8527.806,0.0008527806,708.856,1513.544,0.0,0.3837304433817039,44864,278191,323055,182622,4263903,0,7,451,0,8,0,14,0,5,15,0,131.644,157,470
4610000,2026-01-19T16:09:19.982323,526794,44961,323754,183022,355208,0.6542662306798172,0.4273102,0.3837544159223526,89.922,557.586,647.508,148.566,905.022,1053.588,58.644,307.4,366.044,0.6542662306798172,8546.204,0.0008546204000000001,710.416,1516.862,0.0,0.3837544159223526,44961,278793,323754,183022,4273102,0,6,461,0,10,0,11,0,3,9,0,83.734,177,328
4620000,2026-01-19T16:09:21.974674,527963,45064,324481,183428,355992,0.6543361155711458,0.4282434,0.3837737222085526,90.128,558.834,648.962,148.896,907.03,1055.926,58.768,308.088,366.856,0.6543361155711458,8564.868,0.0008564868,711.984,1520.188,0.0,0.3837737222085526,45064,279417,324481,183428,4282434,0,5,451,0,5,1,12,0,2,24,0,91.976,175,479
4630000,2026-01-19T16:09:23.998908,529160,45162,325234,183832,356795,0.6543212419706246,0.4291535,0.38376820424929203,90.324,560.144,650.468,149.244,909.076,1058.32,58.918,308.746,367.664,0.6543212419706246,8583.07,0.000858307,713.59,1523.638,0.0,0.38376820424929203,45162,280072,325234,183832,4291535,0,7,460,0,0,0,9,0,6,18,0,27.756,99,310
4640000,2026-01-19T16:09:25.986547,530299,45260,325936,184226,357548,0.6543512420306478,0.430085,0.3837815988322196,90.52,561.352,651.872,149.572,911.026,1060.598,59.05,309.402,368.452,0.6543512420306478,8601.7,0.0008601699999999999,715.096,1526.864,0.0,0.3837815988322196,45260,280676,325936,184226,4300850,0,4,454,0,7,0,14,0,6,15,0,89.258,127,425
4650000,2026-01-19T16:09:27.983658,531513,45362,326684,184637,358369,0.6543800140752583,0.4310082,0.38377995076388743,90.724,562.644,653.368,149.928,913.098,1063.026,59.204,310.07,369.274,0.6543800140752583,8620.164,0.0008620164,716.738,1530.348,0.0,0.38377995076388743,45362,281322,326684,184637,4310082,0,5,450,1,5,0,9,0,3,27,0,135.078,181,423
4660000,2026-01-19T16:09:29.968712,532625,45463,327372,185022,359114,0.6544014644496239,0.4319294,0.38378300313284786,90.926,563.818,654.744,150.236,915.014,1065.25,59.308,310.736,370.044,0.6544014644496239,8638.588,0.0008638588000000001,718.228,1533.542,0.0,0.38378300313284786,45463,281909,327372,185022,4319294,0,3,457,0,3,0,6,0,4,27,0,44.746,85,391
4670000,2026-01-19T16:09:31.961453,533805,45557,328096,185436,359927,0.6544566008345178,0.4328458,0.38379408241665686,91.114,565.078,656.192,150.572,917.038,1067.61,59.456,311.416,370.872,0.6544566008345178,8656.916,0.0008656916,719.854,1536.976,0.0,0.38379408241665686,45557,282539,328096,185436,4328458,0,6,453,0,0,0,7,0,3,31,0,30.92,86,453
4680000,2026-01-19T16:09:33.950763,534970,45657,328816,185835,360691,0.6544989837382329,0.4337733,0.3837943458704739,91.314,566.318,657.632,150.916,919.024,1069.94,59.602,312.068,371.67,0.6544989837382329,8675.466,0.0008675466000000001,721.382,1540.27,0.0,0.3837943458704739,45657,283159,328816,185835,4337733,0,8,456,0,7,0,11,0,3,15,0,121.648,179,478
4690000,2026-01-19T16:09:35.925489,536047,45756,329476,186220,361414,0.6545716597511488,0.4347158,0.3838049844428122,91.512,567.44,658.952,151.214,920.88,1072.094,59.702,312.738,372.44,0.6545716597511488,8694.316,0.0008694315999999999,722.828,1543.342,0.0,0.3838049844428122,45756,283720,329476,186220,4347158,0,7,448,0,7,0,8,0,4,26,0,110.72,178,437
4700000,2026-01-19T16:09:37.908624,537186,45854,330165,186626,362188,0.6546592380772385,0.435644,0.383837740560842,91.708,568.622,660.33,151.524,922.848,1074.372,59.814,313.438,373.252,0.6546592380772385,8712.88,0.0008712879999999999,724.376,1546.642,0.0,0.383837740560842,45854,284311,330165,186626,4356440,0,9,448,0,7,0,12,0,4,20,0,100.516,151,464
4710000,2026-01-19T16:09:39.903350,538349,45952,330873,187015,362980,0.6546458684222557,0.4365432,0.3838259886621484,91.904,569.842,661.746,151.848,924.85,1076.698,59.942,314.088,374.03,0.6546458684222557,8730.864,0.0008730864,725.96,1550.012,0.0,0.3838259886621484,45952,284921,330873,187015,4365432,0,2,456,0,3,0,6,0,4,29,0,51.806,92,380
4720000,2026-01-19T16:09:41.883272,539467,46044,331550,187411,363737,0.6546514825786109,0.4374798,0.383835257848814,92.088,571.012,663.1,152.176,926.758,1078.934,60.088,314.734,374.822,0.6546514825786109,8749.596,0.0008749595999999999,727.474,1553.212,0.0,0.383835257848814,46044,285506,331550,187411,4374798,0,1,453,0,5,0,7,0,6,28,0,103.07,173,467
4730000,2026-01-19T16:09:43.870313,540622,46139,332262,187807,364509,0.6546268279063622,0.4383978,0.3838198652872088,92.278,572.246,664.524,152.516,928.728,1081.244,60.238,315.376,375.614,0.6546268279063622,8767.956,0.0008767956,729.018,1556.532,0.0,0.3838198652872088,46139,286123,332262,187807,4383978,0,6,458,0,9,0,12,0,4,11,0,147.38,177,483
4740000,2026-01-19T16:09:45.855808,541765,46235,332957,188214,365306,0.6546778378465257,0.4393268,0.383834109771508,92.47,573.444,665.914,152.802,930.728,1083.53,60.332,316.096,376.428,0.6546778378465257,8786.536,0.0008786536000000001,730.612,1559.9,0.0,0.383834109771508,46235,286722,332957,188214,4393268,0,10,452,0,3,0,10,0,5,20,0,124.97,181,478
4750000,2026-01-19T16:09:47.852065,542920,46340,333665,188614,366076,0.6546915278524665,0.4402536,0.3838373727418617,92.68,574.65,667.33,153.128,932.712,1085.84,60.446,316.782,377.228,0.6546915278524665,8805.072,0.0008805072000000001,732.152,1563.198,0.0,0.3838373727418617,46340,287325,333665,188614,4402536,0,7,455,0,2,0,7,0,6,23,0,115.0,172,467
4760000,2026-01-19T16:09:49.838607,544068,46432,334367,189009,366852,0.6546160477384856,0.4411747,0.38382426747457205,92.864,575.87,668.734,153.454,934.682,1088.136,60.588,317.43,378.018,0.6546160477384856,8823.494,0.0008823494,733.704,1566.5,0.0,0.38382426747457205,46432,287935,334367,189009,4411747,0,4,447,0,4,0,12,0,4,29,0,116.388,158,450
4770000,2026-01-19T16:09:51.827456,545226,46529,335077,189413,367641,0.6545901760682509,0.4421025,0.38381754644683647,93.058,577.096,670.154,153.774,936.678,1090.452,60.716,318.11,378.826,0.6545901760682509,8842.05,0.000884205,735.282,1569.866,0.0,0.38381754644683647,46529,288548,335077,189413,4421025,1,4,458,0,4,0,9,0,4,20,0,75.896,122,469
4780000,2026-01-19T16:09:53.816962,546354,46626,335779,189800,368389,0.6545973670707605,0.4430261,0.3838069200358426,93.252,578.306,671.558,154.104,938.604,1092.708,60.85,318.75,379.6,0.6545973670707605,8860.522,0.0008860522,736.778,1573.06,0.0,0.3838069200358426,46626,289153,335779,189800,4430261,0,6,453,0,7,0,12,0,3,19,0,102.264,132,455
4790000,2026-01-19T16:09:55.806528,547495,46724,336473,190209,369177,0.6546178649567602,0.4439689,0.3838126025383671,93.448,579.498,672.946,154.402,940.588,1094.99,60.954,319.464,380.418,0.6546178649567602,8879.378,0.0008879378,738.354,1576.384,0.0,0.3838126025383671,46724,289749,336473,190209,4439689,0,7,449,0,4,0,8,0,2,30,0,77.106,178,398
4800000,2026-01-19T16:09:57.797988,548642,46821,337178,190611,369949,0.6546588009969682,0.4448972,0.3838202688950268,93.642,580.714,674.356,154.73,942.554,1097.284,61.086,320.136,381.222,0.6546588009969682,8897.944,0.0008897944,739.898,1579.722,0.0,0.3838202688950268,46821,290357,337178,190611,4448972,0,5,465,0,3,0,8,0,7,12,0,96.844,147,462
4810000,2026-01-19T16:09:59.789234,549791,46921,337899,191009,370704,0.6545930554014605,0.4458393,0.38380473558645833,93.842,581.956,675.798,155.068,944.514,1099.582,61.226,320.792,382.018,0.6545930554014605,8916.786,0.0008916786,741.408,1582.932,0.0,0.38380473558645833,46921,290978,337899,191009,4458393,0,5,454,0,6,0,11,0,5,19,0,111.266,176,464
4820000,2026-01-19T16:10:01.845356,550987,47022,338627,191422,371507,0.6546405294867466,0.4467509,0.383806979636521,94.044,583.21,677.254,155.418,946.556,1101.974,61.372,321.472,382.844,0.6546405294867466,8935.018,0.0008935018,743.014,1586.346,0.0,0.383806979636521,47022,291605,338627,191422,4467509,0,2,457,0,3,0,14,0,8,16,0,107.822,153,477
4830000,2026-01-19T16:10:03.839589,552160,47122,339366,191821,372295,0.6545475007210498,0.4476743,0.38377521456089553,94.244,584.488,678.732,155.762,948.558,1104.32,61.516,322.126,383.642,0.6545475007210498,8953.486,0.0008953486,744.59,1589.706,0.0,0.38377521456089553,47122,292244,339366,191821,4476743,0,3,455,0,1,0,6,0,5,30,0,84.76,153,434
4840000,2026-01-19T16:10:05.826067,553274,47222,340044,192212,373044,0.6546069249294432,0.448602,0.3837858039634533,94.444,585.644,680.088,156.056,950.492,1106.548,61.61,322.814,384.424,0.6546069249294432,8972.04,0.000897204,746.088,1592.912,0.0,0.3837858039634533,47222,292822,340044,192212,4486020,0,7,452,0,6,0,7,0,3,25,0,78.01,135,445
4850000,2026-01-19T16:10:07.811029,554401,47317,340733,192600,373806,0.6546617558029549,0.4495281,0.3838018733305256,94.634,586.832,681.466,156.362,952.44,1108.802,61.726,323.474,385.2,0.6546617558029549,8990.562,0.0008990561999999999,747.612,1596.18,0.0,0.3838018733305256,47317,293416,340733,192600,4495281,0,5,457,0,2,0,12,0,4,20,0,79.92,137,450
4860000,2026-01-19T16:10:09.793227,555508,47411,341402,192997,374571,0.65481030984025,0.4504676,0.38383447491854694,94.822,587.982,682.804,156.662,954.354,1111.016,61.838,324.156,385.994,0.65481030984025,9009.352,0.0009009352,749.142,1599.43,0.0,0.38383447491854694,47411,293991,341402,192997,4504676,0,3,461,0,2,0,5,0,5,24,0,84.508,148,441
4870000,2026-01-19T16:10:11.785738,556647,47503,342092,193391,375343,0.6548140026056677,0.4513789,0.38384044880738294,95.006,589.178,684.184,156.968,956.326,1113.294,61.96,324.822,386.782,0.6548140026056677,9027.578,0.0009027578,750.686,1602.74,0.0,0.38384044880738294,47503,294589,342092,193391,4513789,0,4,459,0,6,0,14,0,6,11,0,106.8,154,481
4880000,2026-01-19T16:10:13.776226,557790,47599,342796,193791,376135,0.6547983285262429,0.452304,0.38383668429674467,95.198,590.394,685.592,157.27,958.31,1115.58,62.07,325.512,387.582,0.6547983285262429,9046.08,0.000904608,752.27,1606.06,0.0,0.38383668429674467,47599,295197,342796,193791,4523040,0,4,444,0,5,0,7,0,3,37,0,76.602,157,456
4890000,2026-01-19T16:10:15.765835,558950,47697,343515,194193,376903,0.6547741433213893,0.4532307,0.38382780365838576,95.394,591.636,687.03,157.6,960.3,1117.9,62.204,326.182,388.386,0.6547741433213893,9064.614,0.0009064613999999999,753.806,1609.392,0.0,0.38382780365838576,47697,295818,343515,194193,4532307,0,3,454,0,7,0,17,0,4,15,0,100.294,138,427
4900000,2026-01-19T16:10:17.752982,560071,47791,344196,194598,377684,0.6548731020290979,0.4541626,0.38385177611378396,95.582,592.81,688.392,157.894,962.248,1120.142,62.31,326.886,389.196,0.6548731020290979,9083.252,0.0009083251999999999,755.368,1612.696,0.0,0.38385177611378396,47791,296405,344196,194598,4541626,0,4,455,0,6,0,12,0,2,21,0,69.514,99,442
4910000,2026-01-19T16:10:19.757133,561193,47888,344884,194994,378446,0.6549525253850509,0.4551045,0.3838737460267899,95.776,593.992,689.768,158.212,964.174,1122.386,62.434,327.554,389.988,0.6549525253850509,9102.09,0.000910209,756.892,1615.934,0.0,0.3838737460267899,47888,296996,344884,194994,4551045,0,2,459,0,5,0,9,0,3,22,0,103.918,149,449
4920000,2026-01-19T16:10:21.743942,562339,47981,345587,195402,379223,0.6549923684949104,0.4560449,0.3838906381195493,95.962,595.212,691.174,158.532,966.146,1124.678,62.568,328.236,390.804,0.6549923684949104,9120.898,0.0009120898,758.446,1619.254,0.0,0.3838906381195493,47981,297606,345587,195402,4560449,0,3,458,0,4,0,14,0,7,14,0,113.16,164,472
4930000,2026-01-19T16:10:23.747312,563481,48076,346286,195797,380007,0.6550217146583578,0.4569633,0.3838999656834738,96.152,596.42,692.572,158.844,968.118,1126.962,62.69,328.904,391.594,0.6550217146583578,9139.266,0.0009139266,760.014,1622.564,0.0,0.3838999656834738,48076,298210,346286,195797,4569633,0,5,448,0,2,0,15,0,3,27,0,111.05,170,485
4940000,2026-01-19T16:10:25.730958,564595,48177,346975,196192,380745,0.6550247945943968,0.4579038,0.38391020401218884,96.354,597.596,693.95,159.158,970.032,1129.19,62.802,329.582,392.384,0.6550247945943968,9158.076,0.0009158076,761.49,1625.742,0.0,0.38391020401218884,48177,298798,346975,196192,4579038,0,4,456,0,4,0,12,0,7,17,0,107.56,165,475
4950000,2026-01-19T16:10:27.720848,565746,48277,347683,196596,381519,0.6550970652492729,0.4588346,0.38393452702743813,96.554,598.812,695.366,159.488,972.004,1131.492,62.932,330.26,393.192,0.6550970652492729,9176.692,0.0009176691999999999,763.038,1629.056,0.0,0.38393452702743813,48277,299406,347683,196596,4588346,0,9,456,0,4,0,14,0,5,12,0,142.93,173,494
4960000,2026-01-19T16:10:29.701575,566850,48376,348348,196990,382279,0.6551394566544947,0.4597584,0.3839547532498164,96.752,599.944,696.696,159.78,973.92,1133.7,63.026,330.954,393.98,0.6551394566544947,9195.168,0.0009195168,764.558,1632.268,0.0,0.3839547532498164,48376,299972,348348,196990,4597584,0,4,453,0,3,0,7,0,4,29,0,54.954,112,378
4970000,2026-01-19T16:10:31.687894,567985,48470,349042,197384,383048,0.6551132680196443,0.4606795,0.3839455067561814,96.94,601.144,698.084,160.102,975.868,1135.97,63.16,331.608,394.768,0.6551132680196443,9213.59,0.0009213590000000001,766.096,1635.542,0.0,0.3839455067561814,48470,300572,349042,197384,4606795,0,5,449,0,6,0,9,0,4,27,0,71.582,100,449
4980000,2026-01-19T16:10:33.671891,569110,48564,349726,197780,383812,0.6551264582002395,0.4616151,0.383949276261929,97.128,602.324,699.452,160.408,977.812,1138.22,63.28,332.28,395.56,0.6551264582002395,9232.302,0.0009232302,767.624,1638.838,0.0,0.383949276261929,48564,301162,349726,197780,4616151,0,4,462,0,10,0,12,0,4,8,0,138.864,177,486
4990000,2026-01-19T16:10:35.662838,570224,48657,350408,198176,384578,0.6551749857079023,0.4625468,0.3839660349445686,97.314,603.502,700.816,160.71,979.738,1140.448,63.394,332.958,396.352,0.6551749857079023,9250.936,0.0009250936,769.156,1642.078,0.0,0.3839660349445686,48657,301751,350408,198176,4625468,0,6,456,0,4,0,14,0,3,17,0,91.672,127,463
5000000,2026-01-19T16:10:37.649549,571361,48758,351111,198577,385334,0.6552235980120906,0.4634849,0.383983162693679,97.516,604.706,702.222,161.03,981.692,1142.722,63.514,333.64,397.154,0.6552235980120906,9269.698,0.0009269698,770.668,1645.322,0.0,0.383983162693679,48758,302353,351111,198577,4634849,0,2,453,0,6,0,13,0,4,22,0,116.554,178,431
5010000,2026-01-19T16:10:39.633108,572484,48851,351794,198970,386104,0.6553147775971789,0.4644104,0.3840041929829084,97.702,605.886,703.588,161.342,983.626,1144.968,63.638,334.302,397.94,0.6553147775971789,9288.208,0.0009288208,772.208,1648.56,0.0,0.3840041929829084,48851,302943,351794,198970,4644104,0,6,440,0,7,0,11,0,3,33,0,96.056,139,421
5020000,2026-01-19T16:10:41.615601,573621,48949,352500,199365,386862,0.6553083313109034,0.4653466,0.38400448608831056,97.898,607.102,705.0,161.668,985.574,1147.242,63.768,334.962,398.73,0.6553083313109034,9306.932,0.0009306932,773.724,1651.844,0.0,0.38400448608831056,48949,303551,352500,199365,4653466,0,3,455,0,5,0,13,0,5,19,0,113.924,153,454
5030000,2026-01-19T16:10:43.591631,574741,49045,353188,199757,387624,0.6554017912233067,0.4662836,0.38403214235172495,98.09,608.286,706.376,161.982,987.5,1149.482,63.89,335.624,399.514,0.6554017912233067,9325.672,0.0009325672,775.248,1655.084,0.0,0.38403214235172495,49045,304143,353188,199757,4662836,0,6,459,0,7,0,9,0,4,15,0,82.53,172,476
5040000,2026-01-19T16:10:45.575653,575848,49136,353860,200144,388390,0.6554208136025871,0.467207,0.3840445585449639,98.272,609.448,707.72,162.298,989.398,1151.696,64.026,336.262,400.288,0.6554208136025871,9344.14,0.000934414,776.78,1658.304,0.0,0.3840445585449639,49136,304724,353860,200144,4672070,0,3,453,0,1,0,6,1,3,33,0,24.702,123,351
5050000,2026-01-19T16:10:47.567861,577040,49233,354593,200558,389185,0.6553674808004549,0.4681283,0.3840399681021448,98.466,610.72,709.186,162.648,991.432,1154.08,64.182,336.934,401.116,0.6553674808004549,9362.566,0.0009362566,778.37,1661.68,0.0,0.3840399681021448,49233,305360,354593,200558,4681283,0,6,444,0,6,0,11,0,4,29,0,141.47,176,456
5060000,2026-01-19T16:10:49.555568,578154,49334,355278,200946,389926,0.6554020494778382,0.4690629,0.3840445124043888,98.668,611.888,710.556,162.956,993.352,1156.308,64.288,337.604,401.892,0.6554020494778382,9381.258,0.0009381258,779.852,1664.898,0.0,0.3840445124043888,49334,305944,355278,200946,4690629,0,3,461,0,9,0,14,0,2,11,0,105.572,177,473
5070000,2026-01-19T16:10:51.552586,579330,49432,356000,201353,390731,0.6554462997930606,0.4699902,0.3840576132500581,98.864,613.136,712.0,163.278,995.382,1158.66,64.414,338.292,402.706,0.6554462997930606,9399.804,0.0009399804,781.462,1668.294,0.0,0.3840576132500581,49432,306568,356000,201353,4699902,0,7,448,0,6,0,11,0,3,25,0,102.78,178,476
5080000,2026-01-19T16:10:53.544587,580487,49530,356716,201744,391505,0.6552933044584526,0.4709096,0.3840175859867534,99.06,614.372,713.432,163.606,997.368,1160.974,64.544,338.944,403.488,0.6552933044584526,9418.192,0.0009418192,783.01,1671.626,0.0,0.3840175859867534,49530,307186,356716,201744,4709096,0,3,460,0,8,0,8,0,2,19,0,92.14,165,465
5090000,2026-01-19T16:10:55.530445,581624,49628,357411,202139,392277,0.655355996013252,0.471836,0.3840435218600224,99.256,615.566,714.822,163.93,999.318,1163.248,64.672,339.606,404.278,0.655355996013252,9436.72,0.000943672,784.554,1674.908,0.0,0.3840435218600224,49628,307783,357411,202139,4718360,0,3,457,0,0,0,8,0,5,27,0,76.708,152,472
5100000,2026-01-19T16:10:57.514381,582746,49723,358098,202532,393036,0.6553779199482344,0.4727652,0.38405129527111453,99.446,616.75,716.196,164.238,1001.254,1165.492,64.792,340.272,405.064,0.6553779199482344,9455.304,0.0009455304,786.072,1678.156,0.0,0.38405129527111453,49723,308375,358098,202532,4727652,0,5,473,1,8,0,6,0,3,4,0,125.968,180,463
5110000,2026-01-19T16:10:59.501699,583882,49824,358798,202926,393797,0.6553642563145039,0.4736891,0.38405114490948294,99.648,617.948,717.596,164.564,1003.2,1167.764,64.914,340.938,405.852,0.6553642563145039,9473.782,0.0009473782,787.594,1681.382,0.0,0.38405114490948294,49824,308974,358798,202926,4736891,0,2,458,0,2,0,7,0,3,28,0,60.38,100,401
5120000,2026-01-19T16:11:01.487003,585038,49918,359502,203326,394580,0.6554116203492928,0.4746128,0.38407091058454657,99.836,619.168,719.004,164.894,1005.182,1170.076,65.058,341.594,406.652,0.6554116203492928,9492.256,0.0009492256,789.16,1684.716,0.0,0.38407091058454657,49918,309584,359502,203326,4746128,0,5,460,0,6,0,10,0,5,14,0,125.558,177,447
5130000,2026-01-19T16:11:03.471324,586176,50015,360199,203723,395357,0.6554844604104294,0.475543,0.3840892160164089,100.03,620.368,720.398,165.21,1007.142,1172.352,65.18,342.266,407.446,0.6554844604104294,9510.86,0.000951086,790.714,1688.006,0.0,0.3840892160164089,50015,310184,360199,203723,4755430,0,5,457,0,2,1,11,0,3,21,0,79.824,169,465
5140000,2026-01-19T16:11:05.459971,587307,50108,360886,204118,396126,0.6554990588092746,0.4764541,0.3840870963731024,100.216,621.556,721.772,165.526,1009.088,1174.614,65.308,342.928,408.236,0.6554990588092746,9529.082,0.0009529082,792.252,1691.274,0.0,0.3840870963731024,50108,310778,360886,204118,4764541,0,8,450,0,6,0,11,0,6,19,0,86.494,128,460
5150000,2026-01-19T16:11:07.508013,588491,50206,361616,204529,396938,0.6554912280613047,0.477376,0.3840866066655082,100.412,622.82,723.232,165.862,1011.12,1176.982,65.448,343.61,409.058,0.6554912280613047,9547.52,0.000954752,793.876,1694.734,0.0,0.3840866066655082,50206,311410,361616,204529,4773760,0,6,461,0,4,0,6,0,3,20,0,69.646,100,450
5160000,2026-01-19T16:11:09.506512,589688,50306,362346,204939,397744,0.6555157315275285,0.478294,0.3840952199187943,100.612,624.08,724.692,166.182,1013.194,1179.376,65.57,344.308,409.878,0.6555157315275285,9565.88,0.000956588,795.488,1698.176,0.0,0.3840952199187943,50306,312040,362346,204939,4782940,0,5,450,0,7,0,15,0,4,19,0,138.494,178,462
5170000,2026-01-19T16:11:11.502171,590888,50401,363080,205353,398572,0.6555869698839126,0.4792066,0.38410577677657204,100.802,625.358,726.16,166.512,1015.264,1181.776,65.71,344.996,410.706,0.6555869698839126,9584.132,0.0009584131999999999,797.144,1701.694,0.0,0.38410577677657204,50401,312679,363080,205353,4792066,0,4,454,1,9,0,11,0,2,19,0,120.24,181,462
5180000,2026-01-19T16:11:13.489279,592056,50494,363798,205767,399377,0.6556622472985157,0.4801408,0.38412437164581326,100.988,626.608,727.596,166.838,1017.274,1184.112,65.85,345.684,411.534,0.6556622472985157,9602.816,0.0009602816,798.754,1705.1,0.0,0.38412437164581326,50494,313304,363798,205767,4801408,0,4,451,0,4,0,9,0,4,28,0,70.724,178,437
5190000,2026-01-19T16:11:15.467701,593138,50591,364448,206157,400117,0.6557160473041711,0.481075,0.3841423377032315,101.182,627.714,728.896,167.126,1019.15,1186.276,65.942,346.372,412.314,0.6557160473041711,9621.5,0.00096215,800.234,1708.26,0.0,0.3841423377032315,50591,313857,364448,206157,4810750,0,2,457,0,4,0,9,0,3,25,0,98.262,132,456
5200000,2026-01-19T16:11:17.459498,594315,50694,365174,206564,400891,0.655709830783278,0.4820042,0.38413931518417876,101.388,628.96,730.348,167.472,1021.158,1188.63,66.084,347.044,413.128,0.655709830783278,9640.084,0.0009640084,801.782,1711.58,0.0,0.38413931518417876,50694,314480,365174,206564,4820042,0,5,454,0,6,0,13,0,4,18,0,111.136,176,482
5210000,2026-01-19T16:11:19.464799,595439,50789,365866,206948,401648,0.6556581936307179,0.4829266,0.38413150451986144,101.578,630.154,731.732,167.81,1023.068,1190.878,66.23,347.666,413.896,0.6556581936307179,9658.532,0.0009658532,803.296,1714.812,0.0,0.38413150451986144,50789,315077,365866,206948,4829266,0,1,464,0,2,0,9,0,5,19,0,89.822,163,410
5220000,2026-01-19T16:11:21.451698,596582,50888,366573,207351,402418,0.6556653592562698,0.4838672,0.38413380284850884,101.776,631.37,733.146,168.128,1025.036,1193.164,66.352,348.35,414.702,0.6556653592562698,9677.344,0.0009677344,804.836,1718.064,0.0,0.38413380284850884,50888,315685,366573,207351,4838672,0,4,452,0,5,0,7,0,3,29,0,114.186,176,448
5230000,2026-01-19T16:11:23.453655,597720,50986,367277,207756,403182,0.6557015426740727,0.484807,0.3841520787946608,101.972,632.582,734.554,168.436,1027.004,1195.44,66.464,349.048,415.512,0.6557015426740727,9696.14,0.0009696139999999999,806.364,1721.356,0.0,0.3841520787946608,50986,316291,367277,207756,4848070,0,3,451,0,6,0,10,0,5,25,0,139.974,179,439
5240000,2026-01-19T16:11:25.439254,598852,51085,367971,208159,403954,0.6557418971314999,0.4857343,0.3841678895081171,102.17,633.772,735.942,168.736,1028.968,1197.704,66.564,349.754,416.318,0.6557418971314999,9714.686,0.0009714686000000001,807.908,1724.656,0.0,0.3841678895081171,51085,316886,367971,208159,4857343,0,4,454,0,5,0,10,0,5,22,0,93.48,127,443
5250000,2026-01-19T16:11:27.424012,599978,51181,368670,208554,404709,0.6557550157597901,0.4866704,0.384175950043145,102.362,634.978,737.34,169.056,1030.9,1199.956,66.694,350.414,417.108,0.6557550157597901,9733.408,0.0009733408,809.418,1727.892,0.0,0.384175950043145,51181,317489,368670,208554,4866704,0,4,457,1,9,0,10,0,4,15,0,139.448,180,479
5260000,2026-01-19T16:11:29.406615,601083,51279,369349,208941,405449,0.6557969601034521,0.4876035,0.3841852584178298,102.558,636.14,738.698,169.384,1032.782,1202.166,66.826,351.056,417.882,0.6557969601034521,9752.07,0.0009752070000000001,810.898,1731.044,0.0,0.3841852584178298,51279,318070,369349,208941,4876035,0,6,460,0,4,0,9,0,4,17,0,92.348,179,412
5270000,2026-01-19T16:11:31.394768,602242,51379,370071,209346,406216,0.6557440868546905,0.4885383,0.38417379552185993,102.758,637.384,740.142,169.722,1034.762,1204.484,66.964,351.728,418.692,0.6557440868546905,9770.766,0.0009770765999999999,812.432,1734.32,0.0,0.38417379552185993,51379,318692,370071,209346,4885383,0,5,452,0,8,0,13,0,5,17,0,133.544,172,463
5280000,2026-01-19T16:11:33.382487,603386,51477,370778,209748,407000,0.655768153839558,0.4894655,0.38418336766979067,102.954,638.602,741.556,170.03,1036.742,1206.772,67.074,352.422,419.496,0.655768153839558,9789.31,0.000978931,814.0,1737.65,0.0,0.38418336766979067,51477,319301,370778,209748,4894655,0,3,444,0,4,0,10,0,3,36,0,71.864,120,431
5290000,2026-01-19T16:11:35.371311,604512,51578,371458,210136,407759,0.6557776797249774,0.4903846,0.38418012262288204,103.156,639.76,742.916,170.338,1038.686,1209.024,67.18,353.092,420.272,0.6557776797249774,9807.692,0.0009807692000000001,815.518,1740.902,0.0,0.38418012262288204,51578,319880,371458,210136,4903846,0,5,454,0,1,0,9,0,5,26,0,40.734,107,385
5300000,2026-01-19T16:11:37.355198,605628,51677,372137,210532,408521,0.655877644168631,0.4913214,0.38419805396913326,103.354,640.92,744.274,170.622,1040.634,1211.256,67.266,353.798,421.064,0.655877644168631,9826.428,0.0009826428,817.042,1744.148,0.0,0.38419805396913326,51677,320460,372137,210532,4913214,0,7,451,0,0,0,8,0,6,28,0,59.078,137,465
5310000,2026-01-19T16:11:39.345462,606786,51775,372854,210929,409302,0.6559011345192747,0.4922441,0.3842019601806216,103.55,642.158,745.708,170.944,1042.628,1213.572,67.392,354.466,421.858,0.6559011345192747,9844.882,0.0009844882,818.604,1747.504,0.0,0.3842019601806216,51775,321079,372854,210929,4922441,0,3,459,0,1,0,10,0,7,20,0,85.782,143,428
5320000,2026-01-19T16:11:41.334432,607923,51875,373549,211327,410061,0.6559133110538257,0.4931712,0.38419698068207364,103.75,643.348,747.098,171.268,1044.578,1215.846,67.518,355.136,422.654,0.6559133110538257,9863.424,0.0009863424,820.122,1750.73,0.0,0.38419698068207364,51875,321674,373549,211327,4931712,0,5,457,0,5,0,11,0,5,17,0,59.294,114,476
5330000,2026-01-19T16:11:43.325809,609087,51974,374265,211738,410857,0.6559385602328155,0.4940997,0.3842012412180512,103.948,644.582,748.53,171.59,1046.584,1218.174,67.642,355.834,423.476,0.6559385602328155,9881.994,0.0009881993999999999,821.714,1754.118,0.0,0.3842012412180512,51974,322291,374265,211738,4940997,0,1,462,0,3,0,9,0,1,24,0,82.334,176,360
5340000,2026-01-19T16:11:45.319965,610264,52071,374996,212139,411636,0.6559034380719276,0.4950177,0.3841912903024005,104.142,645.85,749.992,171.95,1048.578,1220.528,67.806,356.472,424.278,0.6559034380719276,9900.354,0.0009900354,823.272,1757.44,0.0,0.3841912903024005,52071,322925,374996,212139,4950177,0,6,455,0,3,0,8,0,6,22,0,60.758,112,411
5350000,2026-01-19T16:11:47.302300,611381,52168,375677,212527,412395,0.6559066870993608,0.495942,0.38419168666109155,104.336,647.018,751.354,172.25,1050.512,1222.762,67.912,357.142,425.054,0.6559066870993608,9918.84,0.000991884,824.79,1760.674,0.0,0.38419168666109155,52168,323509,375677,212527,4959420,0,1,455,0,5,0,7,0,3,29,0,82.176,122,445
5360000,2026-01-19T16:11:49.291113,612525,52267,376389,212913,413154,0.6558057166756095,0.4968615,0.3841632196529202,104.534,648.244,752.778,172.572,1052.478,1225.05,68.038,357.788,425.826,0.6558057166756095,9937.23,0.000993723,826.308,1763.92,0.0,0.3841632196529202,52267,324122,376389,212913,4968615,0,8,446,0,4,0,11,1,5,25,0,88.102,123,460
5370000,2026-01-19T16:11:51.282628,613701,52368,377125,213321,413928,0.6558043807015459,0.4977932,0.3841634206514473,104.736,649.514,754.25,172.914,1054.488,1227.402,68.178,358.464,426.642,0.6558043807015459,9955.864,0.0009955864,827.856,1767.284,0.0,0.3841634206514473,52368,324757,377125,213321,4977932,0,5,455,0,7,0,15,0,4,14,0,91.514,138,479
5380000,2026-01-19T16:11:53.269014,614811,52465,377802,213712,414689,0.6558050304852777,0.4987294,0.3841659818772305,104.93,650.674,755.604,173.224,1056.398,1229.622,68.294,359.13,427.424,0.6558050304852777,9974.588,0.0009974588,829.378,1770.524,0.0,0.3841659818772305,52465,325337,377802,213712,4987294,0,3,463,1,3,0,8,0,5,17,0,78.0,181,433
5390000,2026-01-19T16:11:55.254656,615964,52561,378505,214115,415484,0.6558840916237625,0.4996462,0.38418628166050744,105.122,651.888,757.01,173.526,1058.402,1231.928,68.402,359.828,428.23,0.6558840916237625,9992.924,0.0009992924,830.968,1773.886,0.0,0.38418628166050744,52561,325944,378505,214115,4996462,0,3,452,0,4,0,9,0,2,30,0,39.06,95,290
5400000,2026-01-19T16:11:57.239939,617091,52659,379195,214510,416246,0.655907866927316,0.5005732,0.38419417000091527,105.318,653.072,758.39,173.836,1060.346,1234.182,68.516,360.504,429.02,0.655907866927316,10011.464,0.0010011464000000002,832.492,1777.136,0.0,0.38419417000091527,52659,326536,379195,214510,5005732,0,2,451,0,4,0,7,0,4,32,0,61.748,99,426
5410000,2026-01-19T16:11:59.225264,618208,52754,379871,214907,417009,0.6559300313926741,0.5015058,0.384210969710083,105.508,654.234,759.742,174.152,1062.264,1236.416,68.642,361.172,429.814,0.6559300313926741,10030.116,0.0010030116,834.018,1780.38,0.0,0.384210969710083,52754,327117,379871,214907,5015058,0,9,458,0,2,0,8,0,3,20,0,81.2,155,483
5420000,2026-01-19T16:12:01.206476,619335,52850,380556,215306,417768,0.656012209674066,0.502442,0.38423756027342415,105.7,655.412,761.112,174.462,1064.208,1238.67,68.762,361.85,430.612,0.656012209674066,10048.84,0.001004884,835.536,1783.606,0.0,0.38423756027342415,52850,327706,380556,215306,5024420,0,4,454,0,5,1,10,0,3,23,0,124.422,175,466
5430000,2026-01-19T16:12:03.199389,620480,52951,381268,215694,418526,0.6559231684761354,0.5033671,0.3842133087919973,105.902,656.634,762.536,174.792,1066.168,1240.96,68.89,362.498,431.388,0.6559231684761354,10067.342,0.0010067341999999999,837.052,1786.882,0.0,0.3842133087919973,52951,328317,381268,215694,5033671,0,5,460,0,4,0,10,0,3,18,0,88.11,177,456
5440000,2026-01-19T16:12:05.192740,621597,53054,381958,216091,419268,0.6558887895879335,0.5043013,0.3842087260442247,106.108,657.808,763.916,175.11,1068.084,1243.194,69.0,363.182,432.182,0.6558887895879335,10086.026,0.0010086026,838.536,1789.996,0.0,0.3842087260442247,53054,328904,381958,216091,5043013,0,8,439,0,6,0,10,0,2,35,0,69.566,117,388
5450000,2026-01-19T16:12:07.183310,622740,53153,382666,216486,420033,0.6558441722921464,0.5052313,0.3841965490187837,106.306,659.026,765.332,175.446,1070.034,1245.48,69.14,363.832,432.972,0.6558441722921464,10104.626,0.0010104626000000002,840.066,1793.28,0.0,0.3841965490187837,53153,329513,382666,216486,5052313,0,7,451,0,2,0,9,0,4,27,0,51.778,120,269
5460000,2026-01-19T16:12:09.173231,623905,53251,383388,216894,420806,0.655826046519432,0.5061586,0.3841998163318237,106.502,660.274,766.776,175.786,1072.024,1247.81,69.282,364.506,433.788,0.655826046519432,10123.172,0.0010123172,841.612,1796.59,0.0,0.3841998163318237,53251,330137,383388,216894,5061586,0,7,449,0,6,0,15,0,7,16,0,124.86,162,480
5470000,2026-01-19T16:12:11.160439,625022,53349,384077,217285,421568,0.6558137157448293,0.5070907,0.38420447170300714,106.698,661.456,768.154,176.09,1073.954,1250.044,69.39,365.18,434.57,0.6558137157448293,10141.814,0.0010141814,843.136,1799.844,0.0,0.38420447170300714,53349,330728,384077,217285,5070907,0,4,461,0,5,0,9,0,7,14,0,98.29,141,474
5480000,2026-01-19T16:12:13.153447,626186,53448,384789,217682,422343,0.6558401343182838,0.5080105,0.38420916083323864,106.896,662.682,769.578,176.448,1075.924,1252.372,69.55,365.814,435.364,0.6558401343182838,10160.21,0.001016021,844.686,1803.106,0.0,0.38420916083323864,53448,331341,384789,217682,5080105,0,7,442,0,5,0,11,0,4,31,0,101.9,143,450
5490000,2026-01-19T16:12:15.140896,627324,53543,385484,218074,423119,0.6558106509089858,0.5089232,0.3842129032220868,107.086,663.882,770.968,176.784,1077.864,1254.648,69.696,366.452,436.148,0.6558106509089858,10178.464,0.0010178464000000001,846.238,1806.424,0.0,0.3842129032220868,53543,331941,385484,218074,5089232,0,5,458,0,2,0,7,0,5,23,0,38.436,110,317
5500000,2026-01-19T16:12:17.129765,628476,53643,386191,218469,423887,0.6558113333851497,0.5098555,0.38421619805245527,107.286,665.096,772.382,177.108,1079.844,1256.952,69.822,367.116,436.938,0.6558113333851497,10197.11,0.001019711,847.774,1809.708,0.0,0.38421619805245527,53643,332548,386191,218469,5098555,0,6,454,0,5,0,9,0,5,21,0,103.746,177,443
5510000,2026-01-19T16:12:19.132155,629613,53743,386891,218861,424655,0.6558308468992022,0.5107705,0.3842224001379018,107.486,666.296,773.782,177.426,1081.8,1259.226,69.938,367.784,437.722,0.6558308468992022,10215.41,0.001021541,849.31,1813.0,0.0,0.3842224001379018,53743,333148,386891,218861,5107705,0,3,466,0,5,0,6,0,2,18,0,63.338,95,485
5520000,2026-01-19T16:12:21.126747,630794,53844,387627,219275,425429,0.6558175659288151,0.5117079,0.38422355279855125,107.688,667.566,775.254,177.796,1083.792,1261.588,70.106,368.444,438.55,0.6558175659288151,10234.158,0.0010234158,850.858,1816.284,0.0,0.38422355279855125,53844,333783,387627,219275,5117079,0,3,449,0,7,0,9,0,6,26,0,102.188,164,447
5530000,2026-01-19T16:12:23.129564,631934,53943,388318,219675,426204,0.6558896200129789,0.5126342,0.3842406392336424,107.886,668.75,776.636,178.104,1085.764,1263.868,70.218,369.132,439.35,0.6558896200129789,10252.684,0.0010252684,852.408,1819.588,0.0,0.3842406392336424,53943,334375,388318,219675,5126342,0,5,454,0,5,1,12,0,5,18,0,107.376,174,471
5540000,2026-01-19T16:12:25.115117,633045,54041,389001,220069,426957,0.6559027183915591,0.5135698,0.3842412924993306,108.082,669.92,778.002,178.41,1087.68,1266.09,70.326,369.812,440.138,0.6559027183915591,10271.396,0.0010271396,853.914,1822.82,0.0,0.3842412924993306,54041,334960,389001,220069,5135698,0,6,462,0,7,0,10,0,4,11,0,110.692,155,479
5550000,2026-01-19T16:12:27.109274,634222,54141,389725,220470,427755,0.6559217493816855,0.5144833,0.3842378354509986,108.282,671.168,779.45,178.728,1089.716,1268.444,70.444,370.496,440.94,0.6559217493816855,10289.666,0.0010289665999999999,855.51,1826.214,0.0,0.3842378354509986,54141,335584,389725,220470,5144833,0,5,453,0,5,0,10,0,4,23,0,109.244,161,461
5560000,2026-01-19T16:12:29.097756,635352,54236,390416,220864,428524,0.6559854709517459,0.5154104,0.3842500571273972,108.472,672.36,780.832,179.062,1091.642,1270.704,70.588,371.14,441.728,0.6559854709517459,10308.208,0.0010308208,857.048,1829.482,0.0,0.3842500571273972,54236,336180,390416,220864,5154104,0,4,455,0,2,0,6,0,2,31,0,36.138,133,286
5570000,2026-01-19T16:12:31.084692,636488,54331,391106,221261,429293,0.656014473144219,0.5163402,0.38426219422137176,108.662,673.55,782.212,179.37,1093.606,1272.976,70.706,371.816,442.522,0.656014473144219,10326.804,0.0010326804000000001,858.586,1832.79,0.0,0.38426219422137176,54331,336775,391106,221261,5163402,0,4,459,0,5,0,9,0,4,19,0,84.126,146,475
5580000,2026-01-19T16:12:33.076537,637631,54424,391802,221664,430083,0.6560500422441122,0.5172588,0.3842794325526178,108.848,674.756,783.604,179.678,1095.584,1275.262,70.83,372.498,443.328,0.6560500422441122,10345.176,0.0010345176,860.166,1836.134,0.0,0.3842794325526178,54424,337378,391802,221664,5172588,0,3,454,1,4,0,8,0,4,26,0,122.938,180,467
5590000,2026-01-19T16:12:35.074128,638825,54525,392543,222073,430880,0.6559810836227621,0.5181818,0.38426589720180615,109.05,676.036,785.086,180.028,1097.622,1277.65,70.978,373.168,444.146,0.6559810836227621,10363.636,0.0010363636,861.76,1839.542,0.0,0.38426589720180615,54525,338018,392543,222073,5181818,0,5,450,0,3,0,9,0,5,28,0,89.212,178,307
5600000,2026-01-19T16:12:37.065515,639979,54625,393265,222464,431639,0.6559187908053163,0.519102,0.3842497996983864,109.25,677.28,786.53,180.368,1099.59,1279.958,71.116,373.812,444.928,0.6559187908053163,10382.04,0.0010382039999999998,863.278,1842.822,0.0,0.3842497996983864,54625,338640,393265,222464,5191020,0,5,450,0,6,0,9,0,6,24,0,90.016,128,461
5610000,2026-01-19T16:12:39.050806,641108,54722,393956,222852,432408,0.6559100452390766,0.5200282,0.3842449727434443,109.444,678.468,787.912,180.68,1101.536,1282.216,71.234,374.47,445.704,0.6559100452390766,10400.564,0.0010400564,864.816,1846.112,0.0,0.3842449727434443,54722,339234,393956,222852,5200282,0,4,458,0,2,0,9,0,4,23,0,87.608,152,471
5620000,2026-01-19T16:12:41.039338,642281,54831,394684,223257,433174,0.6558664293534857,0.520955,0.3842417976488608,109.662,679.706,789.368,181.018,1103.544,1284.562,71.356,375.158,446.514,0.6558664293534857,10419.1,0.0010419099999999998,866.348,1849.408,0.0,0.3842417976488608,54831,339853,394684,223257,5209550,0,1,460,1,4,0,9,0,4,21,0,117.522,181,450
5630000,2026-01-19T16:12:43.027124,643420,54930,395394,223648,433933,0.6557573870953819,0.5218821,0.3842226506361393,109.86,680.928,790.788,181.332,1105.508,1286.84,71.47,375.826,447.296,0.6557573870953819,10437.642,0.0010437642,867.866,1852.66,0.0,0.3842226506361393,54930,340464,395394,223648,5218821,0,5,449,0,5,0,13,0,3,25,0,121.678,165,457
5640000,2026-01-19T16:12:45.015577,644561,55029,396091,224043,434707,0.6557390687777018,0.5228113,0.3842266044608862,110.058,682.124,792.182,181.648,1107.474,1289.122,71.59,376.496,448.086,0.6557390687777018,10456.226,0.0010456226,869.414,1855.98,0.0,0.3842266044608862,55029,341062,396091,224043,5228113,0,5,460,1,2,0,9,0,3,20,0,40.942,180,173
5650000,2026-01-19T16:12:47.011131,645753,55129,396822,224450,435507,0.6557671036326209,0.5237266,0.3842353033439479,110.258,683.386,793.644,181.98,1109.526,1291.506,71.72,377.18,448.9,0.6557671036326209,10474.532,0.0010474532000000001,871.014,1859.408,0.0,0.3842353033439479,55129,341693,396822,224450,5237266,0,3,461,0,4,0,10,0,5,17,0,89.94,143,462
5660000,2026-01-19T16:12:49.000966,646903,55226,397530,224844,436277,0.6557549116971167,0.5246481,0.38423625547963597,110.452,684.608,795.06,182.324,1111.482,1293.806,71.87,377.818,449.688,0.6557549116971167,10492.962,0.0010492962,872.554,1862.694,0.0,0.38423625547963597,55226,342304,397530,224844,5246481,0,4,469,0,7,0,11,0,3,6,0,90.998,129,443
5670000,2026-01-19T16:12:50.988389,648059,55322,398238,225240,437049,0.6557589405821479,0.5255642,0.3842338063458668,110.644,685.832,796.476,182.656,1113.462,1296.118,72.012,378.468,450.48,0.6557589405821479,10511.284,0.0010511284,874.098,1866.008,0.0,0.3842338063458668,55322,342916,398238,225240,5255642,0,1,464,0,13,0,11,0,4,7,0,129.918,165,489
5680000,2026-01-19T16:12:52.977172,649188,55425,398937,225625,437802,0.6557328544324875,0.5264743,0.38422204030243495,110.85,687.024,797.874,182.98,1115.396,1298.376,72.128,379.122,451.25,0.6557328544324875,10529.486,0.0010529486,875.604,1869.206,0.0,0.38422204030243495,55425,343512,398937,225625,5264743,0,2,455,0,4,0,12,0,5,22,0,71.048,107,447
5690000,2026-01-19T16:12:54.969427,650384,55521,399680,226033,438600,0.6556543534830923,0.5273981,0.3842099558848433,111.042,688.318,799.36,183.344,1117.424,1300.768,72.302,379.764,452.066,0.6556543534830923,10547.962,0.0010547962,877.2,1872.608,0.0,0.3842099558848433,55521,344159,399680,226033,5273981,0,4,450,0,8,0,11,0,4,23,0,107.204,176,470
5700000,2026-01-19T16:12:56.953810,651505,55619,400367,226423,439352,0.6556807516116632,0.5283295,0.3842192615469395,111.238,689.496,800.734,183.67,1119.34,1303.01,72.43,380.416,452.846,0.6556807516116632,10566.59,0.001056659,878.704,1875.834,0.0,0.3842192615469395,55619,344748,400367,226423,5283295,0,2,456,0,7,0,11,0,3,21,0,121.47,153,462
5710000,2026-01-19T16:12:58.933070,652630,55714,401053,226826,440117,0.6557756601382446,0.5292691,0.3842466672055806,111.428,690.678,802.106,183.98,1121.28,1305.26,72.55,381.102,453.652,0.6557756601382446,10585.382,0.0010585382,880.234,1879.086,0.0,0.3842466672055806,55714,345339,401053,226826,5292691,0,4,451,0,7,0,13,0,4,21,0,123.9,163,463
5720000,2026-01-19T16:13:00.923404,653783,55810,401771,227215,440891,0.6556851218313197,0.5301867,0.3842258234854698,111.62,691.922,803.542,184.308,1123.258,1307.566,72.686,381.744,454.43,0.6556851218313197,10603.734,0.0010603734,881.782,1882.394,0.0,0.3842258234854698,55810,345961,401771,227215,5301867,0,4,451,0,3,0,13,0,6,23,0,98.814,162,429
5730000,2026-01-19T16:13:02.917312,654946,55907,402492,227606,441672,0.6556149139338879,0.5311022,0.38420085031380635,111.814,693.17,804.984,184.644,1125.248,1309.892,72.828,382.384,455.212,0.6556149139338879,10622.044,0.0010622043999999999,883.344,1885.752,0.0,0.38420085031380635,55907,346585,402492,227606,5311022,0,2,459,0,3,0,10,0,6,20,0,103.688,156,454
5740000,2026-01-19T16:13:04.899817,656051,56009,403162,228002,442429,0.6557294023696728,0.5320308,0.3842326283823984,112.018,694.306,806.324,184.924,1127.178,1312.102,72.904,383.1,456.004,0.6557294023696728,10640.616,0.0010640616,884.858,1888.956,0.0,0.3842326283823984,56009,347153,403162,228002,5320308,0,5,454,0,2,0,8,0,3,28,0,53.542,102,358
5750000,2026-01-19T16:13:06.887799,657221,56107,403887,228399,443210,0.6557255630543855,0.5329496,0.3842238151964664,112.214,695.56,807.774,185.272,1129.17,1314.442,73.058,383.74,456.798,0.6557255630543855,10658.992,0.0010658992,886.42,1892.294,0.0,0.3842238151964664,56107,347780,403887,228399,5329496,1,5,459,0,3,0,8,0,7,17,0,105.8,138,472
5760000,2026-01-19T16:13:08.874975,658363,56203,404597,228788,443973,0.6556394415459492,0.5338667,0.3841976085584716,112.406,696.788,809.194,185.604,1131.122,1316.726,73.196,384.38,457.576,0.6556394415459492,10677.334,0.0010677334,887.946,1895.542,0.0,0.3841976085584716,56203,348394,404597,228788,5338667,0,6,448,0,4,0,9,0,5,28,0,54.078,98,381
5770000,2026-01-19T16:13:10.857015,659483,56300,405289,229191,444730,0.65567565105434,0.5348203,0.38421054742928173,112.6,697.978,810.578,185.916,1133.05,1318.966,73.314,385.068,458.382,0.65567565105434,10696.406,0.0010696406,889.46,1898.78,0.0,0.38421054742928173,56300,348989,405289,229191,5348203,0,5,449,0,2,0,13,0,5,26,0,96.13,146,462
5780000,2026-01-19T16:13:12.849569,660638,56398,406004,229587,445500,0.6555650301707926,0.5357446,0.3841814395569937,112.796,699.212,812.008,186.256,1135.02,1321.276,73.458,385.716,459.174,0.6555650301707926,10714.892,0.0010714892,891.0,1902.074,0.0,0.3841814395569937,56398,349606,406004,229587,5357446,0,8,451,0,3,0,13,0,7,18,0,93.592,170,484
5790000,2026-01-19T16:13:14.833472,661764,56499,406697,229969,446252,0.655555091319144,0.5366679,0.3841759802524056,112.998,700.396,813.394,186.562,1136.966,1323.528,73.564,386.374,459.938,0.655555091319144,10733.358,0.0010733358,892.504,1905.304,0.0,0.3841759802524056,56499,350198,406697,229969,5366679,0,6,455,0,9,0,11,0,4,15,0,148.62,178,472
5800000,2026-01-19T16:13:16.814043,662906,56598,407404,230359,447024,0.6554740435737231,0.5375887,0.3841645450402468,113.196,701.612,814.808,186.874,1138.938,1325.812,73.676,387.042,460.718,0.6554740435737231,10751.774,0.0010751774,894.048,1908.606,0.0,0.3841645450402468,56598,350806,407404,230359,5375887,0,6,450,0,5,0,9,0,5,25,0,105.984,164,463
5810000,2026-01-19T16:13:18.809094,664041,56696,408096,230754,447797,0.6554485053879905,0.5385123,0.384166787368088,113.392,702.8,816.192,187.18,1140.902,1328.082,73.788,387.72,461.508,0.6554485053879905,10770.246,0.0010770246000000002,895.594,1911.9,0.0,0.384166787368088,56696,351400,408096,230754,5385123,0,4,450,1,7,0,5,0,3,30,0,89.058,180,463
5820000,2026-01-19T16:13:20.804951,665159,56790,408778,231140,448557,0.6554888328793481,0.5394407,0.3841773349010647,113.58,703.976,817.556,187.476,1142.842,1330.318,73.896,388.384,462.28,0.6554888328793481,10788.814,0.0010788814,897.114,1915.176,0.0,0.3841773349010647,56790,351988,408778,231140,5394407,0,2,461,0,3,0,12,0,4,18,0,111.01,140,477
5830000,2026-01-19T16:13:22.813809,666318,56886,409495,231535,449325,0.655422230948985,0.5403648,0.3841639786396681,113.772,705.218,818.99,187.808,1144.828,1332.636,74.036,389.034,463.07,0.655422230948985,10807.296,0.0010807295999999999,898.65,1918.45,0.0,0.3841639786396681,56886,352609,409495,231535,5403648,0,4,450,1,9,0,15,0,5,16,0,148.974,181,470
5840000,2026-01-19T16:13:24.800972,667442,56980,410184,231925,450101,0.6554568065541692,0.5412913,0.38417981649787764,113.96,706.408,820.368,188.12,1146.764,1334.884,74.158,389.692,463.85,0.6554568065541692,10825.826,0.0010825826,900.202,1921.762,0.0,0.38417981649787764,56980,353204,410184,231925,5412913,0,7,457,0,1,0,10,0,8,17,0,107.73,162,474
5850000,2026-01-19T16:13:26.788369,668577,57074,410876,232323,450868,0.6553977608343986,0.5422152,0.38417426364784796,114.148,707.604,821.752,188.434,1148.72,1337.154,74.284,390.362,464.646,0.6553977608343986,10844.304,0.0010844304,901.736,1925.032,0.0,0.38417426364784796,57074,353802,410876,232323,5422152,0,3,452,0,7,0,14,0,5,19,0,123.506,160,465
5860000,2026-01-19T16:13:28.770671,669700,57177,411564,232716,451628,0.6554250183037033,0.5431502,0.3841841126046686,114.354,708.774,823.128,188.738,1150.662,1339.4,74.384,391.048,465.432,0.6554250183037033,10863.004,0.0010863004,903.256,1928.28,0.0,0.3841841126046686,57177,354387,411564,232716,5431502,0,5,456,0,3,0,10,0,4,22,0,89.256,177,469
5870000,2026-01-19T16:13:30.752672,670799,57273,412221,233104,452389,0.6554277339710982,0.5440735,0.3841921552492819,114.546,709.896,824.442,189.014,1152.584,1341.598,74.468,391.74,466.208,0.6554277339710982,10881.47,0.001088147,904.778,1931.504,0.0,0.3841921552492819,57273,354948,412221,233104,5440735,0,4,453,0,2,0,7,0,4,30,0,76.548,178,379
5880000,2026-01-19T16:13:32.741109,671932,57365,412914,233499,453162,0.6554177226108844,0.544992,0.38420065297211103,114.73,711.098,825.828,189.314,1154.55,1343.864,74.584,392.414,466.998,0.6554177226108844,10899.84,0.001089984,906.324,1934.81,0.0,0.38420065297211103,57365,355549,412914,233499,5449920,0,3,450,0,6,1,11,0,4,25,0,113.19,175,465
5890000,2026-01-19T16:13:34.726844,673080,57460,413618,233897,453944,0.6554320878038014,0.5459129,0.38420992576294277,114.92,712.316,827.236,189.652,1156.508,1346.16,74.73,393.064,467.794,0.6554320878038014,10918.258,0.0010918258,907.888,1938.126,0.0,0.38420992576294277,57460,356158,413618,233897,5459129,0,4,455,0,2,0,9,0,3,27,0,104.034,164,478
5900000,2026-01-19T16:13:36.712215,674177,57558,414289,234278,454677,0.6554474826702985,0.5468401,0.3842172174148082,115.116,713.462,828.578,189.948,1158.406,1348.354,74.83,393.726,468.556,0.6554474826702985,10936.802,0.0010936802000000002,909.354,1941.298,0.0,0.3842172174148082,57558,356731,414289,234278,5468401,0,2,462,0,4,0,12,0,3,17,0,69.18,103,478
5910000,2026-01-19T16:13:38.697416,675300,57654,414974,234674,455450,0.6555069048583605,0.547772,0.3842385310471383,115.308,714.64,829.948,190.244,1160.356,1350.6,74.934,394.414,469.348,0.6555069048583605,10955.44,0.0010955440000000002,910.9,1944.568,0.0,0.3842385310471383,57654,357320,414974,234674,5477720,0,6,453,0,2,0,8,0,3,28,0,63.31,121,363
5920000,2026-01-19T16:13:40.688240,676459,57750,415676,235084,456234,0.6555466577435891,0.548706,0.38425341817528297,115.5,715.852,831.352,190.564,1162.354,1352.918,75.062,395.106,470.168,0.6555466577435891,10974.12,0.001097412,912.468,1947.912,0.0,0.38425341817528297,57750,357926,415676,235084,5487060,0,4,458,0,5,0,13,0,5,15,0,120.61,173,472
5930000,2026-01-19T16:13:42.671993,677579,57846,416363,235476,456998,0.6555733189026894,0.5496364,0.3842624356922588,115.692,717.034,832.726,190.86,1164.298,1355.158,75.166,395.786,470.952,0.6555733189026894,10992.728,0.0010992728000000002,913.996,1951.182,0.0,0.3842624356922588,57846,358517,416363,235476,5496364,0,3,458,0,7,0,11,0,4,17,0,111.056,156,464
5940000,2026-01-19T16:13:44.656948,678705,57942,417045,235878,457779,0.6556205656859239,0.5505618,0.3842723510365948,115.884,718.206,834.09,191.148,1166.262,1357.41,75.262,396.494,471.756,0.6556205656859239,11011.236,0.0011011236,915.558,1954.474,0.0,0.3842723510365948,57942,359103,417045,235878,5505618,0,1,451,0,4,0,9,0,3,32,0,58.912,107,409
5950000,2026-01-19T16:13:46.642020,679842,58034,417741,236276,458559,0.6555994374450828,0.5514923,0.38427454751220985,116.068,719.414,835.482,191.464,1168.22,1359.684,75.394,397.158,472.552,0.6555994374450828,11029.846,0.0011029846000000002,917.118,1957.786,0.0,0.38427454751220985,58034,359707,417741,236276,5514923,0,3,462,0,1,0,12,0,2,20,0,73.426,169,332
5960000,2026-01-19T16:13:48.620339,680940,58137,418409,236665,459286,0.6556126688013257,0.5524289,0.38428648314692804,116.274,720.544,836.818,191.758,1170.122,1361.88,75.484,397.846,473.33,0.6556126688013257,11048.578,0.0011048578,918.572,1960.886,0.0,0.38428648314692804,58137,360272,418409,236665,5524289,0,6,449,0,9,0,11,0,5,20,0,123.52,177,466
5970000,2026-01-19T16:13:50.611874,682102,58236,419126,237067,460070,0.6555922356153647,0.5533477,0.3842885534458797,116.472,721.78,838.252,192.102,1172.102,1364.204,75.63,398.504,474.134,0.6555922356153647,11066.954,0.0011066954,920.14,1964.248,0.0,0.3842885534458797,58236,360890,419126,237067,5533477,0,4,459,0,4,0,9,0,6,18,0,102.948,178,407
5980000,2026-01-19T16:13:52.596521,683231,58337,419823,237464,460828,0.6556372351566587,0.5542896,0.3843014232439964,116.674,722.972,839.646,192.41,1174.052,1366.462,75.736,399.192,474.928,0.6556372351566587,11085.792,0.0011085792,921.656,1967.48,0.0,0.3843014232439964,58337,361486,419823,237464,5542896,0,10,454,0,6,0,8,1,5,16,0,98.506,131,467
5990000,2026-01-19T16:13:54.576986,684349,58431,420506,237857,461598,0.6556902575123909,0.5552136,0.38431969373611186,116.862,724.15,841.012,192.704,1175.994,1368.698,75.84,399.874,475.714,0.6556902575123909,11104.272,0.0011104272,923.196,1970.754,0.0,0.38431969373611186,58431,362075,420506,237857,5552136,0,7,451,0,3,0,10,0,3,26,0,54.632,118,300
6000000,2026-01-19T16:13:56.562352,685474,58532,421190,238240,462340,0.6556439452292468,0.5561401,0.3843101992409209,117.064,725.316,842.38,193.026,1177.922,1370.948,75.962,400.518,476.48,0.6556439452292468,11122.802,0.0011122802,924.68,1973.946,0.0,0.3843101992409209,58532,362658,421190,238240,5561401,0,3,462,0,6,0,9,0,5,15,0,113.128,171,472
6010000,2026-01-19T16:13:58.547327,686612,58626,421880,238631,463113,0.6556634670353026,0.5570557,0.3843221023166352,117.252,726.508,843.76,193.342,1179.882,1373.224,76.09,401.172,477.262,0.6556634670353026,11141.114,0.0011141114,926.226,1977.218,0.0,0.3843221023166352,58626,363254,421880,238631,5570557,0,5,452,0,4,0,13,0,6,20,0,118.666,176,465
6020000,2026-01-19T16:14:00.534262,687753,58721,422575,239027,463903,0.6556918948843186,0.5579759,0.3843258518153085,117.442,727.708,845.15,193.654,1181.852,1375.506,76.212,401.842,478.054,0.6556918948843186,11159.518,0.0011159517999999998,927.806,1980.578,0.0,0.3843258518153085,58721,363854,422575,239027,5579759,0,7,460,0,1,0,7,0,5,20,0,27.73,120,198
6030000,2026-01-19T16:14:02.526052,688908,58819,423287,239417,464675,0.6556625001098578,0.5588907,0.38431465719579205,117.638,728.936,846.574,193.958,1183.858,1377.816,76.318,402.516,478.834,0.6556625001098578,11177.814,0.0011177814,929.35,1983.894,0.0,0.38431465719579205,58819,364468,423287,239417,5588907,0,5,457,0,6,0,9,0,5,18,0,121.42,171,467
6040000,2026-01-19T16:14:04.515241,690060,58919,424005,239817,465449,0.6556567219653316,0.5598221,0.3843117885016101,117.838,730.172,848.01,194.29,1185.83,1380.12,76.45,403.184,479.634,0.6556567219653316,11196.442,0.0011196442,930.898,1987.21,0.0,0.3843117885016101,58919,365086,424005,239817,5598221,0,3,456,0,0,0,8,0,4,29,0,55.982,145,402
6050000,2026-01-19T16:14:06.505436,691212,59020,424719,240218,466211,0.6556360760200545,0.5607561,0.3843067915890158,118.04,731.398,849.438,194.614,1187.81,1382.424,76.572,403.864,480.436,0.6556360760200545,11215.122,0.0011215122,932.422,1990.48,0.0,0.3843067915890158,59020,365699,424719,240218,5607561,0,5,451,0,2,0,11,0,7,24,0,93.616,139,467
6060000,2026-01-19T16:14:08.493674,692349,59117,425412,240617,466979,0.6556603303988013,0.5616838,0.38431240886630974,118.234,732.59,850.824,194.938,1189.76,1384.698,76.702,404.532,481.234,0.6556603303988013,11233.676,0.0011233675999999999,933.958,1993.742,0.0,0.38431240886630974,59117,366295,425412,240617,5616838,0,9,451,0,4,0,11,0,6,19,0,128.102,166,479
6070000,2026-01-19T16:14:10.482161,693486,59213,426118,241009,467748,0.6556429021065017,0.5626023,0.38430710389715667,118.426,733.81,852.236,195.25,1191.722,1386.972,76.822,405.196,482.018,0.6556429021065017,11252.046,0.0011252046,935.496,1997.03,0.0,0.38430710389715667,59213,366905,426118,241009,5626023,0,2,453,0,2,0,13,0,7,23,0,94.538,140,442
6080000,2026-01-19T16:14:12.468229,694605,59313,426805,241393,468499,0.6556151602964122,0.5635277,0.3842910064252629,118.626,734.984,853.61,195.556,1193.654,1389.21,76.928,405.858,482.786,0.6556151602964122,11270.554,0.0011270554,936.998,2000.228,0.0,0.3842910064252629,59313,367492,426805,241393,5635277,0,3,445,0,7,0,9,0,3,33,0,73.944,102,455
6090000,2026-01-19T16:14:14.450677,695722,59411,427489,241778,469252,0.6556357886307944,0.5644577,0.384294543164681,118.822,736.156,854.978,195.882,1195.562,1391.444,77.06,406.496,483.556,0.6556357886307944,11289.154,0.0011289154,938.504,2003.44,0.0,0.384294543164681,59411,368078,427489,241778,5644577,0,4,451,0,2,0,8,1,3,31,0,21.824,123,210
6100000,2026-01-19T16:14:16.435507,696827,59506,428161,242167,470004,0.6556897542823151,0.5653849,0.3843123853777808,119.012,737.31,856.322,196.19,1197.464,1393.654,77.178,407.156,484.334,0.6556897542823151,11307.698,0.0011307697999999998,940.008,2006.64,0.0,0.3843123853777808,59506,368655,428161,242167,5653849,0,3,456,0,3,0,5,0,2,31,0,88.04,181,401
6110000,2026-01-19T16:14:18.427071,698008,59598,428873,242582,470824,0.6558430916924362,0.5663024,0.3843514116430192,119.196,738.55,857.746,196.51,1199.506,1396.016,77.312,407.852,485.164,0.6558430916924362,11326.048,0.0011326048,941.648,2010.148,0.0,0.3843514116430192,59598,369275,428873,242582,5663024,0,3,472,0,3,0,6,0,2,14,0,68.272,146,458
6120000,2026-01-19T16:14:20.436110,699187,59698,429598,242997,471611,0.6558711633840658,0.5672328,0.3843693879378248,119.396,739.8,859.196,196.84,1201.534,1398.374,77.444,408.55,485.994,0.6558711633840658,11344.656,0.0011344656,943.222,2013.488,0.0,0.3843693879378248,59698,369900,429598,242997,5672328,0,1,451,0,7,0,12,0,6,23,0,127.958,171,460
6130000,2026-01-19T16:14:22.517271,700306,59790,430286,243388,472373,0.6558915415498067,0.5681608,0.3843759490270743,119.58,740.992,860.572,197.156,1203.456,1400.612,77.574,409.202,486.776,0.6558915415498067,11363.216,0.0011363216,944.746,2016.732,0.0,0.3843759490270743,59790,370496,430286,243388,5681608,0,6,447,0,3,0,12,0,8,24,0,84.81,133,465
6140000,2026-01-19T16:14:24.519928,701430,59883,430978,243774,473151,0.6559067626391453,0.5690818,0.3843763355566305,119.766,742.19,861.956,197.458,1205.402,1402.86,77.69,409.858,487.548,0.6559067626391453,11381.636,0.0011381636,946.302,2020.036,0.0,0.3843763355566305,59883,371095,430978,243774,5690818,0,5,454,0,2,0,7,0,4,28,0,94.024,171,472
6150000,2026-01-19T16:14:26.517052,702618,59983,431711,244180,473944,0.655853280028614,0.5700041,0.38436210413284433,119.966,743.456,863.422,197.808,1207.428,1405.236,77.842,410.518,488.36,0.655853280028614,11400.082,0.0011400082,947.888,2023.438,0.0,0.38436210413284433,59983,371728,431711,244180,5700041,0,3,460,0,2,0,9,0,3,23,0,80.636,177,453
6160000,2026-01-19T16:14:28.502053,703743,60081,432395,244575,474698,0.655864225242076,0.5709287,0.3843687950742649,120.162,744.628,864.79,198.122,1209.364,1407.486,77.958,411.192,489.15,0.655864225242076,11418.574,0.0011418574,949.396,2026.65,0.0,0.3843687950742649,60081,372314,432395,244575,5709287,0,6,451,0,3,0,11,0,7,22,0,97.142,148,433
6170000,2026-01-19T16:14:30.494784,704916,60181,433133,244969,475478,0.6557771399824189,0.5718459,0.3843490618616488,120.362,745.904,866.266,198.48,1211.352,1409.832,78.116,411.822,489.938,0.6557771399824189,11436.918,0.0011436918000000001,950.956,2029.98,0.0,0.3843490618616488,60181,372952,433133,244969,5718459,0,8,450,0,5,0,7,0,5,25,0,95.276,139,453
6180000,2026-01-19T16:14:32.488956,706107,60280,433871,245386,476276,0.655779868310267,0.5727702,0.3843547035236311,120.56,747.182,867.742,198.828,1213.386,1412.214,78.266,412.506,490.772,0.655779868310267,11455.404,0.0011455404,952.552,2033.382,0.0,0.3843547035236311,60280,373591,433871,245386,5727702,0,2,447,0,4,0,14,0,7,26,0,115.724,157,461
6190000,2026-01-19T16:14:34.478715,707246,60378,434576,245775,477051,0.6557813992416829,0.5736929,0.3843566240310131,120.756,748.396,869.152,199.16,1215.332,1414.492,78.402,413.148,491.55,0.6557813992416829,11473.858,0.0011473858,954.102,2036.68,0.0,0.3843566240310131,60378,374198,434576,245775,5736929,0,7,457,0,2,0,6,0,3,25,0,92.058,157,465
6200000,2026-01-19T16:14:36.468235,708411,60479,435289,246177,477819,0.6558095926743995,0.5746117,0.384372410922151,120.958,749.62,870.578,199.482,1217.34,1416.822,78.524,413.83,492.354,0.6558095926743995,11492.234,0.0011492234,955.638,2039.99,0.0,0.384372410922151,60479,374810,435289,246177,5746117,0,4,461,0,9,0,14,0,4,8,0,130.618,164,466
6210000,2026-01-19T16:14:38.454307,709530,60575,435978,246562,478580,0.6558022969503521,0.5755407,0.38438215803520914,121.15,750.806,871.956,199.816,1219.244,1419.06,78.666,414.458,493.124,0.6558022969503521,11510.814,0.0011510814000000001,957.16,2043.218,0.0,0.38438215803520914,60575,375403,435978,246562,5755407,0,4,453,1,3,0,7,0,4,28,0,80.452,180,430
6220000,2026-01-19T16:14:40.442757,710681,60672,436682,246963,479353,0.6558256735610462,0.5764643,0.3843898224039311,121.344,752.02,873.364,200.154,1221.208,1421.362,78.808,415.118,493.926,0.6558256735610462,11529.286,0.0011529286,958.706,2046.518,0.0,0.3843898224039311,60672,376010,436682,246963,5764643,0,3,456,0,3,0,8,0,5,25,0,66.446,107,436
6230000,2026-01-19T16:14:42.433006,711841,60770,437397,247366,480124,0.6558050744414132,0.5773995,0.38439709212277173,121.54,753.254,874.794,200.488,1223.194,1423.682,78.948,415.784,494.732,0.6558050744414132,11547.99,0.001154799,960.248,2049.814,0.0,0.38439709212277173,60770,376627,437397,247366,5773995,0,3,451,0,7,0,12,0,6,21,0,72.864,170,467
6240000,2026-01-19T16:14:44.443244,713030,60868,438125,247778,480944,0.6557757298738507,0.5783119,0.3843967676857724,121.736,754.514,876.25,200.832,1225.228,1426.06,79.094,416.462,495.556,0.6557757298738507,11566.238,0.0011566238,961.888,2053.282,0.0,0.3843967676857724,60868,377257,438125,247778,5783119,0,3,461,0,0,0,5,0,2,29,0,26.758,95,349
6250000,2026-01-19T16:14:46.441378,714214,60970,438858,248179,481725,0.6557768453261826,0.5792296,0.38439252241873273,121.94,755.776,877.716,201.174,1227.254,1428.428,79.232,417.126,496.358,0.6557768453261826,11584.592,0.0011584592,963.45,2056.636,0.0,0.38439252241873273,60970,377888,438858,248179,5792296,0,5,461,0,2,0,6,0,4,22,0,68.026,122,432
6260000,2026-01-19T16:14:48.436605,715380,61071,439587,248572,482484,0.6557656996014186,0.5801597,0.38438970823616114,122.142,757.032,879.174,201.524,1229.236,1430.76,79.382,417.762,497.144,0.6557656996014186,11603.194,0.0011603193999999999,964.968,2059.91,0.0,0.38438970823616114,61071,378516,439587,248572,5801597,0,5,459,0,6,0,12,0,3,15,0,108.438,130,465
6270000,2026-01-19T16:14:50.420852,716509,61162,440272,248964,483257,0.65578766470697,0.5810757,0.3843981879820317,122.324,758.22,880.544,201.85,1231.168,1433.018,79.524,418.404,497.928,0.65578766470697,11621.514,0.0011621513999999999,966.514,2063.178,0.0,0.3843981879820317,61162,379110,440272,248964,5810757,0,4,456,0,3,0,10,0,7,20,0,74.69,115,459
6280000,2026-01-19T16:14:52.547983,717624,61258,440959,249349,484015,0.6557912230111406,0.5819992,0.38440377413920673,122.516,759.402,881.918,202.162,1233.086,1435.248,79.644,419.054,498.698,0.6557912230111406,11639.984,0.0011639984,968.03,2066.39,0.0,0.38440377413920673,61258,379701,440959,249349,5819992,0,7,453,0,1,0,7,0,4,28,0,29.96,85,362
6290000,2026-01-19T16:14:54.542258,718818,61359,441701,249758,484797,0.6557846103895202,0.5829283,0.3844042564257067,122.718,760.684,883.402,202.524,1235.112,1437.636,79.806,419.71,499.516,0.6557846103895202,11658.566,0.0011658565999999998,969.594,2069.752,0.0,0.3844042564257067,61359,380342,441701,249758,5829283,1,8,451,1,4,0,8,0,10,17,0,103.956,180,465
6300000,2026-01-19T16:14:56.533052,719969,61464,442412,250169,485572,0.6558056891680756,0.5838685,0.38441407250642323,122.928,761.896,884.824,202.842,1237.096,1439.938,79.914,420.424,500.338,0.6558056891680756,11677.37,0.001167737,971.144,2073.048,0.0,0.38441407250642323,61464,380948,442412,250169,5838685,0,7,455,0,3,0,9,0,4,22,0,108.084,158,462
6310000,2026-01-19T16:14:58.518791,721107,61561,443111,250572,486336,0.6558450673777968,0.5848036,0.38442920280027354,123.122,763.1,886.222,203.178,1239.036,1442.214,80.054,421.09,501.144,0.6558450673777968,11696.072,0.0011696071999999999,972.672,2076.326,0.0,0.38442920280027354,61561,381550,443111,250572,5848036,0,1,454,0,2,0,9,0,6,28,0,80.786,129,442
6320000,2026-01-19T16:15:00.544562,722231,61656,443796,250968,487102,0.6559354689242513,0.5857323,0.38444837886677774,123.312,764.28,887.592,203.486,1240.976,1444.462,80.172,421.764,501.936,0.6559354689242513,11714.646,0.0011714645999999999,974.204,2079.59,0.0,0.38444837886677774,61656,382140,443796,250968,5857323,0,2,452,0,3,0,10,0,3,30,0,68.368,112,356
6330000,2026-01-19T16:15:02.825219,723362,61752,444489,251373,487866,0.6559765455129539,0.5866768,0.38446549964117277,123.504,765.474,888.978,203.8,1242.924,1446.724,80.296,422.45,502.746,0.6559765455129539,11733.536,0.0011733536,975.732,2082.87,0.0,0.38446549964117277,61752,382737,444489,251373,5866768,0,5,463,0,5,0,11,0,6,10,0,115.306,179,474
6340000,2026-01-19T16:15:04.967488,724491,61849,445182,251762,488633,0.6559784181944572,0.5875929,0.3844683677633029,123.698,766.666,890.364,204.112,1244.87,1448.982,80.412,423.112,503.524,0.6559784181944572,11751.858,0.0011751857999999999,977.266,2086.112,0.0,0.3844683677633029,61849,383333,445182,251762,5875929,0,1,449,0,3,0,11,0,4,32,0,119.64,165,458
6350000,2026-01-19T16:15:07.431716,725646,61945,445897,252163,489419,0.6559978697542777,0.5885161,0.3844752675529392,123.89,767.904,891.794,204.44,1246.852,1451.292,80.55,423.776,504.326,0.6559978697542777,11770.322,0.0011770322,978.838,2089.452,0.0,0.3844752675529392,61945,383952,445897,252163,5885161,0,5,450,0,4,0,7,0,4,30,0,68.536,120,458
6360000,2026-01-19T16:15:09.801464,726790,62038,446587,252560,490196,0.6560598611639854,0.5894284,0.3844930179864433,124.076,769.098,893.174,204.776,1248.804,1453.58,80.698,424.422,505.12,0.6560598611639854,11788.568,0.0011788567999999999,980.392,2092.766,0.0,0.3844930179864433,62038,384549,446587,252560,5894284,0,5,459,0,3,0,9,0,6,18,0,61.894,111,431
6370000,2026-01-19T16:15:12.312517,727949,62140,447298,252962,490975,0.6561059341377753,0.5903608,0.38450026659360637,124.28,770.316,894.596,205.084,1250.814,1455.898,80.802,425.122,505.924,0.6561059341377753,11807.216,0.0011807216,981.95,2096.102,0.0,0.38450026659360637,62140,385158,447298,252962,5903608,0,9,452,0,2,0,12,0,9,16,0,119.824,172,473
6380000,2026-01-19T16:15:14.350389,729082,62243,447995,253356,491736,0.6561210217480059,0.5912902,0.38450969864646783,124.486,771.504,895.99,205.412,1252.752,1458.164,80.924,425.788,506.712,0.6561210217480059,11825.804,0.0011825804,983.472,2099.336,0.0,0.38450969864646783,62243,385752,447995,253356,5912902,0,6,456,0,1,0,6,0,4,27,0,61.482,137,361
6390000,2026-01-19T16:15:16.569829,730232,62347,448700,253752,492487,0.6561141788746938,0.5922179,0.38451556637452167,124.694,772.706,897.4,205.73,1254.734,1460.464,81.036,426.468,507.504,0.6561141788746938,11844.358,0.0011844358,984.974,2102.598,0.0,0.38451556637452167,62347,386353,448700,253752,5922179,0,6,464,0,9,0,13,0,4,4,0,117.45,176,474
6400000,2026-01-19T16:15:18.581561,731348,62442,449392,254141,493241,0.6561175268835542,0.5931446,0.38452061257201026,124.884,773.9,898.784,206.046,1256.65,1462.696,81.16,427.122,508.282,0.6561175268835542,11862.892,0.0011862892,986.482,2105.798,0.0,0.38452061257201026,62442,386950,449392,254141,5931446,0,4,450,0,7,0,11,0,5,23,0,96.13,131,470
6410000,2026-01-19T16:15:20.823919,732491,62536,450085,254535,494029,0.6561536821062155,0.594062,0.3845364442738841,125.072,775.098,900.17,206.366,1258.616,1464.982,81.292,427.778,509.07,0.6561536821062155,11881.24,0.001188124,988.058,2109.128,0.0,0.3845364442738841,62536,387549,450085,254535,5940620,0,5,456,0,2,0,9,0,4,24,0,78.496,144,472
6420000,2026-01-19T16:15:23.034891,733622,62631,450778,254929,494796,0.6561903886031945,0.5949913,0.3845545805573998,125.262,776.294,901.556,206.676,1260.568,1467.244,81.412,428.446,509.858,0.6561903886031945,11899.826,0.0011899826,989.592,2112.406,0.0,0.3845545805573998,62631,388147,450778,254929,5949913,0,7,453,0,1,0,12,0,5,22,0,60.258,158,317
6430000,2026-01-19T16:15:25.028291,734794,62724,451498,255334,495602,0.6562111103607188,0.5959074,0.38456334189071834,125.448,777.548,902.996,207.01,1262.578,1469.588,81.56,429.108,510.668,0.6562111103607188,11918.148,0.0011918147999999999,991.204,2115.83,0.0,0.38456334189071834,62724,388774,451498,255334,5959074,0,3,456,0,1,0,7,0,4,29,0,44.152,82,418
6440000,2026-01-19T16:15:27.547634,735893,62822,452174,255719,496331,0.6561986324820764,0.5968522,0.38456623251717564,125.644,778.704,904.348,207.324,1264.462,1471.786,81.678,429.76,511.438,0.6561986324820764,11937.044,0.0011937044,992.662,2118.982,0.0,0.38456623251717564,62822,389352,452174,255719,5968522,0,2,468,0,5,0,9,0,4,12,0,111.882,158,483
6450000,2026-01-19T16:15:29.878757,737051,62917,452881,256120,497120,0.6561758428309193,0.5977716,0.38456708521329663,125.834,779.928,905.762,207.642,1266.46,1474.102,81.808,430.432,512.24,0.6561758428309193,11955.432,0.0011955432,994.24,2122.334,0.0,0.38456708521329663,62917,389964,452881,256120,5977716,0,3,464,1,3,0,11,0,5,13,0,115.352,180,473
6460000,2026-01-19T16:15:32.469006,738173,63012,453559,256521,497895,0.6562565325677296,0.5986998,0.3845940083871715,126.024,781.094,907.118,207.956,1268.39,1476.346,81.932,431.11,513.042,0.6562565325677296,11973.996,0.0011973996,995.79,2125.612,0.0,0.3845940083871715,63012,390547,453559,256521,5986998,0,9,462,0,2,0,6,0,3,18,0,55.368,122,476
6470000,2026-01-19T16:15:34.836448,739294,63104,454251,256912,498647,0.6562976132890976,0.599633,0.3846066860721159,126.208,782.294,908.502,208.27,1270.318,1478.588,82.062,431.762,513.824,0.6562976132890976,11992.66,0.001199266,997.294,2128.826,0.0,0.3846066860721159,63104,391147,454251,256912,5996330,0,2,457,0,5,0,12,0,5,19,0,123.73,178,469
6480000,2026-01-19T16:15:37.153746,740410,63199,454944,257296,499402,0.6563088140586448,0.6005578,0.38460758833802505,126.398,783.49,909.888,208.584,1272.236,1480.82,82.184,432.408,514.592,0.6563088140586448,12011.156,0.0012011156,998.804,2132.028,0.0,0.38460758833802505,63199,391745,454944,257296,6005578,0,4,449,0,2,0,8,0,4,33,0,66.114,114,365
6490000,2026-01-19T16:15:39.224749,741574,63288,455655,257708,500210,0.6563289472015434,0.6014756,0.38461903689704185,126.576,784.734,911.31,208.894,1274.254,1483.148,82.316,433.1,515.416,0.6563289472015434,12029.512,0.0012029512,1000.42,2135.446,0.0,0.38461903689704185,63288,392367,455655,257708,6014756,0,5,444,0,7,0,8,0,3,33,0,63.6,92,398
6500000,2026-01-19T16:15:41.342952,742731,63383,456362,258118,500989,0.6563465999095794,0.6024095,0.3846322634845868,126.766,785.958,912.724,209.226,1276.236,1485.462,82.458,433.778,516.236,0.6563465999095794,12048.19,0.001204819,1001.978,2138.752,0.0,0.3846322634845868,63383,392979,456362,258118,6024095,0,8,445,0,6,0,14,0,4,23,0,132.044,169,463
6510000,2026-01-19T16:15:43.392235,743813,63475,457023,258491,501719,0.6563831979406778,0.6033346,0.38464562437636524,126.95,787.096,914.046,209.542,1278.084,1487.626,82.59,434.392,516.982,0.6563831979406778,12066.692,0.0012066692000000001,1003.438,2141.896,0.0,0.38464562437636524,63475,393548,457023,258491,6033346,0,3,456,0,5,0,12,0,3,21,0,100.406,133,452
6520000,2026-01-19T16:15:45.416970,744941,63569,457711,258876,502478,0.6564025818533509,0.6042493,0.38466000936673234,127.138,788.284,915.422,209.866,1280.016,1489.882,82.726,435.026,517.752,0.6564025818533509,12084.986,0.0012084986,1004.956,2145.148,0.0,0.38466000936673234,63569,394142,457711,258876,6042493,0,3,460,0,4,0,12,0,6,15,0,51.854,98,438
6530000,2026-01-19T16:15:47.482142,746067,63667,458406,259267,503246,0.6564104848346136,0.6051832,0.3846648200206004,127.334,789.478,916.812,210.176,1281.958,1492.134,82.84,435.694,518.534,0.6564104848346136,12103.664,0.0012103664,1006.492,2148.428,0.0,0.3846648200206004,63667,394739,458406,259267,6051832,0,7,465,0,3,0,6,0,3,16,0,61.162,122,366
6540000,2026-01-19T16:15:49.559814,747197,63765,459096,259664,504008,0.6564606536992771,0.6061033,0.3846804879780756,127.53,790.662,918.192,210.498,1283.896,1494.394,82.966,436.362,519.328,0.6564606536992771,12122.066,0.0012122066,1008.016,2151.648,0.0,0.3846804879780756,63765,395331,459096,259664,6061033,0,6,458,0,2,0,7,0,3,24,0,45.896,96,387
6550000,2026-01-19T16:15:51.581358,748346,63863,459796,260065,504782,0.6565029414013881,0.6070307,0.3846988412539022,127.726,791.866,919.592,210.808,1285.884,1496.692,83.082,437.048,520.13,0.6565029414013881,12140.614,0.0012140614000000001,1009.564,2154.958,0.0,0.3846988412539022,63863,395933,459796,260065,6070307,0,6,459,0,8,0,11,0,3,13,0,89.524,179,471
6560000,2026-01-19T16:15:53.642026,749466,63957,460486,260460,505556,0.656517443910527,0.6079547,0.3847051333157032,127.914,793.058,920.972,211.108,1287.824,1498.932,83.192,437.728,520.92,0.656517443910527,12159.094,0.0012159094,1011.112,2158.25,0.0,0.3847051333157032,63957,396529,460486,260460,6079547,0,4,460,0,0,0,7,0,3,26,0,31.53,87,348
6570000,2026-01-19T16:15:55.822658,750589,64055,461163,260849,506314,0.6565698126168663,0.6088845,0.38472683727966733,128.11,794.216,922.326,211.41,1289.768,1501.178,83.298,438.4,521.698,0.6565698126168663,12177.69,0.001217769,1012.628,2161.486,0.0,0.38472683727966733,64055,397108,461163,260849,6088845,0,7,451,0,2,0,6,0,5,29,0,84.818,138,398
6580000,2026-01-19T16:15:57.848538,751719,64150,461854,261244,507074,0.6565373088474645,0.6098117,0.38472545208000075,128.3,795.408,923.708,211.734,1291.704,1503.438,83.434,439.054,522.488,0.6565373088474645,12196.234,0.0012196234,1014.148,2164.72,0.0,0.38472545208000075,64150,397704,461854,261244,6098117,0,8,448,0,3,0,10,0,6,25,0,122.516,177,450
6590000,2026-01-19T16:15:59.886156,752862,64245,462554,261642,507854,0.6565396512109023,0.6107264,0.38472535007972236,128.49,796.618,925.108,212.052,1293.672,1505.724,83.56,439.724,523.284,0.6565396512109023,12214.528,0.0012214528,1015.708,2168.062,0.0,0.38472535007972236,64245,398309,462554,261642,6107264,0,5,460,0,3,0,9,0,4,19,0,78.734,127,465
6600000,2026-01-19T16:16:01.912209,754022,64343,463260,262055,508646,0.6565886080410717,0.6116501,0.3847393901360222,128.686,797.834,926.52,212.38,1295.664,1508.044,83.692,440.418,524.11,0.6565886080410717,12233.002,0.0012233002,1017.292,2171.402,0.0,0.3847393901360222,64343,398917,463260,262055,6116501,0,2,453,0,1,0,9,0,5,30,0,42.222,73,457
6610000,2026-01-19T16:16:03.955113,755217,64444,464000,262464,509439,0.6566031204051556,0.6125771,0.38474147995378744,128.888,799.112,928.0,212.73,1297.704,1510.434,83.84,441.088,524.928,0.6566031204051556,12251.542,0.0012251542,1018.878,2174.8,0.0,0.38474147995378744,64444,399556,464000,262464,6125771,0,6,450,0,5,0,11,0,4,24,0,86.494,122,467
6620000,2026-01-19T16:16:06.027368,756358,64542,464697,262857,510217,0.6566415697821205,0.6134944,0.3847478694894028,129.084,800.31,929.394,213.036,1299.68,1512.716,83.95,441.764,525.714,0.6566415697821205,12269.888,0.0012269888,1020.434,2178.142,0.0,0.3847478694894028,64542,400155,464697,262857,6134944,0,5,458,0,5,0,9,0,4,19,0,88.284,155,463
6630000,2026-01-19T16:16:08.085914,757521,64639,465403,263268,511018,0.6566803495044867,0.6144106,0.38476065747398464,129.278,801.528,930.806,213.34,1301.702,1515.042,84.06,442.476,526.536,0.6566803495044867,12288.212,0.0012288212,1022.036,2181.52,0.0,0.38476065747398464,64639,400764,465403,263268,6144106,0,5,444,0,4,0,11,0,4,32,0,91.942,138,442
6640000,2026-01-19T16:16:10.138130,758658,64737,466103,263665,511792,0.6567126203656242,0.6153425,0.3847667805258275,129.474,802.732,932.206,213.664,1303.652,1517.316,84.188,443.142,527.33,0.6567126203656242,12306.85,0.001230685,1023.584,2184.848,0.0,0.3847667805258275,64737,401366,466103,263665,6153425,0,6,465,0,2,0,7,0,4,16,0,47.436,142,327
6650000,2026-01-19T16:16:12.176786,759781,64844,466803,264046,512521,0.6566674682660287,0.6162746,0.38474805604709733,129.688,803.918,933.606,213.986,1305.576,1519.562,84.298,443.794,528.092,0.6566674682660287,12325.492,0.0012325492,1025.042,2188.006,0.0,0.38474805604709733,64844,401959,466803,264046,6162746,0,4,466,0,1,0,6,1,5,17,0,46.2,123,345
6660000,2026-01-19T16:16:14.200323,760953,64940,467513,264449,513307,0.6567003906425221,0.6171846,0.38475603553349885,129.88,805.146,935.026,214.316,1307.59,1521.906,84.434,444.464,528.898,0.6567003906425221,12343.692,0.0012343692,1026.614,2191.334,0.0,0.38475603553349885,64940,402573,467513,264449,6171846,0,5,444,0,6,0,13,0,5,27,0,100.192,142,458
6670000,2026-01-19T16:16:16.232710,762071,65037,468195,264837,514065,0.6566700181122007,0.6181177,0.384753249436757,130.074,806.316,936.39,214.632,1309.51,1524.142,84.556,445.118,529.674,0.6566700181122007,12362.354,0.0012362354,1028.13,2194.55,0.0,0.384753249436757,65037,403158,468195,264837,6181177,0,8,450,0,2,0,9,0,5,26,0,79.572,171,466
6680000,2026-01-19T16:16:18.268192,763212,65138,468895,265234,514831,0.6566780184973726,0.619048,0.3847566020096221,130.276,807.514,937.79,214.954,1311.47,1526.424,84.678,445.79,530.468,0.6566780184973726,12380.96,0.0012380960000000002,1029.662,2197.822,0.0,0.3847566020096221,65138,403757,468895,265234,6190480,0,6,446,1,2,0,8,0,3,34,0,102.534,181,344
6690000,2026-01-19T16:16:20.262458,764395,65238,469625,265637,515624,0.656693614251952,0.6199622,0.3847634911684898,130.476,808.774,939.25,215.294,1313.496,1528.79,84.816,446.458,531.274,0.656693614251952,12399.244,0.0012399244,1031.248,2201.242,0.0,0.3847634911684898,65238,404387,469625,265637,6199622,0,2,463,0,4,0,6,0,4,21,0,88.556,142,436
6700000,2026-01-19T16:16:22.252431,765561,65339,470343,266042,516411,0.65669945792658,0.6208889,0.3847678044598354,130.678,810.008,940.686,215.61,1315.512,1531.122,84.93,447.154,532.084,0.65669945792658,12417.778,0.0012417778,1032.822,2204.574,0.0,0.3847678044598354,65339,405004,470343,266042,6208889,0,10,447,0,3,0,9,0,3,28,0,89.308,148,447
6710000,2026-01-19T16:16:24.251052,766735,65443,471075,266447,517184,0.6566998237315634,0.621824,0.3847675999201823,130.886,811.264,942.15,215.962,1317.508,1533.47,85.076,447.818,532.894,0.6566998237315634,12436.48,0.0012436480000000002,1034.368,2207.904,0.0,0.3847675999201823,65443,405632,471075,266447,6218240,0,5,457,0,2,0,8,1,5,22,0,60.092,124,405
6720000,2026-01-19T16:16:26.241769,767865,65546,471762,266844,517944,0.6566835555735056,0.6227582,0.3847635962664199,131.092,812.432,943.524,216.27,1319.46,1535.73,85.178,448.51,533.688,0.6566835555735056,12455.164,0.0012455164,1035.888,2211.152,0.0,0.3847635962664199,65546,406216,471762,266844,6227582,0,4,458,0,3,0,5,0,3,27,0,72.806,122,396
6730000,2026-01-19T16:16:28.264841,769004,65642,472460,267234,518709,0.6567016689419456,0.6236757,0.3847649021574634,131.284,813.636,944.92,216.584,1321.424,1538.008,85.298,449.17,534.468,0.6567016689419456,12473.514,0.0012473514000000002,1037.418,2214.418,0.0,0.3847649021574634,65642,406818,472460,267234,6236757,0,4,453,0,0,0,9,0,4,30,0,45.544,127,289
6740000,2026-01-19T16:16:30.436071,770137,65743,473151,267629,519463,0.6567255768867007,0.6246075,0.3847714967049727,131.486,814.816,946.302,216.876,1323.398,1540.274,85.388,449.87,535.258,0.6567255768867007,12492.15,0.001249215,1038.926,2217.69,0.0,0.3847714967049727,65743,407408,473151,267629,6246075,0,4,458,0,6,0,14,0,7,11,0,106.148,151,478
6750000,2026-01-19T16:16:32.483042,771330,65843,473898,268038,520265,0.6567225161882654,0.6255282,0.384773738777789,131.686,816.11,947.796,217.212,1325.448,1542.66,85.524,450.552,536.076,0.6567225161882654,12510.564,0.0012510563999999999,1040.53,2221.1,0.0,0.384773738777789,65843,408055,473898,268038,6255282,0,3,449,0,6,0,16,0,4,22,0,86.534,126,445
6760000,2026-01-19T16:16:34.685138,772478,65939,474596,268438,521059,0.6567650229676322,0.6264522,0.38478603460521266,131.878,817.314,949.192,217.514,1327.442,1544.956,85.636,451.24,536.876,0.6567650229676322,12529.044,0.0012529044000000001,1042.118,2224.466,0.0,0.38478603460521266,65939,408657,474596,268438,6264522,0,0,453,0,7,0,11,0,1,28,0,131.604,177,410
6770000,2026-01-19T16:16:36.885623,773630,66038,475314,268818,521826,0.6566946483209828,0.6273499,0.3847636136909118,132.076,818.552,950.628,217.852,1329.408,1547.26,85.774,451.862,537.636,0.6566946483209828,12546.998,0.0012546998,1043.652,2227.774,0.0,0.3847636136909118,66038,409276,475314,268818,6273499,0,4,465,0,1,0,9,0,3,18,0,48.886,130,240
6780000,2026-01-19T16:16:39.022141,774730,66137,475984,269200,522561,0.6567199302074666,0.6282825,0.384772433487485,132.274,819.694,951.968,218.156,1331.304,1549.46,85.882,452.518,538.4,0.6567199302074666,12565.65,0.0012565649999999999,1045.122,2230.906,0.0,0.384772433487485,66137,409847,475984,269200,6282825,0,3,455,0,3,0,10,1,4,24,0,74.962,124,427
6790000,2026-01-19T16:16:41.130354,775912,66237,476712,269610,523364,0.6567274477813188,0.6292072,0.38477465685615053,132.474,820.95,953.424,218.476,1333.348,1551.824,86.002,453.218,539.22,0.6567274477813188,12584.144,0.0012584144,1046.728,2234.33,0.0,0.38477465685615053,66237,410475,476712,269610,6292072,0,4,454,1,6,0,9,0,2,24,0,100.866,180,446
6800000,2026-01-19T16:16:43.252016,777055,66332,477406,270009,524149,0.6567912024562086,0.6301218,0.3847911877647278,132.664,822.148,954.812,218.78,1335.33,1554.11,86.114,453.904,540.018,0.6567912024562086,12602.436,0.0012602435999999999,1048.298,2237.67,0.0,0.3847911877647278,66332,411074,477406,270009,6301218,0,5,456,0,5,0,7,0,4,23,0,125.918,167,468
6810000,2026-01-19T16:16:45.360707,778172,66425,478090,270400,524911,0.6568642857958992,0.6310494,0.38481641333874145,132.85,823.33,956.18,219.084,1337.26,1556.344,86.232,454.568,540.8,0.6568642857958992,12620.988,0.0012620988,1049.822,2240.938,0.0,0.38481641333874145,66425,411665,478090,270400,6310494,0,3,463,0,5,0,12,0,2,15,0,101.124,137,434
6820000,2026-01-19T16:16:47.526046,779320,66520,478788,270803,525699,0.6569215294466376,0.6319707,0.38483493990851886,133.04,824.536,957.576,219.39,1339.25,1558.64,86.348,455.258,541.606,0.6569215294466376,12639.414,0.0012639414,1051.398,2244.276,0.0,0.38483493990851886,66520,412268,478788,270803,6319707,0,3,451,0,5,0,8,0,6,27,0,110.774,147,458
6830000,2026-01-19T16:16:49.651394,780466,66618,479498,271194,526469,0.6568825035996273,0.6328869,0.38482420667786044,133.236,825.76,958.996,219.71,1341.222,1560.932,86.472,455.916,542.388,0.6568825035996273,12657.738,0.0012657738,1052.938,2247.59,0.0,0.38482420667786044,66618,412880,479498,271194,6328869,0,1,463,0,5,0,9,0,4,18,0,79.31,105,439
6840000,2026-01-19T16:16:51.764496,781604,66715,480200,271596,527224,0.6568940675659334,0.6338237,0.3848284545130783,133.43,826.97,960.4,220.04,1343.168,1563.208,86.608,456.584,543.192,0.6568940675659334,12676.474,0.0012676474,1054.448,2250.804,0.0,0.3848284545130783,66715,413485,480200,271596,6338237,0,7,447,0,5,0,16,0,8,17,0,116.604,158,441
6850000,2026-01-19T16:16:53.857482,782745,66812,480898,271983,527995,0.6568883591660741,0.6347433,0.38482606111338596,133.624,828.172,961.796,220.372,1345.118,1565.49,86.746,457.22,543.966,0.6568883591660741,12694.866,0.0012694866,1055.99,2254.096,0.0,0.38482606111338596,66812,414086,480898,271983,6347433,0,2,452,0,3,0,12,0,6,25,0,106.52,158,463
6860000,2026-01-19T16:16:55.864606,783843,66909,481574,272363,528732,0.6568815394433786,0.6356778,0.3848244910976909,133.818,829.33,963.148,220.692,1346.994,1567.686,86.872,457.854,544.726,0.6568815394433786,12713.556,0.0012713555999999998,1057.464,2257.23,0.0,0.3848244910976909,66909,414665,481574,272363,6356778,0,3,453,0,2,0,8,0,5,29,0,73.458,134,357
6870000,2026-01-19T16:16:57.879116,784964,67008,482264,272758,529480,0.6568720371646812,0.6366107,0.38482644300532914,134.016,830.512,964.528,220.998,1348.93,1569.928,86.98,458.536,545.516,0.6568720371646812,12732.214,0.0012732213999999999,1058.96,2260.432,0.0,0.38482644300532914,67008,415256,482264,272758,6366107,0,4,450,0,5,0,11,0,7,23,0,104.084,143,464
6880000,2026-01-19T16:16:59.904584,786068,67104,482933,273149,530225,0.6569086161559681,0.63754,0.3848367691869452,134.208,831.658,965.866,221.316,1350.82,1572.136,87.106,459.192,546.298,0.6569086161559681,12750.8,0.00127508,1060.45,2263.586,0.0,0.3848367691869452,67104,415829,482933,273149,6375400,0,7,447,0,8,0,11,0,5,22,0,106.622,146,461
6890000,2026-01-19T16:17:01.921576,787202,67206,483638,273539,530979,0.6568556542942808,0.6384773,0.3848225264495943,134.412,832.864,967.276,221.672,1352.732,1574.404,87.26,459.818,547.078,0.6568556542942808,12769.546,0.0012769546,1061.958,2266.8,0.0,0.3848225264495943,67206,416432,483638,273539,6384773,0,4,455,0,3,0,4,1,4,29,0,58.648,123,310
6900000,2026-01-19T16:17:04.053652,788372,67309,484362,273941,531745,0.656837016294746,0.6394016,0.38481355418061974,134.618,834.106,968.724,221.998,1354.746,1576.744,87.38,460.502,547.882,0.656837016294746,12788.032,0.0012788032,1063.49,2270.088,0.0,0.38481355418061974,67309,417053,484362,273941,6394016,0,6,444,0,8,1,14,0,3,24,0,112.366,174,460
6910000,2026-01-19T16:17:06.116316,789518,67410,485078,274344,532509,0.6568480448236557,0.6403388,0.38481461034478526,134.82,835.336,970.156,222.34,1356.696,1579.036,87.518,461.17,548.688,0.6568480448236557,12806.776,0.0012806776,1065.018,2273.354,0.0,0.38481461034478526,67410,417668,485078,274344,6403388,0,3,450,0,3,0,13,0,4,27,0,99.536,139,476
6920000,2026-01-19T16:17:08.179536,790649,67511,485773,274734,533267,0.6568356174845409,0.6412644,0.38480614947876063,135.022,836.524,971.546,222.654,1358.644,1581.298,87.63,461.838,549.468,0.6568356174845409,12825.288,0.0012825287999999998,1066.534,2276.61,0.0,0.38480614947876063,67511,418262,485773,274734,6412644,0,6,455,0,5,0,11,0,5,18,0,103.44,171,478
6930000,2026-01-19T16:17:10.800325,791824,67607,486489,275152,534081,0.6569365802198774,0.6421876,0.38483678043171743,135.214,837.764,972.978,222.97,1360.678,1583.648,87.756,462.548,550.304,0.6569365802198774,12843.752,0.0012843752,1068.162,2280.066,0.0,0.38483678043171743,67607,418882,486489,275152,6421876,0,2,460,0,2,0,12,0,4,20,0,120.92,172,485
6940000,2026-01-19T16:17:13.507956,792939,67702,487174,275534,534820,0.6569583313670722,0.6431082,0.3848434340481994,135.404,838.944,974.348,223.308,1362.57,1585.878,87.902,463.166,551.068,0.6569583313670722,12862.164,0.0012862164,1069.64,2283.216,0.0,0.3848434340481994,67702,419472,487174,275534,6431082,0,4,459,0,6,0,13,0,4,14,0,89.868,127,490
6950000,2026-01-19T16:17:16.607222,794135,67801,487909,275954,535638,0.6569643989862776,0.6440422,0.38485091172111224,135.602,840.216,975.818,223.648,1364.622,1588.27,88.044,463.864,551.908,0.6569643989862776,12880.844,0.0012880844,1071.276,2286.676,0.0,0.38485091172111224,67801,420108,487909,275954,6440422,0,5,455,0,2,0,9,0,5,24,0,87.848,138,469
6960000,2026-01-19T16:17:18.786036,795270,67899,488603,276348,536402,0.6569707284700445,0.6449695,0.3848492091533023,135.798,841.408,977.206,223.962,1366.578,1590.54,88.164,464.532,552.696,0.6569707284700445,12899.39,0.001289939,1072.804,2289.926,0.0,0.3848492091533023,67899,420704,488603,276348,6449695,0,4,455,0,4,0,12,0,3,22,0,121.176,179,469
6970000,2026-01-19T16:17:20.823484,796472,68000,489345,276773,537209,0.6570169637294652,0.6459037,0.3848598581711234,136.0,842.69,978.69,224.322,1368.622,1592.944,88.322,465.224,553.546,0.6570169637294652,12918.074,0.0012918074,1074.418,2293.342,0.0,0.3848598581711234,68000,421345,489345,276773,6459037,1,4,447,0,8,0,7,0,4,29,0,91.446,120,460
6980000,2026-01-19T16:17:22.932382,797580,68100,490022,277158,537964,0.6570466828585166,0.6468325,0.38486716058320736,136.2,843.844,980.044,224.618,1370.542,1595.16,88.416,465.9,554.316,0.6570466828585166,12936.65,0.001293665,1075.928,2296.59,0.0,0.38486716058320736,68100,421922,490022,277158,6468325,0,4,466,0,0,0,5,0,4,21,0,69.916,144,477
6990000,2026-01-19T16:17:25.016879,798705,68192,490706,277558,538742,0.6571039290624463,0.6477652,0.3848865212362615,136.384,845.028,981.412,224.902,1372.508,1597.41,88.518,466.598,555.116,0.6571039290624463,12955.304,0.0012955304000000002,1077.484,2299.902,0.0,0.3848865212362615,68192,422514,490706,277558,6477652,0,5,465,0,4,0,5,0,2,19,0,70.972,124,440
7000000,2026-01-19T16:17:27.125260,799887,68292,491440,277966,539524,0.6571440311404994,0.6486873,0.3849008218726448,136.584,846.296,982.88,225.24,1374.534,1599.774,88.654,467.278,555.932,0.6571440311404994,12973.746,0.0012973746,1079.048,2303.248,0.0,0.3849008218726448,68292,423148,491440,277966,6486873,0,6,455,0,0,0,12,0,8,19,0,39.108,89,425
7010000,2026-01-19T16:17:29.242350,801005,68391,492125,278361,540277,0.6571949151629787,0.6496331,0.3849145185451851,136.782,847.468,984.25,225.548,1376.462,1602.01,88.764,467.958,556.722,0.6571949151629787,12992.662,0.0012992662,1080.554,2306.466,0.0,0.3849145185451851,68391,423734,492125,278361,6496331,0,1,455,0,6,0,10,0,4,24,0,96.886,130,463
7020000,2026-01-19T16:17:31.316637,802127,68484,492803,278759,541047,0.6572513551036779,0.6505654,0.38493785216274595,136.968,848.638,985.606,225.866,1378.388,1604.254,88.898,468.62,557.518,0.6572513551036779,13011.308,0.0013011308,1082.094,2309.712,0.0,0.38493785216274595,68484,424319,492803,278759,6505654,0,5,448,0,5,0,9,0,5,28,0,108.46,170,441
7030000,2026-01-19T16:17:33.311796,803248,68580,493488,279145,541792,0.657237033741589,0.6514928,0.38493443981422737,137.16,849.816,986.976,226.206,1380.29,1606.496,89.046,469.244,558.29,0.657237033741589,13029.856,0.0013029856,1083.584,2312.914,0.0,0.38493443981422737,68580,424908,493488,279145,6514928,0,4,456,0,5,0,12,0,6,17,0,107.966,179,475
7040000,2026-01-19T16:17:35.329145,804379,68679,494182,279543,542553,0.6572472270336602,0.652426,0.3849421504522844,137.358,851.006,988.364,226.544,1382.214,1608.758,89.184,469.902,559.086,0.6572472270336602,13048.52,0.001304852,1085.106,2316.138,0.0,0.3849421504522844,68679,425503,494182,279543,6524260,0,8,453,0,3,0,9,0,5,22,0,84.418,144,450
7050000,2026-01-19T16:17:37.366525,805562,68780,494912,279961,543346,0.6572540083209306,0.6533609,0.384942397876901,137.56,852.264,989.824,226.882,1384.242,1611.124,89.322,470.6,559.922,0.6572540083209306,13067.218,0.0013067218000000001,1086.692,2319.516,0.0,0.384942397876901,68780,426132,494912,279961,6533609,0,5,452,1,6,0,11,0,5,20,0,114.626,181,467
7060000,2026-01-19T16:17:39.386890,806703,68878,495618,280349,544100,0.6572183844199172,0.6542862,0.38493380178882813,137.756,853.48,991.236,227.226,1386.18,1613.406,89.468,471.23,560.698,0.6572183844199172,13085.724,0.0013085724000000002,1088.2,2322.738,0.0,0.38493380178882813,68878,426740,495618,280349,6542862,0,2,449,0,6,0,10,0,5,28,0,99.364,140,455
7070000,2026-01-19T16:17:41.392196,807843,68976,496310,280762,544888,0.6573134527768812,0.6552275,0.384961805666084,137.952,854.668,992.62,227.512,1388.174,1615.686,89.558,471.966,561.524,0.6573134527768812,13104.55,0.0013104549999999999,1089.776,2326.082,0.0,0.384961805666084,68976,427334,496310,280762,6552275,0,9,447,0,6,0,12,0,3,23,0,93.936,127,459
7080000,2026-01-19T16:17:43.423353,808987,69076,497014,281151,545650,0.657265067517791,0.6561541,0.38494926752065617,138.152,855.876,994.028,227.842,1390.132,1617.974,89.69,472.612,562.302,0.657265067517791,13123.082,0.0013123082,1091.3,2329.36,0.0,0.38494926752065617,69076,427938,497014,281151,6561541,0,3,456,0,5,0,10,0,5,21,0,115.244,173,478
7090000,2026-01-19T16:17:46.445671,810103,69171,497696,281544,546410,0.6573093667805375,0.6570867,0.3849612348370513,138.342,857.05,995.392,228.15,1392.056,1620.206,89.806,473.282,563.088,0.6573093667805375,13141.734,0.0013141734,1092.82,2332.59,0.0,0.3849612348370513,69171,428525,497696,281544,6570867,0,1,452,0,3,0,9,0,5,30,0,66.258,129,406
7100000,2026-01-19T16:17:49.457044,811264,69268,498406,281947,547201,0.6573869409413031,0.6580082,0.3849768328329897,138.536,858.276,996.812,228.442,1394.086,1622.528,89.904,473.99,563.894,0.6573869409413031,13160.164,0.0013160164,1094.402,2335.988,0.0,0.3849768328329897,69268,429138,498406,281947,6580082,0,4,455,0,5,0,14,0,5,17,0,127.074,172,473
7110000,2026-01-19T16:17:52.137578,812433,69364,499140,282346,547986,0.6573455098662129,0.658929,0.3849645793065197,138.728,859.552,998.28,228.786,1396.08,1624.866,90.056,474.636,564.692,0.6573455098662129,13178.58,0.0013178579999999999,1095.972,2339.344,0.0,0.3849645793065197,69364,429776,499140,282346,6589290,0,3,456,0,4,0,11,0,6,20,0,108.638,159,466
7120000,2026-01-19T16:17:54.267815,813589,69466,499841,282742,548758,0.6573028453726582,0.6598457,0.38495632161510984,138.932,860.75,999.682,229.12,1398.058,1627.178,90.186,475.298,565.484,0.6573028453726582,13196.914,0.0013196914,1097.516,2342.65,0.0,0.38495632161510984,69466,430375,499841,282742,6598457,0,3,462,0,7,0,11,0,4,13,0,116.166,172,477
7130000,2026-01-19T16:17:56.442998,814707,69564,500527,283128,549522,0.6573186950098657,0.66077,0.3849579845150171,139.128,861.926,1001.054,229.418,1399.996,1629.414,90.29,475.966,566.256,0.6573186950098657,13215.4,0.00132154,1099.044,2345.89,0.0,0.3849579845150171,69564,430963,500527,283128,6607700,0,2,452,0,4,0,5,1,5,31,0,54.73,123,318
7140000,2026-01-19T16:17:58.858231,815844,69661,501223,283526,550285,0.6573759536861595,0.6616973,0.384969304068315,139.322,863.124,1002.446,229.734,1401.954,1631.688,90.41,476.642,567.052,0.6573759536861595,13233.946,0.0013233946,1100.57,2349.162,0.0,0.384969304068315,69661,431562,501223,283526,6616973,0,5,455,0,6,0,10,0,3,21,0,91.712,152,464
7150000,2026-01-19T16:18:01.008725,817037,69763,501963,283928,551077,0.6572573656983766,0.6626045,0.3849392446751208,139.526,864.4,1003.926,230.07,1404.004,1634.074,90.544,477.312,567.856,0.6572573656983766,13252.09,0.0013252090000000002,1102.154,2352.55,0.0,0.3849392446751208,69763,432200,501963,283928,6626045,0,2,451,0,6,0,12,0,5,24,0,135.84,179,470
7160000,2026-01-19T16:18:03.150011,818219,69867,502707,284335,551847,0.6572344667532548,0.6635354,0.3849360577787071,139.734,865.68,1005.414,230.418,1406.02,1636.438,90.682,477.988,568.67,0.6572344667532548,13270.708,0.0013270708,1103.694,2355.874,0.0,0.3849360577787071,69867,432840,502707,284335,6635354,0,4,443,0,9,0,18,0,4,22,0,113.872,151,462
7170000,2026-01-19T16:18:05.470016,819383,69968,503425,284737,552632,0.6572268718338102,0.664458,0.38493618289168313,139.936,866.914,1006.85,230.762,1408.004,1638.766,90.824,478.65,569.474,0.6572268718338102,13289.16,0.001328916,1105.264,2359.226,0.0,0.38493618289168313,69968,433457,503425,284737,6644580,0,4,449,0,5,0,13,0,4,25,0,100.414,144,446
7180000,2026-01-19T16:18:07.643654,820504,70063,504112,285124,553406,0.6572297605264469,0.6653821,0.3849335267205108,140.126,868.098,1008.224,231.062,1409.946,1641.008,90.934,479.314,570.248,0.6572297605264469,13307.642,0.0013307642,1106.812,2362.532,0.0,0.3849335267205108,70063,434049,504112,285124,6653821,0,4,460,0,0,0,6,0,3,27,0,36.534,123,216
7190000,2026-01-19T16:18:09.767452,821570,70163,504763,285502,554112,0.6572485415467327,0.6663252,0.3849398458845665,140.326,869.2,1009.526,231.336,1411.804,1643.14,91.008,479.996,571.004,0.6572485415467327,13326.504,0.0013326503999999998,1108.224,2365.57,0.0,0.3849398458845665,70163,434600,504763,285502,6663252,0,6,456,0,6,0,11,0,3,18,0,53.694,112,347
7200000,2026-01-19T16:18:11.871249,822714,70266,505464,285899,554891,0.6572686129878745,0.6672501,0.38494643254691774,140.532,870.396,1010.928,231.646,1413.782,1645.428,91.112,480.686,571.798,0.6572686129878745,13345.002,0.0013345001999999998,1109.782,2368.914,0.0,0.38494643254691774,70266,435198,505464,285899,6672501,0,5,468,0,1,0,6,0,3,17,0,44.094,109,348
7210000,2026-01-19T16:18:13.984095,823853,70361,506157,286296,555657,0.6572990608750825,0.6681797,0.3849590151624655,140.722,871.592,1012.314,231.97,1415.736,1647.706,91.246,481.346,572.592,0.6572990608750825,13363.594,0.0013363594,1111.314,2372.146,0.0,0.3849590151624655,70361,435796,506157,286296,6681797,0,4,452,0,6,0,7,0,4,27,0,101.65,166,457
7220000,2026-01-19T16:18:16.128502,824995,70460,506867,286694,556418,0.6572950501026379,0.6691198,0.3849587694126879,140.92,872.814,1013.734,232.31,1417.68,1649.99,91.39,481.998,573.388,0.6572950501026379,13382.396,0.0013382396000000002,1112.836,2375.402,0.0,0.3849587694126879,70460,436407,506867,286694,6691198,0,4,453,1,6,0,7,0,4,25,0,92.662,180,376
7230000,2026-01-19T16:18:18.290329,826187,70552,507602,287108,557229,0.6573045453966505,0.6700429,0.3849631016437335,141.104,874.1,1015.204,232.656,1419.718,1652.374,91.55,482.666,574.216,0.6573045453966505,13400.858,0.0013400858,1114.458,2378.866,0.0,0.3849631016437335,70552,437050,507602,287108,6700429,0,3,455,0,5,0,10,0,5,22,0,129.346,173,462
7240000,2026-01-19T16:18:20.656997,827311,70649,508291,287499,557989,0.6572915728453608,0.6709635,0.38496411384146406,141.298,875.284,1016.582,232.984,1421.638,1654.622,91.684,483.314,574.998,0.6572915728453608,13419.27,0.0013419270000000001,1115.978,2382.062,0.0,0.38496411384146406,70649,437642,508291,287499,6709635,0,9,444,0,2,0,9,0,4,32,0,112.742,171,455
7250000,2026-01-19T16:18:22.787020,828479,70747,509018,287897,558758,0.6572608179098456,0.6718886,0.38495711769477703,141.494,876.542,1018.036,233.338,1423.62,1656.958,91.842,483.952,575.794,0.6572608179098456,13437.772,0.0013437771999999998,1117.516,2385.396,0.0,0.38495711769477703,70747,438271,509018,287897,6718886,0,2,453,0,7,0,12,0,3,23,0,95.806,122,466
7260000,2026-01-19T16:18:25.097929,829605,70844,509722,288285,559499,0.6572188260229556,0.6728273,0.38494726523388484,141.688,877.756,1019.444,233.692,1425.518,1659.21,92.004,484.566,576.57,0.6572188260229556,13456.546,0.0013456546,1118.998,2388.548,0.0,0.38494726523388484,70844,438878,509722,288285,6728273,0,7,450,0,4,0,10,0,6,23,0,108.668,177,461
7270000,2026-01-19T16:18:27.152647,830732,70945,510410,288676,560265,0.6572492224445539,0.6737538,0.3849580180047466,141.89,878.93,1020.82,233.992,1427.472,1661.464,92.1,485.252,577.352,0.6572492224445539,13475.076,0.0013475076,1120.53,2391.84,0.0,0.3849580180047466,70945,439465,510410,288676,6737538,0,3,462,0,3,0,8,0,3,21,0,61.046,157,401
7280000,2026-01-19T16:18:29.289345,831952,71044,511166,289084,561081,0.6572352805790428,0.6746568,0.384955278070941,142.088,880.244,1022.332,234.348,1429.556,1663.904,92.26,485.908,578.168,0.6572352805790428,13493.136,0.0013493136,1122.162,2395.338,0.0,0.384955278070941,71044,440122,511166,289084,6746568,0,2,469,0,3,0,9,0,5,12,0,84.83,178,472
7290000,2026-01-19T16:18:31.585342,833120,71141,511888,289490,561868,0.6571898355622112,0.6755774,0.38494988921118234,142.282,881.494,1023.776,234.686,1431.554,1666.24,92.402,486.578,578.98,0.6571898355622112,13511.548,0.0013511548,1123.736,2398.676,0.0,0.38494988921118234,71141,440747,511888,289490,6755774,0,4,454,0,4,0,9,0,4,25,0,93.438,155,463
7300000,2026-01-19T16:18:33.662962,834283,71239,512598,289893,562663,0.6572448048788513,0.676496,0.3849677624511523,142.478,882.718,1025.196,234.998,1433.568,1668.566,92.518,487.268,579.786,0.6572448048788513,13529.92,0.001352992,1125.326,2402.076,0.0,0.3849677624511523,71239,441359,512598,289893,6764960,0,4,458,0,1,0,7,0,7,23,0,35.138,104,388
7310000,2026-01-19T16:18:35.736599,835422,71334,513295,290287,563434,0.6572510774327954,0.6774202,0.3849709124546057,142.668,883.922,1026.59,235.316,1435.528,1670.844,92.646,487.928,580.574,0.6572510774327954,13548.404,0.0013548404,1126.868,2405.356,0.0,0.3849709124546057,71334,441961,513295,290287,6774202,0,2,453,0,5,0,9,0,4,27,0,77.5,120,443
7320000,2026-01-19T16:18:37.811403,836589,71430,514010,290687,564221,0.6572632112784454,0.6783401,0.38497455641748823,142.86,885.16,1028.02,235.644,1437.534,1673.178,92.784,488.59,581.374,0.6572632112784454,13566.802,0.0013566802,1128.442,2408.74,0.0,0.38497455641748823,71430,442580,514010,290687,6783401,0,3,463,0,7,0,12,0,5,10,0,141.54,179,475
7330000,2026-01-19T16:18:39.878108,837725,71520,514704,291083,565017,0.657296378081557,0.6792575,0.38498943388989315,143.04,886.368,1029.408,235.958,1439.492,1675.45,92.916,489.25,582.166,0.657296378081557,13585.15,0.0013585149999999998,1130.034,2412.076,0.0,0.38498943388989315,71520,443184,514704,291083,6792575,0,3,453,0,2,0,7,0,3,32,0,38.522,83,333
7340000,2026-01-19T16:18:41.936768,838884,71615,515412,291485,565805,0.6573135617655451,0.6801818,0.384990703787843,143.23,887.594,1030.824,236.276,1441.492,1677.768,93.046,489.924,582.97,0.6573135617655451,13603.636,0.0013603635999999998,1131.61,2415.428,0.0,0.384990703787843,71615,443797,515412,291485,6801818,0,3,454,0,6,0,9,0,3,25,0,137.362,178,469
7350000,2026-01-19T16:18:43.984765,840025,71707,516110,291893,566592,0.6573482351961022,0.6811081,0.3850052574195892,143.414,888.806,1032.22,236.57,1443.48,1680.05,93.156,490.63,583.786,0.6573482351961022,13622.162,0.0013622162,1133.184,2418.766,0.0,0.3850052574195892,71707,444403,516110,291893,6811081,0,3,445,1,6,0,14,0,2,29,0,140.93,181,448
7360000,2026-01-19T16:18:46.082971,841159,71805,516808,292280,567341,0.6573643251970713,0.6820278,0.3850099558595447,143.61,890.006,1033.616,236.91,1445.408,1682.318,93.298,491.262,584.56,0.6573643251970713,13640.556,0.0013640555999999999,1134.682,2421.994,0.0,0.3850099558595447,71805,445003,516808,292280,6820278,0,7,451,0,3,0,14,0,8,17,0,72.234,123,468
7370000,2026-01-19T16:18:48.207510,842315,71905,517517,292677,568128,0.6573959994113037,0.6829509,0.3850112516073399,143.81,891.224,1035.034,237.228,1447.402,1684.63,93.418,491.936,585.354,0.6573959994113037,13659.018,0.0013659018000000002,1136.256,2425.326,0.0,0.3850112516073399,71905,445612,517517,292677,6829509,0,4,443,1,6,0,8,0,3,35,0,94.36,180,438
7380000,2026-01-19T16:18:50.262009,843422,71999,518195,293064,568877,0.6573943078420711,0.683876,0.3850141673741905,143.998,892.392,1036.39,237.524,1449.32,1686.844,93.526,492.602,586.128,0.6573943078420711,13677.52,0.001367752,1137.754,2428.562,0.0,0.3850141673741905,71999,446196,518195,293064,6838760,0,1,462,0,4,1,13,0,4,15,0,135.39,174,474
7390000,2026-01-19T16:18:52.571679,844571,72098,518903,293458,569650,0.6573648684438802,0.6847964,0.3850044747970806,144.196,893.61,1037.806,237.86,1451.282,1689.142,93.664,493.252,586.916,0.6573648684438802,13695.928,0.0013695928,1139.3,2431.834,0.0,0.3850044747970806,72098,446805,518903,293458,6847964,0,5,448,1,5,0,8,0,3,30,0,123.174,180,426
7400000,2026-01-19T16:18:54.611034,845690,72197,519593,293849,570397,0.6573890655922413,0.6857236,0.38500928910055005,144.394,894.792,1039.186,238.186,1453.194,1691.38,93.79,493.908,587.698,0.6573890655922413,13714.472,0.0013714471999999999,1140.794,2435.046,0.0,0.38500928910055005,72197,447396,519593,293849,6857236,0,5,458,0,3,0,8,0,3,23,0,49.804,88,372
7410000,2026-01-19T16:18:56.689226,846884,72297,520327,294262,571197,0.6573498751285796,0.6866535,0.385004755309902,144.594,896.06,1040.654,238.518,1455.25,1693.768,93.924,494.6,588.524,0.6573498751285796,13733.07,0.001373307,1142.394,2438.456,0.0,0.385004755309902,72297,448030,520327,294262,6866535,0,4,455,0,5,0,12,0,6,18,0,112.396,176,445
7420000,2026-01-19T16:18:58.739916,848020,72402,521039,294658,571953,0.6573780255637308,0.6875959,0.3850035183220206,144.804,897.274,1042.078,238.838,1457.202,1696.04,94.034,495.282,589.316,0.6573780255637308,13751.918,0.0013751918,1143.906,2441.71,0.0,0.3850035183220206,72402,448637,521039,294658,6875959,0,0,457,0,6,1,7,0,3,26,0,120.33,175,459
7430000,2026-01-19T16:19:01.032275,849162,72501,521741,295057,572720,0.6573735240665968,0.6885162,0.3850060505428965,145.002,898.48,1043.482,239.166,1459.158,1698.324,94.162,495.952,590.114,0.6573735240665968,13770.324,0.0013770324,1145.44,2444.954,0.0,0.3850060505428965,72501,449240,521741,295057,6885162,0,4,444,0,2,0,8,0,4,38,0,54.454,123,289
7440000,2026-01-19T16:19:03.208446,850277,72602,522425,295450,573473,0.6574152417121749,0.6894484,0.38501431888810717,145.204,899.646,1044.85,239.468,1461.086,1700.554,94.262,496.638,590.9,0.6574152417121749,13788.968,0.0013788968,1146.946,2448.184,0.0,0.38501431888810717,72602,449823,522425,295450,6894484,0,5,452,0,0,0,8,0,2,33,0,18.51,107,138
7450000,2026-01-19T16:19:05.422947,851387,72696,523104,295840,574222,0.6574325933377512,0.6903786,0.38502353531833794,145.392,900.816,1046.208,239.778,1462.996,1702.774,94.384,497.296,591.68,0.6574325933377512,13807.572,0.0013807571999999999,1148.444,2451.414,0.0,0.38502353531833794,72696,450408,523104,295840,6903786,0,2,467,0,1,0,8,0,4,18,0,60.262,92,466
7460000,2026-01-19T16:19:07.490204,852552,72795,523825,296235,574990,0.6574143460668145,0.6913074,0.3850252198718649,145.59,902.06,1047.65,240.12,1464.984,1705.104,94.53,497.94,592.47,0.6574143460668145,13826.148,0.0013826148,1149.98,2454.7,0.0,0.3850252198718649,72795,451030,523825,296235,6913074,0,7,458,0,5,0,11,0,5,14,0,121.478,176,478
7470000,2026-01-19T16:19:09.541237,853684,72892,524519,296627,575750,0.6574330922737083,0.6922393,0.38503012877655934,145.784,903.254,1049.038,240.446,1466.922,1707.368,94.66,498.594,593.254,0.6574330922737083,13844.786,0.0013844786,1151.5,2457.958,0.0,0.38503012877655934,72892,451627,524519,296627,6922393,0,7,461,0,5,0,11,0,5,11,0,116.886,146,481
7480000,2026-01-19T16:19:11.572116,854812,72986,525212,297029,576512,0.6575284113949592,0.6931772,0.38505532270217524,145.972,904.452,1050.424,240.77,1468.854,1709.624,94.796,499.262,594.058,0.6575284113949592,13863.544,0.0013863544000000002,1153.024,2461.192,0.0,0.38505532270217524,72986,452226,525212,297029,6931772,0,2,457,0,4,0,14,0,7,16,0,80.494,114,461
7490000,2026-01-19T16:19:13.685958,855946,73079,525907,297429,577301,0.6575857840554353,0.6941093,0.3850736978108566,146.158,905.656,1051.814,241.074,1470.818,1711.892,94.914,499.944,594.858,0.6575857840554353,13882.186,0.0013882186,1154.602,2464.526,0.0,0.3850736978108566,73079,452828,525907,297429,6941093,0,6,458,0,4,0,8,0,4,20,0,84.636,124,455
7500000,2026-01-19T16:19:15.713683,857053,73170,526581,297812,578061,0.6576300733973273,0.6950341,0.38508802048085944,146.34,906.822,1053.162,241.38,1472.726,1714.106,95.038,500.586,595.624,0.6576300733973273,13900.682,0.0013900682,1156.122,2467.734,0.0,0.38508802048085944,73170,453411,526581,297812,6950341,0,1,452,0,1,0,9,0,4,33,0,40.654,100,428
7510000,2026-01-19T16:19:17.757177,858191,73264,527285,298203,578809,0.6576145804491591,0.6959665,0.38508248421828,146.528,908.042,1054.57,241.726,1474.656,1716.382,95.198,501.208,596.406,0.6576145804491591,13919.33,0.0013919330000000001,1157.618,2470.944,0.0,0.38508248421828,73264,454021,527285,298203,6959665,0,9,454,0,3,0,14,0,9,11,0,97.232,179,477
7520000,2026-01-19T16:19:19.763955,859305,73359,527966,298594,579572,0.6576563637758515,0.6968955,0.3850928593101132,146.718,909.214,1055.932,242.038,1476.572,1718.61,95.32,501.868,597.188,0.6576563637758515,13937.91,0.001393791,1159.144,2474.188,0.0,0.3850928593101132,73359,454607,527966,298594,6968955,0,3,453,1,4,0,9,0,5,25,0,110.242,180,455
7530000,2026-01-19T16:19:21.769910,860459,73457,528681,298995,580341,0.6576505238065359,0.6978263,0.38509061780147913,146.914,910.448,1057.362,242.378,1478.54,1720.918,95.464,502.526,597.99,0.6576505238065359,13956.526,0.0013956526,1160.682,2477.486,0.0,0.38509061780147913,73457,455224,528681,298995,6978263,0,4,457,0,6,0,12,0,2,19,0,81.624,178,474
7540000,2026-01-19T16:19:23.764003,861587,73552,529377,299393,581100,0.6576443713995569,0.6987607,0.385088748684318,147.104,911.65,1058.754,242.696,1480.478,1723.174,95.592,503.194,598.786,0.6576443713995569,13975.214,0.0013975214,1162.2,2480.736,0.0,0.385088748684318,73552,455825,529377,299393,6987607,0,7,462,0,8,0,13,0,4,6,0,125.292,176,474
7550000,2026-01-19T16:19:25.753173,862725,73646,530079,299783,581869,0.6576176009912513,0.6996911,0.3850784067450686,147.292,912.866,1060.158,243.024,1482.426,1725.45,95.732,503.834,599.566,0.6576176009912513,13993.822,0.0013993822,1163.738,2483.994,0.0,0.3850784067450686,73646,456433,530079,299783,6996911,0,4,460,0,6,0,11,0,6,13,0,89.844,161,471
7560000,2026-01-19T16:19:27.746136,863830,73746,530762,300166,582613,0.657652275004697,0.7006247,0.38509079578278194,147.492,914.032,1061.524,243.338,1484.322,1727.66,95.846,504.486,600.332,0.657652275004697,14012.494,0.0014012494,1165.226,2487.162,0.0,0.38509079578278194,73746,457016,530762,300166,7006247,0,6,455,1,2,0,6,0,6,24,0,94.086,181,344
7570000,2026-01-19T16:19:29.745531,864954,73840,531450,300560,583362,0.657640837624112,0.7015556,0.38509831474423506,147.68,915.22,1062.9,243.664,1486.244,1729.908,95.982,505.138,601.12,0.657640837624112,14031.112,0.0014031112,1166.724,2490.378,0.0,0.38509831474423506,73840,457610,531450,300560,7015556,0,2,457,0,3,0,15,0,6,17,0,83.63,134,446
7580000,2026-01-19T16:19:31.729730,866079,73935,532143,300953,584127,0.6576270069263598,0.7024846,0.38509341781138734,147.87,916.416,1064.286,243.976,1488.182,1732.158,96.104,505.802,601.906,0.6576270069263598,14049.692,0.0014049692000000001,1168.254,2493.626,0.0,0.38509341781138734,73935,458208,532143,300953,7024846,0,2,453,0,2,0,12,0,5,26,0,60.196,109,434
7590000,2026-01-19T16:19:33.713606,867164,74032,532808,301332,584856,0.657667694096407,0.7034314,0.3851049858833822,148.064,917.552,1065.616,244.276,1490.052,1734.328,96.212,506.452,602.664,0.657667694096407,14068.628,0.0014068628,1169.712,2496.756,0.0,0.3851049858833822,74032,458776,532808,301332,7034314,0,1,462,1,5,0,7,0,4,20,0,97.51,180,454
7600000,2026-01-19T16:19:35.704919,868302,74124,533506,301727,585638,0.6576700994969379,0.7043591,0.385106699382781,148.248,918.764,1067.012,244.59,1492.014,1736.604,96.342,507.112,603.454,0.6576700994969379,14087.182,0.0014087182,1171.276,2500.064,0.0,0.385106699382781,74124,459382,533506,301727,7043591,0,5,448,0,5,0,7,0,3,32,0,60.286,178,384
7610000,2026-01-19T16:19:37.691858,869394,74216,534177,302112,586371,0.657702542886675,0.7052932,0.38511576107172524,148.432,919.922,1068.354,244.908,1493.88,1738.788,96.474,507.75,604.224,0.657702542886675,14105.864,0.0014105863999999998,1172.742,2503.192,0.0,0.38511576107172524,74216,459961,534177,302112,7052932,0,8,455,0,6,0,10,0,5,16,0,122.74,173,472
7620000,2026-01-19T16:19:39.689884,870564,74316,534898,302519,587168,0.6577011764786563,0.7062181,0.38511756204499276,148.632,921.164,1069.796,245.212,1495.916,1741.128,96.578,508.46,605.038,0.6577011764786563,14124.362,0.0014124361999999998,1174.336,2506.612,0.0,0.38511756204499276,74316,460582,534898,302519,7062181,0,9,452,0,5,0,10,0,6,18,0,108.56,154,471
7630000,2026-01-19T16:19:41.681841,871690,74412,535592,302914,587937,0.6576919755425772,0.7071486,0.3851188877706358,148.824,922.36,1071.184,245.516,1497.864,1743.38,96.69,509.138,605.828,0.6576919755425772,14142.972,0.0014142972,1175.874,2509.878,0.0,0.3851188877706358,74412,461180,535592,302914,7071486,0,4,452,0,2,0,8,0,4,30,0,63.078,135,290
7640000,2026-01-19T16:19:43.811996,872827,74510,536285,303313,588710,0.6577008774503659,0.7080764,0.38512379405472047,149.02,923.55,1072.57,245.822,1499.832,1745.654,96.8,509.826,606.626,0.6577008774503659,14161.528,0.0014161528,1177.42,2513.19,0.0,0.38512379405472047,74510,461775,536285,303313,7080764,0,5,461,0,0,0,8,0,5,21,0,36.312,109,244
7650000,2026-01-19T16:19:45.819152,873972,74603,536976,303718,589501,0.6577669840761989,0.7089997,0.38514660559884134,149.206,924.746,1073.952,246.124,1501.82,1747.944,96.916,510.52,607.436,0.6577669840761989,14179.994,0.0014179994,1179.002,2516.534,0.0,0.38514660559884134,74603,462373,536976,303718,7089997,0,8,455,0,2,0,8,0,6,21,0,54.548,128,329
7660000,2026-01-19T16:19:47.817972,875143,74704,537696,304123,590282,0.6577742779306094,0.7099271,0.3851504365709333,149.408,925.984,1075.392,246.476,1503.81,1750.286,97.066,511.18,608.246,0.6577742779306094,14198.542,0.0014198542,1180.564,2519.862,0.0,0.3851504365709333,74704,462992,537696,304123,7099271,0,3,457,0,3,0,9,0,5,23,0,64.098,114,472
7670000,2026-01-19T16:19:49.812396,876273,74802,538390,304517,591039,0.6577751591888116,0.7108686,0.3851515039865955,149.604,927.176,1076.78,246.79,1505.756,1752.546,97.186,511.848,609.034,0.6577751591888116,14217.372,0.0014217372,1182.078,2523.104,0.0,0.3851515039865955,74802,463588,538390,304517,7108686,0,4,455,0,4,0,10,0,5,22,0,112.074,176,475
7680000,2026-01-19T16:19:51.795717,877343,74896,539040,304899,591772,0.6578142565209599,0.7118041,0.3851671316143005,149.792,928.288,1078.08,247.054,1507.632,1754.686,97.262,512.536,609.798,0.6578142565209599,14236.082,0.0014236082,1183.544,2526.244,0.0,0.3851671316143005,74896,464144,539040,304899,7118041,0,3,454,0,6,0,14,0,2,21,0,139.836,171,463
7690000,2026-01-19T16:19:53.787310,878475,74997,539738,305295,592535,0.657822418131749,0.7127301,0.38517405842540775,149.994,929.482,1079.476,247.374,1509.576,1756.95,97.378,513.212,610.59,0.657822418131749,14254.602,0.0014254602,1185.07,2529.506,0.0,0.38517405842540775,74997,464741,539738,305295,7127301,0,7,457,0,5,0,8,0,2,21,0,64.914,103,434
7700000,2026-01-19T16:19:55.781044,879629,75091,540447,305697,593326,0.6578604888207057,0.7136458,0.38518197172632684,150.182,930.712,1080.894,247.676,1511.582,1759.258,97.492,513.902,611.394,0.6578604888207057,14272.916,0.0014272916,1186.652,2532.886,0.0,0.38518197172632684,75091,465356,540447,305697,7136458,0,3,459,0,5,0,11,0,6,16,0,108.714,147,474
7710000,2026-01-19T16:19:57.775229,880713,75189,541111,306074,594056,0.65788252565981,0.714579,0.3851843877276186,150.378,931.844,1082.222,247.974,1513.452,1761.426,97.594,514.554,612.148,0.65788252565981,14291.58,0.001429158,1188.112,2535.998,0.0,0.3851843877276186,75189,465922,541111,306074,7145790,0,3,461,0,1,0,11,0,4,20,0,96.694,167,480
7720000,2026-01-19T16:19:59.770741,881797,75282,541771,306461,594796,0.6578715866632798,0.7155148,0.38519596065725903,150.564,932.978,1083.542,248.264,1515.33,1763.594,97.698,515.224,612.922,0.6578715866632798,14310.296,0.0014310296,1189.592,2539.144,0.0,0.38519596065725903,75282,466489,541771,306461,7155148,0,6,453,0,3,0,9,0,4,25,0,97.88,148,452
7730000,2026-01-19T16:20:01.753075,882882,75382,542439,306850,595523,0.6578783572922864,0.716462,0.38520709433409356,150.764,934.114,1084.878,248.552,1517.212,1765.764,97.788,515.912,613.7,0.6578783572922864,14329.24,0.0014329240000000001,1191.046,2542.256,0.0,0.38520709433409356,75382,467057,542439,306850,7164620,0,4,447,1,7,0,9,0,3,29,0,96.04,180,426
7740000,2026-01-19T16:20:03.742708,884030,75480,543142,307253,596297,0.6578809579140442,0.7173895,0.3852139206297216,150.96,935.324,1086.284,248.87,1519.19,1768.06,97.908,516.598,614.506,0.6578809579140442,14347.79,0.001434779,1192.594,2545.568,0.0,0.3852139206297216,75480,467662,543142,307253,7173895,0,3,449,0,5,0,12,0,4,27,0,90.238,118,464
7750000,2026-01-19T16:20:05.737516,885170,75569,543826,307655,597093,0.6579358932270946,0.7183131,0.385235906168281,151.138,936.514,1087.652,249.188,1521.152,1770.34,98.05,517.26,615.31,0.6579358932270946,14366.262,0.0014366262000000002,1194.186,2548.928,0.0,0.385235906168281,75569,468257,543826,307655,7183131,0,5,452,1,6,0,8,0,3,25,0,90.166,180,471
7760000,2026-01-19T16:20:07.720315,886282,75667,544510,308046,597842,0.657951744785758,0.7192394,0.38524477676820135,151.334,937.686,1089.02,249.508,1523.056,1772.564,98.172,517.92,616.092,0.657951744785758,14384.788,0.0014384788,1195.684,2552.12,0.0,0.38524477676820135,75667,468843,544510,308046,7192394,0,7,449,0,0,0,8,0,4,32,0,41.742,91,436
7770000,2026-01-19T16:20:09.713010,887475,75761,545251,308460,598630,0.6579066737629853,0.7201752,0.38523875632331755,151.522,938.98,1090.502,249.872,1525.078,1774.95,98.348,518.572,616.92,0.6579066737629853,14403.504,0.0014403504,1197.26,2555.504,0.0,0.38523875632331755,75761,469490,545251,308460,7201752,0,10,450,0,7,0,14,0,5,14,0,135.682,163,476
7780000,2026-01-19T16:20:11.696490,888584,75858,545936,308852,599395,0.6579032977785649,0.7211133,0.3852408302649943,151.716,940.156,1091.872,250.17,1526.998,1777.168,98.452,519.252,617.704,0.6579032977785649,14422.266,0.0014422266,1198.79,2558.762,0.0,0.3852408302649943,75858,470078,545936,308852,7211133,0,4,457,0,1,0,8,0,4,26,0,71.45,166,470
7790000,2026-01-19T16:20:13.678333,889674,75954,546605,309235,600129,0.6579109235736312,0.7220498,0.38524610364262757,151.908,941.302,1093.21,250.478,1528.87,1779.348,98.568,519.902,618.47,0.6579109235736312,14440.996,0.0014440995999999999,1200.258,2561.878,0.0,0.38524610364262757,75954,470651,546605,309235,7220498,0,7,445,0,1,0,8,0,3,36,0,84.504,157,454
7800000,2026-01-19T16:20:15.670224,890797,76051,547289,309629,600883,0.6579263131413551,0.72298,0.3852578578022232,152.102,942.476,1094.578,250.784,1530.81,1781.594,98.68,520.578,619.258,0.6579263131413551,14459.6,0.0014459599999999998,1201.766,2565.114,0.0,0.3852578578022232,76051,471238,547289,309629,7229800,0,5,451,0,5,0,11,0,5,23,0,136.83,171,466
7810000,2026-01-19T16:20:17.666088,892001,76152,548042,310041,601684,0.6578940595619612,0.7239017,0.3852509486405189,152.304,943.78,1096.084,251.142,1532.86,1784.002,98.836,521.246,620.082,0.6578940595619612,14478.034,0.0014478034,1203.368,2568.542,0.0,0.3852509486405189,76152,471890,548042,310041,7239017,0,7,442,0,8,0,10,0,3,30,0,90.666,120,461
7820000,2026-01-19T16:20:19.660662,893130,76252,548734,310437,602443,0.6579002209427018,0.7248382,0.3852571205723856,152.504,944.964,1097.468,251.458,1534.802,1786.26,98.952,521.922,620.874,0.6579002209427018,14496.764,0.0014496764,1204.886,2571.792,0.0,0.3852571205723856,76252,472482,548734,310437,7248382,0,2,454,0,3,0,10,0,7,24,0,100.136,148,455
7830000,2026-01-19T16:20:21.652938,894290,76346,549441,310841,603243,0.6579180370339199,0.7257456,0.38526566237403914,152.692,946.19,1098.882,251.78,1536.8,1788.58,99.086,522.596,621.682,0.6579180370339199,14514.912,0.0014514912,1206.486,2575.174,0.0,0.38526566237403914,76346,473095,549441,310841,7257456,0,5,451,0,6,0,8,0,3,27,0,76.802,99,462
7840000,2026-01-19T16:20:23.653107,895435,76445,550152,311235,604010,0.6578753674683153,0.7266643,0.38525659754489133,152.89,947.414,1100.304,252.11,1538.76,1790.87,99.218,523.252,622.47,0.6578753674683153,14533.286,0.0014533286,1208.02,2578.47,0.0,0.38525659754489133,76445,473707,550152,311235,7266643,0,5,459,0,2,0,7,0,4,23,0,42.104,90,413
7850000,2026-01-19T16:20:25.643540,896597,76542,550867,311640,604803,0.657935570016401,0.7275967,0.3852687522473609,153.084,948.65,1101.734,252.41,1540.784,1793.194,99.326,523.954,623.28,0.657935570016401,14551.934,0.0014551934,1209.606,2581.874,0.0,0.3852687522473609,76542,474325,550867,311640,7275967,0,3,468,0,5,0,8,0,3,13,0,101.444,174,460
7860000,2026-01-19T16:20:27.632138,897740,76643,551577,312036,605554,0.6579306976523681,0.7285263,0.3852704069447527,153.286,949.868,1103.154,252.754,1542.726,1795.48,99.466,524.606,624.072,0.6579306976523681,14570.526,0.0014570526,1211.108,2585.09,0.0,0.3852704069447527,76643,474934,551577,312036,7285263,0,3,458,0,1,0,13,0,6,19,0,85.604,142,461
7870000,2026-01-19T16:20:29.628023,898886,76741,552289,312432,606321,0.6579389413303205,0.7294588,0.385271540930966,153.482,951.096,1104.578,253.094,1544.678,1797.772,99.612,525.252,624.864,0.6579389413303205,14589.176,0.0014589175999999999,1212.642,2588.344,0.0,0.385271540930966,76741,475548,552289,312432,7294588,0,3,455,0,4,1,8,0,4,25,0,117.444,175,467
7880000,2026-01-19T16:20:31.622434,900049,76845,553016,312816,607084,0.657917604167399,0.7303786,0.38526648391761265,153.69,952.342,1106.032,253.434,1546.664,1800.098,99.742,525.89,625.632,0.657917604167399,14607.572,0.0014607571999999999,1214.168,2591.63,0.0,0.38526648391761265,76845,476171,553016,312816,7303786,0,4,456,0,1,0,8,0,5,26,0,82.322,148,463
7890000,2026-01-19T16:20:33.605167,901132,76937,553684,313199,607812,0.6579388389179065,0.7313167,0.38528166923514984,153.874,953.494,1107.368,253.736,1548.528,1802.264,99.86,526.538,626.398,0.6579388389179065,14626.334,0.0014626334,1215.624,2594.76,0.0,0.38528166923514984,76937,476747,553684,313199,7313167,0,3,466,0,3,0,10,0,5,13,0,107.212,172,487
7900000,2026-01-19T16:20:35.602750,902280,77034,554390,313604,608589,0.6579486370498372,0.732239,0.3852914191969158,154.068,954.712,1108.78,254.072,1550.488,1804.56,100.002,527.206,627.208,0.6579486370498372,14644.78,0.001464478,1217.178,2598.05,0.0,0.3852914191969158,77034,477356,554390,313604,7322390,0,4,455,0,2,0,10,0,5,24,0,60.396,122,393
7910000,2026-01-19T16:20:37.601178,903477,77133,555127,314009,609397,0.6579354018688345,0.7331584,0.3852936877067936,154.266,955.988,1110.254,254.422,1552.532,1806.954,100.156,527.862,628.018,0.6579354018688345,14663.168,0.0014663168,1218.794,2601.482,0.0,0.3852936877067936,77133,477994,555127,314009,7331584,0,5,452,0,2,0,8,0,5,28,0,31.014,122,282
7920000,2026-01-19T16:20:39.577953,904573,77230,555798,314404,610134,0.657976351865134,0.7340958,0.38531060446252424,154.46,957.136,1111.596,254.72,1554.426,1809.146,100.258,528.55,628.808,0.657976351865134,14681.916,0.0014681916,1220.268,2604.614,0.0,0.38531060446252424,77230,478568,555798,314404,7340958,0,7,448,0,6,0,12,0,5,22,0,86.5,125,474
7930000,2026-01-19T16:20:41.568781,905714,77330,556487,314793,610900,0.6579754354387228,0.7350119,0.3853128533652223,154.66,958.314,1112.974,255.058,1556.37,1811.428,100.396,529.19,629.586,0.6579754354387228,14700.238,0.0014700237999999998,1221.8,2607.882,0.0,0.3853128533652223,77330,479157,556487,314793,7350119,0,2,459,0,5,0,9,0,7,18,0,88.56,124,468
7940000,2026-01-19T16:20:43.561348,906875,77428,557196,315201,611697,0.6580118484804026,0.7359349,0.385326090660625,154.856,959.536,1114.392,255.38,1558.37,1813.75,100.522,529.88,630.402,0.6580118484804026,14718.698,0.0014718697999999998,1223.394,2611.268,0.0,0.385326090660625,77428,479768,557196,315201,7359349,0,2,463,0,4,0,9,0,3,19,0,92.592,141,465
7950000,2026-01-19T16:20:45.555041,908000,77521,557885,315598,612467,0.6580168453231383,0.7368578,0.3853352991266111,155.042,960.728,1115.77,255.69,1560.31,1816.0,100.648,530.548,631.196,0.6580168453231383,14737.156,0.0014737156,1224.934,2614.504,0.0,0.3853352991266111,77521,480364,557885,315598,7368578,0,5,445,0,6,0,8,0,3,33,0,79.058,119,448
7960000,2026-01-19T16:20:47.547042,909169,77619,558607,315998,613248,0.6580404260525552,0.7377745,0.38534205357420553,155.238,961.976,1117.214,256.026,1562.312,1818.338,100.786,531.21,631.996,0.6580404260525552,14755.49,0.001475549,1226.496,2617.876,0.0,0.38534205357420553,77619,480988,558607,315998,7377745,0,3,454,0,4,0,10,0,7,22,0,83.83,127,466
7970000,2026-01-19T16:20:49.533439,910282,77721,559292,316390,614007,0.6580802084301616,0.7387101,0.38535403393744394,155.442,963.142,1118.584,256.322,1564.242,1820.564,100.88,531.9,632.78,0.6580802084301616,14774.202,0.0014774202,1228.014,2621.108,0.0,0.38535403393744394,77721,481571,559292,316390,7387101,0,7,457,0,2,0,5,0,5,24,0,58.834,121,468
7980000,2026-01-19T16:20:51.543805,911438,77827,560013,316785,614759,0.6580418650612371,0.7396339,0.38534295057571627,155.654,964.372,1120.026,256.654,1566.222,1822.876,100.998,532.572,633.57,0.6580418650612371,14792.678,0.0014792677999999999,1229.518,2624.348,0.0,0.38534295057571627,77827,482186,560013,316785,7396339,0,4,456,0,4,0,12,0,3,21,0,86.726,132,440
7990000,2026-01-19T16:20:53.540198,912573,77924,560708,317177,615528,0.6580818951779912,0.7405575,0.3853487224212658,155.848,965.568,1121.416,256.976,1568.17,1825.146,101.128,533.226,634.354,0.6580818951779912,14811.15,0.0014811149999999999,1231.056,2627.63,0.0,0.3853487224212658,77924,482784,560708,317177,7405575,0,6,461,0,5,1,8,0,3,16,0,117.06,174,463
8000000,2026-01-19T16:20:55.558712,913730,78018,561423,317574,616322,0.6580576778237424,0.7414764,0.3853400393327453,156.036,966.81,1122.846,257.3,1570.16,1827.46,101.262,533.886,635.148,0.6580576778237424,14829.528,0.0014829528000000001,1232.644,2630.976,0.0,0.3853400393327453,78018,483405,561423,317574,7414764,0,5,450,0,0,0,8,0,3,34,0,72.44,151,465
8010000,2026-01-19T16:20:57.628749,914884,78116,562135,317971,617100,0.6580832498053065,0.7424005,0.3853497727099663,156.232,968.038,1124.27,257.612,1572.156,1829.768,101.378,534.564,635.942,0.6580832498053065,14848.01,0.001484801,1234.2,2634.32,0.0,0.3853497727099663,78116,484019,562135,317971,7424005,0,8,454,0,0,0,8,0,4,26,0,41.34,127,315
8020000,2026-01-19T16:20:59.652125,915984,78216,562806,318351,617831,0.658098395522245,0.7433333,0.38535229700231727,156.432,969.18,1125.612,257.92,1574.048,1831.968,101.488,535.214,636.702,0.658098395522245,14866.666,0.0014866666,1235.662,2637.462,0.0,0.38535229700231727,78216,484590,562806,318351,7433333,0,2,459,0,1,0,9,1,3,25,0,44.614,124,370
8030000,2026-01-19T16:21:01.705918,917100,78311,563484,318742,618589,0.6581109409288826,0.7442564,0.38535585049921606,156.622,970.346,1126.968,258.208,1575.992,1834.2,101.584,535.9,637.484,0.6581109409288826,14885.128,0.0014885128,1237.178,2640.696,0.0,0.38535585049921606,78311,485173,563484,318742,7442564,0,7,452,0,7,0,9,0,4,21,0,68.618,103,469
8040000,2026-01-19T16:21:03.729492,918232,78406,564181,319134,619354,0.6580898219096243,0.7451865,0.38535178019621585,156.812,971.55,1128.362,258.542,1577.922,1836.464,101.73,536.538,638.268,0.6580898219096243,14903.73,0.001490373,1238.708,2643.942,0.0,0.38535178019621585,78406,485775,564181,319134,7451865,0,8,451,0,3,0,8,0,4,26,0,72.55,178,322
8050000,2026-01-19T16:21:05.723595,919343,78501,564860,319515,620104,0.658095546112798,0.74611,0.38535371881403263,157.002,972.718,1129.72,258.866,1579.82,1838.686,101.862,537.168,639.03,0.658095546112798,14922.2,0.00149222,1240.208,2647.156,0.0,0.38535371881403263,78501,486359,564860,319515,7461100,0,1,461,0,1,0,7,0,4,26,0,51.014,131,362
8060000,2026-01-19T16:21:07.719793,920497,78598,565565,319923,620884,0.6581387186880934,0.7470444,0.3853648257718581,157.196,973.934,1131.13,259.176,1581.818,1840.994,101.98,537.866,639.846,0.6581387186880934,14940.888,0.0014940888,1241.768,2650.468,0.0,0.3853648257718581,78598,486967,565565,319923,7470444,0,4,453,0,5,0,13,0,6,19,0,125.988,177,466
8070000,2026-01-19T16:21:09.712943,921662,78692,566280,320335,621691,0.6581625320917123,0.7479741,0.3853801211409715,157.384,975.176,1132.56,259.512,1583.812,1843.324,102.128,538.542,640.67,0.6581625320917123,14959.482,0.0014959482,1243.382,2653.842,0.0,0.3853801211409715,78692,487588,566280,320335,7479741,0,5,445,0,3,0,10,0,4,33,0,78.186,179,438
8080000,2026-01-19T16:21:11.711450,922799,78792,566974,320731,622453,0.65818194240336,0.7488962,0.38538620752836733,157.584,976.364,1133.948,259.836,1585.762,1845.598,102.252,539.21,641.462,0.65818194240336,14977.924,0.0014977924,1244.906,2657.106,0.0,0.38538620752836733,78792,488182,566974,320731,7488962,0,8,444,1,5,0,9,0,3,30,0,94.622,181,444
8090000,2026-01-19T16:21:13.716104,923976,78889,567691,321131,623247,0.6581650764079586,0.7498083,0.3853808989026073,157.778,977.604,1135.382,260.144,1587.808,1847.952,102.366,539.896,642.262,0.6581650764079586,14996.166,0.0014996166,1246.494,2660.532,0.0,0.3853808989026073,78889,488802,567691,321131,7498083,0,5,451,0,5,1,15,0,5,18,0,108.142,174,484
8100000,2026-01-19T16:21:15.719198,925095,78990,568381,321525,624004,0.6581783063327333,0.7507421,0.38538201876561673,157.98,978.782,1136.762,260.46,1589.73,1850.19,102.478,540.572,643.05,0.6581783063327333,15014.842,0.0015014841999999998,1248.008,2663.74,0.0,0.38538201876561673,78990,489391,568381,321525,7507421,0,4,447,0,6,0,8,0,2,33,0,71.422,114,403
8110000,2026-01-19T16:21:17.709308,926251,79087,569083,321929,624793,0.6581650791316,0.7516698,0.3853820114757452,158.174,979.992,1138.166,260.77,1591.732,1852.502,102.594,541.264,643.858,0.6581650791316,15033.396,0.0015033395999999998,1249.586,2667.104,0.0,0.3853820114757452,79087,489996,569083,321929,7516698,0,3,454,0,2,0,10,0,6,25,0,103.47,173,467
8120000,2026-01-19T16:21:19.712951,927389,79193,569784,322325,625550,0.6581648418179413,0.7525921,0.38538297298784496,158.386,981.182,1139.568,261.086,1593.692,1854.778,102.698,541.952,644.65,0.6581648418179413,15051.842,0.0015051842,1251.1,2670.352,0.0,0.38538297298784496,79193,490591,569784,322325,7525921,0,4,459,0,0,0,8,0,6,23,0,29.412,110,403
8130000,2026-01-19T16:21:21.718362,928596,79294,570534,322741,626354,0.6581163503903127,0.7535245,0.38537457317251284,158.588,982.48,1141.068,261.43,1595.762,1857.192,102.842,542.64,645.482,0.6581163503903127,15070.49,0.001507049,1252.708,2673.8,0.0,0.38537457317251284,79294,491240,570534,322741,7535245,0,2,457,0,3,0,11,0,6,21,0,90.298,173,422
8140000,2026-01-19T16:21:23.713107,929693,79387,571203,323130,627098,0.6581546927375593,0.754457,0.3853879150938731,158.774,983.632,1142.406,261.73,1597.656,1859.386,102.954,543.306,646.26,0.6581546927375593,15089.14,0.001508914,1254.196,2676.996,0.0,0.3853879150938731,79387,491816,571203,323130,7544570,0,4,459,0,5,0,14,0,4,14,0,65.522,94,456
8150000,2026-01-19T16:21:25.710137,930848,79487,571912,323529,627881,0.6581778950319024,0.7553839,0.38539680550032157,158.974,984.85,1143.824,262.056,1599.64,1861.696,103.08,543.978,647.058,0.6581778950319024,15107.678,0.0015107678,1255.762,2680.31,0.0,0.38539680550032157,79487,492425,571912,323529,7553839,0,3,450,0,4,0,12,0,3,28,0,105.564,164,462
8160000,2026-01-19T16:21:27.706539,932000,79588,572628,323930,628651,0.6581987872290267,0.7563181,0.38540050176906865,159.176,986.08,1145.256,262.388,1601.612,1864.0,103.212,544.648,647.86,0.6581987872290267,15126.362,0.0015126362,1257.302,2683.61,0.0,0.38540050176906865,79588,493040,572628,323930,7563181,0,6,452,0,3,0,7,0,7,25,0,90.394,178,454
8170000,2026-01-19T16:21:29.704131,933108,79679,573307,324317,629397,0.6581898829893652,0.757242,0.385403013076373,159.358,987.256,1146.614,262.712,1603.504,1866.216,103.354,545.28,648.634,0.6581898829893652,15144.84,0.001514484,1258.794,2686.798,0.0,0.385403013076373,79679,493628,573307,324317,7572420,0,4,458,0,7,0,14,0,3,14,0,129.154,176,482
8180000,2026-01-19T16:21:31.701529,934231,79781,573988,324709,630153,0.6582504351061456,0.7581638,0.38542019297024743,159.562,988.414,1147.976,263.026,1605.436,1868.462,103.462,545.956,649.418,0.6582504351061456,15163.276,0.0015163276,1260.306,2690.038,0.0,0.38542019297024743,79781,494207,573988,324709,7581638,0,4,462,0,10,0,10,0,2,12,0,103.294,130,480
8190000,2026-01-19T16:21:33.690327,935320,79873,574657,325095,630898,0.6582221693868946,0.7590988,0.3854200799062949,159.746,989.568,1149.314,263.338,1607.302,1870.64,103.592,546.598,650.19,0.6582221693868946,15181.976,0.0015181976,1261.796,2693.158,0.0,0.3854200799062949,79873,494784,574657,325095,7590988,0,4,448,1,5,0,9,0,2,31,0,113.896,180,383
8200000,2026-01-19T16:21:35.685629,936468,79971,575354,325498,631680,0.6582511641979456,0.7600161,0.3854288194533009,159.942,990.766,1150.708,263.65,1609.286,1872.936,103.706,547.29,650.996,0.6582511641979456,15200.322,0.0015200322,1263.36,2696.514,0.0,0.3854288194533009,79971,495383,575354,325498,7600161,0,5,454,0,3,0,8,0,6,24,0,70.014,132,456
8210000,2026-01-19T16:21:37.675408,937566,80071,576037,325876,632405,0.6582308734738093,0.7609499,0.3854261230541432,160.142,991.932,1152.074,263.958,1611.174,1875.132,103.814,547.938,651.752,0.6582308734738093,15218.998,0.0015218998,1264.81,2699.614,0.0,0.3854261230541432,80071,495966,576037,325876,7609499,0,2,453,0,4,0,6,0,6,29,0,87.366,150,453
8220000,2026-01-19T16:21:39.663286,938652,80172,576695,326262,633140,0.6582445448001012,0.7618836,0.3854330210666905,160.344,993.046,1153.39,264.248,1613.056,1877.304,103.902,548.622,652.524,0.6582445448001012,15237.672,0.0015237672,1266.28,2702.74,0.0,0.3854330210666905,80172,496523,576695,326262,7618836,0,5,447,0,1,0,8,0,3,36,0,68.838,143,461
8230000,2026-01-19T16:21:41.657461,939765,80268,577376,326654,633891,0.6582812833121123,0.7628219,0.38544026347231686,160.536,994.216,1154.752,264.552,1614.978,1879.53,104.014,549.294,653.308,0.6582812833121123,15256.438,0.0015256438000000002,1267.782,2705.958,0.0,0.38544026347231686,80268,497108,577376,326654,7628219,0,4,457,0,2,0,10,0,6,21,0,114.84,172,487
8240000,2026-01-19T16:21:43.654672,940900,80366,578077,327055,634653,0.6582748608642184,0.7637606,0.3854443614052316,160.732,995.422,1156.154,264.876,1616.924,1881.8,104.142,549.968,654.11,0.6582748608642184,15275.212,0.0015275212,1269.306,2709.21,0.0,0.3854443614052316,80366,497711,578077,327055,7637606,0,4,457,0,5,0,9,0,5,20,0,119.178,168,469
8250000,2026-01-19T16:21:45.657461,942024,80466,578774,327447,635410,0.6582919044732698,0.7646825,0.3854454185209748,160.932,996.616,1157.548,265.204,1618.844,1884.048,104.27,550.624,654.894,0.6582919044732698,15293.65,0.001529365,1270.82,2712.426,0.0,0.3854454185209748,80466,498308,578774,327447,7646825,0,7,454,0,1,0,6,0,4,28,0,25.714,97,350
8260000,2026-01-19T16:21:47.653220,943186,80562,579489,327839,636189,0.6582507783722716,0.7655869,0.3854351824879452,161.124,997.854,1158.978,265.538,1620.834,1886.372,104.412,551.266,655.678,0.6582507783722716,15311.738,0.0015311737999999999,1272.378,2715.78,0.0,0.3854351824879452,80562,498927,579489,327839,7655869,0,8,461,0,3,0,9,0,4,15,0,67.172,111,438
8270000,2026-01-19T16:21:49.646990,944301,80671,580174,328226,636925,0.6582387708682071,0.7665288,0.38543707065610505,161.342,999.006,1160.348,265.824,1622.778,1888.602,104.482,551.97,656.452,0.6582387708682071,15330.576,0.0015330576,1273.85,2718.94,0.0,0.38543707065610505,80671,499503,580174,328226,7665288,0,6,458,0,2,0,8,0,4,22,0,59.882,122,455
8280000,2026-01-19T16:21:51.659570,945475,80776,580903,328631,637699,0.6582503264241091,0.7674468,0.3854386470401494,161.552,1000.254,1161.806,266.16,1624.79,1890.95,104.606,552.656,657.262,0.6582503264241091,15348.936,0.0015348936,1275.398,2722.286,0.0,0.3854386470401494,80776,500127,580903,328631,7674468,0,7,461,0,5,0,10,0,3,14,0,66.042,115,439
8290000,2026-01-19T16:21:53.654836,946600,80878,581589,329027,638453,0.6582683715896948,0.7683838,0.38545083335677227,161.756,1001.422,1163.178,266.452,1626.748,1893.2,104.696,553.358,658.054,0.6582683715896948,15367.676,0.0015367675999999999,1276.906,2725.506,0.0,0.38545083335677227,80878,500711,581589,329027,7683838,0,5,459,0,5,0,14,0,3,14,0,135.198,176,463
8300000,2026-01-19T16:21:55.652489,947736,80979,582297,329415,639213,0.6582524256609191,0.7693086,0.38544700605270493,161.958,1002.636,1164.594,266.776,1628.696,1895.472,104.816,554.014,658.83,0.6582524256609191,15386.172,0.0015386172,1278.426,2728.76,0.0,0.38544700605270493,80979,501318,582297,329415,7693086,0,2,454,0,1,0,8,0,4,31,0,43.214,105,402
8310000,2026-01-19T16:21:57.646903,948897,81075,583009,329817,639994,0.6582199257436427,0.7702341,0.38544255120294946,162.15,1003.868,1166.018,267.104,1630.69,1897.794,104.954,554.68,659.634,0.6582199257436427,15404.682,0.0015404682,1279.988,2732.08,0.0,0.38544255120294946,81075,501934,583009,329817,7702341,0,2,459,0,5,0,9,0,5,20,0,107.406,176,471
8320000,2026-01-19T16:21:59.658063,950030,81172,583708,330213,640755,0.6582333373662751,0.771162,0.38544993498612323,162.344,1005.072,1167.416,267.424,1632.636,1900.06,105.08,555.346,660.426,0.6582333373662751,15423.24,0.001542324,1281.51,2735.338,0.0,0.38544993498612323,81172,502536,583708,330213,7711620,0,3,461,0,5,0,9,0,7,15,0,117.05,178,467
8330000,2026-01-19T16:22:01.660155,951188,81274,584420,330610,641532,0.6582031431635159,0.7720783,0.3854487106175712,162.548,1006.292,1168.84,267.75,1634.626,1902.376,105.202,556.018,661.22,0.6582031431635159,15441.566,0.0015441566,1283.064,2738.65,0.0,0.3854487106175712,81274,503146,584420,330610,7720783,0,5,457,0,6,0,11,0,3,18,0,127.504,179,437
8340000,2026-01-19T16:22:03.667874,952367,81375,585145,331026,642333,0.6582158702641158,0.7730007,0.38545388659336155,162.75,1007.54,1170.29,268.086,1636.648,1904.734,105.334,556.718,662.052,0.6582158702641158,15460.014,0.0015460014,1284.666,2742.034,0.0,0.38545388659336155,81375,503770,585145,331026,7730007,0,6,451,0,6,0,7,0,4,26,0,87.592,142,442
8350000,2026-01-19T16:22:05.656847,953507,81478,585844,331427,643097,0.6582285185120793,0.7739292,0.3854590197410091,162.956,1008.732,1171.688,268.4,1638.614,1907.014,105.442,557.412,662.854,0.6582285185120793,15478.584,0.0015478584,1286.194,2745.31,0.0,0.3854590197410091,81478,504366,585844,331427,7739292,0,5,457,0,3,0,9,0,5,21,0,56.454,114,406
8360000,2026-01-19T16:22:07.655275,954690,81577,586570,331826,643894,0.6581747475132581,0.7748421,0.3854459988421376,163.154,1009.986,1173.14,268.732,1640.648,1909.38,105.576,558.076,663.652,0.6581747475132581,15496.842,0.0015496842,1287.788,2748.732,0.0,0.3854459988421376,81577,504993,586570,331826,7748421,0,5,461,0,1,0,10,0,6,17,0,83.616,131,475
8370000,2026-01-19T16:22:09.644483,955818,81678,587262,332212,644655,0.6581908025258905,0.7757625,0.38544724435744204,163.356,1011.168,1174.524,269.046,1642.59,1911.636,105.688,558.736,664.424,0.6581908025258905,15515.25,0.001551525,1289.31,2751.954,0.0,0.38544724435744204,81678,505584,587262,332212,7757625,0,2,457,0,0,0,6,0,2,33,0,26.008,107,245
8380000,2026-01-19T16:22:11.636709,956959,81781,587966,332612,645410,0.6582010076638652,0.7767054,0.38545111337510923,163.562,1012.37,1175.932,269.366,1644.552,1913.918,105.804,559.42,665.224,0.6582010076638652,15534.108,0.0015534108,1290.82,2755.176,0.0,0.38545111337510923,81781,506185,587966,332612,7767054,0,8,449,0,5,0,7,0,3,28,0,104.068,179,402
8390000,2026-01-19T16:22:13.622501,958067,81875,588645,333003,646162,0.6581898806231196,0.7776361,0.38545392540585294,163.75,1013.54,1177.29,269.684,1646.45,1916.134,105.932,560.074,666.006,0.6581898806231196,15552.722,0.0015552722000000002,1292.324,2758.398,0.0,0.38545392540585294,81875,506770,588645,333003,7776361,0,4,459,0,1,0,8,0,4,24,0,94.894,161,438
8400000,2026-01-19T16:22:15.614458,959198,81971,589326,333398,646924,0.6582276092023158,0.7785555,0.38546751096814647,163.942,1014.71,1178.652,270.006,1648.39,1918.396,106.062,560.734,666.796,0.6582276092023158,15571.11,0.001557111,1293.848,2761.654,0.0,0.38546751096814647,81971,507355,589326,333398,7785555,0,4,462,0,5,0,9,0,6,14,0,117.472,161,484
8410000,2026-01-19T16:22:17.605466,960374,82064,590057,333810,647721,0.6582435945992174,0.7794885,0.38546781332311436,164.128,1015.986,1180.114,270.358,1650.39,1920.748,106.228,561.392,667.62,0.6582435945992174,15589.77,0.001558977,1295.442,2765.038,0.0,0.38546781332311436,82064,507993,590057,333810,7794885,0,2,458,0,6,0,10,0,6,18,0,94.946,123,471
8420000,2026-01-19T16:22:19.606396,961491,82159,590738,334206,648485,0.6582259976010626,0.7804246,0.38546522963746044,164.318,1017.158,1181.476,270.668,1652.314,1922.982,106.35,562.062,668.412,0.6582259976010626,15608.492,0.0015608492,1296.97,2768.27,0.0,0.38546522963746044,82159,508579,590738,334206,7804246,0,8,450,0,5,0,12,1,4,20,0,81.004,123,465
8430000,2026-01-19T16:22:21.592505,962596,82253,591418,334594,649247,0.6582494216472365,0.7813512,0.38547059277408213,164.506,1018.33,1182.836,270.96,1654.232,1925.192,106.452,562.736,669.188,0.6582494216472365,15627.024,0.0015627024000000002,1298.494,2771.524,0.0,0.38547059277408213,82253,509165,591418,334594,7813512,0,4,463,0,0,0,7,0,2,24,0,30.462,86,326
8440000,2026-01-19T16:22:23.588987,963737,82351,592114,334995,650007,0.6582621947145777,0.7822843,0.38547470623372915,164.702,1019.526,1184.228,271.268,1656.206,1927.474,106.566,563.424,669.99,0.6582621947145777,15645.686,0.0015645686000000001,1300.014,2774.786,0.0,0.38547470623372915,82351,509763,592114,334995,7822843,0,5,459,0,6,1,15,0,5,9,0,127.966,174,477
8450000,2026-01-19T16:22:25.576667,964886,82447,592823,335401,650793,0.6582794462860333,0.7832106,0.38548229539782547,164.894,1020.752,1185.646,271.598,1658.174,1929.772,106.702,564.1,670.802,0.6582794462860333,15664.212,0.0015664212,1301.586,2778.11,0.0,0.38548229539782547,82447,510376,592823,335401,7832106,0,5,455,0,1,0,12,0,7,20,0,37.496,128,321
8460000,2026-01-19T16:22:27.562851,966005,82549,593510,335791,651545,0.6583100652857268,0.7841454,0.3854853505048276,165.098,1021.922,1187.02,271.914,1660.096,1932.01,106.814,564.768,671.582,0.6583100652857268,15682.908,0.0015682908,1303.09,2781.316,0.0,0.3854853505048276,82549,510961,593510,335791,7841454,0,4,456,0,3,0,8,0,3,26,0,47.778,157,305
8470000,2026-01-19T16:22:29.551579,967147,82648,594199,336191,652321,0.6583463738110042,0.7850631,0.3855024953895177,165.296,1023.102,1188.398,272.226,1662.068,1934.294,106.928,565.454,672.382,0.6583463738110042,15701.262,0.0015701262,1304.642,2784.618,0.0,0.3855024953895177,82648,511551,594199,336191,7850631,0,4,460,0,2,0,10,0,3,21,0,53.594,95,381
8480000,2026-01-19T16:22:31.543065,968290,82744,594901,336594,653086,0.658381996916384,0.7860058,0.38551169687996184,165.488,1024.314,1189.802,272.554,1664.026,1936.58,107.066,566.122,673.188,0.658381996916384,15720.116,0.0015720115999999999,1306.172,2787.876,0.0,0.38551169687996184,82744,512157,594901,336594,7860058,0,6,447,1,11,0,11,0,3,21,0,135.48,181,439
8490000,2026-01-19T16:22:33.532715,969424,82837,595598,336990,653866,0.6583864928887623,0.7869219,0.3855141508476275,165.674,1025.522,1191.196,272.88,1665.968,1938.848,107.204,566.776,673.98,0.6583864928887623,15738.438,0.0015738438,1307.732,2791.218,0.0,0.3855141508476275,82837,512761,595598,336990,7869219,0,0,471,0,3,0,8,0,5,13,0,59.824,98,473
8500000,2026-01-19T16:22:35.517418,970522,82939,596275,337377,654596,0.6583913973213058,0.7878603,0.3855177863296317,165.878,1026.672,1192.55,273.192,1667.852,1941.044,107.312,567.442,674.754,0.6583913973213058,15757.206,0.0015757205999999998,1309.192,2794.334,0.0,0.3855177863296317,82939,513336,596275,337377,7878603,0,3,465,0,0,0,8,0,6,18,0,37.852,107,405
8510000,2026-01-19T16:22:37.507377,971657,83037,596963,337772,655365,0.6584098119839406,0.7887855,0.38551615023677427,166.074,1027.852,1193.926,273.518,1669.796,1943.314,107.442,568.102,675.544,0.6584098119839406,15775.71,0.001577571,1310.73,2797.584,0.0,0.38551615023677427,83037,513926,596963,337772,7887855,0,6,458,0,0,0,6,0,4,26,0,54.702,101,387
8520000,2026-01-19T16:22:39.495355,972807,83136,597670,338180,656139,0.6584280270160963,0.789725,0.3855210845511069,166.272,1029.068,1195.34,273.836,1671.778,1945.614,107.564,568.796,676.36,0.6584280270160963,15794.5,0.00157945,1312.278,2800.886,0.0,0.3855210845511069,83136,514534,597670,338180,7897250,0,3,451,0,4,0,8,1,5,28,0,63.01,123,358
8530000,2026-01-19T16:22:41.484729,973925,83230,598362,338568,656895,0.6584282758542614,0.7906604,0.38552261880114375,166.46,1030.264,1196.724,274.144,1673.706,1947.85,107.684,569.452,677.136,0.6584282758542614,15813.208,0.0015813208,1313.79,2804.116,0.0,0.38552261880114375,83230,515132,598362,338568,7906604,0,4,459,0,4,0,9,0,4,20,0,121.728,180,468
8540000,2026-01-19T16:22:43.474954,975080,83324,599072,338968,657682,0.6584273712174598,0.791584,0.3855204170602655,166.648,1031.496,1198.144,274.466,1675.694,1950.16,107.818,570.118,677.936,0.6584273712174598,15831.68,0.0015831679999999998,1315.364,2807.484,0.0,0.3855204170602655,83324,515748,599072,338968,7915840,0,7,451,0,2,0,9,0,5,26,0,68.614,135,474
8550000,2026-01-19T16:22:45.473757,976186,83422,599751,339354,658424,0.6584194414349908,0.7925195,0.38552344779137215,166.844,1032.658,1199.502,274.766,1677.606,1952.372,107.922,570.786,678.708,0.6584194414349908,15850.39,0.0015850390000000001,1316.848,2810.678,0.0,0.38552344779137215,83422,516329,599751,339354,7925195,0,5,457,0,4,0,8,0,4,22,0,97.202,177,387
8560000,2026-01-19T16:22:47.461615,977329,83522,600452,339744,659195,0.6584270477638969,0.7934423,0.38552442122708375,167.044,1033.86,1200.904,275.068,1679.59,1954.658,108.024,571.464,679.488,0.6584270477638969,15868.846,0.0015868846,1318.39,2813.978,0.0,0.38552442122708375,83522,516930,600452,339744,7934423,0,3,455,0,2,0,7,0,3,30,0,29.644,120,324
8570000,2026-01-19T16:22:49.445692,978446,83616,601134,340141,659946,0.6584502469904789,0.7943812,0.38553345544275175,167.232,1035.036,1202.268,275.4,1681.492,1956.892,108.168,572.114,680.282,0.6584502469904789,15887.624,0.0015887624,1319.892,2817.176,0.0,0.38553345544275175,83616,517518,601134,340141,7943812,0,3,457,0,7,0,7,0,3,23,0,112.288,179,405
8580000,2026-01-19T16:22:51.434431,979601,83716,601835,340547,660733,0.6584969820566049,0.7953006,0.3855480951080071,167.432,1036.238,1203.67,275.718,1683.484,1959.202,108.286,572.808,681.094,0.6584969820566049,15906.012,0.0015906012000000001,1321.466,2820.516,0.0,0.3855480951080071,83716,518119,601835,340547,7953006,1,2,449,0,1,0,7,0,6,34,0,57.512,121,433
8590000,2026-01-19T16:22:53.418946,980708,83813,602512,340935,661474,0.6585300133670958,0.7962389,0.38555669510365653,167.626,1037.398,1205.024,276.028,1685.388,1961.416,108.4,573.47,681.87,0.6585300133670958,15924.778,0.0015924778,1322.948,2823.682,0.0,0.38555669510365653,83813,518699,602512,340935,7962389,0,5,447,0,3,0,11,0,6,28,0,94.838,166,466
8600000,2026-01-19T16:22:55.400515,981820,83905,603188,341336,662239,0.6586119307403506,0.7971769,0.38557938162577154,167.81,1038.566,1206.376,276.33,1687.31,1963.64,108.52,574.152,682.672,0.6586119307403506,15943.538,0.0015943538,1324.478,2826.956,0.0,0.38557938162577154,83905,519283,603188,341336,7971769,0,3,460,0,7,1,11,0,3,15,0,84.772,174,463
8610000,2026-01-19T16:22:57.382771,982925,83998,603867,341725,662989,0.6586067482755273,0.7981089,0.38557892014161027,167.996,1039.738,1207.734,276.642,1689.208,1965.85,108.644,574.806,683.45,0.6586067482755273,15962.178,0.0015962178,1325.978,2830.148,0.0,0.38557892014161027,83998,519869,603867,341725,7981089,0,6,454,0,9,0,9,0,3,19,0,122.63,162,470
8620000,2026-01-19T16:22:59.368103,984042,84094,604562,342114,663745,0.6585893177427247,0.7990453,0.38557459939096755,168.188,1040.936,1209.124,276.968,1691.116,1968.084,108.778,575.45,684.228,0.6585893177427247,15980.906,0.0015980906,1327.49,2833.362,0.0,0.38557459939096755,84094,520468,604562,342114,7990453,0,4,454,0,0,0,7,0,4,31,0,74.4,159,429
8630000,2026-01-19T16:23:01.363881,985212,84195,605284,342522,664522,0.6585899997360122,0.7999774,0.3855716620265674,168.39,1042.178,1210.568,277.306,1693.118,1970.424,108.916,576.128,685.044,0.6585899997360122,15999.548,0.0015999547999999998,1329.044,2836.692,0.0,0.3855716620265674,84195,521089,605284,342522,7999774,1,3,451,0,6,0,8,0,4,27,0,80.436,124,411
8640000,2026-01-19T16:23:03.353873,986333,84297,605980,342907,665274,0.658570482385085,0.8009024,0.38556400502874266,168.594,1043.366,1211.96,277.62,1695.046,1972.666,109.024,576.79,685.814,0.658570482385085,16018.048,0.0016018048000000001,1330.548,2839.906,0.0,0.38556400502874266,84297,521683,605980,342907,8009024,0,6,455,0,0,0,6,0,6,27,0,40.252,137,345
8650000,2026-01-19T16:23:05.346660,987478,84394,606695,343302,666034,0.6585072134249272,0.8018316,0.38554320080176346,168.788,1044.602,1213.39,277.966,1696.99,1974.956,109.176,577.428,686.604,0.6585072134249272,16036.632,0.0016036632,1332.068,2843.14,0.0,0.38554320080176346,84394,522301,606695,343302,8018316,0,6,456,0,1,0,9,0,3,25,0,77.228,139,446
8660000,2026-01-19T16:23:07.338105,988621,84489,607388,343699,666808,0.6584970301735316,0.8027475,0.3855398906772733,168.978,1045.798,1214.776,278.278,1698.964,1977.242,109.298,578.1,687.398,0.6584970301735316,16054.95,0.001605495,1333.616,2846.45,0.0,0.3855398906772733,84489,522899,607388,343699,8027475,0,5,456,0,5,0,14,0,4,16,0,99.696,148,453
8670000,2026-01-19T16:23:09.321275,989730,84586,608075,344090,667561,0.6585240061072384,0.8036911,0.3855463887055724,169.172,1046.978,1216.15,278.588,1700.872,1979.46,109.416,578.764,688.18,0.6585240061072384,16073.822,0.0016073822,1335.122,2849.62,0.0,0.3855463887055724,84586,523489,608075,344090,8036911,0,4,446,1,4,0,8,0,2,35,0,100.472,180,459
8680000,2026-01-19T16:23:11.318709,990920,84683,608807,344503,668372,0.6585480590808693,0.8046119,0.3855488915909306,169.366,1048.248,1217.614,278.916,1702.924,1981.84,109.55,579.456,689.006,0.6585480590808693,16092.238,0.0016092238000000002,1336.744,2853.078,0.0,0.3855488915909306,84683,524124,608807,344503,8046119,0,8,450,0,2,1,12,0,3,24,0,110.974,174,480
8690000,2026-01-19T16:23:13.306538,992025,84785,609485,344888,669112,0.6585552498958249,0.8055439,0.38554666465767673,169.57,1049.4,1218.97,279.212,1704.838,1984.05,109.64,580.136,689.776,0.6585552498958249,16110.878,0.0016110878,1338.224,2856.264,0.0,0.38554666465767673,84785,524700,609485,344888,8055439,0,8,455,0,2,0,9,0,6,20,0,64.27,164,359
8700000,2026-01-19T16:23:15.303730,993150,84882,610172,345272,669864,0.6585262798155189,0.8064634,0.3855418367896032,169.764,1050.58,1220.344,279.544,1706.756,1986.3,109.778,580.766,690.544,0.6585262798155189,16129.268,0.0016129268,1339.728,2859.468,0.0,0.3855418367896032,84882,525290,610172,345272,8064634,0,10,453,0,0,0,10,0,6,21,0,84.968,150,452
8710000,2026-01-19T16:23:17.291536,994252,84981,610841,345656,670600,0.6585489170119561,0.8073908,0.3855466690861162,169.962,1051.72,1221.682,279.846,1708.658,1988.504,109.884,581.428,691.312,0.6585489170119561,16147.816,0.0016147816,1341.2,2862.63,0.0,0.3855466690861162,84981,525860,610841,345656,8073908,0,5,459,1,5,0,9,0,5,16,0,128.024,180,475
8720000,2026-01-19T16:23:19.285163,995373,85078,611522,346053,671359,0.6585934828610489,0.8083256,0.3855594781144492,170.156,1052.888,1223.044,280.15,1710.596,1990.746,109.994,582.112,692.106,0.6585934828610489,16166.512,0.0016166512,1342.718,2865.858,0.0,0.3855594781144492,85078,526444,611522,346053,8083256,0,2,454,0,3,1,15,0,6,19,0,126.986,174,477
8730000,2026-01-19T16:23:21.271133,996465,85181,612191,346435,672083,0.6585895003412954,0.8092548,0.3855563553933604,170.362,1054.02,1224.382,280.452,1712.478,1992.93,110.088,582.782,692.87,0.6585895003412954,16185.096,0.0016185096000000002,1344.166,2868.98,0.0,0.3855563553933604,85181,527010,612191,346435,8092548,0,4,461,0,5,0,12,0,8,10,0,115.872,168,485
8740000,2026-01-19T16:23:23.265580,997592,85280,612895,346822,672827,0.658546979559214,0.8101842,0.3855458454382394,170.56,1055.23,1225.79,280.802,1714.382,1995.184,110.24,583.404,693.644,0.658546979559214,16203.684,0.0016203684,1345.654,2872.144,0.0,0.3855458454382394,85280,527615,612895,346822,8101842,0,2,454,0,4,0,11,0,6,23,0,68.142,116,453
8750000,2026-01-19T16:23:25.253630,998708,85377,613587,347200,673577,0.6585161861775202,0.8111176,0.38553795688001474,170.754,1056.42,1227.174,281.116,1716.3,1997.416,110.36,584.04,694.4,0.6585161861775202,16222.352,0.0016222352,1347.154,2875.342,0.0,0.38553795688001474,85377,528210,613587,347200,8111176,0,7,456,0,0,0,12,0,5,20,0,96.814,170,478
8760000,2026-01-19T16:23:27.241005,999844,85482,614285,347595,674331,0.6584965313181523,0.8120446,0.38553194872830243,170.964,1057.606,1228.57,281.434,1718.254,1999.688,110.47,584.72,695.19,0.6584965313181523,16240.892,0.0016240892,1348.662,2878.568,0.0,0.38553194872830243,85482,528803,614285,347595,8120446,0,3,458,0,5,0,8,0,4,22,0,109.424,179,476
8770000,2026-01-19T16:23:29.223992,1000955,85577,614962,347989,675076,0.6585253047169927,0.8129776,0.3855405673940762,171.154,1058.77,1229.924,281.754,1720.156,2001.91,110.6,585.378,695.978,0.6585253047169927,16259.552,0.0016259552,1350.152,2881.746,0.0,0.3855405673940762,85577,529385,614962,347989,8129776,0,4,459,0,2,0,13,0,10,12,0,83.156,177,447
8780000,2026-01-19T16:23:31.225645,1002119,85677,615683,348392,675864,0.6585047795048237,0.8139043,0.3855355415789338,171.354,1060.012,1231.366,282.08,1722.158,2004.238,110.724,586.06,696.784,0.6585047795048237,16278.086,0.0016278086,1351.728,2885.086,0.0,0.3855355415789338,85677,530006,615683,348392,8139043,0,8,446,0,2,0,11,0,6,27,0,91.77,170,455
8790000,2026-01-19T16:23:33.210684,1003259,85774,616384,348795,676628,0.6585011662534609,0.8148348,0.38554089882214226,171.548,1061.22,1232.768,282.416,1724.102,2006.518,110.866,586.724,697.59,0.6585011662534609,16296.696,0.0016296696,1353.256,2888.352,0.0,0.38554089882214226,85774,530610,616384,348795,8148348,0,7,453,0,7,0,9,0,4,20,0,95.348,155,453
8800000,2026-01-19T16:23:35.199996,1004409,85867,617090,349195,677416,0.6585043688402188,0.8157564,0.3855428606404174,171.734,1062.446,1234.18,282.734,1726.084,2008.818,111.0,587.39,698.39,0.6585043688402188,16315.128,0.0016315128000000002,1354.832,2891.734,0.0,0.3855428606404174,85867,531223,617090,349195,8157564,0,4,466,0,7,0,10,0,2,11,0,113.526,178,469
8810000,2026-01-19T16:23:37.185543,1005541,85958,617782,349593,678192,0.6584962796478127,0.8166845,0.38553905234906377,171.916,1063.648,1235.564,283.064,1728.018,2011.082,111.146,588.04,699.186,0.6584962796478127,16333.69,0.001633369,1356.384,2894.99,0.0,0.38553905234906377,85958,531824,617782,349593,8166845,0,3,453,0,6,0,10,0,3,25,0,111.502,147,457
8820000,2026-01-19T16:23:39.171246,1006651,86053,618460,349981,678940,0.6585267770437575,0.8176106,0.3855471940001685,172.106,1064.814,1236.92,283.376,1729.926,2013.302,111.27,588.692,699.962,0.6585267770437575,16352.212,0.0016352212,1357.88,2898.188,0.0,0.3855471940001685,86053,532407,618460,349981,8176106,0,2,457,0,4,0,14,0,5,18,0,108.312,176,469
8830000,2026-01-19T16:23:41.165664,1007790,86153,619154,350372,679706,0.6584973931435547,0.8185273,0.3855383784692095,172.306,1066.002,1238.308,283.706,1731.874,2015.58,111.398,589.346,700.744,0.6584973931435547,16370.546,0.0016370546,1359.412,2901.47,0.0,0.3855383784692095,86153,533001,619154,350372,8185273,0,2,464,0,7,0,8,0,4,15,0,92.876,149,471
8840000,2026-01-19T16:23:43.157702,1008913,86249,619845,350753,680468,0.6585144451194304,0.8194472,0.3855405895930274,172.498,1067.192,1239.69,284.02,1733.806,2017.826,111.52,589.986,701.506,0.6585144451194304,16388.944,0.0016388944,1360.936,2904.686,0.0,0.3855405895930274,86249,533596,619845,350753,8194472,0,5,449,0,1,0,7,0,3,35,0,37.858,98,420
8850000,2026-01-19T16:23:45.153432,1010064,86350,620549,351160,681244,0.6585618023586793,0.8203846,0.385553246436034,172.7,1068.398,1241.098,284.328,1735.8,2020.128,111.628,590.692,702.32,0.6585618023586793,16407.692,0.0016407692,1362.488,2908.0,0.0,0.385553246436034,86350,534199,620549,351160,8203846,1,4,447,0,5,0,6,0,5,32,0,89.574,122,440
8860000,2026-01-19T16:23:47.149174,1011208,86450,621250,351555,682008,0.658541225180979,0.8213076,0.3855452122527312,172.9,1069.6,1242.5,284.638,1737.778,2022.416,111.736,591.374,703.11,0.658541225180979,16426.152,0.0016426152000000001,1364.016,2911.32,0.0,0.3855452122527312,86450,534800,621250,351555,8213076,0,5,461,0,9,0,10,0,4,11,0,96.646,138,483
8870000,2026-01-19T16:23:49.138516,1012382,86548,621971,351964,682808,0.6585615078472254,0.822231,0.38554735979481825,173.096,1070.846,1243.942,284.966,1739.798,2024.764,111.868,592.06,703.928,0.6585615078472254,16444.62,0.0016444620000000002,1365.616,2914.71,0.0,0.38554735979481825,86548,535423,621971,351964,8222310,0,5,455,0,7,0,10,0,4,19,0,94.306,134,466
8880000,2026-01-19T16:23:51.129670,1013550,86642,622680,352365,683604,0.6585342579200922,0.8231422,0.3855400901638579,173.284,1072.076,1245.36,285.312,1741.788,2027.1,112.026,592.704,704.73,0.6585342579200922,16462.844,0.0016462844000000002,1367.208,2918.08,0.0,0.3855400901638579,86642,536038,622680,352365,8231422,0,2,457,0,5,0,7,0,3,26,0,80.36,113,436
8890000,2026-01-19T16:23:53.118948,1014696,86739,623381,352757,684384,0.6585439547607801,0.8240623,0.3855476034918105,173.478,1073.284,1246.762,285.602,1743.79,2029.392,112.124,593.39,705.514,0.6585439547607801,16481.246,0.0016481246000000001,1368.768,2921.416,0.0,0.3855476034918105,86739,536642,623381,352757,8240623,0,3,458,0,6,0,10,0,3,20,0,118.356,177,454
8900000,2026-01-19T16:23:55.104842,1015821,86838,624069,353152,685141,0.6585337331936237,0.8249887,0.38554923440718614,173.676,1074.462,1248.138,285.916,1745.726,2031.642,112.238,594.066,706.304,0.6585337331936237,16499.774,0.0016499774,1370.282,2924.644,0.0,0.38554923440718614,86838,537231,624069,353152,8249887,0,4,454,0,5,0,11,0,4,22,0,78.62,120,425
8910000,2026-01-19T16:23:57.090474,1016953,86930,624759,353545,685925,0.6585181064381165,0.8259129,0.3855476882555233,173.86,1075.658,1249.518,286.22,1747.686,2033.906,112.358,594.732,707.09,0.6585181064381165,16518.258,0.0016518257999999998,1371.85,2927.956,0.0,0.3855476882555233,86930,537829,624759,353545,8259129,0,5,447,0,5,0,5,0,4,34,0,75.214,132,466
8920000,2026-01-19T16:23:59.073176,1018059,87025,625441,353927,686662,0.6585109380129787,0.8268462,0.38554208195870754,174.05,1076.832,1250.882,286.528,1749.59,2036.118,112.476,595.378,707.854,0.6585109380129787,16536.924,0.0016536924,1373.324,2931.144,0.0,0.38554208195870754,87025,538416,625441,353927,8268462,0,2,459,0,4,0,10,0,6,19,0,106.028,157,468
8930000,2026-01-19T16:24:01.070921,1019204,87122,626144,354329,687440,0.6585284229122548,0.8277801,0.3855454848039785,174.244,1078.044,1252.288,286.844,1751.564,2038.408,112.6,596.058,708.658,0.6585284229122548,16555.602,0.0016555602,1374.88,2934.452,0.0,0.3855454848039785,87122,539022,626144,354329,8277801,0,5,453,1,3,0,10,0,5,23,0,112.84,180,471
8940000,2026-01-19T16:24:03.067184,1020404,87222,626884,354742,688238,0.6585166804768617,0.8286983,0.3855413754022276,174.444,1079.324,1253.768,287.204,1753.604,2040.808,112.76,596.724,709.484,0.6585166804768617,16573.966,0.0016573966,1376.476,2937.856,0.0,0.3855413754022276,87222,539662,626884,354742,8286983,0,5,449,1,6,0,11,0,6,22,0,139.51,181,459
8950000,2026-01-19T16:24:05.062442,1021573,87323,627603,355147,689012,0.65850409004013,0.8296178,0.3855389919633918,174.646,1080.56,1255.206,287.558,1755.588,2043.146,112.91,597.384,710.294,0.65850409004013,16592.356,0.0016592356,1378.024,2941.19,0.0,0.3855389919633918,87323,540280,627603,355147,8296178,0,4,459,0,8,0,14,0,4,11,0,101.336,140,483
8960000,2026-01-19T16:24:07.053833,1022724,87424,628323,355543,689785,0.6584664950972049,0.8305494,0.3855304522267056,174.848,1081.798,1256.646,287.896,1757.552,2045.448,113.046,598.04,711.086,0.6584664950972049,16610.988,0.0016610988,1379.57,2944.476,0.0,0.3855304522267056,87424,540899,628323,355543,8305494,0,4,462,0,4,0,8,0,6,16,0,115.468,169,481
8970000,2026-01-19T16:24:09.043821,1023883,87523,629040,355949,690566,0.6584712309627523,0.8314777,0.385532304635056,175.046,1083.034,1258.08,288.224,1759.542,2047.766,113.176,598.722,711.898,0.6584712309627523,16629.554,0.0016629554,1381.132,2947.8,0.0,0.385532304635056,87523,541517,629040,355949,8314777,0,5,458,0,4,0,9,0,5,19,0,125.452,167,469
8980000,2026-01-19T16:24:11.035403,1025035,87621,629744,356346,691341,0.6584362860325458,0.8323993,0.38552398467705434,175.242,1084.246,1259.488,288.554,1761.516,2050.07,113.31,599.382,712.692,0.6584362860325458,16647.986,0.0016647985999999999,1382.682,2951.126,0.0,0.38552398467705434,87621,542123,629744,356346,8323993,0,2,462,0,4,0,10,0,4,18,0,111.764,171,484
8990000,2026-01-19T16:24:13.025110,1026193,87719,630453,356755,692127,0.6584399493431999,0.8333256,0.38552388988603836,175.438,1085.468,1260.906,288.864,1763.522,2052.386,113.424,600.086,713.51,0.6584399493431999,16666.512,0.0016666512,1384.254,2954.482,0.0,0.38552388988603836,87719,542734,630453,356755,8333256,0,1,456,0,6,0,13,0,6,18,0,118.98,161,474
9000000,2026-01-19T16:24:15.017544,1027325,87815,631140,357153,692910,0.6584441929415847,0.8342566,0.3855285556797838,175.63,1086.65,1262.28,289.162,1765.488,2054.65,113.532,600.774,714.306,0.6584441929415847,16685.132,0.0016685132,1385.82,2957.77,0.0,0.3855285556797838,87815,543325,631140,357153,8342566,0,3,446,0,4,0,12,0,3,32,0,89.386,179,474
9010000,2026-01-19T16:24:17.006732,1028474,87914,631842,357551,693679,0.6583960363259393,0.8351814,0.38551993931857065,175.828,1087.856,1263.684,289.492,1767.456,2056.948,113.662,601.44,715.102,0.6583960363259393,16703.628,0.0016703628,1387.358,2961.058,0.0,0.38551993931857065,87914,543928,631842,357551,8351814,0,5,446,0,3,0,13,0,4,29,0,83.592,143,457
9020000,2026-01-19T16:24:18.999450,1029595,88008,632533,357945,694430,0.6583614391947447,0.8361169,0.38551606743279404,176.016,1089.05,1265.066,289.818,1769.372,2059.19,113.8,602.09,715.89,0.6583614391947447,16722.338,0.0016722338,1388.86,2964.28,0.0,0.38551606743279404,88008,544525,632533,357945,8361169,0,2,454,0,6,0,13,0,6,19,0,112.964,156,475
9030000,2026-01-19T16:24:21.000700,1030781,88110,633259,358353,695235,0.6583600144973628,0.837036,0.38551518632369025,176.22,1090.298,1266.518,290.15,1771.412,2061.562,113.93,602.776,716.706,0.6583600144973628,16740.72,0.001674072,1390.47,2967.698,0.0,0.38551518632369025,88110,545149,633259,358353,8370360,0,9,452,0,1,0,10,0,4,24,0,69.646,179,470
9040000,2026-01-19T16:24:22.996546,1031939,88208,633973,358754,696018,0.6583602125298929,0.8379601,0.3855184251192242,176.416,1091.53,1267.946,290.478,1773.4,2063.878,114.062,603.446,717.508,0.6583602125298929,16759.202,0.0016759201999999999,1392.036,2971.042,0.0,0.3855184251192242,88208,545765,633973,358754,8379601,0,6,459,0,3,0,7,0,3,22,0,80.844,178,351
9050000,2026-01-19T16:24:24.986539,1033087,88306,634675,359150,696781,0.6583183191618585,0.8388839,0.38550644755528196,176.612,1092.738,1269.35,290.814,1775.36,2066.174,114.2,604.1,718.3,0.6583183191618585,16777.678,0.0016777678,1393.562,2974.302,0.0,0.38550644755528196,88306,546369,634675,359150,8388839,0,3,457,0,2,0,11,0,6,21,0,109.682,152,479
9060000,2026-01-19T16:24:26.974500,1034213,88397,635357,359549,697568,0.6583519549227693,0.8398097,0.38551615704300807,176.794,1093.92,1270.714,291.116,1777.31,2068.426,114.32,604.778,719.098,0.6583519549227693,16796.194,0.0016796194,1395.136,2977.6,0.0,0.38551615704300807,88397,546960,635357,359549,8398097,0,3,450,0,2,0,7,0,4,34,0,110.908,173,464
9070000,2026-01-19T16:24:28.956130,1035329,88493,636039,359939,698321,0.6583766357607208,0.8407316,0.3855218296969506,176.986,1095.092,1272.078,291.42,1779.238,2070.658,114.432,605.446,719.878,0.6583766357607208,16814.632,0.0016814632,1396.642,2980.838,0.0,0.3855218296969506,88493,547546,636039,359939,8407316,0,3,454,0,5,0,10,0,4,24,0,71.25,120,401
9080000,2026-01-19T16:24:30.944672,1036507,88594,636764,360351,699117,0.6583487191260353,0.8416615,0.38551562359889696,177.188,1096.34,1273.528,291.75,1781.264,2073.014,114.56,606.142,720.702,0.6583487191260353,16833.23,0.0016833229999999998,1398.234,2984.232,0.0,0.38551562359889696,88594,548170,636764,360351,8416615,0,2,451,0,4,0,9,0,4,30,0,70.876,114,417
9090000,2026-01-19T16:24:32.939377,1037623,88691,637450,360741,699871,0.6583420728810019,0.8426008,0.38551206308351754,177.382,1097.518,1274.9,292.066,1783.18,2075.246,114.682,606.8,721.482,0.6583420728810019,16852.016,0.0016852016,1399.742,2987.46,0.0,0.38551206308351754,88691,548759,637450,360741,8426008,0,3,456,0,2,0,8,0,4,27,0,52.524,120,284
9100000,2026-01-19T16:24:35.076340,1038759,88787,638148,361135,700643,0.658323445117882,0.843536,0.3855064727431558,177.574,1098.722,1276.296,292.378,1785.14,2077.518,114.804,607.466,722.27,0.658323445117882,16870.72,0.001687072,1401.286,2990.74,0.0,0.3855064727431558,88787,549361,638148,361135,8435360,0,8,463,0,4,0,6,0,2,17,0,40.882,112,467
9110000,2026-01-19T16:24:37.294974,1039895,88881,638830,361536,701416,0.6583655768700822,0.8444608,0.3855175702885935,177.762,1099.898,1277.66,292.692,1787.098,2079.79,114.93,608.142,723.072,0.6583655768700822,16889.216,0.0016889216000000001,1402.832,2994.026,0.0,0.3855175702885935,88881,549949,638830,361536,8444608,0,3,451,1,4,0,10,0,5,26,0,133.554,181,476
9120000,2026-01-19T16:24:39.698317,1041028,88977,639528,361924,702183,0.6583119790702467,0.845383,0.3855043885208542,177.954,1101.102,1279.056,293.014,1789.042,2082.056,115.058,608.79,723.848,0.6583119790702467,16907.66,0.001690766,1404.366,2997.31,0.0,0.3855043885208542,88977,550551,639528,361924,8453830,0,6,461,0,1,0,9,0,2,21,0,23.268,108,236
9130000,2026-01-19T16:24:42.706867,1042136,89077,640202,362313,702923,0.6583653374503403,0.8463184,0.385520975480431,178.154,1102.25,1280.404,293.316,1790.956,2084.272,115.16,609.466,724.626,0.6583653374503403,16926.368,0.0016926368,1405.846,3000.466,0.0,0.385520975480431,89077,551125,640202,362313,8463184,0,5,450,0,4,0,9,0,3,29,0,96.53,135,443
9140000,2026-01-19T16:24:44.773393,1043309,89180,640931,362717,703702,0.6583147691384128,0.8472479,0.3855065066294554,178.36,1103.502,1281.862,293.66,1792.958,2086.618,115.298,610.136,725.434,0.6583147691384128,16944.958,0.0016944958000000001,1407.404,3003.808,0.0,0.3855065066294554,89180,551751,640931,362717,8472479,0,4,453,0,0,0,8,0,7,28,0,51.498,146,463
9150000,2026-01-19T16:24:46.833735,1044483,89278,641653,363120,704485,0.6582984768651766,0.8481708,0.38549924759259446,178.556,1104.75,1283.306,293.996,1794.97,2088.966,115.438,610.802,726.24,0.6582984768651766,16963.416,0.0016963416,1408.97,3007.174,0.0,0.38549924759259446,89278,552375,641653,363120,8481708,0,5,451,0,3,0,13,0,8,20,0,119.902,166,472
9160000,2026-01-19T16:24:48.885739,1045624,89378,642353,363517,705260,0.6583243809505,0.8490975,0.3855047261620458,178.756,1105.95,1284.706,294.322,1796.926,2091.248,115.564,611.47,727.034,0.6583243809505,16981.95,0.0016981950000000002,1410.52,3010.458,0.0,0.3855047261620458,89378,552975,642353,363517,8490975,0,8,453,0,2,0,8,0,5,24,0,88.48,149,458
9170000,2026-01-19T16:24:50.946332,1046759,89475,643047,363912,706026,0.6583267795176363,0.8500223,0.38550979177368766,178.95,1107.144,1286.094,294.63,1798.888,2093.518,115.678,612.146,727.824,0.6583267795176363,17000.446,0.0017000446,1412.052,3013.728,0.0,0.38550979177368766,89475,553572,643047,363912,8500223,0,1,450,0,7,0,11,0,3,28,0,122.414,163,453
9180000,2026-01-19T16:24:52.999592,1047925,89572,643767,364314,706816,0.6583276831995251,0.8509399,0.38551324914794466,179.144,1108.39,1287.534,294.974,1800.876,2095.85,115.828,612.8,728.628,0.6583276831995251,17018.798,0.0017018798,1413.632,3017.096,0.0,0.38551324914794466,89572,554195,643767,364314,8509399,0,4,462,0,2,0,6,0,7,19,0,76.132,125,461
9190000,2026-01-19T16:24:55.256865,1049083,89674,644486,364719,707582,0.6582822416851254,0.8518783,0.3855052197930344,179.348,1109.624,1288.972,295.316,1802.85,2098.166,115.968,613.47,729.438,0.6582822416851254,17037.566,0.0017037566,1415.164,3020.35,0.0,0.3855052197930344,89674,554812,644486,364719,8518783,0,2,454,0,1,0,9,0,9,25,0,72.976,178,424
9200000,2026-01-19T16:24:57.373158,1050229,89769,645186,365122,708360,0.6583080981986795,0.8528077,0.3855113622488835,179.538,1110.834,1290.372,295.65,1804.808,2100.458,116.11,614.134,730.244,0.6583080981986795,17056.154,0.0017056153999999999,1416.72,3023.662,0.0,0.3855113622488835,89769,555417,645186,365122,8528077,0,4,457,0,1,0,11,0,5,22,0,87.124,161,470
9210000,2026-01-19T16:24:59.467846,1051367,89865,645881,365515,709136,0.6583454582704461,0.8537265,0.385515197364618,179.73,1112.032,1291.762,295.95,1806.784,2102.734,116.22,614.81,731.03,0.6583454582704461,17074.53,0.001707453,1418.272,3026.962,0.0,0.385515197364618,89865,556016,645881,365515,8537265,0,4,448,0,6,0,11,0,2,29,0,138.002,178,460
9220000,2026-01-19T16:25:01.505959,1052541,89959,646615,365917,709925,0.658300623407156,0.8546459,0.3855038098455276,179.918,1113.312,1293.23,296.296,1808.786,2105.082,116.378,615.456,731.834,0.658300623407156,17092.918,0.0017092918,1419.85,3030.322,0.0,0.3855038098455276,89959,556656,646615,365917,8546459,0,5,447,1,7,0,13,0,3,24,0,148.594,181,468
9230000,2026-01-19T16:25:03.639046,1053715,90057,647345,366322,710720,0.658276857377955,0.8555647,0.3854993428041007,180.114,1114.576,1294.69,296.622,1810.808,2107.43,116.506,616.138,732.644,0.658276857377955,17111.294,0.0017111294,1421.44,3033.718,0.0,0.3854993428041007,90057,557288,647345,366322,8555647,0,4,451,0,4,0,13,0,4,24,0,74.404,116,418
9240000,2026-01-19T16:25:05.703874,1054843,90153,648038,366717,711489,0.6582917758465657,0.8564963,0.3855049721452222,180.306,1115.77,1296.076,296.924,1812.762,2109.686,116.616,616.818,733.434,0.6582917758465657,17129.926,0.0017129926,1422.978,3037.002,0.0,0.3855049721452222,90153,557885,648038,366717,8564963,0,6,449,0,6,0,9,0,2,28,0,73.03,104,453
9250000,2026-01-19T16:25:07.766871,1056028,90253,648769,367135,712279,0.6582873351278298,0.8574349,0.38551012967937265,180.506,1117.032,1297.538,297.264,1814.792,2112.056,116.758,617.512,734.27,0.6582873351278298,17148.698,0.0017148698,1424.558,3040.428,0.0,0.38551012967937265,90253,558516,648769,367135,8574349,0,3,465,0,9,0,13,0,4,6,0,131.724,178,472
9260000,2026-01-19T16:25:09.799950,1057198,90355,649488,367542,713071,0.6583015411019049,0.8583579,0.38551347325329677,180.71,1118.266,1298.976,297.58,1816.816,2114.396,116.87,618.214,735.084,0.6583015411019049,17167.158,0.0017167158,1426.142,3043.782,0.0,0.38551347325329677,90355,559133,649488,367542,8583579,0,7,454,0,7,0,12,0,8,12,0,117.18,173,481
9270000,2026-01-19T16:25:11.860067,1058391,90451,650218,367954,713882,0.6582995194334887,0.8592735,0.3855157266681525,180.902,1119.534,1300.436,297.93,1818.852,2116.782,117.026,618.882,735.908,0.6582995194334887,17185.47,0.001718547,1427.764,3047.254,0.0,0.3855157266681525,90451,559767,650218,367954,8592735,0,4,465,0,10,0,11,0,2,8,0,86.226,132,465
9280000,2026-01-19T16:25:13.926228,1059504,90551,650901,368347,714629,0.6583358003268838,0.860214,0.38552391919814744,181.102,1120.7,1301.802,298.248,1820.76,2119.008,117.144,619.55,736.694,0.6583358003268838,17204.28,0.001720428,1429.258,3050.428,0.0,0.38552391919814744,90551,560350,650901,368347,8602140,0,4,460,0,4,0,10,0,5,17,0,106.692,147,469
9290000,2026-01-19T16:25:15.988857,1060629,90653,651596,368739,715375,0.6583121780524158,0.861149,0.38552178797685416,181.306,1121.886,1303.192,298.582,1822.676,2121.258,117.274,620.204,737.478,0.6583121780524158,17222.98,0.0017222980000000001,1430.75,3053.638,0.0,0.38552178797685416,90653,560943,651596,368739,8611490,0,2,473,0,4,0,6,0,5,10,0,87.412,151,457
9300000,2026-01-19T16:25:18.061850,1061724,90752,652273,369125,716106,0.6583388882854752,0.8620846,0.3855246620095721,181.504,1123.042,1304.546,298.872,1824.576,2123.448,117.368,620.882,738.25,0.6583388882854752,17241.692,0.0017241691999999999,1432.212,3056.754,0.0,0.3855246620095721,90752,561521,652273,369125,8620846,0,2,460,0,9,1,9,0,3,16,0,122.18,174,421
9310000,2026-01-19T16:25:20.151379,1062884,90847,652990,369527,716893,0.6583118756076246,0.8630007,0.3855170224400009,181.694,1124.286,1305.98,299.208,1826.56,2125.768,117.512,621.542,739.054,0.6583118756076246,17260.014,0.0017260014,1433.786,3060.084,0.0,0.3855170224400009,90847,562143,652990,369527,8630007,0,3,452,0,5,0,8,0,4,28,0,60.892,96,431
9320000,2026-01-19T16:25:22.221862,1064038,90944,653696,369937,717678,0.6583302258883728,0.8639394,0.38552412189373636,181.888,1125.504,1307.392,299.532,1828.544,2128.076,117.644,622.23,739.874,0.6583302258883728,17278.788,0.0017278788,1435.356,3063.45,0.0,0.38552412189373636,90944,562752,653696,369937,8639394,0,3,466,0,5,0,10,0,2,14,0,116.21,176,471
9330000,2026-01-19T16:25:24.297885,1065192,91043,654419,370331,718434,0.6582868090781024,0.8648658,0.38551268661826704,182.086,1126.752,1308.838,299.874,1830.51,2130.384,117.786,622.876,740.662,0.6582868090781024,17297.316,0.0017297316,1436.868,3066.688,0.0,0.38551268661826704,91043,563376,654419,370331,8648658,0,4,464,0,8,0,12,0,5,7,0,130.686,172,479
9340000,2026-01-19T16:25:26.368668,1066308,91141,655108,370715,719190,0.658290170826828,0.8657949,0.3855094870991549,182.282,1127.934,1310.216,300.186,1832.43,2132.616,117.902,623.528,741.43,0.658290170826828,17315.898,0.0017315898,1438.38,3069.912,0.0,0.3855094870991549,91141,563967,655108,370715,8657949,0,3,465,0,2,0,7,0,5,18,0,100.256,170,474
9350000,2026-01-19T16:25:28.621582,1067456,91234,655811,371120,719971,0.6582842165963468,0.8667235,0.38551057027106583,182.468,1129.154,1311.622,300.502,1834.41,2134.912,118.032,624.208,742.24,0.6582842165963468,17334.47,0.001733447,1439.942,3073.224,0.0,0.38551057027106583,91234,564577,655811,371120,8667235,0,6,447,0,6,0,10,0,4,27,0,121.08,170,474
9360000,2026-01-19T16:25:30.714053,1068614,91332,656522,371528,720754,0.6583054905689438,0.8676508,0.3855155330627472,182.664,1130.38,1313.044,300.818,1836.41,2137.228,118.152,624.904,743.056,0.6583054905689438,17353.016,0.0017353016,1441.508,3076.572,0.0,0.3855155330627472,91332,565190,656522,371528,8676508,0,5,449,0,5,0,15,0,6,20,0,80.568,127,401
9370000,2026-01-19T16:25:32.900289,1069755,91425,657216,371927,721552,0.6583196589725033,0.868569,0.38552104746204,182.85,1131.582,1314.432,301.132,1838.378,2139.51,118.28,625.574,743.854,0.6583196589725033,17371.38,0.001737138,1443.104,3079.978,0.0,0.38552104746204,91425,565791,657216,371927,8685690,0,4,472,0,1,0,7,0,3,13,0,60.826,116,438
9380000,2026-01-19T16:25:34.927330,1070960,91526,657963,372341,722351,0.6583217113765389,0.8694957,0.38552076131185925,183.052,1132.874,1315.926,301.474,1840.446,2141.92,118.422,626.26,744.682,0.6583217113765389,17389.914,0.0017389914,1444.702,3083.38,0.0,0.38552076131185925,91526,566437,657963,372341,8694957,0,4,451,0,7,1,11,0,4,22,0,133.582,174,468
9390000,2026-01-19T16:25:36.930874,1072130,91627,658685,372745,723138,0.6583437324500964,0.8704267,0.38552650600242355,183.254,1134.116,1317.37,301.802,1842.458,2144.26,118.548,626.942,745.49,0.6583437324500964,17408.534,0.0017408534,1446.276,3086.75,0.0,0.38552650600242355,91627,567058,658685,372745,8704267,0,5,448,0,6,0,10,0,2,29,0,128.824,177,445
9400000,2026-01-19T16:25:38.945642,1073290,91726,659402,373143,723918,0.6583414463569516,0.8713473,0.3855256547207246,183.452,1135.352,1318.804,302.112,1844.468,2146.58,118.66,627.626,746.286,0.6583414463569516,17426.946,0.0017426946000000001,1447.836,3090.154,0.0,0.3855256547207246,91726,567676,659402,373143,8713473,0,3,466,0,6,0,11,0,4,10,0,103.198,131,475
9410000,2026-01-19T16:25:40.961459,1074466,91822,660129,373545,724704,0.6583237138055446,0.8722658,0.38551885968232485,183.644,1136.614,1320.258,302.476,1846.456,2148.932,118.83,628.26,747.09,0.6583237138055446,17445.316,0.0017445315999999999,1449.408,3093.474,0.0,0.38551885968232485,91822,568307,660129,373545,8722658,0,7,455,0,8,0,10,0,2,18,0,107.154,137,473
9420000,2026-01-19T16:25:42.967491,1075590,91915,660819,373938,725469,0.6583047879925801,0.8731975,0.38551737694994725,183.83,1137.808,1321.638,302.802,1848.378,2151.18,118.972,628.904,747.876,0.6583047879925801,17463.95,0.001746395,1450.938,3096.71,0.0,0.38551737694994725,91915,568904,660819,373938,8731975,0,4,455,0,4,0,8,0,5,24,0,97.304,177,452
9430000,2026-01-19T16:25:44.976551,1076734,92014,661522,374337,726231,0.6582998839837757,0.87413,0.38551865270873903,184.028,1139.016,1323.044,303.142,1850.326,2153.468,119.114,629.56,748.674,0.6582998839837757,17482.6,0.00174826,1452.462,3099.94,0.0,0.38551865270873903,92014,569508,661522,374337,8741300,0,4,447,0,4,1,11,0,6,27,0,102.976,175,440
9440000,2026-01-19T16:25:47.018178,1077875,92109,662215,374735,727020,0.6583243846465106,0.8750514,0.3855249563507917,184.218,1140.212,1324.43,303.456,1852.294,2155.75,119.238,630.232,749.47,0.6583243846465106,17501.028,0.0017501028,1454.04,3103.27,0.0,0.3855249563507917,92109,570106,662215,374735,8750514,0,6,439,1,3,0,8,0,1,42,0,86.604,181,290
9450000,2026-01-19T16:25:49.145635,1079045,92206,662937,375138,727797,0.6582740231763857,0.8759774,0.3855179471293208,184.412,1141.462,1325.874,303.802,1854.288,2158.09,119.39,630.886,750.276,0.6582740231763857,17519.548,0.0017519548,1455.594,3106.646,0.0,0.3855179471293208,92206,570731,662937,375138,8759774,0,4,458,0,8,0,10,0,2,18,0,133.316,181,458
9460000,2026-01-19T16:25:51.151463,1080210,92308,663654,375535,728580,0.6583086279909328,0.876893,0.38552253730344477,184.616,1142.692,1327.308,304.128,1856.292,2160.42,119.51,631.56,751.07,0.6583086279909328,17537.86,0.001753786,1457.16,3109.976,0.0,0.38552253730344477,92308,571346,663654,375535,8768930,0,4,454,0,2,0,10,0,5,25,0,58.694,136,430
9470000,2026-01-19T16:25:53.175040,1081345,92404,664353,375931,729347,0.6582814006849149,0.8778189,0.38551652285403193,184.808,1143.898,1328.706,304.446,1858.244,2162.69,119.636,632.226,751.862,0.6582814006849149,17556.378,0.0017556377999999998,1458.694,3113.268,0.0,0.38551652285403193,92404,571949,664353,375931,8778189,0,2,459,0,5,0,8,0,2,24,0,51.636,92,390
9480000,2026-01-19T16:25:55.324562,1082490,92507,665064,376321,730098,0.658237352201772,0.8787459,0.3855027718278517,185.014,1145.114,1330.128,304.792,1860.188,2164.98,119.776,632.866,752.642,0.658237352201772,17574.918,0.0017574918,1460.196,3116.478,0.0,0.3855027718278517,92507,572557,665064,376321,8787459,0,6,452,0,1,0,10,0,3,28,0,63.776,126,465
9490000,2026-01-19T16:25:57.345875,1083637,92603,665761,376723,730888,0.6583183867393524,0.8796611,0.3855303048782476,185.206,1146.316,1331.522,305.088,1862.186,2167.274,119.88,633.566,753.446,0.6583183867393524,17593.222,0.0017593221999999999,1461.776,3119.83,0.0,0.3855303048782476,92603,573158,665761,376723,8796611,0,7,451,0,4,0,9,0,3,26,0,93.594,138,424
9500000,2026-01-19T16:25:59.345599,1084803,92699,666473,377128,731672,0.6582979537846596,0.8805834,0.38552509876183283,185.398,1147.548,1332.946,305.418,1864.188,2169.606,120.018,634.238,754.256,0.6582979537846596,17611.668,0.0017611668,1463.344,3123.192,0.0,0.38552509876183283,92699,573774,666473,377128,8805834,0,4,456,0,5,0,12,0,8,15,0,114.95,167,482
9510000,2026-01-19T16:26:01.380292,1085944,92794,667175,377509,732449,0.6582237404378277,0.8814851,0.38550857580317854,185.588,1148.762,1334.35,305.732,1866.156,2171.888,120.142,634.876,755.018,0.6582237404378277,17629.702,0.0017629702,1464.898,3126.49,0.0,0.38550857580317854,92794,574381,667175,377509,8814851,0,4,451,0,6,0,9,0,5,25,0,117.36,158,467
9520000,2026-01-19T16:26:03.423293,1087025,92885,667831,377892,733198,0.6582802650526113,0.8824049,0.38552512436024744,185.77,1149.892,1335.662,306.018,1868.032,2174.05,120.246,635.538,755.784,0.6582802650526113,17648.098,0.0017648098,1466.396,3129.662,0.0,0.38552512436024744,92885,574946,667831,377892,8824049,0,6,457,0,2,0,11,0,6,18,0,80.132,158,473
9530000,2026-01-19T16:26:05.556911,1088198,92983,668563,378291,733975,0.6582332137968357,0.8833242,0.3855115834188707,185.966,1151.16,1337.126,306.372,1870.024,2176.396,120.404,636.178,756.582,0.6582332137968357,17666.484,0.0017666484,1467.95,3133.002,0.0,0.3855115834188707,92983,575580,668563,378291,8833242,0,2,463,0,1,0,13,0,6,15,0,32.27,99,304
9540000,2026-01-19T16:26:08.012415,1089303,93079,669238,378680,734723,0.6582756135714944,0.8842627,0.38552085434212374,186.158,1152.318,1338.476,306.678,1871.928,2178.606,120.518,636.842,757.36,0.6582756135714944,17685.254,0.0017685253999999999,1469.446,3136.178,0.0,0.38552085434212374,93079,576159,669238,378680,8842627,0,2,455,0,6,0,9,0,6,22,0,107.276,129,460
9550000,2026-01-19T16:26:10.041234,1090507,93179,669983,379102,735537,0.6582698117064345,0.8851899,0.38551747789720425,186.358,1153.608,1339.966,307.012,1874.002,2181.014,120.652,637.552,758.204,0.6582698117064345,17703.798,0.0017703798,1471.074,3139.646,0.0,0.38551747789720425,93179,576804,669983,379102,8851899,0,2,455,0,6,0,14,0,6,17,0,135.128,173,473
9560000,2026-01-19T16:26:12.168448,1091611,93272,670652,379486,736296,0.6582626141449125,0.8861067,0.38551781216697845,186.544,1154.76,1341.304,307.32,1875.902,2183.222,120.774,638.198,758.972,0.6582626141449125,17722.134,0.0017722134,1472.592,3142.872,0.0,0.38551781216697845,93272,577380,670652,379486,8861067,0,8,458,0,1,0,9,0,7,17,0,52.01,88,450
9570000,2026-01-19T16:26:14.178385,1092734,93367,671342,379875,737060,0.6582615355885887,0.8870365,0.3855159572489554,186.734,1155.95,1342.684,307.63,1877.838,2185.468,120.894,638.856,759.75,0.6582615355885887,17740.73,0.001774073,1474.12,3146.116,0.0,0.3855159572489554,93367,577975,671342,379875,8870365,0,3,460,0,1,0,8,0,6,22,0,38.236,92,343
9580000,2026-01-19T16:26:16.182113,1093872,93458,672029,380274,737845,0.658294368973688,0.8879659,0.38552645299099797,186.916,1157.142,1344.058,307.932,1879.812,2187.744,121.014,639.534,760.548,0.658294368973688,17759.318,0.0017759318,1475.69,3149.464,0.0,0.38552645299099797,93458,578571,672029,380274,8879659,0,5,459,0,6,0,8,0,3,19,0,93.108,144,470
9590000,2026-01-19T16:26:18.216683,1095024,93546,672727,380686,738649,0.6583535456993659,0.8888851,0.3855484379665684,187.092,1158.362,1345.454,308.23,1881.818,2190.048,121.136,640.236,761.372,0.6583535456993659,17777.702,0.0017777702,1477.298,3152.884,0.0,0.3855484379665684,93546,579181,672727,380686,8888851,0,2,459,0,7,0,14,0,4,14,0,111.848,145,471
9600000,2026-01-19T16:26:20.233957,1096175,93643,673448,381080,739428,0.6583145995648846,0.8898112,0.3855425799771885,187.286,1159.61,1346.896,308.57,1883.78,2192.35,121.282,640.878,762.16,0.6583145995648846,17796.224,0.0017796224000000002,1478.856,3156.176,0.0,0.3855425799771885,93643,579805,673448,381080,8898112,0,3,454,0,3,0,8,0,2,30,0,103.734,172,467
9610000,2026-01-19T16:26:22.233937,1097345,93744,674178,381478,740199,0.6582811899214799,0.8907344,0.3855313754481847,187.488,1160.868,1348.356,308.912,1885.778,2194.69,121.422,641.534,762.956,0.6582811899214799,17814.688,0.0017814688,1480.398,3159.498,0.0,0.3855313754481847,93744,580434,674178,381478,8907344,0,7,455,0,2,0,9,0,4,23,0,80.092,141,476
9620000,2026-01-19T16:26:24.263200,1098532,93843,674916,381889,740988,0.6582543531655347,0.8916611,0.3855278687875164,187.686,1162.146,1349.832,309.252,1887.812,2197.064,121.564,642.214,763.778,0.6582543531655347,17833.222,0.0017833222,1481.976,3162.88,0.0,0.3855278687875164,93843,581073,674916,381889,8916611,0,7,445,0,5,0,13,0,4,26,0,111.138,152,468
9630000,2026-01-19T16:26:26.277574,1099718,93944,675652,382284,741762,0.6581871150810918,0.892581,0.38551040066515807,187.888,1163.416,1351.304,309.62,1889.816,2199.436,121.732,642.836,764.568,0.6581871150810918,17851.62,0.0017851619999999999,1483.524,3166.244,0.0,0.38551040066515807,93944,581708,675652,382284,8925810,0,5,461,1,9,0,12,0,6,6,0,142.46,180,484
9640000,2026-01-19T16:26:28.273264,1100879,94035,676359,382689,742568,0.6581898725882835,0.8934981,0.38551439270039095,188.07,1164.648,1352.718,309.944,1891.814,2201.758,121.872,643.506,765.378,0.6581898725882835,17869.962,0.0017869962,1485.136,3169.63,0.0,0.38551439270039095,94035,582324,676359,382689,8934981,0,6,453,0,1,0,11,0,7,22,0,74.456,132,415
9650000,2026-01-19T16:26:30.287528,1102042,94135,677069,383091,743354,0.6581721086586697,0.8944216,0.38551460837689183,188.27,1165.868,1354.138,310.264,1893.82,2204.084,121.992,644.19,766.182,0.6581721086586697,17888.432,0.0017888432,1486.708,3172.994,0.0,0.38551460837689183,94135,582934,677069,383091,8944216,0,2,456,0,4,0,10,0,7,21,0,115.24,163,462
9660000,2026-01-19T16:26:32.285866,1103196,94233,677767,383496,744141,0.6581860141246131,0.895345,0.38552584402120305,188.466,1167.068,1355.534,310.576,1895.816,2206.392,122.11,644.882,766.992,0.6581860141246131,17906.9,0.00179069,1488.282,3176.334,0.0,0.38552584402120305,94233,583534,677767,383496,8953450,0,9,455,0,8,0,12,0,2,14,0,74.612,116,479
9670000,2026-01-19T16:26:34.281003,1104329,94331,678456,383900,744911,0.6582213271048916,0.8962725,0.38553935004033424,188.662,1168.25,1356.912,310.896,1897.762,2208.658,122.232,645.568,767.8,0.6582213271048916,17925.45,0.001792545,1489.822,3179.606,0.0,0.38553935004033424,94331,584125,678456,383900,8962725,0,5,452,0,7,0,11,0,4,21,0,108.44,148,473
9680000,2026-01-19T16:26:36.279234,1105471,94426,679161,384291,745687,0.6582009473151647,0.8971914,0.38553682161679015,188.852,1169.47,1358.322,311.22,1899.722,2210.942,122.366,646.216,768.582,0.6582009473151647,17943.828,0.0017943828,1491.374,3182.898,0.0,0.38553682161679015,94426,584735,679161,384291,8971914,0,6,447,0,6,0,8,0,3,30,0,102.02,141,438
9690000,2026-01-19T16:26:38.275703,1106614,94520,679875,384686,746455,0.658176263429873,0.8981216,0.3855293722631694,189.04,1170.71,1359.75,311.544,1901.684,2213.228,122.504,646.868,769.372,0.658176263429873,17962.432,0.0017962432,1492.91,3186.224,0.0,0.3855293722631694,94520,585355,679875,384686,8981216,0,4,463,1,5,0,9,0,5,13,0,120.08,181,470
9700000,2026-01-19T16:26:40.326051,1107795,94622,680605,385094,747252,0.6581326927911025,0.8990415,0.385517603371678,189.244,1171.966,1361.21,311.862,1903.728,2215.59,122.618,647.57,770.188,0.6581326927911025,17980.83,0.001798083,1494.504,3189.624,0.0,0.385517603371678,94622,585983,680605,385094,8990415,0,4,463,0,5,0,9,0,3,16,0,116.222,176,472
9710000,2026-01-19T16:26:42.366820,1108944,94719,681319,385491,748025,0.6581034339862869,0.8999679,0.3855118480253738,189.438,1173.2,1362.638,312.19,1905.698,2217.888,122.75,648.232,770.982,0.6581034339862869,17999.358,0.0017999358000000002,1496.05,3192.928,0.0,0.3855118480253738,94719,586600,681319,385491,8999679,0,4,452,0,6,0,6,0,2,30,0,81.942,117,449
9720000,2026-01-19T16:26:44.402479,1110074,94820,682010,385888,748773,0.6580944470960881,0.9009079,0.3855057974540545,189.64,1174.38,1364.02,312.5,1907.648,2220.148,122.86,648.916,771.776,0.6580944470960881,18018.158,0.0018018158,1497.546,3196.126,0.0,0.3855057974540545,94820,587190,682010,385888,9009079,0,8,442,0,6,0,13,0,6,25,0,125.468,173,466
9730000,2026-01-19T16:26:46.464353,1111232,94921,682734,386281,749544,0.6580672494392378,0.9018387,0.3854943795265099,189.842,1175.626,1365.468,312.832,1909.632,2222.464,122.99,649.572,772.562,0.6580672494392378,18036.774,0.0018036774,1499.088,3199.45,0.0,0.3854943795265099,94921,587813,682734,386281,9018387,0,2,454,0,4,1,13,0,3,23,0,110.566,174,474
9740000,2026-01-19T16:26:49.216837,1112335,95014,683411,386659,750294,0.6580583172687832,0.902755,0.38548899018226135,190.028,1176.794,1366.822,313.14,1911.53,2224.67,123.11,650.208,773.318,0.6580583172687832,18055.1,0.00180551,1500.588,3202.636,0.0,0.38548899018226135,95014,588397,683411,386659,9027550,0,8,446,0,4,0,9,0,4,29,0,70.518,106,444
9750000,2026-01-19T16:26:51.364214,1113502,95112,684144,387049,751064,0.6579894612566124,0.9036857,0.38546921904925474,190.224,1178.064,1368.288,313.478,1913.526,2227.004,123.254,650.844,774.098,0.6579894612566124,18073.714,0.0018073714,1502.128,3205.954,0.0,0.38546921904925474,95112,589032,684144,387049,9036857,1,5,444,0,8,0,7,0,3,32,0,72.24,122,431
9760000,2026-01-19T16:26:53.442830,1114590,95214,684813,387427,751784,0.6580226506513458,0.904617,0.3854750282174329,190.428,1179.198,1369.626,313.792,1915.388,2229.18,123.362,651.492,774.854,0.6580226506513458,18092.34,0.001809234,1503.568,3209.058,0.0,0.3854750282174329,95214,589599,684813,387427,9046170,0,1,459,0,3,0,9,0,3,25,0,47.92,100,300
9770000,2026-01-19T16:26:55.561570,1115694,95310,685486,387815,752533,0.6580372478183286,0.9055532,0.385478480802167,190.62,1180.352,1370.972,314.094,1917.294,2231.388,123.472,652.158,775.63,0.6580372478183286,18111.064,0.0018111064,1505.066,3212.244,0.0,0.385478480802167,95310,590176,685486,387815,9055532,0,6,462,0,1,0,8,0,4,19,0,76.272,169,449
9780000,2026-01-19T16:26:57.627058,1116818,95412,686185,388213,753279,0.6580180899179316,0.9064896,0.38547675951631866,190.824,1181.546,1372.37,314.422,1919.214,2233.636,123.596,652.83,776.426,0.6580180899179316,18129.792,0.0018129792,1506.558,3215.442,0.0,0.38547675951631866,95412,590773,686185,388213,9064896,0,6,460,0,0,0,7,0,3,24,0,54.052,125,443
9790000,2026-01-19T16:26:59.664819,1117942,95508,686880,388603,754020,0.6579936600440015,0.9074218,0.3854720524993301,191.016,1182.744,1373.76,314.75,1921.134,2235.884,123.732,653.474,777.206,0.6579936600440015,18148.436,0.0018148436000000002,1508.04,3218.614,0.0,0.3854720524993301,95508,591372,686880,388603,9074218,0,9,449,0,0,0,12,0,8,22,0,58.96,128,448
9800000,2026-01-19T16:27:01.865850,1119076,95603,687568,389000,754791,0.658016769885878,0.9083501,0.38547792311118345,191.206,1183.93,1375.136,315.062,1923.09,2238.152,123.856,654.144,778.0,0.658016769885878,18167.002,0.0018167002000000002,1509.582,3221.904,0.0,0.38547792311118345,95603,591965,687568,389000,9083501,0,3,455,0,5,0,13,0,5,19,0,122.17,177,462
9810000,2026-01-19T16:27:04.104656,1120234,95696,688279,389413,755592,0.6580571632367505,0.9092831,0.3854909682572645,191.392,1185.166,1376.558,315.386,1925.082,2240.468,123.994,654.832,778.826,0.6580571632367505,18185.662,0.0018185662,1511.184,3225.288,0.0,0.3854909682572645,95696,592583,688279,389413,9092831,1,3,455,0,6,0,6,0,3,26,0,57.608,118,453
9820000,2026-01-19T16:27:06.109751,1121347,95793,688965,389806,756339,0.6580570493002539,0.9102161,0.38549158947829953,191.586,1186.344,1377.93,315.688,1927.006,2242.694,124.1,655.512,779.612,0.6580570493002539,18204.322,0.0018204322,1512.678,3228.488,0.0,0.38549158947829953,95793,593172,688965,389806,9102161,0,5,457,0,3,0,12,0,9,14,0,120.0,162,478
9830000,2026-01-19T16:27:08.082809,1122472,95890,689652,390203,757115,0.6581183641253571,0.911145,0.3855083785405385,191.78,1187.524,1379.304,315.996,1928.948,2244.944,124.214,656.192,780.406,0.6581183641253571,18222.9,0.00182229,1514.23,3231.788,0.0,0.3855083785405385,95890,593762,689652,390203,9111450,0,6,463,0,0,0,8,0,4,19,0,33.334,100,408
9840000,2026-01-19T16:27:10.056299,1123658,95981,690372,390622,757922,0.658157370723086,0.91208,0.3855233128121772,191.962,1188.782,1380.744,316.336,1930.98,2247.316,124.374,656.87,781.244,0.658157370723086,18241.6,0.00182416,1515.844,3235.202,0.0,0.3855233128121772,95981,594391,690372,390622,9120800,0,4,452,1,6,0,15,0,5,17,0,139.716,180,469
9850000,2026-01-19T16:27:12.037555,1124803,96078,691071,391019,758706,0.6581803308239681,0.9129927,0.3855296825059875,192.156,1189.986,1382.142,316.662,1932.944,2249.606,124.504,657.534,782.038,0.6581803308239681,18259.854,0.0018259854,1517.412,3238.55,0.0,0.3855296825059875,96078,594993,691071,391019,9129927,0,5,456,0,6,0,7,0,3,23,0,54.594,90,393
9860000,2026-01-19T16:27:14.011206,1125935,96179,691768,391414,759462,0.6582005443430254,0.9139278,0.3855356849163708,192.358,1191.178,1383.536,316.98,1934.89,2251.87,124.62,658.208,782.828,0.6582005443430254,18278.556,0.0018278556,1518.924,3241.75,0.0,0.3855356849163708,96179,595589,691768,391414,9139278,0,3,442,0,5,0,7,0,3,40,0,67.248,107,420
9870000,2026-01-19T16:27:15.990635,1127082,96272,692467,391808,760235,0.6582104495630519,0.914851,0.3855406897829791,192.544,1192.39,1384.934,317.302,1936.862,2254.164,124.758,658.858,783.616,0.6582104495630519,18297.02,0.0018297019999999999,1520.47,3245.084,0.0,0.3855406897829791,96272,596195,692467,391808,9148510,0,4,454,0,6,0,14,0,3,19,0,132.122,178,481
9880000,2026-01-19T16:27:17.987293,1128218,96368,693163,392204,761005,0.6581583804703058,0.9157779,0.38553229188898364,192.736,1193.59,1386.326,317.644,1938.792,2256.436,124.908,659.5,784.408,0.6581583804703058,18315.558,0.0018315558000000002,1522.01,3248.346,0.0,0.38553229188898364,96368,596795,693163,392204,9157779,0,2,454,0,3,0,7,0,5,29,0,77.97,177,464
9890000,2026-01-19T16:27:20.036066,1129333,96463,693844,392599,761759,0.6581849108599125,0.9167109,0.38554308046496455,192.926,1194.762,1387.688,317.96,1940.706,2258.666,125.032,660.166,785.198,0.6581849108599125,18334.218,0.0018334218,1523.518,3251.58,0.0,0.38554308046496455,96463,597381,693844,392599,9167109,0,5,462,0,4,0,7,0,5,17,0,84.456,129,438
9900000,2026-01-19T16:27:22.158708,1130486,96563,694549,392999,762526,0.6581712558704416,0.9176416,0.3855389117907453,193.126,1195.972,1389.098,318.284,1942.688,2260.972,125.156,660.842,785.998,0.6581712558704416,18352.832,0.0018352832,1525.052,3254.828,0.0,0.3855389117907453,96563,597986,694549,392999,9176416,0,4,448,0,5,0,14,0,6,23,0,125.718,161,464
9910000,2026-01-19T16:27:24.340476,1131658,96664,695274,393400,763301,0.6580974365262048,0.9185627,0.38552835738483704,193.328,1197.22,1390.548,318.652,1944.664,2263.316,125.322,661.478,786.8,0.6580974365262048,18371.254,0.0018371254,1526.602,3258.162,0.0,0.38552835738483704,96664,598610,695274,393400,9185627,0,4,457,0,2,0,10,0,7,20,0,83.858,135,437
9920000,2026-01-19T16:27:26.384532,1132827,96762,695983,393801,764100,0.6580978937771578,0.9194792,0.3855284375624248,193.524,1198.442,1391.966,318.956,1946.698,2265.654,125.43,662.172,787.602,0.6580978937771578,18389.584,0.0018389584,1528.2,3261.57,0.0,0.3855284375624248,96762,599221,695983,393801,9194792,0,6,449,0,4,0,10,0,5,26,0,62.966,104,399
9930000,2026-01-19T16:27:28.405439,1133951,96855,696669,394196,764865,0.6581156217878996,0.9204101,0.3855339783479505,193.71,1199.628,1393.338,319.256,1948.646,2267.902,125.544,662.848,788.392,0.6581156217878996,18408.202,0.0018408202,1529.73,3264.85,0.0,0.3855339783479505,96855,599814,696669,394196,9204101,0,0,452,0,6,0,12,0,4,26,0,99.474,137,467
9940000,2026-01-19T16:27:30.443985,1135102,96949,697384,394596,765646,0.6581185393183482,0.9213452,0.38553222834921574,193.898,1200.87,1394.768,319.584,1950.62,2270.204,125.684,663.508,789.192,0.6581185393183482,18426.904,0.0018426904,1531.292,3268.19,0.0,0.38553222834921574,96949,600435,697384,394596,9213452,0,4,455,0,4,0,10,0,3,24,0,105.452,155,470
9950000,2026-01-19T16:27:32.467778,1136245,97048,698076,394998,766425,0.6581777592041389,0.9222699,0.38554298533660836,194.096,1202.056,1396.152,319.898,1952.592,2272.49,125.802,664.194,789.996,0.6581777592041389,18445.398,0.0018445398,1532.85,3271.476,0.0,0.38554298533660836,97048,601028,698076,394998,9222699,0,5,459,0,4,0,9,0,2,21,0,90.654,179,437
9960000,2026-01-19T16:27:34.498249,1137406,97145,698794,395394,767202,0.6581573492224556,0.923182,0.3855352026490171,194.29,1203.298,1397.588,320.238,1954.574,2274.812,125.946,664.842,790.788,0.6581573492224556,18463.64,0.0018463639999999999,1534.404,3274.794,0.0,0.3855352026490171,97145,601649,698794,395394,9231820,0,2,453,0,4,0,8,0,4,29,0,57.098,91,389
9970000,2026-01-19T16:27:36.523587,1138540,97240,699501,395791,767965,0.6581174800170695,0.9241233,0.385528171839534,194.48,1204.522,1399.002,320.57,1956.51,2277.08,126.088,665.494,791.582,0.6581174800170695,18482.466,0.0018482466,1535.93,3278.054,0.0,0.385528171839534,97240,602261,699501,395791,9241233,0,3,453,0,6,0,6,0,2,30,0,82.036,106,469
9980000,2026-01-19T16:27:38.551538,1139714,97338,700231,396197,768750,0.6580929034487317,0.9250522,0.38552228281335404,194.676,1205.786,1400.462,320.898,1958.53,2279.428,126.222,666.172,792.394,0.6580929034487317,18501.044,0.0018501044,1537.5,3281.418,0.0,0.38552228281335404,97338,602893,700231,396197,9250522,0,4,457,1,4,0,8,0,7,19,0,105.408,180,474
9990000,2026-01-19T16:27:40.583984,1140885,97439,700958,396604,769526,0.6580735252840588,0.925977,0.3855166801093515,194.878,1207.038,1401.916,321.262,1960.508,2281.77,126.382,666.826,793.208,0.6580735252840588,18519.54,0.001851954,1539.052,3284.732,0.0,0.3855166801093515,97439,603519,700958,396604,9259770,0,4,449,0,6,0,9,0,4,28,0,79.736,116,464
10000000,2026-01-19T16:27:42.561721,1142076,97547,701701,397005,770304,0.6580231224965607,0.9269056,0.38550471943756814,195.094,1208.308,1403.402,321.618,1962.534,2284.152,126.524,667.486,794.01,0.6580231224965607,18538.112,0.0018538112,1540.608,3288.072,0.0,0.38550471943756814,97547,604154,701701,397005,9269056,0,6,449,1,7,0,10,0,3,24,0,109.036,180,453
