n_nodes,simulation_ticks,packet_probability,epsilon,node_type,run_id,total_packets_generated,total_packets_sent,total_packets_lost,total_data_packets_sent,total_timeouts,packet_delivery_ratio,packet_loss_ratio,throughput,avg_packet_loss_per_node,avg_near_nodes,timestamp
50,10000,0.001,0.0,baseline,0,1108,733,209,75,780,0.06768953068592058,0.28512960436562074,0.0075,4.18,1.44,2026-01-06T10:03:44.352452
50,10000,0.001,0.0,baseline,1,1202,758,252,65,892,0.054076539101497505,0.3324538258575198,0.0065,5.04,1.44,2026-01-06T10:03:44.532329
50,10000,0.001,0.0,baseline,2,1339,848,253,56,1065,0.041822255414488425,0.2983490566037736,0.0056,5.06,1.64,2026-01-06T10:03:44.717529
50,10000,0.001,0.0,baseline,3,1133,777,219,71,790,0.06266548984995587,0.28185328185328185,0.0071,4.38,1.12,2026-01-06T10:03:44.898789
50,10000,0.001,0.0,baseline,4,1176,782,218,75,833,0.06377551020408163,0.27877237851662406,0.0075,4.36,1.68,2026-01-06T10:03:45.085110
50,10000,0.005,0.0,baseline,0,1268,800,260,67,949,0.0528391167192429,0.325,0.0067,5.2,1.28,2026-01-06T10:03:45.268096
50,10000,0.005,0.0,baseline,1,1187,784,225,67,871,0.05644481887110362,0.2869897959183674,0.0067,4.5,1.2,2026-01-06T10:03:45.452863
50,10000,0.005,0.0,baseline,2,1188,808,202,67,883,0.0563973063973064,0.25,0.0067,4.04,1.72,2026-01-06T10:03:45.633629
50,10000,0.005,0.0,baseline,3,1205,789,232,78,851,0.06473029045643154,0.29404309252217997,0.0078,4.64,1.52,2026-01-06T10:03:45.814909
50,10000,0.005,0.0,baseline,4,1178,779,227,69,850,0.05857385398981324,0.2913992297817715,0.0069,4.54,1.28,2026-01-06T10:03:45.996375
50,10000,0.01,0.0,baseline,0,1284,856,242,56,1006,0.04361370716510903,0.2827102803738318,0.0056,4.84,1.68,2026-01-06T10:03:46.179671
50,10000,0.01,0.0,baseline,1,1335,863,263,60,1034,0.0449438202247191,0.3047508690614137,0.006,5.26,1.48,2026-01-06T10:03:46.364203
50,10000,0.01,0.0,baseline,2,1298,843,268,64,995,0.04930662557781202,0.31791221826809013,0.0064,5.36,1.76,2026-01-06T10:03:46.546554
50,10000,0.01,0.0,baseline,3,1142,751,221,77,793,0.06742556917688267,0.29427430093209056,0.0077,4.42,1.08,2026-01-06T10:03:46.732063
50,10000,0.01,0.0,baseline,4,1163,767,227,73,816,0.06276870163370593,0.29595827900912647,0.0073,4.54,1.48,2026-01-06T10:03:46.910415
50,10000,0.02,0.0,baseline,0,1251,800,240,74,911,0.05915267785771383,0.3,0.0074,4.8,1.64,2026-01-06T10:03:47.091876
50,10000,0.02,0.0,baseline,1,1181,770,235,66,858,0.0558848433530906,0.3051948051948052,0.0066,4.7,1.24,2026-01-06T10:03:47.270502
50,10000,0.02,0.0,baseline,2,1273,807,256,64,955,0.05027494108405342,0.31722428748451054,0.0064,5.12,1.32,2026-01-06T10:03:47.447919
50,10000,0.02,0.0,baseline,3,1075,695,232,81,710,0.07534883720930233,0.3338129496402878,0.0081,4.64,1.2,2026-01-06T10:03:47.623108
50,10000,0.02,0.0,baseline,4,1165,791,233,71,830,0.06094420600858369,0.2945638432364096,0.0071,4.66,1.44,2026-01-06T10:03:47.802508
50,10000,0.05,0.0,baseline,0,1307,831,276,62,997,0.047436878347360364,0.33212996389891697,0.0062,5.52,1.88,2026-01-06T10:03:47.983631
50,10000,0.05,0.0,baseline,1,1179,787,221,74,848,0.06276505513146735,0.28081321473951715,0.0074,4.42,1.2,2026-01-06T10:03:48.160955
50,10000,0.05,0.0,baseline,2,1179,806,229,65,853,0.0551314673452078,0.2841191066997519,0.0065,4.58,1.24,2026-01-06T10:03:48.341264
50,10000,0.05,0.0,baseline,3,1251,820,257,66,927,0.05275779376498801,0.31341463414634146,0.0066,5.14,1.56,2026-01-06T10:03:48.519846
50,10000,0.05,0.0,baseline,4,1172,779,231,70,843,0.059726962457337884,0.29653401797175866,0.007,4.62,1.16,2026-01-06T10:03:48.698031
100,10000,0.001,0.0,baseline,0,2289,1240,537,10,2134,0.00436871996505024,0.43306451612903224,0.001,5.37,2.76,2026-01-06T10:03:49.077801
100,10000,0.001,0.0,baseline,1,2319,1208,538,9,2185,0.0038809831824062097,0.445364238410596,0.0009,5.38,2.94,2026-01-06T10:03:49.452519
100,10000,0.001,0.0,baseline,2,2306,1220,543,13,2158,0.005637467476149176,0.44508196721311477,0.0013,5.43,2.78,2026-01-06T10:03:49.823731
100,10000,0.001,0.0,baseline,3,2326,1224,522,9,2190,0.003869303525365434,0.4264705882352941,0.0009,5.22,2.7,2026-01-06T10:03:50.194883
100,10000,0.001,0.0,baseline,4,2354,1269,566,11,2213,0.004672897196261682,0.44602048857368004,0.0011,5.66,3.14,2026-01-06T10:03:50.561075
100,10000,0.005,0.0,baseline,0,2345,1272,535,9,2211,0.003837953091684435,0.42059748427672955,0.0009,5.35,2.58,2026-01-06T10:03:50.928882
100,10000,0.005,0.0,baseline,1,2274,1222,540,14,2113,0.006156552330694811,0.44189852700491,0.0014,5.4,2.8,2026-01-06T10:03:51.300800
100,10000,0.005,0.0,baseline,2,2286,1246,548,14,2125,0.006124234470691163,0.43980738362760835,0.0014,5.48,2.32,2026-01-06T10:03:51.671969
100,10000,0.005,0.0,baseline,3,2351,1247,593,13,2200,0.00552956188855806,0.4755412991178829,0.0013,5.93,2.72,2026-01-06T10:03:52.041526
100,10000,0.005,0.0,baseline,4,2274,1171,538,14,2129,0.006156552330694811,0.4594363791631085,0.0014,5.38,2.58,2026-01-06T10:03:52.409971
100,10000,0.01,0.0,baseline,0,2351,1235,550,10,2209,0.004253509145044662,0.44534412955465585,0.001,5.5,2.48,2026-01-06T10:03:52.779274
100,10000,0.01,0.0,baseline,1,2308,1165,552,11,2166,0.004766031195840554,0.4738197424892704,0.0011,5.52,2.78,2026-01-06T10:03:53.144418
100,10000,0.01,0.0,baseline,2,2282,1214,553,15,2144,0.006573181419807186,0.45551894563426687,0.0015,5.53,3.3,2026-01-06T10:03:53.512365
100,10000,0.01,0.0,baseline,3,2219,1171,563,21,2052,0.00946372239747634,0.4807856532877882,0.0021,5.63,2.72,2026-01-06T10:03:53.874326
100,10000,0.01,0.0,baseline,4,2270,1214,527,12,2110,0.0052863436123348016,0.4341021416803954,0.0012,5.27,3.22,2026-01-06T10:03:54.241929
100,10000,0.02,0.0,baseline,0,2350,1226,562,10,2215,0.00425531914893617,0.45840130505709625,0.001,5.62,3.12,2026-01-06T10:03:54.607238
100,10000,0.02,0.0,baseline,1,2318,1188,538,9,2193,0.003882657463330457,0.45286195286195285,0.0009,5.38,2.74,2026-01-06T10:03:54.972871
100,10000,0.02,0.0,baseline,2,2290,1179,548,10,2147,0.004366812227074236,0.46480067854113655,0.001,5.48,2.36,2026-01-06T10:03:55.339534
100,10000,0.02,0.0,baseline,3,2166,1148,515,19,2006,0.008771929824561403,0.44860627177700346,0.0019,5.15,2.84,2026-01-06T10:03:55.713508
100,10000,0.02,0.0,baseline,4,2321,1250,560,11,2172,0.004739336492890996,0.448,0.0011,5.6,2.6,2026-01-06T10:03:56.087020
100,10000,0.05,0.0,baseline,0,2350,1254,566,8,2216,0.003404255319148936,0.4513556618819777,0.0008,5.66,2.8,2026-01-06T10:03:56.453401
100,10000,0.05,0.0,baseline,1,2304,1253,503,9,2165,0.00390625,0.4014365522745411,0.0009,5.03,2.6,2026-01-06T10:03:56.827511
100,10000,0.05,0.0,baseline,2,2251,1170,550,17,2078,0.007552199022656597,0.4700854700854701,0.0017,5.5,2.5,2026-01-06T10:03:57.198891
100,10000,0.05,0.0,baseline,3,2300,1204,548,12,2147,0.0052173913043478265,0.45514950166112955,0.0012,5.48,2.7,2026-01-06T10:03:57.569207
100,10000,0.05,0.0,baseline,4,2290,1194,556,11,2150,0.00480349344978166,0.4656616415410385,0.0011,5.56,2.92,2026-01-06T10:03:57.938299
250,10000,0.001,0.0,baseline,0,2777,1118,784,0,2727,0.0,0.7012522361359571,0.0,3.136,7.496,2026-01-06T10:03:58.855017
250,10000,0.001,0.0,baseline,1,2743,1149,766,1,2699,0.0003645643456069996,0.6666666666666666,0.0001,3.064,7.424,2026-01-06T10:03:59.779957
250,10000,0.001,0.0,baseline,2,2786,1150,793,0,2730,0.0,0.6895652173913044,0.0,3.172,6.96,2026-01-06T10:04:00.706263
250,10000,0.001,0.0,baseline,3,2800,1170,807,0,2753,0.0,0.6897435897435897,0.0,3.228,7.136,2026-01-06T10:04:01.625790
250,10000,0.001,0.0,baseline,4,2803,1165,811,0,2757,0.0,0.696137339055794,0.0,3.244,7.336,2026-01-06T10:04:02.550053
250,10000,0.005,0.0,baseline,0,2786,1158,798,1,2730,0.0003589375448671931,0.689119170984456,0.0001,3.192,6.936,2026-01-06T10:04:03.467990
250,10000,0.005,0.0,baseline,1,2779,1134,785,0,2738,0.0,0.6922398589065256,0.0,3.14,7.256,2026-01-06T10:04:04.394386
250,10000,0.005,0.0,baseline,2,2809,1141,816,0,2756,0.0,0.7151621384750219,0.0,3.264,6.52,2026-01-06T10:04:05.314302
250,10000,0.005,0.0,baseline,3,2828,1191,834,0,2774,0.0,0.7002518891687658,0.0,3.336,7.184,2026-01-06T10:04:06.245397
250,10000,0.005,0.0,baseline,4,2791,1133,798,0,2742,0.0,0.70432480141218,0.0,3.192,6.616,2026-01-06T10:04:07.165082
250,10000,0.01,0.0,baseline,0,2769,1137,775,0,2726,0.0,0.6816182937554969,0.0,3.1,7.624,2026-01-06T10:04:08.096246
250,10000,0.01,0.0,baseline,1,2797,1151,805,0,2751,0.0,0.6993918331885317,0.0,3.22,7.496,2026-01-06T10:04:09.021036
250,10000,0.01,0.0,baseline,2,2822,1178,829,0,2767,0.0,0.7037351443123939,0.0,3.316,7.144,2026-01-06T10:04:09.954986
250,10000,0.01,0.0,baseline,3,2802,1163,808,0,2754,0.0,0.6947549441100602,0.0,3.232,6.96,2026-01-06T10:04:10.889365
250,10000,0.01,0.0,baseline,4,2830,1160,836,0,2775,0.0,0.7206896551724138,0.0,3.344,7.736,2026-01-06T10:04:11.813330
250,10000,0.02,0.0,baseline,0,2822,1136,830,0,2769,0.0,0.7306338028169014,0.0,3.32,6.76,2026-01-06T10:04:12.732866
250,10000,0.02,0.0,baseline,1,2779,1143,785,0,2725,0.0,0.6867891513560805,0.0,3.14,7.888,2026-01-06T10:04:13.661846
250,10000,0.02,0.0,baseline,2,2827,1165,836,0,2778,0.0,0.7175965665236052,0.0,3.344,7.144,2026-01-06T10:04:14.587233
250,10000,0.02,0.0,baseline,3,2760,1149,766,0,2712,0.0,0.6666666666666666,0.0,3.064,6.744,2026-01-06T10:04:15.508512
250,10000,0.02,0.0,baseline,4,2825,1181,831,0,2772,0.0,0.7036409822184589,0.0,3.324,6.616,2026-01-06T10:04:16.436503
250,10000,0.05,0.0,baseline,0,2825,1183,832,0,2767,0.0,0.7032967032967034,0.0,3.328,6.984,2026-01-06T10:04:17.364224
250,10000,0.05,0.0,baseline,1,2804,1146,811,0,2758,0.0,0.7076788830715532,0.0,3.244,7.184,2026-01-06T10:04:18.290088
250,10000,0.05,0.0,baseline,2,2808,1167,821,1,2757,0.00035612535612535614,0.7035132819194516,0.0001,3.284,6.688,2026-01-06T10:04:19.221105
250,10000,0.05,0.0,baseline,3,2799,1114,806,0,2742,0.0,0.7235188509874326,0.0,3.224,6.872,2026-01-06T10:04:20.151901
250,10000,0.05,0.0,baseline,4,2809,1155,816,0,2762,0.0,0.7064935064935065,0.0,3.264,7.408,2026-01-06T10:04:21.074763
500,10000,0.001,0.0,baseline,0,2927,1112,931,0,2876,0.0,0.8372302158273381,0.0,1.862,14.108,2026-01-06T10:04:23.091785
500,10000,0.001,0.0,baseline,1,2901,1099,904,0,2851,0.0,0.8225659690627843,0.0,1.808,14.628,2026-01-06T10:04:25.098282
500,10000,0.001,0.0,baseline,2,2870,1067,873,0,2822,0.0,0.8181818181818182,0.0,1.746,14.172,2026-01-06T10:04:27.098360
500,10000,0.001,0.0,baseline,3,2873,1043,876,0,2825,0.0,0.8398849472674976,0.0,1.752,14.008,2026-01-06T10:04:29.116880
500,10000,0.001,0.0,baseline,4,2878,1074,881,0,2826,0.0,0.8202979515828678,0.0,1.762,14.18,2026-01-06T10:04:31.137475
500,10000,0.005,0.0,baseline,0,2880,1059,883,0,2828,0.0,0.833805476864967,0.0,1.766,14.428,2026-01-06T10:04:33.132453
500,10000,0.005,0.0,baseline,1,2909,1083,912,0,2857,0.0,0.8421052631578947,0.0,1.824,13.84,2026-01-06T10:04:35.131323
500,10000,0.005,0.0,baseline,2,2836,1023,839,0,2789,0.0,0.820136852394917,0.0,1.678,13.62,2026-01-06T10:04:37.124384
500,10000,0.005,0.0,baseline,3,2892,1092,895,0,2842,0.0,0.8195970695970696,0.0,1.79,14.308,2026-01-06T10:04:39.136879
500,10000,0.005,0.0,baseline,4,2870,1084,873,0,2819,0.0,0.8053505535055351,0.0,1.746,13.732,2026-01-06T10:04:41.133912
500,10000,0.01,0.0,baseline,0,2915,1101,919,0,2867,0.0,0.8346957311534968,0.0,1.838,14.292,2026-01-06T10:04:43.131080
500,10000,0.01,0.0,baseline,1,2883,1052,887,0,2833,0.0,0.8431558935361216,0.0,1.774,13.9,2026-01-06T10:04:45.138001
500,10000,0.01,0.0,baseline,2,2879,1083,882,0,2828,0.0,0.814404432132964,0.0,1.764,14.0,2026-01-06T10:04:47.153699
500,10000,0.01,0.0,baseline,3,2890,1094,893,0,2847,0.0,0.8162705667276051,0.0,1.786,13.924,2026-01-06T10:04:49.160072
500,10000,0.01,0.0,baseline,4,2891,1056,894,0,2846,0.0,0.8465909090909091,0.0,1.788,13.864,2026-01-06T10:04:51.161760
500,10000,0.02,0.0,baseline,0,2853,1041,856,0,2798,0.0,0.8222862632084534,0.0,1.712,13.668,2026-01-06T10:04:53.152452
500,10000,0.02,0.0,baseline,1,2887,1074,890,0,2835,0.0,0.8286778398510242,0.0,1.78,13.98,2026-01-06T10:04:55.174991
500,10000,0.02,0.0,baseline,2,2898,1080,901,0,2851,0.0,0.8342592592592593,0.0,1.802,14.268,2026-01-06T10:04:57.183829
500,10000,0.02,0.0,baseline,3,2903,1085,906,0,2858,0.0,0.8350230414746543,0.0,1.812,14.044,2026-01-06T10:04:59.198169
500,10000,0.02,0.0,baseline,4,2914,1098,917,0,2858,0.0,0.8351548269581056,0.0,1.834,14.508,2026-01-06T10:05:01.194031
500,10000,0.05,0.0,baseline,0,2848,1035,851,0,2802,0.0,0.8222222222222222,0.0,1.702,13.828,2026-01-06T10:05:03.216704
500,10000,0.05,0.0,baseline,1,2859,1051,862,0,2811,0.0,0.8201712654614652,0.0,1.724,13.88,2026-01-06T10:05:05.252751
500,10000,0.05,0.0,baseline,2,2878,1059,881,0,2827,0.0,0.8319169027384324,0.0,1.762,14.524,2026-01-06T10:05:07.244310
500,10000,0.05,0.0,baseline,3,2879,1053,883,0,2829,0.0,0.8385565052231719,0.0,1.766,13.72,2026-01-06T10:05:09.242999
500,10000,0.05,0.0,baseline,4,2836,1026,839,0,2791,0.0,0.817738791423002,0.0,1.678,14.396,2026-01-06T10:05:11.249972
1000,10000,0.001,0.0,baseline,0,2928,1014,931,0,2880,0.0,0.9181459566074951,0.0,0.931,28.464,2026-01-06T10:05:15.554880
1000,10000,0.001,0.0,baseline,1,2955,1044,958,0,2906,0.0,0.9176245210727969,0.0,0.958,27.958,2026-01-06T10:05:19.877268
1000,10000,0.001,0.0,baseline,2,2946,1040,949,0,2898,0.0,0.9125,0.0,0.949,28.504,2026-01-06T10:05:24.206084
1000,10000,0.001,0.0,baseline,3,2933,1031,936,0,2884,0.0,0.9078564500484966,0.0,0.936,27.916,2026-01-06T10:05:28.479082
1000,10000,0.001,0.0,baseline,4,2951,1046,954,0,2903,0.0,0.9120458891013384,0.0,0.954,28.426,2026-01-06T10:05:32.787854
1000,10000,0.005,0.0,baseline,0,2923,1025,926,0,2869,0.0,0.9034146341463415,0.0,0.926,28.474,2026-01-06T10:05:37.115361
1000,10000,0.005,0.0,baseline,1,2963,1062,966,0,2917,0.0,0.9096045197740112,0.0,0.966,28.332,2026-01-06T10:05:41.442096
1000,10000,0.005,0.0,baseline,2,2934,1033,937,0,2878,0.0,0.9070667957405615,0.0,0.937,28.726,2026-01-06T10:05:45.752319
1000,10000,0.005,0.0,baseline,3,2933,1037,936,0,2889,0.0,0.9026036644165863,0.0,0.936,28.222,2026-01-06T10:05:50.077600
1000,10000,0.005,0.0,baseline,4,2925,1020,928,0,2874,0.0,0.9098039215686274,0.0,0.928,28.572,2026-01-06T10:05:54.402749
1000,10000,0.01,0.0,baseline,0,2943,1047,946,0,2888,0.0,0.9035339063992359,0.0,0.946,29.424,2026-01-06T10:05:58.738715
1000,10000,0.01,0.0,baseline,1,2955,1056,958,0,2904,0.0,0.9071969696969697,0.0,0.958,28.42,2026-01-06T10:06:02.998029
1000,10000,0.01,0.0,baseline,2,2909,1009,912,0,2859,0.0,0.9038652130822596,0.0,0.912,28.404,2026-01-06T10:06:07.362891
1000,10000,0.01,0.0,baseline,3,2925,1004,928,0,2871,0.0,0.9243027888446215,0.0,0.928,28.684,2026-01-06T10:06:11.659526
1000,10000,0.01,0.0,baseline,4,2963,1061,966,0,2907,0.0,0.9104618284637135,0.0,0.966,28.016,2026-01-06T10:06:15.962466
1000,10000,0.02,0.0,baseline,0,2992,1101,996,0,2941,0.0,0.9046321525885559,0.0,0.996,28.51,2026-01-06T10:06:20.237329
1000,10000,0.02,0.0,baseline,1,2948,1031,951,0,2892,0.0,0.9224054316197866,0.0,0.951,28.712,2026-01-06T10:06:24.619350
1000,10000,0.02,0.0,baseline,2,2934,1043,937,0,2881,0.0,0.8983700862895494,0.0,0.937,27.878,2026-01-06T10:06:28.933635
1000,10000,0.02,0.0,baseline,3,2948,1052,951,0,2893,0.0,0.9039923954372624,0.0,0.951,28.828,2026-01-06T10:06:33.241389
1000,10000,0.02,0.0,baseline,4,2960,1062,963,0,2902,0.0,0.9067796610169492,0.0,0.963,28.158,2026-01-06T10:06:37.530414
1000,10000,0.05,0.0,baseline,0,2973,1069,976,0,2920,0.0,0.9130028063610851,0.0,0.976,28.572,2026-01-06T10:06:41.876088
1000,10000,0.05,0.0,baseline,1,2903,998,906,0,2847,0.0,0.9078156312625251,0.0,0.906,28.454,2026-01-06T10:06:46.167119
1000,10000,0.05,0.0,baseline,2,2937,1031,940,0,2884,0.0,0.9117361784675073,0.0,0.94,28.016,2026-01-06T10:06:50.485345
1000,10000,0.05,0.0,baseline,3,2961,1057,964,0,2913,0.0,0.9120151371807,0.0,0.964,28.256,2026-01-06T10:06:54.793827
1000,10000,0.05,0.0,baseline,4,2948,1061,951,0,2894,0.0,0.8963242224316682,0.0,0.951,28.92,2026-01-06T10:06:59.126929
50,10000,0.001,0.0,rl,0,75,69,3,24,18,0.32,0.043478260869565216,0.0024,0.06,1.36,2026-01-06T10:07:00.049408
50,10000,0.001,0.0,rl,1,47,44,2,13,7,0.2765957446808511,0.045454545454545456,0.0013,0.04,1.48,2026-01-06T10:07:00.898509
50,10000,0.001,0.0,rl,2,226,224,2,55,5,0.24336283185840707,0.008928571428571428,0.0055,0.04,1.36,2026-01-06T10:07:01.757678
50,10000,0.001,0.0,rl,3,85,75,4,17,16,0.2,0.05333333333333334,0.0017,0.08,1.4,2026-01-06T10:07:02.641985
50,10000,0.001,0.0,rl,4,188,185,2,45,7,0.2393617021276596,0.010810810810810811,0.0045,0.04,1.2,2026-01-06T10:07:03.560776
50,10000,0.001,0.05,rl,0,458,303,58,105,383,0.2292576419213974,0.19141914191419143,0.0105,1.16,1.64,2026-01-06T10:07:04.317999
50,10000,0.001,0.05,rl,1,469,300,57,108,385,0.2302771855010661,0.19,0.0108,1.14,1.28,2026-01-06T10:07:05.028267
50,10000,0.001,0.05,rl,2,453,325,47,129,365,0.2847682119205298,0.14461538461538462,0.0129,0.94,1.44,2026-01-06T10:07:05.685705
50,10000,0.001,0.05,rl,3,475,314,63,96,407,0.20210526315789473,0.20063694267515925,0.0096,1.26,1.52,2026-01-06T10:07:06.480091
50,10000,0.001,0.05,rl,4,482,317,55,126,412,0.26141078838174275,0.17350157728706625,0.0126,1.1,1.48,2026-01-06T10:07:07.228825
50,10000,0.001,0.1,rl,0,477,315,64,125,413,0.2620545073375262,0.20317460317460317,0.0125,1.28,1.0,2026-01-06T10:07:07.828386
50,10000,0.001,0.1,rl,1,530,355,70,121,479,0.22830188679245284,0.19718309859154928,0.0121,1.4,1.28,2026-01-06T10:07:08.514747
50,10000,0.001,0.1,rl,2,505,296,83,92,444,0.18217821782178217,0.28040540540540543,0.0092,1.66,1.68,2026-01-06T10:07:09.333810
50,10000,0.001,0.1,rl,3,574,358,84,113,502,0.19686411149825783,0.2346368715083799,0.0113,1.68,1.16,2026-01-06T10:07:10.011826
50,10000,0.001,0.1,rl,4,434,292,64,99,379,0.22811059907834103,0.2191780821917808,0.0099,1.28,1.24,2026-01-06T10:07:10.665145
50,10000,0.001,0.2,rl,0,504,314,80,108,449,0.21428571428571427,0.25477707006369427,0.0108,1.6,1.84,2026-01-06T10:07:11.369568
50,10000,0.001,0.2,rl,1,559,386,89,110,508,0.1967799642218247,0.23056994818652848,0.011,1.78,1.6,2026-01-06T10:07:12.196511
50,10000,0.001,0.2,rl,2,513,324,81,121,460,0.23586744639376217,0.25,0.0121,1.62,1.48,2026-01-06T10:07:12.987277
50,10000,0.001,0.2,rl,3,578,365,89,116,515,0.20069204152249134,0.24383561643835616,0.0116,1.78,1.6,2026-01-06T10:07:13.772868
50,10000,0.001,0.2,rl,4,494,336,73,120,445,0.242914979757085,0.21726190476190477,0.012,1.46,1.32,2026-01-06T10:07:14.494127
50,10000,0.001,0.3,rl,0,447,288,62,126,388,0.28187919463087246,0.2152777777777778,0.0126,1.24,1.24,2026-01-06T10:07:15.095459
50,10000,0.001,0.3,rl,1,536,347,82,127,476,0.23694029850746268,0.23631123919308358,0.0127,1.64,1.04,2026-01-06T10:07:15.810933
50,10000,0.001,0.3,rl,2,531,347,75,134,470,0.2523540489642185,0.21613832853025935,0.0134,1.5,0.96,2026-01-06T10:07:16.397632
50,10000,0.001,0.3,rl,3,528,348,77,132,477,0.25,0.22126436781609196,0.0132,1.54,1.16,2026-01-06T10:07:17.042501
50,10000,0.001,0.3,rl,4,586,396,91,152,515,0.2593856655290102,0.2297979797979798,0.0152,1.82,1.76,2026-01-06T10:07:17.654505
50,10000,0.001,0.5,rl,0,531,362,76,127,476,0.2391713747645951,0.20994475138121546,0.0127,1.52,1.16,2026-01-06T10:07:18.295789
50,10000,0.001,0.5,rl,1,550,364,82,128,502,0.23272727272727273,0.22527472527472528,0.0128,1.64,1.6,2026-01-06T10:07:18.995109
50,10000,0.001,0.5,rl,2,627,404,93,113,570,0.18022328548644337,0.2301980198019802,0.0113,1.86,1.28,2026-01-06T10:07:19.648785
50,10000,0.001,0.5,rl,3,647,398,89,135,592,0.20865533230293662,0.2236180904522613,0.0135,1.78,1.36,2026-01-06T10:07:20.290503
50,10000,0.001,0.5,rl,4,702,458,111,127,631,0.18091168091168092,0.2423580786026201,0.0127,2.22,1.56,2026-01-06T10:07:20.920116
50,10000,0.005,0.0,rl,0,53,43,4,9,15,0.16981132075471697,0.09302325581395349,0.0009,0.08,1.36,2026-01-06T10:07:21.845062
50,10000,0.005,0.0,rl,1,239,236,2,57,6,0.2384937238493724,0.00847457627118644,0.0057,0.04,1.76,2026-01-06T10:07:22.746042
50,10000,0.005,0.0,rl,2,253,244,5,58,15,0.22924901185770752,0.020491803278688523,0.0058,0.1,1.36,2026-01-06T10:07:23.616551
50,10000,0.005,0.0,rl,3,209,207,2,51,5,0.24401913875598086,0.00966183574879227,0.0051,0.04,1.12,2026-01-06T10:07:24.378142
50,10000,0.005,0.0,rl,4,38,30,4,9,19,0.23684210526315788,0.13333333333333333,0.0009,0.08,1.16,2026-01-06T10:07:25.213324
50,10000,0.005,0.05,rl,0,450,300,59,101,372,0.22444444444444445,0.19666666666666666,0.0101,1.18,1.44,2026-01-06T10:07:25.973909
50,10000,0.005,0.05,rl,1,486,338,52,140,393,0.2880658436213992,0.15384615384615385,0.014,1.04,1.36,2026-01-06T10:07:26.684188
50,10000,0.005,0.05,rl,2,405,285,43,95,337,0.2345679012345679,0.15087719298245614,0.0095,0.86,1.36,2026-01-06T10:07:27.440162
50,10000,0.005,0.05,rl,3,514,330,67,105,447,0.20428015564202334,0.20303030303030303,0.0105,1.34,1.68,2026-01-06T10:07:28.188779
50,10000,0.005,0.05,rl,4,475,336,59,123,398,0.25894736842105265,0.17559523809523808,0.0123,1.18,1.4,2026-01-06T10:07:28.916967
50,10000,0.005,0.1,rl,0,497,343,75,100,440,0.2012072434607646,0.21865889212827988,0.01,1.5,1.52,2026-01-06T10:07:29.685196
50,10000,0.005,0.1,rl,1,529,344,72,126,459,0.2381852551984877,0.20930232558139536,0.0126,1.44,1.2,2026-01-06T10:07:30.428758
50,10000,0.005,0.1,rl,2,423,270,59,110,358,0.26004728132387706,0.21851851851851853,0.011,1.18,1.64,2026-01-06T10:07:31.111733
50,10000,0.005,0.1,rl,3,427,256,62,93,372,0.21779859484777517,0.2421875,0.0093,1.24,1.52,2026-01-06T10:07:31.791850
50,10000,0.005,0.1,rl,4,515,320,78,108,451,0.20970873786407768,0.24375,0.0108,1.56,1.72,2026-01-06T10:07:32.550971
50,10000,0.005,0.2,rl,0,628,388,98,132,551,0.21019108280254778,0.25257731958762886,0.0132,1.96,1.36,2026-01-06T10:07:33.221619
50,10000,0.005,0.2,rl,1,712,447,98,146,639,0.2050561797752809,0.21923937360178972,0.0146,1.96,1.92,2026-01-06T10:07:33.953456
50,10000,0.005,0.2,rl,2,529,335,82,108,476,0.20415879017013233,0.24477611940298508,0.0108,1.64,1.44,2026-01-06T10:07:34.690512
50,10000,0.005,0.2,rl,3,588,388,89,129,532,0.2193877551020408,0.22938144329896906,0.0129,1.78,1.32,2026-01-06T10:07:35.418244
50,10000,0.005,0.2,rl,4,579,363,84,119,523,0.20552677029360966,0.23140495867768596,0.0119,1.68,1.64,2026-01-06T10:07:36.188643
50,10000,0.005,0.3,rl,0,687,444,95,162,614,0.23580786026200873,0.21396396396396397,0.0162,1.9,1.12,2026-01-06T10:07:36.764465
50,10000,0.005,0.3,rl,1,553,324,98,115,493,0.20795660036166366,0.30246913580246915,0.0115,1.96,1.16,2026-01-06T10:07:37.460533
50,10000,0.005,0.3,rl,2,565,362,82,115,523,0.20353982300884957,0.2265193370165746,0.0115,1.64,1.28,2026-01-06T10:07:38.189606
50,10000,0.005,0.3,rl,3,653,404,95,118,599,0.1807044410413476,0.23514851485148514,0.0118,1.9,1.56,2026-01-06T10:07:38.909624
50,10000,0.005,0.3,rl,4,574,350,83,123,517,0.21428571428571427,0.23714285714285716,0.0123,1.66,1.4,2026-01-06T10:07:39.605526
50,10000,0.005,0.5,rl,0,477,309,70,116,430,0.2431865828092243,0.22653721682847897,0.0116,1.4,1.36,2026-01-06T10:07:40.347373
50,10000,0.005,0.5,rl,1,478,315,82,118,419,0.24686192468619247,0.26031746031746034,0.0118,1.64,0.8,2026-01-06T10:07:40.915914
50,10000,0.005,0.5,rl,2,461,295,70,99,419,0.21475054229934923,0.23728813559322035,0.0099,1.4,1.8,2026-01-06T10:07:41.510551
50,10000,0.005,0.5,rl,3,548,373,74,123,504,0.22445255474452555,0.19839142091152814,0.0123,1.48,1.36,2026-01-06T10:07:42.194267
50,10000,0.005,0.5,rl,4,598,391,96,124,539,0.20735785953177258,0.24552429667519182,0.0124,1.92,1.44,2026-01-06T10:07:42.986871
50,10000,0.01,0.0,rl,0,228,223,4,54,8,0.23684210526315788,0.017937219730941704,0.0054,0.08,1.56,2026-01-06T10:07:43.907605
50,10000,0.01,0.0,rl,1,241,235,3,58,9,0.24066390041493776,0.01276595744680851,0.0058,0.06,1.08,2026-01-06T10:07:44.657199
50,10000,0.01,0.0,rl,2,46,43,3,13,9,0.2826086956521739,0.06976744186046512,0.0013,0.06,1.28,2026-01-06T10:07:45.546955
50,10000,0.01,0.0,rl,3,222,219,2,54,5,0.24324324324324326,0.0091324200913242,0.0054,0.04,1.24,2026-01-06T10:07:46.390816
50,10000,0.01,0.0,rl,4,78,65,6,19,24,0.24358974358974358,0.09230769230769231,0.0019,0.12,1.44,2026-01-06T10:07:47.237723
50,10000,0.01,0.05,rl,0,412,296,45,106,352,0.25728155339805825,0.15202702702702703,0.0106,0.9,1.2,2026-01-06T10:07:47.939989
50,10000,0.01,0.05,rl,1,448,292,54,115,382,0.25669642857142855,0.18493150684931506,0.0115,1.08,0.88,2026-01-06T10:07:48.616729
50,10000,0.01,0.05,rl,2,498,319,61,115,422,0.23092369477911648,0.19122257053291536,0.0115,1.22,1.56,2026-01-06T10:07:49.408351
50,10000,0.01,0.05,rl,3,489,340,64,110,401,0.2249488752556237,0.18823529411764706,0.011,1.28,1.52,2026-01-06T10:07:50.186858
50,10000,0.01,0.05,rl,4,515,347,66,108,435,0.20970873786407768,0.19020172910662825,0.0108,1.32,1.48,2026-01-06T10:07:50.967115
50,10000,0.01,0.1,rl,0,533,356,71,138,465,0.2589118198874296,0.199438202247191,0.0138,1.42,1.48,2026-01-06T10:07:51.666887
50,10000,0.01,0.1,rl,1,442,308,58,110,383,0.248868778280543,0.18831168831168832,0.011,1.16,1.12,2026-01-06T10:07:52.357569
50,10000,0.01,0.1,rl,2,466,310,67,112,403,0.24034334763948498,0.2161290322580645,0.0112,1.34,1.2,2026-01-06T10:07:53.070398
50,10000,0.01,0.1,rl,3,478,331,62,120,412,0.2510460251046025,0.18731117824773413,0.012,1.24,1.48,2026-01-06T10:07:53.735199
50,10000,0.01,0.1,rl,4,557,325,80,98,500,0.17594254937163376,0.24615384615384617,0.0098,1.6,1.4,2026-01-06T10:07:54.511849
50,10000,0.01,0.2,rl,0,591,387,93,124,529,0.2098138747884941,0.24031007751937986,0.0124,1.86,1.52,2026-01-06T10:07:55.239441
50,10000,0.01,0.2,rl,1,529,344,74,136,467,0.2570888468809074,0.21511627906976744,0.0136,1.48,1.2,2026-01-06T10:07:55.852105
50,10000,0.01,0.2,rl,2,513,337,79,123,452,0.23976608187134502,0.2344213649851632,0.0123,1.58,1.68,2026-01-06T10:07:56.580710
50,10000,0.01,0.2,rl,3,680,444,103,115,624,0.16911764705882354,0.23198198198198197,0.0115,2.06,1.36,2026-01-06T10:07:57.336570
50,10000,0.01,0.2,rl,4,486,327,74,121,431,0.24897119341563786,0.22629969418960244,0.0121,1.48,1.4,2026-01-06T10:07:57.941860
50,10000,0.01,0.3,rl,0,578,373,94,134,515,0.23183391003460208,0.2520107238605898,0.0134,1.88,1.8,2026-01-06T10:07:58.632213
50,10000,0.01,0.3,rl,1,493,321,69,128,454,0.25963488843813387,0.21495327102803738,0.0128,1.38,1.28,2026-01-06T10:07:59.329993
50,10000,0.01,0.3,rl,2,572,368,86,121,523,0.21153846153846154,0.23369565217391305,0.0121,1.72,1.24,2026-01-06T10:08:00.045724
50,10000,0.01,0.3,rl,3,584,369,90,104,535,0.1780821917808219,0.24390243902439024,0.0104,1.8,1.04,2026-01-06T10:08:00.728647
50,10000,0.01,0.3,rl,4,584,372,85,119,529,0.20376712328767124,0.22849462365591397,0.0119,1.7,1.6,2026-01-06T10:08:01.395753
50,10000,0.01,0.5,rl,0,596,399,94,144,534,0.24161073825503357,0.23558897243107768,0.0144,1.88,1.28,2026-01-06T10:08:01.978794
50,10000,0.01,0.5,rl,1,475,311,73,110,425,0.23157894736842105,0.2347266881028939,0.011,1.46,0.96,2026-01-06T10:08:02.546002
50,10000,0.01,0.5,rl,2,604,384,95,121,540,0.20033112582781457,0.24739583333333334,0.0121,1.9,1.2,2026-01-06T10:08:03.132774
50,10000,0.01,0.5,rl,3,605,404,89,126,559,0.20826446280991737,0.2202970297029703,0.0126,1.78,1.4,2026-01-06T10:08:03.878742
50,10000,0.01,0.5,rl,4,599,379,91,118,545,0.19699499165275458,0.24010554089709762,0.0118,1.82,1.44,2026-01-06T10:08:04.563625
50,10000,0.02,0.0,rl,0,40,30,3,6,14,0.15,0.1,0.0006,0.06,1.24,2026-01-06T10:08:05.416248
50,10000,0.02,0.0,rl,1,211,210,1,52,2,0.24644549763033174,0.004761904761904762,0.0052,0.02,1.24,2026-01-06T10:08:06.222841
50,10000,0.02,0.0,rl,2,231,226,4,55,9,0.23809523809523808,0.017699115044247787,0.0055,0.08,1.24,2026-01-06T10:08:07.125405
50,10000,0.02,0.0,rl,3,189,184,2,45,7,0.23809523809523808,0.010869565217391304,0.0045,0.04,1.0,2026-01-06T10:08:07.949291
50,10000,0.02,0.0,rl,4,240,236,2,58,7,0.24166666666666667,0.00847457627118644,0.0058,0.04,1.64,2026-01-06T10:08:08.853365
50,10000,0.02,0.05,rl,0,443,310,58,115,358,0.2595936794582393,0.1870967741935484,0.0115,1.16,1.32,2026-01-06T10:08:09.636170
50,10000,0.02,0.05,rl,1,478,331,60,109,414,0.2280334728033473,0.18126888217522658,0.0109,1.2,1.68,2026-01-06T10:08:10.441472
50,10000,0.02,0.05,rl,2,405,285,47,123,334,0.3037037037037037,0.1649122807017544,0.0123,0.94,1.2,2026-01-06T10:08:11.135839
50,10000,0.02,0.05,rl,3,499,310,66,105,419,0.21042084168336672,0.2129032258064516,0.0105,1.32,1.36,2026-01-06T10:08:11.848980
50,10000,0.02,0.05,rl,4,406,258,51,94,329,0.2315270935960591,0.19767441860465115,0.0094,1.02,1.12,2026-01-06T10:08:12.505202
50,10000,0.02,0.1,rl,0,672,427,102,136,601,0.20238095238095238,0.2388758782201405,0.0136,2.04,1.56,2026-01-06T10:08:13.276311
50,10000,0.02,0.1,rl,1,455,285,65,111,391,0.24395604395604395,0.22807017543859648,0.0111,1.3,1.2,2026-01-06T10:08:13.940002
50,10000,0.02,0.1,rl,2,540,352,77,108,480,0.2,0.21875,0.0108,1.54,1.52,2026-01-06T10:08:14.722028
50,10000,0.02,0.1,rl,3,552,364,82,124,490,0.2246376811594203,0.22527472527472528,0.0124,1.64,1.92,2026-01-06T10:08:15.460747
50,10000,0.02,0.1,rl,4,490,328,65,118,421,0.24081632653061225,0.19817073170731708,0.0118,1.3,1.64,2026-01-06T10:08:16.154118
50,10000,0.02,0.2,rl,0,554,375,80,153,482,0.27617328519855594,0.21333333333333335,0.0153,1.6,1.16,2026-01-06T10:08:16.773996
50,10000,0.02,0.2,rl,1,644,378,96,92,572,0.14285714285714285,0.25396825396825395,0.0092,1.92,1.04,2026-01-06T10:08:17.410151
50,10000,0.02,0.2,rl,2,577,360,94,111,512,0.1923743500866551,0.2611111111111111,0.0111,1.88,1.76,2026-01-06T10:08:18.120999
50,10000,0.02,0.2,rl,3,628,416,92,153,546,0.24363057324840764,0.22115384615384615,0.0153,1.84,1.36,2026-01-06T10:08:18.802692
50,10000,0.02,0.2,rl,4,500,325,79,124,441,0.248,0.24307692307692308,0.0124,1.58,1.6,2026-01-06T10:08:19.533213
50,10000,0.02,0.3,rl,0,589,385,94,116,531,0.1969439728353141,0.24415584415584415,0.0116,1.88,1.36,2026-01-06T10:08:20.248376
50,10000,0.02,0.3,rl,1,474,317,67,133,427,0.2805907172995781,0.2113564668769716,0.0133,1.34,1.36,2026-01-06T10:08:20.874367
50,10000,0.02,0.3,rl,2,589,379,90,129,530,0.21901528013582344,0.23746701846965698,0.0129,1.8,1.52,2026-01-06T10:08:21.631714
50,10000,0.02,0.3,rl,3,572,367,89,118,518,0.2062937062937063,0.24250681198910082,0.0118,1.78,1.32,2026-01-06T10:08:22.319315
50,10000,0.02,0.3,rl,4,587,378,94,120,524,0.20442930153321975,0.24867724867724866,0.012,1.88,1.4,2026-01-06T10:08:23.026447
50,10000,0.02,0.5,rl,0,625,397,96,137,563,0.2192,0.24181360201511334,0.0137,1.92,1.08,2026-01-06T10:08:23.696543
50,10000,0.02,0.5,rl,1,507,349,72,130,457,0.2564102564102564,0.20630372492836677,0.013,1.44,1.4,2026-01-06T10:08:24.333412
50,10000,0.02,0.5,rl,2,482,329,78,126,428,0.26141078838174275,0.23708206686930092,0.0126,1.56,1.52,2026-01-06T10:08:25.033847
50,10000,0.02,0.5,rl,3,621,379,107,116,557,0.18679549114331723,0.28232189973614774,0.0116,2.14,1.64,2026-01-06T10:08:25.729823
50,10000,0.02,0.5,rl,4,646,400,99,130,586,0.20123839009287925,0.2475,0.013,1.98,1.36,2026-01-06T10:08:26.413065
50,10000,0.05,0.0,rl,0,236,229,5,55,14,0.2330508474576271,0.021834061135371178,0.0055,0.1,1.52,2026-01-06T10:08:27.366714
50,10000,0.05,0.0,rl,1,219,214,3,52,8,0.2374429223744292,0.014018691588785047,0.0052,0.06,1.44,2026-01-06T10:08:28.253253
50,10000,0.05,0.0,rl,2,78,75,3,24,13,0.3076923076923077,0.04,0.0024,0.06,1.44,2026-01-06T10:08:29.146357
50,10000,0.05,0.0,rl,3,192,190,1,47,3,0.24479166666666666,0.005263157894736842,0.0047,0.02,1.48,2026-01-06T10:08:29.933679
50,10000,0.05,0.0,rl,4,195,194,1,48,2,0.24615384615384617,0.005154639175257732,0.0048,0.02,1.4,2026-01-06T10:08:30.730107
50,10000,0.05,0.05,rl,0,426,276,51,96,375,0.22535211267605634,0.18478260869565216,0.0096,1.02,1.6,2026-01-06T10:08:31.487112
50,10000,0.05,0.05,rl,1,504,335,73,111,427,0.22023809523809523,0.21791044776119403,0.0111,1.46,1.48,2026-01-06T10:08:32.268622
50,10000,0.05,0.05,rl,2,565,374,76,112,481,0.19823008849557522,0.20320855614973263,0.0112,1.52,1.6,2026-01-06T10:08:33.064324
50,10000,0.05,0.05,rl,3,453,285,67,108,385,0.23841059602649006,0.23508771929824562,0.0108,1.34,1.84,2026-01-06T10:08:33.922281
50,10000,0.05,0.05,rl,4,491,309,67,114,401,0.23217922606924643,0.2168284789644013,0.0114,1.34,1.6,2026-01-06T10:08:34.641277
50,10000,0.05,0.1,rl,0,575,377,83,126,503,0.21913043478260869,0.22015915119363394,0.0126,1.66,1.4,2026-01-06T10:08:35.318504
50,10000,0.05,0.1,rl,1,455,302,73,106,388,0.23296703296703297,0.24172185430463577,0.0106,1.46,1.6,2026-01-06T10:08:36.059432
50,10000,0.05,0.1,rl,2,521,343,80,117,454,0.22456813819577734,0.23323615160349853,0.0117,1.6,1.12,2026-01-06T10:08:36.810773
50,10000,0.05,0.1,rl,3,567,375,80,127,494,0.2239858906525573,0.21333333333333335,0.0127,1.6,1.12,2026-01-06T10:08:37.502847
50,10000,0.05,0.1,rl,4,600,369,89,130,533,0.21666666666666667,0.24119241192411925,0.013,1.78,1.44,2026-01-06T10:08:38.245276
50,10000,0.05,0.2,rl,0,527,336,84,111,483,0.21062618595825428,0.25,0.0111,1.68,1.32,2026-01-06T10:08:38.940230
50,10000,0.05,0.2,rl,1,474,296,68,115,419,0.24261603375527427,0.22972972972972974,0.0115,1.36,1.48,2026-01-06T10:08:39.599177
50,10000,0.05,0.2,rl,2,542,351,75,108,492,0.1992619926199262,0.21367521367521367,0.0108,1.5,1.36,2026-01-06T10:08:40.290837
50,10000,0.05,0.2,rl,3,568,369,77,101,521,0.17781690140845072,0.2086720867208672,0.0101,1.54,1.44,2026-01-06T10:08:41.022741
50,10000,0.05,0.2,rl,4,540,355,76,133,484,0.2462962962962963,0.2140845070422535,0.0133,1.52,1.56,2026-01-06T10:08:41.664838
50,10000,0.05,0.3,rl,0,524,328,87,122,470,0.23282442748091603,0.2652439024390244,0.0122,1.74,1.36,2026-01-06T10:08:42.467663
50,10000,0.05,0.3,rl,1,696,413,103,101,642,0.14511494252873564,0.24939467312348668,0.0101,2.06,1.44,2026-01-06T10:08:43.133414
50,10000,0.05,0.3,rl,2,499,325,79,114,444,0.22845691382765532,0.24307692307692308,0.0114,1.58,1.28,2026-01-06T10:08:43.757923
50,10000,0.05,0.3,rl,3,572,395,86,147,504,0.256993006993007,0.21772151898734177,0.0147,1.72,1.28,2026-01-06T10:08:44.513588
50,10000,0.05,0.3,rl,4,542,352,94,124,483,0.22878228782287824,0.26704545454545453,0.0124,1.88,1.32,2026-01-06T10:08:45.242219
50,10000,0.05,0.5,rl,0,519,351,79,112,468,0.21579961464354527,0.22507122507122507,0.0112,1.58,1.04,2026-01-06T10:08:45.914709
50,10000,0.05,0.5,rl,1,592,407,84,166,527,0.28040540540540543,0.20638820638820637,0.0166,1.68,1.08,2026-01-06T10:08:46.546945
50,10000,0.05,0.5,rl,2,706,448,124,142,620,0.20113314447592068,0.2767857142857143,0.0142,2.48,1.6,2026-01-06T10:08:47.278494
50,10000,0.05,0.5,rl,3,594,394,89,143,531,0.24074074074074073,0.22588832487309646,0.0143,1.78,1.12,2026-01-06T10:08:47.915131
50,10000,0.05,0.5,rl,4,624,403,94,116,561,0.1858974358974359,0.23325062034739455,0.0116,1.88,1.72,2026-01-06T10:08:48.695631
100,10000,0.001,0.0,rl,0,47,34,9,8,26,0.1702127659574468,0.2647058823529412,0.0008,0.09,2.7,2026-01-06T10:08:50.731565
100,10000,0.001,0.0,rl,1,85,74,6,23,24,0.27058823529411763,0.08108108108108109,0.0023,0.06,2.84,2026-01-06T10:08:52.837397
100,10000,0.001,0.0,rl,2,255,250,4,61,9,0.23921568627450981,0.016,0.0061,0.04,2.48,2026-01-06T10:08:54.965465
100,10000,0.001,0.0,rl,3,231,224,4,54,11,0.23376623376623376,0.017857142857142856,0.0054,0.04,2.32,2026-01-06T10:08:57.019276
100,10000,0.001,0.0,rl,4,270,266,3,65,6,0.24074074074074073,0.011278195488721804,0.0065,0.03,2.4,2026-01-06T10:08:59.102946
100,10000,0.001,0.05,rl,0,821,466,151,72,767,0.0876979293544458,0.3240343347639485,0.0072,1.51,3.0,2026-01-06T10:09:00.991870
100,10000,0.001,0.05,rl,1,861,519,138,107,812,0.12427409988385599,0.2658959537572254,0.0107,1.38,2.56,2026-01-06T10:09:02.866057
100,10000,0.001,0.05,rl,2,740,441,127,96,688,0.12972972972972974,0.28798185941043086,0.0096,1.27,3.24,2026-01-06T10:09:04.767058
100,10000,0.001,0.05,rl,3,761,456,133,93,703,0.12220762155059132,0.2916666666666667,0.0093,1.33,3.14,2026-01-06T10:09:06.714793
100,10000,0.001,0.05,rl,4,817,475,144,65,760,0.0795593635250918,0.3031578947368421,0.0065,1.44,2.76,2026-01-06T10:09:08.589569
100,10000,0.001,0.1,rl,0,903,499,163,87,850,0.09634551495016612,0.32665330661322645,0.0087,1.63,2.76,2026-01-06T10:09:10.369114
100,10000,0.001,0.1,rl,1,923,539,161,79,854,0.08559046587215602,0.2987012987012987,0.0079,1.61,2.72,2026-01-06T10:09:12.251675
100,10000,0.001,0.1,rl,2,1095,642,184,87,1036,0.07945205479452055,0.2866043613707165,0.0087,1.84,2.66,2026-01-06T10:09:14.115030
100,10000,0.001,0.1,rl,3,961,518,171,91,906,0.09469302809573361,0.3301158301158301,0.0091,1.71,2.54,2026-01-06T10:09:15.926600
100,10000,0.001,0.1,rl,4,946,548,166,106,891,0.11205073995771671,0.3029197080291971,0.0106,1.66,2.68,2026-01-06T10:09:17.788852
100,10000,0.001,0.2,rl,0,950,543,172,98,885,0.1031578947368421,0.31675874769797424,0.0098,1.72,2.98,2026-01-06T10:09:19.610863
100,10000,0.001,0.2,rl,1,1064,607,189,94,996,0.08834586466165413,0.3113673805601318,0.0094,1.89,2.42,2026-01-06T10:09:21.466459
100,10000,0.001,0.2,rl,2,879,533,158,83,832,0.09442548350398179,0.2964352720450281,0.0083,1.58,2.82,2026-01-06T10:09:23.358993
100,10000,0.001,0.2,rl,3,948,573,168,108,893,0.11392405063291139,0.2931937172774869,0.0108,1.68,2.66,2026-01-06T10:09:25.256611
100,10000,0.001,0.2,rl,4,968,569,172,92,918,0.09504132231404959,0.3022847100175747,0.0092,1.72,2.48,2026-01-06T10:09:27.036962
100,10000,0.001,0.3,rl,0,1024,603,184,97,968,0.0947265625,0.30514096185737977,0.0097,1.84,2.74,2026-01-06T10:09:28.889564
100,10000,0.001,0.3,rl,1,1079,645,188,123,1006,0.11399443929564411,0.29147286821705426,0.0123,1.88,2.56,2026-01-06T10:09:30.739640
100,10000,0.001,0.3,rl,2,930,548,156,94,877,0.1010752688172043,0.2846715328467153,0.0094,1.56,2.46,2026-01-06T10:09:32.576876
100,10000,0.001,0.3,rl,3,883,545,159,109,831,0.12344280860702152,0.29174311926605506,0.0109,1.59,2.64,2026-01-06T10:09:34.369548
100,10000,0.001,0.3,rl,4,922,522,172,87,860,0.09436008676789588,0.32950191570881227,0.0087,1.72,2.54,2026-01-06T10:09:36.178246
100,10000,0.001,0.5,rl,0,963,566,174,103,901,0.10695742471443406,0.30742049469964666,0.0103,1.74,2.92,2026-01-06T10:09:38.016125
100,10000,0.001,0.5,rl,1,995,596,182,81,950,0.0814070351758794,0.3053691275167785,0.0081,1.82,2.72,2026-01-06T10:09:39.874452
100,10000,0.001,0.5,rl,2,914,559,159,111,859,0.12144420131291028,0.2844364937388193,0.0111,1.59,3.14,2026-01-06T10:09:41.644238
100,10000,0.001,0.5,rl,3,1065,613,186,101,1010,0.09483568075117371,0.3034257748776509,0.0101,1.86,2.6,2026-01-06T10:09:43.427818
100,10000,0.001,0.5,rl,4,969,568,165,89,927,0.09184726522187822,0.2904929577464789,0.0089,1.65,3.34,2026-01-06T10:09:45.226115
100,10000,0.005,0.0,rl,0,44,31,8,6,23,0.13636363636363635,0.25806451612903225,0.0006,0.08,2.36,2026-01-06T10:09:47.424713
100,10000,0.005,0.0,rl,1,240,230,9,54,21,0.225,0.0391304347826087,0.0054,0.09,2.76,2026-01-06T10:09:49.577004
100,10000,0.005,0.0,rl,2,217,209,8,49,19,0.22580645161290322,0.03827751196172249,0.0049,0.08,2.36,2026-01-06T10:09:51.643916
100,10000,0.005,0.0,rl,3,256,250,4,61,10,0.23828125,0.016,0.0061,0.04,3.12,2026-01-06T10:09:53.782832
100,10000,0.005,0.0,rl,4,266,247,16,56,37,0.21052631578947367,0.06477732793522267,0.0056,0.16,3.02,2026-01-06T10:09:55.859871
100,10000,0.005,0.05,rl,0,895,501,155,90,820,0.1005586592178771,0.3093812375249501,0.009,1.55,2.86,2026-01-06T10:09:57.706364
100,10000,0.005,0.05,rl,1,866,535,147,95,799,0.10969976905311778,0.27476635514018694,0.0095,1.47,2.96,2026-01-06T10:09:59.601952
100,10000,0.005,0.05,rl,2,838,498,143,87,772,0.10381861575178998,0.28714859437751006,0.0087,1.43,2.7,2026-01-06T10:10:01.498980
100,10000,0.005,0.05,rl,3,836,481,143,87,780,0.10406698564593302,0.2972972972972973,0.0087,1.43,3.06,2026-01-06T10:10:03.414325
100,10000,0.005,0.05,rl,4,779,464,139,83,715,0.10654685494223363,0.2995689655172414,0.0083,1.39,3.3,2026-01-06T10:10:05.285981
100,10000,0.005,0.1,rl,0,876,499,163,91,820,0.10388127853881278,0.32665330661322645,0.0091,1.63,3.26,2026-01-06T10:10:07.150484
100,10000,0.005,0.1,rl,1,1119,677,200,107,1059,0.09562109025915996,0.29542097488921715,0.0107,2.0,2.8,2026-01-06T10:10:08.984018
100,10000,0.005,0.1,rl,2,926,557,175,101,863,0.10907127429805616,0.3141831238779174,0.0101,1.75,2.94,2026-01-06T10:10:10.813116
100,10000,0.005,0.1,rl,3,1092,635,190,83,1026,0.076007326007326,0.2992125984251969,0.0083,1.9,2.9,2026-01-06T10:10:12.615598
100,10000,0.005,0.1,rl,4,890,534,153,111,829,0.12471910112359551,0.28651685393258425,0.0111,1.53,3.0,2026-01-06T10:10:14.446565
100,10000,0.005,0.2,rl,0,947,578,167,101,901,0.10665258711721225,0.2889273356401384,0.0101,1.67,2.48,2026-01-06T10:10:16.256844
100,10000,0.005,0.2,rl,1,951,549,160,104,899,0.10935856992639327,0.29143897996357016,0.0104,1.6,2.74,2026-01-06T10:10:18.123784
100,10000,0.005,0.2,rl,2,1035,619,188,101,980,0.09758454106280193,0.3037156704361874,0.0101,1.88,2.66,2026-01-06T10:10:19.956561
100,10000,0.005,0.2,rl,3,960,564,167,93,907,0.096875,0.29609929078014185,0.0093,1.67,2.94,2026-01-06T10:10:21.816668
100,10000,0.005,0.2,rl,4,907,524,167,92,862,0.10143329658213891,0.3187022900763359,0.0092,1.67,2.84,2026-01-06T10:10:23.637193
100,10000,0.005,0.3,rl,0,1010,581,170,98,964,0.09702970297029703,0.29259896729776247,0.0098,1.7,2.72,2026-01-06T10:10:25.505657
100,10000,0.005,0.3,rl,1,896,523,158,89,856,0.09933035714285714,0.30210325047801145,0.0089,1.58,2.88,2026-01-06T10:10:27.260712
100,10000,0.005,0.3,rl,2,939,560,155,83,886,0.08839190628328009,0.2767857142857143,0.0083,1.55,3.0,2026-01-06T10:10:29.074903
100,10000,0.005,0.3,rl,3,935,594,167,107,881,0.1144385026737968,0.28114478114478114,0.0107,1.67,2.86,2026-01-06T10:10:30.877710
100,10000,0.005,0.3,rl,4,1029,609,175,111,969,0.10787172011661808,0.28735632183908044,0.0111,1.75,2.9,2026-01-06T10:10:32.671844
100,10000,0.005,0.5,rl,0,871,502,144,84,817,0.09644087256027555,0.2868525896414343,0.0084,1.44,3.2,2026-01-06T10:10:34.476557
100,10000,0.005,0.5,rl,1,1035,600,176,96,977,0.0927536231884058,0.29333333333333333,0.0096,1.76,2.72,2026-01-06T10:10:36.286196
100,10000,0.005,0.5,rl,2,995,609,175,95,947,0.09547738693467336,0.28735632183908044,0.0095,1.75,2.8,2026-01-06T10:10:38.048436
100,10000,0.005,0.5,rl,3,949,553,170,99,899,0.10432033719704953,0.3074141048824593,0.0099,1.7,2.92,2026-01-06T10:10:39.914100
100,10000,0.005,0.5,rl,4,1023,612,171,102,964,0.09970674486803519,0.27941176470588236,0.0102,1.71,2.78,2026-01-06T10:10:41.664745
100,10000,0.01,0.0,rl,0,79,67,8,14,21,0.17721518987341772,0.11940298507462686,0.0014,0.08,2.58,2026-01-06T10:10:43.715108
100,10000,0.01,0.0,rl,1,207,202,2,50,7,0.24154589371980675,0.009900990099009901,0.005,0.02,2.94,2026-01-06T10:10:45.835961
100,10000,0.01,0.0,rl,2,217,210,6,50,15,0.2304147465437788,0.02857142857142857,0.005,0.06,2.9,2026-01-06T10:10:47.986453
100,10000,0.01,0.0,rl,3,250,240,9,57,18,0.228,0.0375,0.0057,0.09,2.78,2026-01-06T10:10:50.154130
100,10000,0.01,0.0,rl,4,214,209,3,51,8,0.2383177570093458,0.014354066985645933,0.0051,0.03,2.96,2026-01-06T10:10:52.269244
100,10000,0.01,0.05,rl,0,801,478,139,100,745,0.12484394506866417,0.2907949790794979,0.01,1.39,2.9,2026-01-06T10:10:54.117324
100,10000,0.01,0.05,rl,1,768,450,132,81,716,0.10546875,0.29333333333333333,0.0081,1.32,2.4,2026-01-06T10:10:55.956016
100,10000,0.01,0.05,rl,2,797,466,130,88,744,0.11041405269761606,0.27896995708154504,0.0088,1.3,2.86,2026-01-06T10:10:57.915727
100,10000,0.01,0.05,rl,3,811,464,141,83,748,0.10234278668310727,0.30387931034482757,0.0083,1.41,2.64,2026-01-06T10:10:59.760308
100,10000,0.01,0.05,rl,4,831,517,141,97,767,0.11672683513838748,0.2727272727272727,0.0097,1.41,2.48,2026-01-06T10:11:01.644017
100,10000,0.01,0.1,rl,0,885,520,165,100,839,0.11299435028248588,0.3173076923076923,0.01,1.65,2.52,2026-01-06T10:11:03.467924
100,10000,0.01,0.1,rl,1,964,534,167,96,898,0.0995850622406639,0.31273408239700373,0.0096,1.67,2.9,2026-01-06T10:11:05.347208
100,10000,0.01,0.1,rl,2,945,555,170,98,883,0.1037037037037037,0.3063063063063063,0.0098,1.7,2.52,2026-01-06T10:11:07.215619
100,10000,0.01,0.1,rl,3,970,543,160,89,919,0.09175257731958762,0.2946593001841621,0.0089,1.6,2.7,2026-01-06T10:11:09.071039
100,10000,0.01,0.1,rl,4,900,541,156,94,853,0.10444444444444445,0.28835489833641403,0.0094,1.56,2.84,2026-01-06T10:11:10.950744
100,10000,0.01,0.2,rl,0,962,543,179,87,903,0.09043659043659044,0.3296500920810313,0.0087,1.79,3.14,2026-01-06T10:11:12.809139
100,10000,0.01,0.2,rl,1,1046,614,179,105,984,0.10038240917782026,0.2915309446254072,0.0105,1.79,2.72,2026-01-06T10:11:14.698019
100,10000,0.01,0.2,rl,2,1038,600,181,108,965,0.10404624277456648,0.3016666666666667,0.0108,1.81,2.66,2026-01-06T10:11:16.482253
100,10000,0.01,0.2,rl,3,973,537,167,85,931,0.08735868448098665,0.31098696461824954,0.0085,1.67,2.88,2026-01-06T10:11:18.376741
100,10000,0.01,0.2,rl,4,1032,612,177,90,978,0.0872093023255814,0.28921568627450983,0.009,1.77,3.52,2026-01-06T10:11:20.228278
100,10000,0.01,0.3,rl,0,965,544,171,103,898,0.10673575129533679,0.31433823529411764,0.0103,1.71,2.82,2026-01-06T10:11:22.087308
100,10000,0.01,0.3,rl,1,981,605,170,103,922,0.10499490316004077,0.2809917355371901,0.0103,1.7,3.2,2026-01-06T10:11:23.996956
100,10000,0.01,0.3,rl,2,1057,597,187,107,986,0.10122989593188268,0.3132328308207705,0.0107,1.87,2.9,2026-01-06T10:11:25.830448
100,10000,0.01,0.3,rl,3,876,511,148,107,824,0.12214611872146118,0.2896281800391389,0.0107,1.48,2.74,2026-01-06T10:11:27.716600
100,10000,0.01,0.3,rl,4,931,536,162,97,881,0.1041890440386681,0.30223880597014924,0.0097,1.62,2.88,2026-01-06T10:11:29.647701
100,10000,0.01,0.5,rl,0,918,544,167,95,863,0.10348583877995643,0.3069852941176471,0.0095,1.67,3.02,2026-01-06T10:11:31.579619
100,10000,0.01,0.5,rl,1,908,541,148,100,864,0.11013215859030837,0.2735674676524954,0.01,1.48,2.38,2026-01-06T10:11:33.437203
100,10000,0.01,0.5,rl,2,980,572,170,117,924,0.11938775510204082,0.2972027972027972,0.0117,1.7,2.46,2026-01-06T10:11:35.200339
100,10000,0.01,0.5,rl,3,982,580,167,105,912,0.10692464358452139,0.28793103448275864,0.0105,1.67,3.18,2026-01-06T10:11:36.999054
100,10000,0.01,0.5,rl,4,896,524,158,103,825,0.11495535714285714,0.3015267175572519,0.0103,1.58,3.0,2026-01-06T10:11:38.839193
100,10000,0.02,0.0,rl,0,83,74,7,21,22,0.25301204819277107,0.0945945945945946,0.0021,0.07,3.5,2026-01-06T10:11:40.935084
100,10000,0.02,0.0,rl,1,228,223,4,60,14,0.2631578947368421,0.017937219730941704,0.006,0.04,2.78,2026-01-06T10:11:43.085669
100,10000,0.02,0.0,rl,2,227,222,5,54,11,0.23788546255506607,0.02252252252252252,0.0054,0.05,2.5,2026-01-06T10:11:45.164597
100,10000,0.02,0.0,rl,3,43,31,7,5,20,0.11627906976744186,0.22580645161290322,0.0005,0.07,3.04,2026-01-06T10:11:47.325980
100,10000,0.02,0.0,rl,4,214,211,3,52,6,0.24299065420560748,0.014218009478672985,0.0052,0.03,2.48,2026-01-06T10:11:49.487554
100,10000,0.02,0.05,rl,0,841,491,139,102,784,0.12128418549346016,0.2830957230142566,0.0102,1.39,3.02,2026-01-06T10:11:51.452966
100,10000,0.02,0.05,rl,1,926,556,152,83,862,0.08963282937365011,0.2733812949640288,0.0083,1.52,2.6,2026-01-06T10:11:53.391750
100,10000,0.02,0.05,rl,2,929,540,157,89,865,0.09580193756727665,0.29074074074074074,0.0089,1.57,3.18,2026-01-06T10:11:55.248519
100,10000,0.02,0.05,rl,3,872,492,149,74,819,0.08486238532110092,0.30284552845528456,0.0074,1.49,2.84,2026-01-06T10:11:57.116300
100,10000,0.02,0.05,rl,4,979,577,177,79,921,0.08069458631256383,0.30675909878682844,0.0079,1.77,2.52,2026-01-06T10:11:58.993079
100,10000,0.02,0.1,rl,0,939,529,176,83,877,0.08839190628328009,0.332703213610586,0.0083,1.76,2.72,2026-01-06T10:12:00.867047
100,10000,0.02,0.1,rl,1,1084,617,185,89,1014,0.08210332103321033,0.29983792544570503,0.0089,1.85,2.62,2026-01-06T10:12:02.671626
100,10000,0.02,0.1,rl,2,1059,637,189,96,994,0.0906515580736544,0.2967032967032967,0.0096,1.89,2.76,2026-01-06T10:12:04.441474
100,10000,0.02,0.1,rl,3,932,544,158,98,866,0.10515021459227468,0.29044117647058826,0.0098,1.58,2.86,2026-01-06T10:12:06.349517
100,10000,0.02,0.1,rl,4,1022,591,168,90,973,0.08806262230919765,0.28426395939086296,0.009,1.68,3.3,2026-01-06T10:12:08.163179
100,10000,0.02,0.2,rl,0,912,535,156,97,850,0.10635964912280702,0.29158878504672897,0.0097,1.56,2.78,2026-01-06T10:12:09.946208
100,10000,0.02,0.2,rl,1,1004,579,171,89,945,0.08864541832669323,0.29533678756476683,0.0089,1.71,3.36,2026-01-06T10:12:11.791420
100,10000,0.02,0.2,rl,2,1045,600,183,97,964,0.09282296650717703,0.305,0.0097,1.83,2.4,2026-01-06T10:12:13.533108
100,10000,0.02,0.2,rl,3,928,536,162,90,877,0.09698275862068965,0.30223880597014924,0.009,1.62,3.12,2026-01-06T10:12:15.363997
100,10000,0.02,0.2,rl,4,815,484,138,87,773,0.1067484662576687,0.28512396694214875,0.0087,1.38,2.78,2026-01-06T10:12:17.162538
100,10000,0.02,0.3,rl,0,932,554,177,108,858,0.11587982832618025,0.3194945848375451,0.0108,1.77,2.64,2026-01-06T10:12:18.902775
100,10000,0.02,0.3,rl,1,999,571,183,100,945,0.1001001001001001,0.3204903677758319,0.01,1.83,3.08,2026-01-06T10:12:20.717679
100,10000,0.02,0.3,rl,2,953,563,169,88,904,0.09233997901364113,0.30017761989342806,0.0088,1.69,2.32,2026-01-06T10:12:22.572897
100,10000,0.02,0.3,rl,3,995,592,174,89,946,0.08944723618090453,0.2939189189189189,0.0089,1.74,2.92,2026-01-06T10:12:24.391917
100,10000,0.02,0.3,rl,4,1051,610,188,87,988,0.08277830637488107,0.3081967213114754,0.0087,1.88,3.02,2026-01-06T10:12:26.231321
100,10000,0.02,0.5,rl,0,979,561,164,93,914,0.09499489274770173,0.29233511586452765,0.0093,1.64,2.64,2026-01-06T10:12:28.049140
100,10000,0.02,0.5,rl,1,968,561,164,89,914,0.09194214876033058,0.29233511586452765,0.0089,1.64,2.48,2026-01-06T10:12:29.765662
100,10000,0.02,0.5,rl,2,1027,603,185,81,964,0.07887049659201557,0.3067993366500829,0.0081,1.85,2.5,2026-01-06T10:12:31.559430
100,10000,0.02,0.5,rl,3,952,546,157,84,907,0.08823529411764706,0.2875457875457875,0.0084,1.57,2.8,2026-01-06T10:12:33.243295
100,10000,0.02,0.5,rl,4,948,562,178,101,881,0.10654008438818566,0.3167259786476868,0.0101,1.78,2.9,2026-01-06T10:12:34.996356
100,10000,0.05,0.0,rl,0,240,232,7,55,16,0.22916666666666666,0.03017241379310345,0.0055,0.07,2.66,2026-01-06T10:12:37.152382
100,10000,0.05,0.0,rl,1,240,234,5,57,11,0.2375,0.021367521367521368,0.0057,0.05,3.0,2026-01-06T10:12:39.261002
100,10000,0.05,0.0,rl,2,218,215,2,53,5,0.24311926605504589,0.009302325581395349,0.0053,0.02,2.52,2026-01-06T10:12:41.421404
100,10000,0.05,0.0,rl,3,81,68,4,15,20,0.18518518518518517,0.058823529411764705,0.0015,0.04,3.06,2026-01-06T10:12:43.584143
100,10000,0.05,0.0,rl,4,219,211,4,51,13,0.2328767123287671,0.018957345971563982,0.0051,0.04,2.7,2026-01-06T10:12:45.702713
100,10000,0.05,0.05,rl,0,873,490,150,88,817,0.10080183276059565,0.30612244897959184,0.0088,1.5,3.08,2026-01-06T10:12:47.548976
100,10000,0.05,0.05,rl,1,796,461,140,98,743,0.12311557788944724,0.3036876355748373,0.0098,1.4,2.34,2026-01-06T10:12:49.418081
100,10000,0.05,0.05,rl,2,914,553,151,109,856,0.11925601750547046,0.2730560578661845,0.0109,1.51,3.02,2026-01-06T10:12:51.225767
100,10000,0.05,0.05,rl,3,746,436,125,92,683,0.12332439678284182,0.286697247706422,0.0092,1.25,3.04,2026-01-06T10:12:53.069368
100,10000,0.05,0.05,rl,4,732,430,128,78,672,0.10655737704918032,0.29767441860465116,0.0078,1.28,2.66,2026-01-06T10:12:54.996382
100,10000,0.05,0.1,rl,0,826,493,152,95,771,0.11501210653753027,0.30831643002028397,0.0095,1.52,2.96,2026-01-06T10:12:56.888765
100,10000,0.05,0.1,rl,1,967,579,167,84,915,0.08686659772492245,0.28842832469775476,0.0084,1.67,2.48,2026-01-06T10:12:58.757375
100,10000,0.05,0.1,rl,2,946,569,159,114,893,0.12050739957716702,0.27943760984182775,0.0114,1.59,3.06,2026-01-06T10:13:00.607841
100,10000,0.05,0.1,rl,3,972,552,171,79,930,0.08127572016460906,0.30978260869565216,0.0079,1.71,3.0,2026-01-06T10:13:02.415277
100,10000,0.05,0.1,rl,4,764,469,130,88,729,0.11518324607329843,0.2771855010660981,0.0088,1.3,3.02,2026-01-06T10:13:04.260640
100,10000,0.05,0.2,rl,0,1001,567,175,99,933,0.0989010989010989,0.30864197530864196,0.0099,1.75,2.5,2026-01-06T10:13:06.032892
100,10000,0.05,0.2,rl,1,947,547,165,90,904,0.09503695881731784,0.3016453382084095,0.009,1.65,2.7,2026-01-06T10:13:07.926713
100,10000,0.05,0.2,rl,2,981,549,162,82,947,0.0835881753312946,0.29508196721311475,0.0082,1.62,2.74,2026-01-06T10:13:09.731431
100,10000,0.05,0.2,rl,3,1000,564,177,99,951,0.099,0.31382978723404253,0.0099,1.77,2.8,2026-01-06T10:13:11.564382
100,10000,0.05,0.2,rl,4,1244,721,218,98,1167,0.07877813504823152,0.30235783633841884,0.0098,2.18,2.92,2026-01-06T10:13:13.290275
100,10000,0.05,0.3,rl,0,1038,607,180,80,982,0.07707129094412331,0.29654036243822074,0.008,1.8,3.3,2026-01-06T10:13:15.035960
100,10000,0.05,0.3,rl,1,1052,582,179,108,986,0.10266159695817491,0.3075601374570447,0.0108,1.79,2.96,2026-01-06T10:13:16.832606
100,10000,0.05,0.3,rl,2,939,562,161,100,888,0.10649627263045794,0.28647686832740216,0.01,1.61,3.46,2026-01-06T10:13:18.618795
100,10000,0.05,0.3,rl,3,870,532,156,95,823,0.10919540229885058,0.2932330827067669,0.0095,1.56,2.66,2026-01-06T10:13:20.347485
100,10000,0.05,0.3,rl,4,946,563,170,94,898,0.09936575052854123,0.3019538188277087,0.0094,1.7,3.04,2026-01-06T10:13:22.177395
100,10000,0.05,0.5,rl,0,1019,583,177,95,967,0.09322865554465162,0.30360205831903947,0.0095,1.77,2.54,2026-01-06T10:13:23.949499
100,10000,0.05,0.5,rl,1,1057,613,185,104,993,0.09839167455061495,0.30179445350734097,0.0104,1.85,2.9,2026-01-06T10:13:25.720751
100,10000,0.05,0.5,rl,2,1062,630,178,98,1000,0.09227871939736347,0.28253968253968254,0.0098,1.78,2.92,2026-01-06T10:13:27.445325
100,10000,0.05,0.5,rl,3,1032,593,175,101,974,0.09786821705426356,0.2951096121416526,0.0101,1.75,3.32,2026-01-06T10:13:29.314710
100,10000,0.05,0.5,rl,4,918,556,153,87,872,0.09477124183006536,0.2751798561151079,0.0087,1.53,2.86,2026-01-06T10:13:31.184728
250,10000,0.001,0.0,rl,0,83,56,19,8,48,0.0963855421686747,0.3392857142857143,0.0008,0.076,7.112,2026-01-06T10:13:37.031621
250,10000,0.001,0.0,rl,1,75,57,15,9,36,0.12,0.2631578947368421,0.0009,0.06,7.544,2026-01-06T10:13:42.773647
250,10000,0.001,0.0,rl,2,79,58,17,9,41,0.11392405063291139,0.29310344827586204,0.0009,0.068,6.984,2026-01-06T10:13:48.453835
250,10000,0.001,0.0,rl,3,229,216,12,51,25,0.22270742358078602,0.05555555555555555,0.0051,0.048,7.528,2026-01-06T10:13:54.170869
250,10000,0.001,0.0,rl,4,97,67,20,10,50,0.10309278350515463,0.29850746268656714,0.001,0.08,7.144,2026-01-06T10:13:59.939112
250,10000,0.001,0.05,rl,0,1516,837,313,52,1459,0.03430079155672823,0.3739545997610514,0.0052,1.252,6.904,2026-01-06T10:14:05.440135
250,10000,0.001,0.05,rl,1,1780,963,363,46,1723,0.025842696629213482,0.37694704049844235,0.0046,1.452,6.824,2026-01-06T10:14:10.853865
250,10000,0.001,0.05,rl,2,1934,1034,379,35,1889,0.01809720785935884,0.3665377176015474,0.0035,1.516,7.568,2026-01-06T10:14:16.389538
250,10000,0.001,0.05,rl,3,1643,863,334,57,1587,0.03469263542300669,0.3870220162224797,0.0057,1.336,6.592,2026-01-06T10:14:21.608069
250,10000,0.001,0.05,rl,4,1766,968,350,49,1690,0.027746319365798414,0.3615702479338843,0.0049,1.4,7.168,2026-01-06T10:14:26.957779
250,10000,0.001,0.1,rl,0,1681,932,346,59,1619,0.03509815585960738,0.37124463519313305,0.0059,1.384,7.008,2026-01-06T10:14:32.345077
250,10000,0.001,0.1,rl,1,1685,908,333,44,1621,0.026112759643916916,0.3667400881057269,0.0044,1.332,7.424,2026-01-06T10:14:37.772468
250,10000,0.001,0.1,rl,2,1735,903,336,47,1689,0.027089337175792507,0.37209302325581395,0.0047,1.344,7.064,2026-01-06T10:14:42.991869
250,10000,0.001,0.1,rl,3,1754,929,364,59,1688,0.033637400228050174,0.39181916038751347,0.0059,1.456,7.688,2026-01-06T10:14:48.423300
250,10000,0.001,0.1,rl,4,1695,912,338,55,1632,0.032448377581120944,0.3706140350877193,0.0055,1.352,7.104,2026-01-06T10:14:53.611426
250,10000,0.001,0.2,rl,0,1679,883,338,42,1612,0.02501488981536629,0.3827859569648924,0.0042,1.352,7.208,2026-01-06T10:14:59.023601
250,10000,0.001,0.2,rl,1,1462,786,300,65,1413,0.04445964432284542,0.3816793893129771,0.0065,1.2,7.04,2026-01-06T10:15:04.433983
250,10000,0.001,0.2,rl,2,1683,908,337,51,1631,0.030303030303030304,0.3711453744493392,0.0051,1.348,7.08,2026-01-06T10:15:09.592650
250,10000,0.001,0.2,rl,3,1714,910,338,64,1643,0.03733955659276546,0.37142857142857144,0.0064,1.352,7.344,2026-01-06T10:15:14.763636
250,10000,0.001,0.2,rl,4,1570,832,324,61,1518,0.038853503184713374,0.3894230769230769,0.0061,1.296,7.16,2026-01-06T10:15:19.979301
250,10000,0.001,0.3,rl,0,1741,912,332,38,1681,0.021826536473291212,0.36403508771929827,0.0038,1.328,6.784,2026-01-06T10:15:25.190761
250,10000,0.001,0.3,rl,1,1667,928,336,56,1614,0.033593281343731254,0.3620689655172414,0.0056,1.344,7.592,2026-01-06T10:15:30.336706
250,10000,0.001,0.3,rl,2,1557,857,322,61,1508,0.03917790622992935,0.3757292882147025,0.0061,1.288,7.32,2026-01-06T10:15:35.856022
250,10000,0.001,0.3,rl,3,1714,943,334,51,1662,0.029754959159859977,0.35418875927889715,0.0051,1.336,6.728,2026-01-06T10:15:41.346020
250,10000,0.001,0.3,rl,4,1728,909,347,46,1659,0.02662037037037037,0.38173817381738173,0.0046,1.388,7.456,2026-01-06T10:15:46.822368
250,10000,0.001,0.5,rl,0,1617,856,326,45,1557,0.027829313543599257,0.3808411214953271,0.0045,1.304,6.896,2026-01-06T10:15:51.955921
250,10000,0.001,0.5,rl,1,1610,856,326,46,1551,0.02857142857142857,0.3808411214953271,0.0046,1.304,7.232,2026-01-06T10:15:57.069365
250,10000,0.001,0.5,rl,2,1664,894,328,57,1581,0.034254807692307696,0.3668903803131991,0.0057,1.312,7.024,2026-01-06T10:16:02.148750
250,10000,0.001,0.5,rl,3,1891,1011,374,41,1825,0.02168164992067689,0.36993076162215627,0.0041,1.496,7.288,2026-01-06T10:16:07.171338
250,10000,0.001,0.5,rl,4,1567,787,326,54,1503,0.03446075303126994,0.4142312579415502,0.0054,1.304,7.328,2026-01-06T10:16:12.266332
250,10000,0.005,0.0,rl,0,278,267,9,64,22,0.2302158273381295,0.033707865168539325,0.0064,0.036,7.616,2026-01-06T10:16:17.923212
250,10000,0.005,0.0,rl,1,73,56,12,10,32,0.136986301369863,0.21428571428571427,0.001,0.048,6.984,2026-01-06T10:16:23.462177
250,10000,0.005,0.0,rl,2,82,55,21,8,48,0.0975609756097561,0.38181818181818183,0.0008,0.084,6.808,2026-01-06T10:16:29.075734
250,10000,0.005,0.0,rl,3,158,122,16,25,54,0.15822784810126583,0.13114754098360656,0.0025,0.064,7.064,2026-01-06T10:16:34.726102
250,10000,0.005,0.0,rl,4,70,45,18,5,46,0.07142857142857142,0.4,0.0005,0.072,7.312,2026-01-06T10:16:40.358201
250,10000,0.005,0.05,rl,0,1453,793,292,71,1395,0.048864418444597386,0.3682219419924338,0.0071,1.168,7.816,2026-01-06T10:16:45.599062
250,10000,0.005,0.05,rl,1,1682,910,334,65,1622,0.03864447086801427,0.367032967032967,0.0065,1.336,6.656,2026-01-06T10:16:50.817784
250,10000,0.005,0.05,rl,2,1701,879,339,46,1639,0.02704291593180482,0.3856655290102389,0.0046,1.356,6.992,2026-01-06T10:16:56.374241
250,10000,0.005,0.05,rl,3,1694,876,339,41,1656,0.024203069657615112,0.386986301369863,0.0041,1.356,7.12,2026-01-06T10:17:01.728225
250,10000,0.005,0.05,rl,4,1759,927,322,55,1715,0.03126776577600909,0.34735706580366776,0.0055,1.288,7.24,2026-01-06T10:17:06.937909
250,10000,0.005,0.1,rl,0,1490,810,313,56,1438,0.03758389261744966,0.38641975308641974,0.0056,1.252,7.136,2026-01-06T10:17:12.194367
250,10000,0.005,0.1,rl,1,1847,1023,374,30,1789,0.016242555495397944,0.3655913978494624,0.003,1.496,7.344,2026-01-06T10:17:17.394251
250,10000,0.005,0.1,rl,2,1624,894,329,47,1575,0.02894088669950739,0.3680089485458613,0.0047,1.316,6.88,2026-01-06T10:17:22.621904
250,10000,0.005,0.1,rl,3,1706,920,333,65,1654,0.038100820633059786,0.36195652173913045,0.0065,1.332,6.568,2026-01-06T10:17:27.774761
250,10000,0.005,0.1,rl,4,1769,900,346,61,1704,0.034482758620689655,0.3844444444444444,0.0061,1.384,7.344,2026-01-06T10:17:33.270916
250,10000,0.005,0.2,rl,0,1720,899,330,49,1657,0.028488372093023257,0.3670745272525028,0.0049,1.32,7.136,2026-01-06T10:17:38.412832
250,10000,0.005,0.2,rl,1,1622,856,333,56,1559,0.0345252774352651,0.38901869158878505,0.0056,1.332,6.784,2026-01-06T10:17:43.554253
250,10000,0.005,0.2,rl,2,1669,922,345,57,1623,0.0341521869382864,0.37418655097613884,0.0057,1.38,7.208,2026-01-06T10:17:48.948385
250,10000,0.005,0.2,rl,3,1763,925,352,60,1693,0.03403289846851957,0.38054054054054054,0.006,1.408,6.968,2026-01-06T10:17:55.580455
250,10000,0.005,0.2,rl,4,1720,949,331,48,1657,0.027906976744186046,0.3487881981032666,0.0048,1.324,7.024,2026-01-06T10:18:01.142803
250,10000,0.005,0.3,rl,0,1834,984,348,44,1783,0.023991275899672846,0.35365853658536583,0.0044,1.392,7.232,2026-01-06T10:18:06.536216
250,10000,0.005,0.3,rl,1,1743,925,345,50,1676,0.02868617326448652,0.372972972972973,0.005,1.38,7.224,2026-01-06T10:18:11.607465
250,10000,0.005,0.3,rl,2,1617,877,317,50,1557,0.030921459492888066,0.3614595210946408,0.005,1.268,7.872,2026-01-06T10:18:16.923154
250,10000,0.005,0.3,rl,3,1672,922,334,52,1617,0.03110047846889952,0.36225596529284165,0.0052,1.336,7.024,2026-01-06T10:18:22.654482
250,10000,0.005,0.3,rl,4,1726,964,336,43,1678,0.024913093858632676,0.34854771784232363,0.0043,1.344,7.064,2026-01-06T10:18:28.005139
250,10000,0.005,0.5,rl,0,1618,866,329,69,1540,0.04264524103831891,0.37990762124711314,0.0069,1.316,6.928,2026-01-06T10:18:33.338714
250,10000,0.005,0.5,rl,1,1626,824,333,58,1554,0.03567035670356704,0.404126213592233,0.0058,1.332,6.936,2026-01-06T10:18:38.766916
250,10000,0.005,0.5,rl,2,1552,837,317,57,1504,0.03672680412371134,0.37873357228195936,0.0057,1.268,6.976,2026-01-06T10:18:44.079223
250,10000,0.005,0.5,rl,3,1670,901,337,52,1605,0.031137724550898204,0.37402885682574916,0.0052,1.348,6.968,2026-01-06T10:18:49.896722
250,10000,0.005,0.5,rl,4,1526,801,309,46,1465,0.03014416775884666,0.3857677902621723,0.0046,1.236,6.968,2026-01-06T10:18:55.452346
250,10000,0.01,0.0,rl,0,243,220,20,49,43,0.20164609053497942,0.09090909090909091,0.0049,0.08,7.328,2026-01-06T10:19:01.465685
250,10000,0.01,0.0,rl,1,73,45,20,3,59,0.0410958904109589,0.4444444444444444,0.0003,0.08,7.088,2026-01-06T10:19:07.214096
250,10000,0.01,0.0,rl,2,250,230,17,50,47,0.2,0.07391304347826087,0.005,0.068,7.064,2026-01-06T10:19:12.937720
250,10000,0.01,0.0,rl,3,239,217,15,49,39,0.20502092050209206,0.06912442396313365,0.0049,0.06,6.936,2026-01-06T10:19:18.756281
250,10000,0.01,0.0,rl,4,235,219,14,50,32,0.2127659574468085,0.0639269406392694,0.005,0.056,7.104,2026-01-06T10:19:24.699477
250,10000,0.01,0.05,rl,0,1613,856,323,57,1542,0.035337879727216366,0.3773364485981308,0.0057,1.292,7.208,2026-01-06T10:19:30.400916
250,10000,0.01,0.05,rl,1,1771,909,352,47,1719,0.026538678712591756,0.3872387238723872,0.0047,1.408,6.832,2026-01-06T10:19:35.546038
250,10000,0.01,0.05,rl,2,1648,863,335,54,1572,0.032766990291262135,0.388180764774044,0.0054,1.34,6.568,2026-01-06T10:19:40.757537
250,10000,0.01,0.05,rl,3,1614,858,322,72,1543,0.04460966542750929,0.3752913752913753,0.0072,1.288,7.104,2026-01-06T10:19:46.111931
250,10000,0.01,0.05,rl,4,1597,878,323,55,1540,0.034439574201628055,0.3678815489749431,0.0055,1.292,7.144,2026-01-06T10:19:51.358475
250,10000,0.01,0.1,rl,0,1644,846,329,57,1591,0.03467153284671533,0.3888888888888889,0.0057,1.316,7.088,2026-01-06T10:19:56.659257
250,10000,0.01,0.1,rl,1,1536,796,314,56,1460,0.036458333333333336,0.3944723618090452,0.0056,1.256,7.608,2026-01-06T10:20:01.926855
250,10000,0.01,0.1,rl,2,1686,890,338,58,1628,0.03440094899169632,0.3797752808988764,0.0058,1.352,7.408,2026-01-06T10:20:07.168797
250,10000,0.01,0.1,rl,3,1596,803,309,47,1536,0.02944862155388471,0.3848069738480697,0.0047,1.236,6.56,2026-01-06T10:20:12.369643
250,10000,0.01,0.1,rl,4,1675,870,335,43,1611,0.025671641791044777,0.3850574712643678,0.0043,1.34,6.888,2026-01-06T10:20:17.815462
250,10000,0.01,0.2,rl,0,1888,1053,374,43,1817,0.022775423728813558,0.35517568850902187,0.0043,1.496,7.472,2026-01-06T10:20:23.080690
250,10000,0.01,0.2,rl,1,1724,924,340,50,1673,0.029002320185614848,0.36796536796536794,0.005,1.36,7.44,2026-01-06T10:20:28.448265
250,10000,0.01,0.2,rl,2,1634,872,329,45,1575,0.027539779681762546,0.37729357798165136,0.0045,1.316,7.312,2026-01-06T10:20:33.753920
250,10000,0.01,0.2,rl,3,1732,912,348,55,1660,0.03175519630484989,0.3815789473684211,0.0055,1.392,7.592,2026-01-06T10:20:38.971318
250,10000,0.01,0.2,rl,4,1684,891,333,54,1629,0.032066508313539195,0.37373737373737376,0.0054,1.332,6.776,2026-01-06T10:20:44.218644
250,10000,0.01,0.3,rl,0,1747,964,358,52,1695,0.029765311963365768,0.37136929460580914,0.0052,1.432,6.96,2026-01-06T10:20:49.330060
250,10000,0.01,0.3,rl,1,1679,904,321,53,1627,0.03156640857653365,0.35508849557522126,0.0053,1.284,7.24,2026-01-06T10:20:54.563002
250,10000,0.01,0.3,rl,2,1738,926,343,52,1684,0.02991944764096663,0.37041036717062636,0.0052,1.372,7.008,2026-01-06T10:20:59.706923
250,10000,0.01,0.3,rl,3,1627,846,321,49,1558,0.03011677934849416,0.37943262411347517,0.0049,1.284,7.408,2026-01-06T10:21:04.868414
250,10000,0.01,0.3,rl,4,1602,866,327,51,1532,0.031835205992509365,0.37759815242494227,0.0051,1.308,6.872,2026-01-06T10:21:09.926843
250,10000,0.01,0.5,rl,0,1741,908,347,46,1688,0.026421596783457783,0.38215859030837,0.0046,1.388,6.816,2026-01-06T10:21:15.042875
250,10000,0.01,0.5,rl,1,1694,967,334,51,1631,0.03010625737898465,0.3453981385729059,0.0051,1.336,7.056,2026-01-06T10:21:20.261614
250,10000,0.01,0.5,rl,2,1732,950,345,62,1661,0.03579676674364896,0.3631578947368421,0.0062,1.38,7.12,2026-01-06T10:21:25.413236
250,10000,0.01,0.5,rl,3,1670,883,339,46,1614,0.027544910179640718,0.38391845979614947,0.0046,1.356,7.24,2026-01-06T10:21:30.649762
250,10000,0.01,0.5,rl,4,1771,951,331,58,1714,0.03274985883681536,0.3480546792849632,0.0058,1.324,7.112,2026-01-06T10:21:35.887785
250,10000,0.02,0.0,rl,0,217,208,8,50,16,0.2304147465437788,0.038461538461538464,0.005,0.032,7.36,2026-01-06T10:21:41.669062
250,10000,0.02,0.0,rl,1,259,244,14,57,29,0.22007722007722008,0.05737704918032787,0.0057,0.056,6.944,2026-01-06T10:21:47.437308
250,10000,0.02,0.0,rl,2,73,54,8,11,29,0.1506849315068493,0.14814814814814814,0.0011,0.032,7.328,2026-01-06T10:21:53.182588
250,10000,0.02,0.0,rl,3,248,235,13,55,28,0.2217741935483871,0.05531914893617021,0.0055,0.052,7.552,2026-01-06T10:21:59.108562
250,10000,0.02,0.0,rl,4,273,252,18,56,42,0.20512820512820512,0.07142857142857142,0.0056,0.072,7.416,2026-01-06T10:22:04.970164
250,10000,0.02,0.05,rl,0,1710,900,334,48,1660,0.028070175438596492,0.3711111111111111,0.0048,1.336,7.152,2026-01-06T10:22:10.286040
250,10000,0.02,0.05,rl,1,1859,1019,372,43,1773,0.023130715438407747,0.3650637880274779,0.0043,1.488,6.992,2026-01-06T10:22:15.393681
250,10000,0.02,0.05,rl,2,1704,898,343,57,1627,0.03345070422535211,0.3819599109131403,0.0057,1.372,7.048,2026-01-06T10:22:20.701792
250,10000,0.02,0.05,rl,3,1532,787,319,48,1464,0.031331592689295036,0.40533672172808133,0.0048,1.276,6.936,2026-01-06T10:22:26.011522
250,10000,0.02,0.05,rl,4,1697,855,338,48,1639,0.02828520919269299,0.3953216374269006,0.0048,1.352,7.152,2026-01-06T10:22:31.280922
250,10000,0.02,0.1,rl,0,1619,845,325,43,1562,0.026559604694255712,0.38461538461538464,0.0043,1.3,6.792,2026-01-06T10:22:36.515990
250,10000,0.02,0.1,rl,1,1455,760,292,58,1408,0.03986254295532646,0.38421052631578945,0.0058,1.168,7.088,2026-01-06T10:22:41.810372
250,10000,0.02,0.1,rl,2,1511,795,290,62,1445,0.04103242885506287,0.36477987421383645,0.0062,1.16,7.024,2026-01-06T10:22:47.141855
250,10000,0.02,0.1,rl,3,1759,925,345,51,1692,0.028993746446844798,0.372972972972973,0.0051,1.38,6.656,2026-01-06T10:22:52.386989
250,10000,0.02,0.1,rl,4,1835,972,355,54,1784,0.029427792915531336,0.36522633744855965,0.0054,1.42,6.92,2026-01-06T10:22:57.591878
250,10000,0.02,0.2,rl,0,1531,835,308,58,1475,0.037883736120182886,0.3688622754491018,0.0058,1.232,7.368,2026-01-06T10:23:02.826686
250,10000,0.02,0.2,rl,1,1678,878,343,46,1588,0.027413587604290822,0.3906605922551253,0.0046,1.372,6.88,2026-01-06T10:23:08.057135
250,10000,0.02,0.2,rl,2,1662,884,329,51,1601,0.030685920577617327,0.3721719457013575,0.0051,1.316,7.0,2026-01-06T10:23:13.230154
250,10000,0.02,0.2,rl,3,1643,864,334,48,1585,0.029214850882531954,0.38657407407407407,0.0048,1.336,6.64,2026-01-06T10:23:18.421350
250,10000,0.02,0.2,rl,4,1655,893,339,50,1593,0.030211480362537766,0.3796192609182531,0.005,1.356,7.576,2026-01-06T10:23:23.679715
250,10000,0.02,0.3,rl,0,1750,941,351,43,1695,0.02457142857142857,0.37300743889479276,0.0043,1.404,7.08,2026-01-06T10:23:28.721053
250,10000,0.02,0.3,rl,1,1560,834,308,57,1505,0.03653846153846154,0.36930455635491605,0.0057,1.232,7.176,2026-01-06T10:23:33.808190
250,10000,0.02,0.3,rl,2,1574,868,312,70,1514,0.044472681067344345,0.35944700460829493,0.007,1.248,7.344,2026-01-06T10:23:39.013270
250,10000,0.02,0.3,rl,3,1642,891,331,50,1573,0.030450669914738125,0.37149270482603813,0.005,1.324,7.056,2026-01-06T10:23:44.217826
250,10000,0.02,0.3,rl,4,1642,893,325,56,1594,0.0341047503045067,0.3639417693169093,0.0056,1.3,7.232,2026-01-06T10:23:49.505674
250,10000,0.02,0.5,rl,0,1819,1002,367,55,1762,0.030236393622869707,0.3662674650698603,0.0055,1.468,7.2,2026-01-06T10:23:54.680574
250,10000,0.02,0.5,rl,1,1737,910,326,47,1681,0.027058146229130685,0.35824175824175825,0.0047,1.304,6.808,2026-01-06T10:23:59.737694
250,10000,0.02,0.5,rl,2,1793,949,352,43,1740,0.023982152816508645,0.37091675447839834,0.0043,1.408,7.016,2026-01-06T10:24:05.040852
250,10000,0.02,0.5,rl,3,1603,859,324,53,1553,0.0330630068621335,0.37718277066356226,0.0053,1.296,6.888,2026-01-06T10:24:10.088621
250,10000,0.02,0.5,rl,4,1532,833,303,59,1475,0.038511749347258484,0.3637454981992797,0.0059,1.212,7.16,2026-01-06T10:24:15.232732
250,10000,0.05,0.0,rl,0,86,61,15,10,42,0.11627906976744186,0.2459016393442623,0.001,0.06,6.984,2026-01-06T10:24:20.798421
250,10000,0.05,0.0,rl,1,261,244,16,56,34,0.21455938697318008,0.06557377049180328,0.0056,0.064,7.472,2026-01-06T10:24:26.382933
250,10000,0.05,0.0,rl,2,78,54,18,6,50,0.07692307692307693,0.3333333333333333,0.0006,0.072,7.672,2026-01-06T10:24:31.972970
250,10000,0.05,0.0,rl,3,273,253,17,58,43,0.21245421245421245,0.06719367588932806,0.0058,0.068,6.952,2026-01-06T10:24:37.513291
250,10000,0.05,0.0,rl,4,70,57,11,10,27,0.14285714285714285,0.19298245614035087,0.001,0.044,7.176,2026-01-06T10:24:43.137869
250,10000,0.05,0.05,rl,0,1528,834,311,50,1488,0.032722513089005235,0.37290167865707435,0.005,1.244,7.08,2026-01-06T10:24:48.425330
250,10000,0.05,0.05,rl,1,1573,796,312,49,1526,0.031150667514303877,0.39195979899497485,0.0049,1.248,7.216,2026-01-06T10:24:53.850428
250,10000,0.05,0.05,rl,2,1647,912,322,57,1590,0.03460837887067395,0.3530701754385965,0.0057,1.288,7.416,2026-01-06T10:24:59.176206
250,10000,0.05,0.05,rl,3,1714,932,346,57,1661,0.03325554259043174,0.37124463519313305,0.0057,1.384,7.144,2026-01-06T10:25:04.588038
250,10000,0.05,0.05,rl,4,1600,819,319,57,1538,0.035625,0.3894993894993895,0.0057,1.276,7.224,2026-01-06T10:25:09.843011
250,10000,0.05,0.1,rl,0,1675,860,311,41,1622,0.02447761194029851,0.3616279069767442,0.0041,1.244,7.04,2026-01-06T10:25:15.113627
250,10000,0.05,0.1,rl,1,1674,867,329,55,1631,0.032855436081242535,0.37946943483275664,0.0055,1.316,6.72,2026-01-06T10:25:20.431898
250,10000,0.05,0.1,rl,2,1679,876,319,58,1613,0.034544371649791544,0.3641552511415525,0.0058,1.276,7.12,2026-01-06T10:25:25.755149
250,10000,0.05,0.1,rl,3,1695,909,332,50,1643,0.029498525073746312,0.36523652365236525,0.005,1.328,6.856,2026-01-06T10:25:31.272536
250,10000,0.05,0.1,rl,4,1625,896,337,58,1571,0.03569230769230769,0.37611607142857145,0.0058,1.348,6.848,2026-01-06T10:25:36.913195
250,10000,0.05,0.2,rl,0,1713,925,336,49,1664,0.028604786923525978,0.36324324324324325,0.0049,1.344,6.832,2026-01-06T10:25:42.284476
250,10000,0.05,0.2,rl,1,1571,849,321,60,1526,0.03819223424570337,0.37809187279151946,0.006,1.284,7.064,2026-01-06T10:25:47.476199
250,10000,0.05,0.2,rl,2,1746,967,348,48,1676,0.027491408934707903,0.35987590486039295,0.0048,1.392,7.544,2026-01-06T10:25:52.652430
250,10000,0.05,0.2,rl,3,1704,926,337,56,1648,0.03286384976525822,0.36393088552915764,0.0056,1.348,7.088,2026-01-06T10:25:57.724204
250,10000,0.05,0.2,rl,4,1620,874,328,55,1537,0.033950617283950615,0.37528604118993136,0.0055,1.312,7.176,2026-01-06T10:26:03.216334
250,10000,0.05,0.3,rl,0,1679,879,335,47,1625,0.02799285288862418,0.38111490329920367,0.0047,1.34,6.912,2026-01-06T10:26:08.687409
250,10000,0.05,0.3,rl,1,1627,856,324,50,1566,0.03073140749846343,0.37850467289719625,0.005,1.296,6.816,2026-01-06T10:26:13.845502
250,10000,0.05,0.3,rl,2,1661,905,331,55,1608,0.033112582781456956,0.36574585635359114,0.0055,1.324,7.528,2026-01-06T10:26:19.101181
250,10000,0.05,0.3,rl,3,1650,859,327,65,1591,0.03939393939393939,0.3806752037252619,0.0065,1.308,7.344,2026-01-06T10:26:24.399083
250,10000,0.05,0.3,rl,4,1712,908,342,56,1645,0.03271028037383177,0.3766519823788546,0.0056,1.368,6.704,2026-01-06T10:26:29.551251
250,10000,0.05,0.5,rl,0,1690,925,353,51,1630,0.03017751479289941,0.3816216216216216,0.0051,1.412,6.936,2026-01-06T10:26:34.767923
250,10000,0.05,0.5,rl,1,1643,873,327,51,1586,0.0310407790626902,0.3745704467353952,0.0051,1.308,7.0,2026-01-06T10:26:39.921992
250,10000,0.05,0.5,rl,2,1642,861,322,44,1573,0.02679658952496955,0.37398373983739835,0.0044,1.288,7.272,2026-01-06T10:26:45.067599
250,10000,0.05,0.5,rl,3,1819,948,354,37,1762,0.02034084661902144,0.37341772151898733,0.0037,1.416,6.92,2026-01-06T10:26:50.228549
250,10000,0.05,0.5,rl,4,1557,832,313,54,1510,0.03468208092485549,0.3762019230769231,0.0054,1.252,7.192,2026-01-06T10:26:55.464231
500,10000,0.001,0.0,rl,0,271,247,22,55,47,0.2029520295202952,0.08906882591093117,0.0055,0.044,14.284,2026-01-06T10:27:07.350387
500,10000,0.001,0.0,rl,1,121,94,11,20,39,0.1652892561983471,0.11702127659574468,0.002,0.022,14.272,2026-01-06T10:27:19.104532
500,10000,0.001,0.0,rl,2,240,229,11,54,22,0.225,0.048034934497816595,0.0054,0.022,13.612,2026-01-06T10:27:30.621081
500,10000,0.001,0.0,rl,3,78,50,21,6,49,0.07692307692307693,0.42,0.0006,0.042,14.608,2026-01-06T10:27:46.477094
500,10000,0.001,0.0,rl,4,276,260,14,60,31,0.21739130434782608,0.05384615384615385,0.006,0.028,14.788,2026-01-06T10:28:01.879720
500,10000,0.001,0.05,rl,0,2186,1101,472,24,2126,0.010978956999085087,0.4287011807447775,0.0024,0.944,14.424,2026-01-06T10:28:14.115676
500,10000,0.001,0.05,rl,1,2155,1108,488,18,2091,0.008352668213457077,0.4404332129963899,0.0018,0.976,13.852,2026-01-06T10:28:25.921919
500,10000,0.001,0.05,rl,2,2113,1019,467,21,2070,0.009938476100331283,0.45829244357212956,0.0021,0.934,14.064,2026-01-06T10:28:37.669577
500,10000,0.001,0.05,rl,3,2212,1141,483,19,2156,0.008589511754068717,0.4233128834355828,0.0019,0.966,14.392,2026-01-06T10:28:49.177873
500,10000,0.001,0.05,rl,4,2216,1132,487,21,2176,0.00947653429602888,0.4302120141342756,0.0021,0.974,14.152,2026-01-06T10:29:00.645186
500,10000,0.001,0.1,rl,0,2229,1119,477,16,2163,0.007178106774338268,0.4262734584450402,0.0016,0.954,14.2,2026-01-06T10:29:11.806379
500,10000,0.001,0.1,rl,1,2215,1110,506,19,2152,0.008577878103837472,0.45585585585585586,0.0019,1.012,14.852,2026-01-06T10:29:23.083494
500,10000,0.001,0.1,rl,2,2296,1191,493,21,2221,0.009146341463414634,0.4139378673383711,0.0021,0.986,14.068,2026-01-06T10:29:34.169902
500,10000,0.001,0.1,rl,3,2231,1120,496,27,2158,0.012102196324518153,0.44285714285714284,0.0027,0.992,14.968,2026-01-06T10:29:45.467267
500,10000,0.001,0.1,rl,4,2447,1248,543,12,2381,0.004903964037597058,0.43509615384615385,0.0012,1.086,14.608,2026-01-06T10:29:56.697003
500,10000,0.001,0.2,rl,0,2115,1093,475,22,2057,0.010401891252955082,0.434583714547118,0.0022,0.95,13.844,2026-01-06T10:30:08.322396
500,10000,0.001,0.2,rl,1,2277,1139,513,24,2203,0.010540184453227932,0.4503950834064969,0.0024,1.026,14.576,2026-01-06T10:30:19.586623
500,10000,0.001,0.2,rl,2,2242,1155,486,24,2183,0.010704727921498661,0.42077922077922075,0.0024,0.972,13.988,2026-01-06T10:30:31.463896
500,10000,0.001,0.2,rl,3,2197,1123,503,24,2146,0.010923987255348202,0.4479073909171861,0.0024,1.006,14.536,2026-01-06T10:30:42.664012
500,10000,0.001,0.2,rl,4,2033,1009,451,28,1964,0.013772749631087064,0.44697720515361744,0.0028,0.902,14.308,2026-01-06T10:30:54.005353
500,10000,0.001,0.3,rl,0,2137,1053,470,27,2092,0.012634534394010294,0.44634377967711303,0.0027,0.94,14.02,2026-01-06T10:31:05.108219
500,10000,0.001,0.3,rl,1,2097,1068,478,27,2011,0.012875536480686695,0.44756554307116103,0.0027,0.956,14.112,2026-01-06T10:31:16.556266
500,10000,0.001,0.3,rl,2,2128,1071,486,19,2079,0.008928571428571428,0.453781512605042,0.0019,0.972,14.528,2026-01-06T10:31:27.942210
500,10000,0.001,0.3,rl,3,2216,1149,502,28,2153,0.01263537906137184,0.43690165361183636,0.0028,1.004,13.844,2026-01-06T10:31:39.161074
500,10000,0.001,0.3,rl,4,2250,1135,502,30,2196,0.013333333333333334,0.4422907488986784,0.003,1.004,13.52,2026-01-06T10:31:50.380037
500,10000,0.001,0.5,rl,0,2195,1109,491,28,2125,0.01275626423690205,0.44274120829576197,0.0028,0.982,14.096,2026-01-06T10:32:02.166150
500,10000,0.001,0.5,rl,1,2222,1126,488,30,2166,0.013501350135013501,0.433392539964476,0.003,0.976,14.828,2026-01-06T10:32:13.470814
500,10000,0.001,0.5,rl,2,2173,1047,478,27,2110,0.012425218591808559,0.4565425023877746,0.0027,0.956,14.216,2026-01-06T10:32:24.843398
500,10000,0.001,0.5,rl,3,2205,1073,495,24,2129,0.010884353741496598,0.4613233923578751,0.0024,0.99,14.2,2026-01-06T10:32:35.615541
500,10000,0.001,0.5,rl,4,2115,1058,471,31,2049,0.014657210401891253,0.44517958412098296,0.0031,0.942,13.988,2026-01-06T10:32:46.420351
500,10000,0.005,0.0,rl,0,243,227,14,55,34,0.22633744855967078,0.06167400881057269,0.0055,0.028,14.008,2026-01-06T10:32:57.863771
500,10000,0.005,0.0,rl,1,273,249,21,54,53,0.1978021978021978,0.08433734939759036,0.0054,0.042,13.752,2026-01-06T10:33:09.521644
500,10000,0.005,0.0,rl,2,264,248,15,59,36,0.22348484848484848,0.06048387096774194,0.0059,0.03,14.004,2026-01-06T10:33:21.548836
500,10000,0.005,0.0,rl,3,277,257,18,58,42,0.20938628158844766,0.07003891050583658,0.0058,0.036,14.136,2026-01-06T10:33:32.976963
500,10000,0.005,0.0,rl,4,260,245,15,59,33,0.22692307692307692,0.061224489795918366,0.0059,0.03,14.488,2026-01-06T10:33:44.400906
500,10000,0.005,0.05,rl,0,2165,1098,495,19,2095,0.008775981524249422,0.45081967213114754,0.0019,0.99,14.34,2026-01-06T10:33:55.588497
500,10000,0.005,0.05,rl,1,2203,1136,493,24,2141,0.010894235133908307,0.4339788732394366,0.0024,0.986,14.62,2026-01-06T10:34:06.652860
500,10000,0.005,0.05,rl,2,2108,1067,466,25,2053,0.011859582542694497,0.43673851921274603,0.0025,0.932,13.928,2026-01-06T10:34:18.263577
500,10000,0.005,0.05,rl,3,2206,1142,480,23,2150,0.01042611060743427,0.4203152364273205,0.0023,0.96,14.12,2026-01-06T10:34:29.408040
500,10000,0.005,0.05,rl,4,2134,1077,474,26,2057,0.01218369259606373,0.4401114206128134,0.0026,0.948,14.02,2026-01-06T10:34:40.626939
500,10000,0.005,0.1,rl,0,2240,1108,497,19,2187,0.008482142857142856,0.44855595667870035,0.0019,0.994,14.104,2026-01-06T10:34:51.766684
500,10000,0.005,0.1,rl,1,2210,1185,512,24,2151,0.01085972850678733,0.4320675105485232,0.0024,1.024,14.468,2026-01-06T10:35:02.894776
500,10000,0.005,0.1,rl,2,2226,1156,503,16,2151,0.0071877807726864335,0.435121107266436,0.0016,1.006,14.528,2026-01-06T10:35:14.016524
500,10000,0.005,0.1,rl,3,2246,1113,491,19,2187,0.008459483526268923,0.4411500449236298,0.0019,0.982,14.372,2026-01-06T10:35:25.204516
500,10000,0.005,0.1,rl,4,2127,1095,464,27,2078,0.012693935119887164,0.4237442922374429,0.0027,0.928,14.224,2026-01-06T10:35:36.373550
500,10000,0.005,0.2,rl,0,2257,1153,506,17,2183,0.007532122286220647,0.4388551604509974,0.0017,1.012,13.98,2026-01-06T10:35:47.427827
500,10000,0.005,0.2,rl,1,2221,1138,487,22,2151,0.00990544799639802,0.4279437609841828,0.0022,0.974,14.276,2026-01-06T10:35:58.528275
500,10000,0.005,0.2,rl,2,2210,1093,486,23,2148,0.010407239819004524,0.444647758462946,0.0023,0.972,14.092,2026-01-06T10:36:09.492341
500,10000,0.005,0.2,rl,3,2261,1128,502,17,2194,0.007518796992481203,0.4450354609929078,0.0017,1.004,13.94,2026-01-06T10:36:20.538321
500,10000,0.005,0.2,rl,4,2270,1138,500,18,2209,0.007929515418502203,0.43936731107205623,0.0018,1.0,14.06,2026-01-06T10:36:31.682507
500,10000,0.005,0.3,rl,0,2259,1161,505,27,2186,0.01195219123505976,0.43496985357450474,0.0027,1.01,14.008,2026-01-06T10:36:42.691556
500,10000,0.005,0.3,rl,1,2027,1033,463,32,1974,0.015786877158362113,0.4482090997095837,0.0032,0.926,14.456,2026-01-06T10:36:53.720558
500,10000,0.005,0.3,rl,2,2101,1068,468,24,2052,0.01142313184198001,0.43820224719101125,0.0024,0.936,14.38,2026-01-06T10:37:04.704005
500,10000,0.005,0.3,rl,3,2168,1090,486,24,2100,0.01107011070110701,0.44587155963302755,0.0024,0.972,14.028,2026-01-06T10:37:15.703920
500,10000,0.005,0.3,rl,4,2144,1066,473,28,2082,0.013059701492537313,0.4437148217636023,0.0028,0.946,14.188,2026-01-06T10:37:26.731023
500,10000,0.005,0.5,rl,0,2245,1141,500,20,2174,0.008908685968819599,0.43821209465381245,0.002,1.0,13.676,2026-01-06T10:37:37.562366
500,10000,0.005,0.5,rl,1,2292,1150,511,14,2222,0.006108202443280977,0.4443478260869565,0.0014,1.022,14.52,2026-01-06T10:37:48.408026
500,10000,0.005,0.5,rl,2,2239,1098,489,22,2178,0.00982581509602501,0.4453551912568306,0.0022,0.978,14.712,2026-01-06T10:37:59.264239
500,10000,0.005,0.5,rl,3,2184,1096,481,22,2142,0.010073260073260074,0.43886861313868614,0.0022,0.962,14.14,2026-01-06T10:38:10.168273
500,10000,0.005,0.5,rl,4,2119,1072,482,36,2047,0.016989145823501653,0.4496268656716418,0.0036,0.964,14.96,2026-01-06T10:38:21.093790
500,10000,0.01,0.0,rl,0,257,244,13,56,31,0.2178988326848249,0.05327868852459016,0.0056,0.026,13.468,2026-01-06T10:38:32.523982
500,10000,0.01,0.0,rl,1,183,142,16,30,60,0.16393442622950818,0.11267605633802817,0.003,0.032,14.38,2026-01-06T10:38:43.888667
500,10000,0.01,0.0,rl,2,67,52,11,9,29,0.13432835820895522,0.21153846153846154,0.0009,0.022,14.124,2026-01-06T10:38:55.206116
500,10000,0.01,0.0,rl,3,88,57,24,7,58,0.07954545454545454,0.42105263157894735,0.0007,0.048,14.008,2026-01-06T10:39:06.550715
500,10000,0.01,0.0,rl,4,79,58,17,8,44,0.10126582278481013,0.29310344827586204,0.0008,0.034,14.416,2026-01-06T10:39:17.849170
500,10000,0.01,0.05,rl,0,2243,1124,501,24,2191,0.01069995541685243,0.445729537366548,0.0024,1.002,14.196,2026-01-06T10:39:29.042478
500,10000,0.01,0.05,rl,1,2238,1119,491,19,2166,0.008489722966934763,0.4387846291331546,0.0019,0.982,14.04,2026-01-06T10:39:40.282161
500,10000,0.01,0.05,rl,2,2222,1130,491,25,2151,0.011251125112511251,0.4345132743362832,0.0025,0.982,14.248,2026-01-06T10:39:51.455219
500,10000,0.01,0.05,rl,3,2186,1112,473,27,2130,0.012351326623970723,0.42535971223021585,0.0027,0.946,13.804,2026-01-06T10:40:02.750871
500,10000,0.01,0.05,rl,4,2215,1123,488,27,2147,0.01218961625282167,0.43455031166518254,0.0027,0.976,14.136,2026-01-06T10:40:13.939240
500,10000,0.01,0.1,rl,0,2070,1060,470,41,2008,0.019806763285024155,0.44339622641509435,0.0041,0.94,14.392,2026-01-06T10:40:25.101265
500,10000,0.01,0.1,rl,1,2240,1175,501,27,2167,0.012053571428571429,0.42638297872340425,0.0027,1.002,13.676,2026-01-06T10:40:36.281582
500,10000,0.01,0.1,rl,2,2174,1067,493,23,2088,0.010579576816927323,0.4620431115276476,0.0023,0.986,13.712,2026-01-06T10:40:47.335185
500,10000,0.01,0.1,rl,3,2319,1178,510,19,2253,0.008193186718413108,0.432937181663837,0.0019,1.02,14.336,2026-01-06T10:40:58.481705
500,10000,0.01,0.1,rl,4,2132,1039,483,25,2055,0.01172607879924953,0.46487006737247355,0.0025,0.966,14.248,2026-01-06T10:41:09.698857
500,10000,0.01,0.2,rl,0,2213,1141,477,14,2143,0.0063262539539087215,0.4180543382997371,0.0014,0.954,14.684,2026-01-06T10:41:20.792365
500,10000,0.01,0.2,rl,1,2193,1107,478,24,2138,0.01094391244870041,0.43179765130984643,0.0024,0.956,14.144,2026-01-06T10:41:31.866727
500,10000,0.01,0.2,rl,2,2353,1228,512,16,2285,0.006799830004249894,0.4169381107491857,0.0016,1.024,14.144,2026-01-06T10:41:42.926761
500,10000,0.01,0.2,rl,3,2272,1152,499,14,2231,0.006161971830985915,0.4331597222222222,0.0014,0.998,14.228,2026-01-06T10:41:53.887024
500,10000,0.01,0.2,rl,4,2053,1048,472,31,1982,0.01509985387238188,0.45038167938931295,0.0031,0.944,14.556,2026-01-06T10:42:05.044728
500,10000,0.01,0.3,rl,0,2202,1115,487,27,2132,0.01226158038147139,0.4367713004484305,0.0027,0.974,14.332,2026-01-06T10:42:16.093014
500,10000,0.01,0.3,rl,1,2151,1070,485,19,2082,0.008833100883310088,0.4532710280373832,0.0019,0.97,13.608,2026-01-06T10:42:27.070173
500,10000,0.01,0.3,rl,2,2093,1073,475,34,2060,0.016244624940277116,0.4426840633737186,0.0034,0.95,14.412,2026-01-06T10:42:38.065665
500,10000,0.01,0.3,rl,3,2149,1111,484,26,2078,0.01209865053513262,0.43564356435643564,0.0026,0.968,13.976,2026-01-06T10:42:49.024517
500,10000,0.01,0.3,rl,4,2158,1083,483,19,2081,0.008804448563484708,0.44598337950138506,0.0019,0.966,14.552,2026-01-06T10:43:00.070491
500,10000,0.01,0.5,rl,0,2217,1142,498,21,2159,0.009472259810554804,0.436077057793345,0.0021,0.996,14.316,2026-01-06T10:43:10.812644
500,10000,0.01,0.5,rl,1,2169,1077,479,29,2108,0.013370216689718764,0.4447539461467038,0.0029,0.958,14.092,2026-01-06T10:43:21.635660
500,10000,0.01,0.5,rl,2,2204,1119,489,23,2123,0.010435571687840291,0.43699731903485256,0.0023,0.978,14.116,2026-01-06T10:43:32.566953
500,10000,0.01,0.5,rl,3,2161,1083,489,32,2107,0.014807959278111986,0.4515235457063712,0.0032,0.978,14.424,2026-01-06T10:43:43.416180
500,10000,0.01,0.5,rl,4,2198,1133,489,24,2130,0.01091901728844404,0.4315975286849073,0.0024,0.978,13.844,2026-01-06T10:43:54.170853
500,10000,0.02,0.0,rl,0,86,52,26,5,61,0.05813953488372093,0.5,0.0005,0.052,13.92,2026-01-06T10:44:05.490992
500,10000,0.02,0.0,rl,1,191,147,17,32,62,0.16753926701570682,0.11564625850340136,0.0032,0.034,14.232,2026-01-06T10:44:16.847950
500,10000,0.02,0.0,rl,2,78,63,14,15,34,0.19230769230769232,0.2222222222222222,0.0015,0.028,14.116,2026-01-06T10:44:28.277872
500,10000,0.02,0.0,rl,3,258,242,14,57,30,0.22093023255813954,0.05785123966942149,0.0057,0.028,14.552,2026-01-06T10:44:39.547918
500,10000,0.02,0.0,rl,4,247,227,18,51,38,0.20647773279352227,0.07929515418502203,0.0051,0.036,14.76,2026-01-06T10:44:50.968034
500,10000,0.02,0.05,rl,0,2193,1107,486,28,2118,0.012767897856817145,0.43902439024390244,0.0028,0.972,14.212,2026-01-06T10:45:02.358203
500,10000,0.02,0.05,rl,1,1998,1038,468,35,1937,0.017517517517517518,0.4508670520231214,0.0035,0.936,13.932,2026-01-06T10:45:13.668138
500,10000,0.02,0.05,rl,2,2259,1132,498,19,2202,0.008410801239486499,0.43992932862190814,0.0019,0.996,14.404,2026-01-06T10:45:25.004375
500,10000,0.02,0.05,rl,3,2128,1095,469,18,2071,0.008458646616541353,0.428310502283105,0.0018,0.938,14.604,2026-01-06T10:45:36.406708
500,10000,0.02,0.05,rl,4,2328,1166,499,18,2264,0.007731958762886598,0.427958833619211,0.0018,0.998,14.34,2026-01-06T10:45:47.646576
500,10000,0.02,0.1,rl,0,2217,1149,492,20,2162,0.009021199819576003,0.4281984334203655,0.002,0.984,14.388,2026-01-06T10:45:58.853650
500,10000,0.02,0.1,rl,1,2067,1070,471,35,2000,0.016932752781809387,0.44018691588785047,0.0035,0.942,14.056,2026-01-06T10:46:10.047702
500,10000,0.02,0.1,rl,2,2277,1155,509,23,2228,0.010101010101010102,0.4406926406926407,0.0023,1.018,14.232,2026-01-06T10:46:21.181685
500,10000,0.02,0.1,rl,3,2073,1070,485,35,2012,0.01688374336710082,0.4532710280373832,0.0035,0.97,14.048,2026-01-06T10:46:32.393531
500,10000,0.02,0.1,rl,4,2446,1219,529,8,2372,0.003270645952575634,0.4339622641509434,0.0008,1.058,14.292,2026-01-06T10:46:43.552036
500,10000,0.02,0.2,rl,0,2022,1030,467,25,1965,0.012363996043521267,0.4533980582524272,0.0025,0.934,13.944,2026-01-06T10:46:54.680162
500,10000,0.02,0.2,rl,1,2284,1164,498,16,2234,0.0070052539404553416,0.42783505154639173,0.0016,0.996,14.092,2026-01-06T10:47:05.733736
500,10000,0.02,0.2,rl,2,2329,1182,505,9,2281,0.0038643194504079004,0.4272419627749577,0.0009,1.01,14.148,2026-01-06T10:47:16.793222
500,10000,0.02,0.2,rl,3,2181,1130,473,25,2113,0.011462631820265932,0.41858407079646015,0.0025,0.946,14.88,2026-01-06T10:47:27.903412
500,10000,0.02,0.2,rl,4,2227,1145,504,20,2178,0.00898069151324652,0.440174672489083,0.002,1.008,14.152,2026-01-06T10:47:38.973829
500,10000,0.02,0.3,rl,0,2232,1159,508,31,2183,0.013888888888888888,0.4383088869715272,0.0031,1.016,14.104,2026-01-06T10:47:50.046479
500,10000,0.02,0.3,rl,1,2211,1131,486,26,2151,0.011759384893713252,0.4297082228116711,0.0026,0.972,13.972,2026-01-06T10:48:01.068054
500,10000,0.02,0.3,rl,2,2226,1156,498,22,2178,0.009883198562443846,0.43079584775086505,0.0022,0.996,13.964,2026-01-06T10:48:11.941655
500,10000,0.02,0.3,rl,3,2295,1211,501,19,2226,0.008278867102396514,0.41370767960363336,0.0019,1.002,14.108,2026-01-06T10:48:22.973970
500,10000,0.02,0.3,rl,4,2059,1079,469,33,2010,0.016027197668771247,0.43466172381835033,0.0033,0.938,14.448,2026-01-06T10:48:34.060862
500,10000,0.02,0.5,rl,0,2267,1199,517,21,2212,0.009263343625937363,0.43119266055045874,0.0021,1.034,13.944,2026-01-06T10:48:44.837841
500,10000,0.02,0.5,rl,1,2092,1014,468,30,2037,0.014340344168260038,0.46153846153846156,0.003,0.936,14.044,2026-01-06T10:48:55.679791
500,10000,0.02,0.5,rl,2,2109,1027,468,28,2049,0.013276434329065908,0.45569620253164556,0.0028,0.936,13.964,2026-01-06T10:49:06.618118
500,10000,0.02,0.5,rl,3,2184,1136,470,29,2125,0.013278388278388278,0.4137323943661972,0.0029,0.94,14.14,2026-01-06T10:49:17.324464
500,10000,0.02,0.5,rl,4,2201,1120,491,18,2150,0.00817810086324398,0.43839285714285714,0.0018,0.982,14.536,2026-01-06T10:49:28.224035
500,10000,0.05,0.0,rl,0,107,81,22,13,57,0.12149532710280374,0.2716049382716049,0.0013,0.044,14.424,2026-01-06T10:49:39.608044
500,10000,0.05,0.0,rl,1,87,63,20,10,45,0.11494252873563218,0.31746031746031744,0.001,0.04,13.764,2026-01-06T10:49:51.017895
500,10000,0.05,0.0,rl,2,279,262,16,61,33,0.21863799283154123,0.061068702290076333,0.0061,0.032,14.312,2026-01-06T10:50:02.437138
500,10000,0.05,0.0,rl,3,66,45,18,7,43,0.10606060606060606,0.4,0.0007,0.036,14.052,2026-01-06T10:50:13.775685
500,10000,0.05,0.0,rl,4,282,257,21,58,45,0.20567375886524822,0.08171206225680934,0.0058,0.042,14.364,2026-01-06T10:50:25.201668
500,10000,0.05,0.05,rl,0,2258,1126,479,18,2192,0.007971656333038087,0.42539964476021314,0.0018,0.958,14.488,2026-01-06T10:50:36.370375
500,10000,0.05,0.05,rl,1,2113,1087,476,24,2051,0.011358258400378608,0.43790248390064396,0.0024,0.952,13.884,2026-01-06T10:50:47.558340
500,10000,0.05,0.05,rl,2,2096,1081,488,24,2037,0.011450381679389313,0.4514338575393155,0.0024,0.976,13.984,2026-01-06T10:50:58.756452
500,10000,0.05,0.05,rl,3,2101,1076,474,23,2038,0.010947168015230843,0.44052044609665425,0.0023,0.948,13.936,2026-01-06T10:51:09.988691
500,10000,0.05,0.05,rl,4,2174,1081,493,22,2115,0.010119595216191352,0.45605920444033304,0.0022,0.986,14.556,2026-01-06T10:51:21.206853
500,10000,0.05,0.1,rl,0,2231,1156,503,24,2191,0.010757507844016136,0.435121107266436,0.0024,1.006,14.36,2026-01-06T10:51:32.268822
500,10000,0.05,0.1,rl,1,2185,1098,470,27,2129,0.012356979405034324,0.42805100182149364,0.0027,0.94,15.312,2026-01-06T10:51:43.455563
500,10000,0.05,0.1,rl,2,2285,1172,511,17,2208,0.007439824945295405,0.43600682593856654,0.0017,1.022,14.492,2026-01-06T10:51:54.605765
500,10000,0.05,0.1,rl,3,2308,1186,504,18,2253,0.00779896013864818,0.42495784148397975,0.0018,1.008,14.916,2026-01-06T10:52:05.745881
500,10000,0.05,0.1,rl,4,2254,1137,481,21,2202,0.009316770186335404,0.4230430958663149,0.0021,0.962,13.94,2026-01-06T10:52:16.828210
500,10000,0.05,0.2,rl,0,2123,1090,469,23,2059,0.010833725859632595,0.43027522935779816,0.0023,0.938,14.34,2026-01-06T10:52:27.979345
500,10000,0.05,0.2,rl,1,2255,1111,496,22,2187,0.00975609756097561,0.4464446444644464,0.0022,0.992,14.62,2026-01-06T10:52:39.018004
500,10000,0.05,0.2,rl,2,2193,1121,487,23,2135,0.010487916096671226,0.4344335414808207,0.0023,0.974,14.38,2026-01-06T10:52:50.106381
500,10000,0.05,0.2,rl,3,2161,1085,477,21,2102,0.00971772327626099,0.4396313364055299,0.0021,0.954,14.344,2026-01-06T10:53:01.299674
500,10000,0.05,0.2,rl,4,2162,1070,476,26,2090,0.012025901942645698,0.44485981308411215,0.0026,0.952,14.228,2026-01-06T10:53:12.496963
500,10000,0.05,0.3,rl,0,2221,1137,496,20,2174,0.009004952723998198,0.436235708003518,0.002,0.992,14.668,2026-01-06T10:53:23.564315
500,10000,0.05,0.3,rl,1,2155,1071,483,33,2082,0.01531322505800464,0.45098039215686275,0.0033,0.966,14.192,2026-01-06T10:53:34.581705
500,10000,0.05,0.3,rl,2,2239,1159,504,21,2179,0.009379187137114784,0.43485763589301124,0.0021,1.008,14.508,2026-01-06T10:53:45.550480
500,10000,0.05,0.3,rl,3,2299,1172,517,17,2213,0.007394519356241845,0.44112627986348124,0.0017,1.034,14.332,2026-01-06T10:53:56.471866
500,10000,0.05,0.3,rl,4,2044,989,447,27,1998,0.013209393346379647,0.45197168857431747,0.0027,0.894,13.812,2026-01-06T10:54:07.591826
500,10000,0.05,0.5,rl,0,2221,1130,491,18,2170,0.00810445745159838,0.4345132743362832,0.0018,0.982,14.016,2026-01-06T10:54:18.427368
500,10000,0.05,0.5,rl,1,2194,1107,486,20,2132,0.009115770282588878,0.43902439024390244,0.002,0.972,14.608,2026-01-06T10:54:29.233650
500,10000,0.05,0.5,rl,2,2082,1005,450,26,2032,0.012487992315081652,0.44776119402985076,0.0026,0.9,14.116,2026-01-06T10:54:40.088109
500,10000,0.05,0.5,rl,3,2071,1074,463,31,1998,0.01496861419604056,0.43109869646182497,0.0031,0.926,14.308,2026-01-06T10:54:50.954813
500,10000,0.05,0.5,rl,4,2157,1112,472,27,2107,0.012517385257301807,0.4244604316546763,0.0027,0.944,13.904,2026-01-06T10:55:01.991588
1000,10000,0.001,0.0,rl,0,98,80,14,21,38,0.21428571428571427,0.175,0.0021,0.014,28.448,2026-01-06T10:55:25.033523
1000,10000,0.001,0.0,rl,1,102,72,23,11,54,0.10784313725490197,0.3194444444444444,0.0011,0.023,27.92,2026-01-06T10:55:48.013790
1000,10000,0.001,0.0,rl,2,112,79,23,15,59,0.13392857142857142,0.2911392405063291,0.0015,0.023,28.278,2026-01-06T10:56:11.031243
1000,10000,0.001,0.0,rl,3,278,252,21,57,48,0.20503597122302158,0.08333333333333333,0.0057,0.021,27.684,2026-01-06T10:56:34.205506
1000,10000,0.001,0.0,rl,4,250,225,19,50,43,0.2,0.08444444444444445,0.005,0.019,28.28,2026-01-06T10:56:57.354135
1000,10000,0.001,0.05,rl,0,2506,1216,668,11,2445,0.004389465283320032,0.5493421052631579,0.0011,0.668,28.078,2026-01-06T10:57:21.277019
1000,10000,0.001,0.05,rl,1,2505,1201,650,10,2459,0.003992015968063872,0.5412156536219817,0.001,0.65,28.678,2026-01-06T10:57:45.016216
1000,10000,0.001,0.05,rl,2,2513,1196,661,12,2455,0.00477516912057302,0.552675585284281,0.0012,0.661,28.518,2026-01-06T10:58:08.994474
1000,10000,0.001,0.05,rl,3,2572,1234,666,8,2522,0.003110419906687403,0.539708265802269,0.0008,0.666,28.94,2026-01-06T10:58:32.898554
1000,10000,0.001,0.05,rl,4,2572,1276,671,6,2511,0.0023328149300155523,0.5258620689655172,0.0006,0.671,28.77,2026-01-06T10:58:56.730924
1000,10000,0.001,0.1,rl,0,2638,1295,676,2,2575,0.000758150113722517,0.522007722007722,0.0002,0.676,28.302,2026-01-06T10:59:20.587908
1000,10000,0.001,0.1,rl,1,2585,1256,679,3,2539,0.0011605415860735009,0.5406050955414012,0.0003,0.679,27.632,2026-01-06T10:59:44.391358
1000,10000,0.001,0.1,rl,2,2624,1249,673,4,2562,0.001524390243902439,0.5388310648518815,0.0004,0.673,27.862,2026-01-06T11:00:08.020084
1000,10000,0.001,0.1,rl,3,2600,1288,677,7,2539,0.002692307692307692,0.5256211180124224,0.0007,0.677,28.176,2026-01-06T11:00:31.825439
1000,10000,0.001,0.1,rl,4,2592,1278,677,6,2529,0.0023148148148148147,0.5297339593114241,0.0006,0.677,28.642,2026-01-06T11:00:55.571981
1000,10000,0.001,0.2,rl,0,2635,1310,701,6,2573,0.0022770398481973433,0.5351145038167939,0.0006,0.701,28.358,2026-01-06T11:01:19.066234
1000,10000,0.001,0.2,rl,1,2604,1233,670,5,2538,0.0019201228878648233,0.5433901054339011,0.0005,0.67,28.804,2026-01-06T11:01:42.638401
1000,10000,0.001,0.2,rl,2,2591,1240,674,5,2538,0.0019297568506368198,0.5435483870967742,0.0005,0.674,28.022,2026-01-06T11:02:06.026839
1000,10000,0.001,0.2,rl,3,2587,1241,671,5,2537,0.001932740626207963,0.540692989524577,0.0005,0.671,27.954,2026-01-06T11:02:29.431801
1000,10000,0.001,0.2,rl,4,2508,1209,656,6,2435,0.0023923444976076554,0.5425971877584781,0.0006,0.656,28.204,2026-01-06T11:02:52.953858
1000,10000,0.001,0.3,rl,0,2542,1206,670,10,2475,0.003933910306845004,0.5555555555555556,0.001,0.67,28.322,2026-01-06T11:03:16.350521
1000,10000,0.001,0.3,rl,1,2631,1284,685,4,2561,0.0015203344735841885,0.5334890965732088,0.0004,0.685,28.36,2026-01-06T11:03:39.796028
1000,10000,0.001,0.3,rl,2,2561,1269,653,10,2504,0.003904724716907458,0.5145784081954294,0.001,0.653,28.8,2026-01-06T11:04:03.159446
1000,10000,0.001,0.3,rl,3,2597,1230,658,4,2538,0.0015402387370042356,0.5349593495934959,0.0004,0.658,28.018,2026-01-06T11:04:26.555723
1000,10000,0.001,0.3,rl,4,2633,1268,680,5,2576,0.0018989745537409798,0.5362776025236593,0.0005,0.68,28.502,2026-01-06T11:04:50.089330
1000,10000,0.001,0.5,rl,0,2638,1264,684,3,2590,0.0011372251705837756,0.5411392405063291,0.0003,0.684,28.02,2026-01-06T11:05:12.928008
1000,10000,0.001,0.5,rl,1,2525,1239,645,11,2460,0.004356435643564357,0.5205811138014528,0.0011,0.645,28.59,2026-01-06T11:05:35.620859
1000,10000,0.001,0.5,rl,2,2543,1232,669,12,2476,0.0047188360204482895,0.5430194805194806,0.0012,0.669,28.524,2026-01-06T11:05:58.409062
1000,10000,0.001,0.5,rl,3,2660,1273,679,1,2599,0.00037593984962406017,0.5333857030636292,0.0001,0.679,28.454,2026-01-06T11:06:21.305120
1000,10000,0.001,0.5,rl,4,2601,1295,683,6,2551,0.002306805074971165,0.5274131274131274,0.0006,0.683,28.91,2026-01-06T11:06:43.924610
1000,10000,0.005,0.0,rl,0,122,100,10,22,34,0.18032786885245902,0.1,0.0022,0.01,28.474,2026-01-06T11:07:07.661326
1000,10000,0.005,0.0,rl,1,142,113,28,27,66,0.19014084507042253,0.24778761061946902,0.0027,0.028,29.438,2026-01-06T11:07:30.880883
1000,10000,0.005,0.0,rl,2,257,244,10,58,23,0.22568093385214008,0.040983606557377046,0.0058,0.01,28.354,2026-01-06T11:07:54.139152
1000,10000,0.005,0.0,rl,3,69,43,21,5,47,0.07246376811594203,0.4883720930232558,0.0005,0.021,28.562,2026-01-06T11:08:17.074439
1000,10000,0.005,0.0,rl,4,256,234,19,56,44,0.21875,0.0811965811965812,0.0056,0.019,28.622,2026-01-06T11:08:40.384222
1000,10000,0.005,0.05,rl,0,2461,1142,638,11,2410,0.004469727752945957,0.5586690017513135,0.0011,0.638,28.962,2026-01-06T11:09:04.273257
1000,10000,0.005,0.05,rl,1,2533,1240,662,10,2470,0.0039478878799842085,0.5338709677419354,0.001,0.662,28.576,2026-01-06T11:09:28.397634
1000,10000,0.005,0.05,rl,2,2566,1254,670,3,2515,0.0011691348402182386,0.5342902711323764,0.0003,0.67,28.224,2026-01-06T11:09:52.355007
1000,10000,0.005,0.05,rl,3,2592,1253,667,4,2535,0.0015432098765432098,0.5323224261771747,0.0004,0.667,28.566,2026-01-06T11:10:16.526573
1000,10000,0.005,0.05,rl,4,2601,1243,669,8,2536,0.0030757400999615533,0.5382139983909895,0.0008,0.669,28.084,2026-01-06T11:10:40.566753
1000,10000,0.005,0.1,rl,0,2656,1300,682,1,2592,0.00037650602409638556,0.5246153846153846,0.0001,0.682,28.6,2026-01-06T11:11:04.325684
1000,10000,0.005,0.1,rl,1,2641,1274,678,3,2585,0.001135933358576297,0.5321821036106751,0.0003,0.678,28.466,2026-01-06T11:11:28.145415
1000,10000,0.005,0.1,rl,2,2623,1251,665,4,2555,0.0015249714067861228,0.5315747402078337,0.0004,0.665,28.248,2026-01-06T11:11:52.024163
1000,10000,0.005,0.1,rl,3,2606,1242,660,3,2551,0.0011511895625479663,0.5314009661835749,0.0003,0.66,28.132,2026-01-06T11:12:15.569447
1000,10000,0.005,0.1,rl,4,2642,1331,680,5,2579,0.0018925056775170325,0.5108940646130729,0.0005,0.68,28.424,2026-01-06T11:12:39.392828
1000,10000,0.005,0.2,rl,0,2638,1264,672,3,2577,0.0011372251705837756,0.5316455696202531,0.0003,0.672,28.392,2026-01-06T11:13:02.803290
1000,10000,0.005,0.2,rl,1,2497,1173,652,10,2447,0.004004805766920304,0.5558397271952259,0.001,0.652,28.344,2026-01-06T11:13:26.224072
1000,10000,0.005,0.2,rl,2,2665,1307,694,4,2605,0.00150093808630394,0.5309869931140015,0.0004,0.694,28.084,2026-01-06T11:13:49.644391
1000,10000,0.005,0.2,rl,3,2655,1284,691,2,2597,0.0007532956685499058,0.5381619937694704,0.0002,0.691,28.188,2026-01-06T11:14:13.300130
1000,10000,0.005,0.2,rl,4,2608,1281,679,10,2544,0.003834355828220859,0.5300546448087432,0.001,0.679,28.054,2026-01-06T11:14:37.182111
1000,10000,0.005,0.3,rl,0,2617,1276,675,7,2550,0.0026748184944593045,0.5289968652037618,0.0007,0.675,28.324,2026-01-06T11:15:03.485955
1000,10000,0.005,0.3,rl,1,2641,1300,684,4,2583,0.0015145778114350624,0.5261538461538462,0.0004,0.684,28.802,2026-01-06T11:15:29.454708
1000,10000,0.005,0.3,rl,2,2603,1240,665,6,2532,0.002305032654629274,0.5362903225806451,0.0006,0.665,28.57,2026-01-06T11:15:53.634066
1000,10000,0.005,0.3,rl,3,2601,1240,663,6,2542,0.002306805074971165,0.5346774193548387,0.0006,0.663,28.176,2026-01-06T11:16:18.316113
1000,10000,0.005,0.3,rl,4,2600,1266,670,8,2562,0.003076923076923077,0.5292259083728278,0.0008,0.67,28.092,2026-01-06T11:16:42.803918
1000,10000,0.005,0.5,rl,0,2522,1195,645,10,2460,0.003965107057890563,0.5397489539748954,0.001,0.645,28.636,2026-01-06T11:17:05.612676
1000,10000,0.005,0.5,rl,1,2598,1224,653,3,2520,0.0011547344110854503,0.5334967320261438,0.0003,0.653,27.914,2026-01-06T11:17:29.861525
1000,10000,0.005,0.5,rl,2,2498,1199,643,9,2458,0.003602882305844676,0.53628023352794,0.0009,0.643,28.902,2026-01-06T11:17:55.655327
1000,10000,0.005,0.5,rl,3,2611,1288,672,4,2553,0.0015319800842589046,0.5217391304347826,0.0004,0.672,28.054,2026-01-06T11:18:21.040909
1000,10000,0.005,0.5,rl,4,2524,1227,672,14,2450,0.005546751188589541,0.5476772616136919,0.0014,0.672,28.418,2026-01-06T11:18:46.269636
1000,10000,0.01,0.0,rl,0,267,245,20,56,41,0.20973782771535582,0.08163265306122448,0.0056,0.02,28.652,2026-01-06T11:19:13.102037
1000,10000,0.01,0.0,rl,1,255,240,13,55,27,0.21568627450980393,0.05416666666666667,0.0055,0.013,28.084,2026-01-06T11:19:42.035396
1000,10000,0.01,0.0,rl,2,106,81,20,18,51,0.16981132075471697,0.24691358024691357,0.0018,0.02,28.25,2026-01-06T11:20:09.957035
1000,10000,0.01,0.0,rl,3,221,201,18,46,38,0.2081447963800905,0.08955223880597014,0.0046,0.018,28.21,2026-01-06T11:20:36.012136
1000,10000,0.01,0.0,rl,4,105,78,19,13,49,0.12380952380952381,0.24358974358974358,0.0013,0.019,28.622,2026-01-06T11:21:01.294862
1000,10000,0.01,0.05,rl,0,2624,1305,686,4,2554,0.001524390243902439,0.5256704980842912,0.0004,0.686,28.208,2026-01-06T11:21:26.473560
1000,10000,0.01,0.05,rl,1,2613,1247,661,6,2569,0.002296211251435132,0.5300721732157178,0.0006,0.661,28.684,2026-01-06T11:21:54.236583
1000,10000,0.01,0.05,rl,2,2592,1280,681,6,2528,0.0023148148148148147,0.53203125,0.0006,0.681,28.518,2026-01-06T11:22:19.559642
1000,10000,0.01,0.05,rl,3,2591,1190,656,4,2546,0.0015438054805094559,0.5512605042016807,0.0004,0.656,28.45,2026-01-06T11:22:45.733427
1000,10000,0.01,0.05,rl,4,2516,1215,663,10,2456,0.00397456279809221,0.5456790123456791,0.001,0.663,28.63,2026-01-06T11:23:11.823177
1000,10000,0.01,0.1,rl,0,2567,1228,660,7,2514,0.0027269185820023374,0.5374592833876222,0.0007,0.66,27.808,2026-01-06T11:23:36.804874
1000,10000,0.01,0.1,rl,1,2594,1280,679,5,2533,0.0019275250578257518,0.53046875,0.0005,0.679,27.644,2026-01-06T11:24:02.806676
1000,10000,0.01,0.1,rl,2,2570,1247,665,6,2524,0.0023346303501945525,0.5332798716920609,0.0006,0.665,28.514,2026-01-06T11:24:28.644946
1000,10000,0.01,0.1,rl,3,2603,1262,673,5,2539,0.001920860545524395,0.5332805071315373,0.0005,0.673,28.474,2026-01-06T11:24:54.627671
1000,10000,0.01,0.1,rl,4,2470,1189,649,17,2417,0.006882591093117409,0.5458368376787216,0.0017,0.649,28.17,2026-01-06T11:25:21.305820
1000,10000,0.01,0.2,rl,0,2610,1277,672,4,2544,0.0015325670498084292,0.5262333594361785,0.0004,0.672,28.218,2026-01-06T11:25:48.340380
1000,10000,0.01,0.2,rl,1,2606,1288,674,4,2543,0.0015349194167306216,0.5232919254658385,0.0004,0.674,28.616,2026-01-06T11:26:12.923744
1000,10000,0.01,0.2,rl,2,2613,1300,671,5,2550,0.0019135093761959434,0.5161538461538462,0.0005,0.671,27.896,2026-01-06T11:26:38.060930
1000,10000,0.01,0.2,rl,3,2599,1320,683,7,2532,0.0026933435936898806,0.5174242424242425,0.0007,0.683,28.948,2026-01-06T11:27:02.448494
1000,10000,0.01,0.2,rl,4,2579,1260,675,6,2524,0.0023264831329972858,0.5357142857142857,0.0006,0.675,28.856,2026-01-06T11:27:27.149370
1000,10000,0.01,0.3,rl,0,2588,1265,667,7,2526,0.002704791344667697,0.5272727272727272,0.0007,0.667,28.666,2026-01-06T11:27:52.909455
1000,10000,0.01,0.3,rl,1,2582,1246,670,6,2521,0.0023237800154918666,0.5377207062600321,0.0006,0.67,28.632,2026-01-06T11:28:16.722857
1000,10000,0.01,0.3,rl,2,2539,1217,663,11,2482,0.004332414336352895,0.5447822514379622,0.0011,0.663,27.996,2026-01-06T11:28:39.666368
1000,10000,0.01,0.3,rl,3,2496,1220,651,13,2438,0.005208333333333333,0.5336065573770492,0.0013,0.651,28.188,2026-01-06T11:29:02.435964
1000,10000,0.01,0.3,rl,4,2563,1259,665,7,2501,0.0027311744049941474,0.528196981731533,0.0007,0.665,28.716,2026-01-06T11:29:27.902579
1000,10000,0.01,0.5,rl,0,2487,1244,669,15,2431,0.006031363088057901,0.5377813504823151,0.0015,0.669,28.398,2026-01-06T11:29:54.665124
1000,10000,0.01,0.5,rl,1,2623,1291,668,3,2554,0.001143728555089592,0.517428350116189,0.0003,0.668,28.852,2026-01-06T11:30:20.088544
1000,10000,0.01,0.5,rl,2,2569,1202,649,7,2511,0.0027247956403269754,0.5399334442595674,0.0007,0.649,28.832,2026-01-06T11:30:45.462764
1000,10000,0.01,0.5,rl,3,2612,1262,650,4,2562,0.0015313935681470138,0.5150554675118859,0.0004,0.65,28.296,2026-01-06T11:31:09.843715
1000,10000,0.01,0.5,rl,4,2629,1278,680,4,2567,0.0015214910612400153,0.5320813771517997,0.0004,0.68,28.502,2026-01-06T11:31:36.640268
1000,10000,0.02,0.0,rl,0,293,258,29,53,69,0.18088737201365188,0.1124031007751938,0.0053,0.029,28.136,2026-01-06T11:32:03.430114
1000,10000,0.02,0.0,rl,1,298,284,13,67,26,0.22483221476510068,0.045774647887323945,0.0067,0.013,28.466,2026-01-06T11:32:29.049378
1000,10000,0.02,0.0,rl,2,299,275,22,61,48,0.2040133779264214,0.08,0.0061,0.022,28.278,2026-01-06T11:32:57.774398
1000,10000,0.02,0.0,rl,3,243,224,18,51,37,0.20987654320987653,0.08035714285714286,0.0051,0.018,28.758,2026-01-06T11:33:26.563831
1000,10000,0.02,0.0,rl,4,262,245,15,56,36,0.21374045801526717,0.061224489795918366,0.0056,0.015,29.062,2026-01-06T11:33:51.919624
1000,10000,0.02,0.05,rl,0,2572,1236,664,6,2522,0.0023328149300155523,0.5372168284789643,0.0006,0.664,28.858,2026-01-06T11:34:17.382944
1000,10000,0.02,0.05,rl,1,2608,1262,667,5,2547,0.0019171779141104294,0.528526148969889,0.0005,0.667,28.344,2026-01-06T11:34:42.787795
1000,10000,0.02,0.05,rl,2,2621,1254,676,3,2573,0.0011446012972148034,0.5390749601275917,0.0003,0.676,28.318,2026-01-06T11:35:08.120058
1000,10000,0.02,0.05,rl,3,2562,1183,649,6,2498,0.00234192037470726,0.5486052409129332,0.0006,0.649,28.524,2026-01-06T11:35:33.262070
1000,10000,0.02,0.05,rl,4,2525,1183,636,8,2468,0.0031683168316831685,0.5376162299239222,0.0008,0.636,28.422,2026-01-06T11:35:58.036279
1000,10000,0.02,0.1,rl,0,2500,1179,654,12,2429,0.0048,0.55470737913486,0.0012,0.654,28.282,2026-01-06T11:36:22.288089
1000,10000,0.02,0.1,rl,1,2561,1219,652,7,2502,0.002733307301835221,0.534864643150123,0.0007,0.652,28.338,2026-01-06T11:36:47.921208
1000,10000,0.02,0.1,rl,2,2568,1200,650,5,2503,0.0019470404984423676,0.5416666666666666,0.0005,0.65,28.29,2026-01-06T11:37:12.602850
1000,10000,0.02,0.1,rl,3,2612,1271,676,6,2545,0.002297090352220521,0.5318646734854445,0.0006,0.676,29.782,2026-01-06T11:37:39.262511
1000,10000,0.02,0.1,rl,4,2562,1237,660,6,2495,0.00234192037470726,0.5335489086499596,0.0006,0.66,27.978,2026-01-06T11:38:06.504182
1000,10000,0.02,0.2,rl,0,2539,1206,660,9,2494,0.0035447026388341868,0.5472636815920398,0.0009,0.66,28.226,2026-01-06T11:38:30.622996
1000,10000,0.02,0.2,rl,1,2585,1284,680,6,2519,0.0023210831721470018,0.5295950155763239,0.0006,0.68,28.74,2026-01-06T11:38:55.607474
1000,10000,0.02,0.2,rl,2,2564,1217,668,6,2516,0.00234009360374415,0.5488907148726376,0.0006,0.668,28.782,2026-01-06T11:39:20.417931
1000,10000,0.02,0.2,rl,3,2626,1296,684,5,2573,0.001904036557501904,0.5277777777777778,0.0005,0.684,28.564,2026-01-06T11:39:47.394570
1000,10000,0.02,0.2,rl,4,2566,1267,651,6,2518,0.002338269680436477,0.5138121546961326,0.0006,0.651,28.45,2026-01-06T11:40:11.058098
1000,10000,0.02,0.3,rl,0,2547,1237,660,9,2498,0.0035335689045936395,0.5335489086499596,0.0009,0.66,28.912,2026-01-06T11:40:34.244881
1000,10000,0.02,0.3,rl,1,2615,1304,662,7,2552,0.0026768642447418736,0.5076687116564417,0.0007,0.662,28.466,2026-01-06T11:40:58.942352
1000,10000,0.02,0.3,rl,2,2579,1245,663,9,2516,0.0034897246994959287,0.5325301204819277,0.0009,0.663,29.038,2026-01-06T11:41:23.061638
1000,10000,0.02,0.3,rl,3,2528,1208,667,11,2478,0.00435126582278481,0.5521523178807947,0.0011,0.667,28.41,2026-01-06T11:41:49.309076
1000,10000,0.02,0.3,rl,4,2620,1257,664,5,2558,0.0019083969465648854,0.52824184566428,0.0005,0.664,28.08,2026-01-06T11:42:14.548003
1000,10000,0.02,0.5,rl,0,2538,1268,663,9,2478,0.0035460992907801418,0.5228706624605678,0.0009,0.663,28.332,2026-01-06T11:42:40.692582
1000,10000,0.02,0.5,rl,1,2565,1226,669,10,2499,0.003898635477582846,0.5456769983686787,0.001,0.669,28.22,2026-01-06T11:43:04.077488
1000,10000,0.02,0.5,rl,2,2628,1267,675,3,2561,0.001141552511415525,0.5327545382794001,0.0003,0.675,28.402,2026-01-06T11:43:30.818146
1000,10000,0.02,0.5,rl,3,2586,1263,676,5,2506,0.0019334880123743233,0.5352335708630246,0.0005,0.676,28.446,2026-01-06T11:43:57.054345
1000,10000,0.02,0.5,rl,4,2645,1254,687,4,2587,0.0015122873345935729,0.5478468899521531,0.0004,0.687,28.844,2026-01-06T11:44:21.614082
1000,10000,0.05,0.0,rl,0,265,247,17,55,41,0.20754716981132076,0.06882591093117409,0.0055,0.017,28.186,2026-01-06T11:44:45.839568
1000,10000,0.05,0.0,rl,1,275,242,24,52,59,0.1890909090909091,0.09917355371900827,0.0052,0.024,28.574,2026-01-06T11:45:12.093555
1000,10000,0.05,0.0,rl,2,74,48,23,5,49,0.06756756756756757,0.4791666666666667,0.0005,0.023,29.01,2026-01-06T11:45:36.789866
1000,10000,0.05,0.0,rl,3,266,252,13,58,31,0.21804511278195488,0.051587301587301584,0.0058,0.013,28.282,2026-01-06T11:46:00.885410
1000,10000,0.05,0.0,rl,4,218,167,19,35,74,0.16055045871559634,0.11377245508982035,0.0035,0.019,28.404,2026-01-06T11:46:25.224027
1000,10000,0.05,0.05,rl,0,2599,1238,673,6,2542,0.002308580223162755,0.5436187399030694,0.0006,0.673,27.984,2026-01-06T11:46:50.353029
1000,10000,0.05,0.05,rl,1,2559,1235,648,8,2500,0.0031262211801484957,0.5246963562753036,0.0008,0.648,28.32,2026-01-06T11:47:16.569350
1000,10000,0.05,0.05,rl,2,2631,1294,672,4,2568,0.0015203344735841885,0.5193199381761978,0.0004,0.672,28.35,2026-01-06T11:47:42.938113
1000,10000,0.05,0.05,rl,3,2535,1239,659,7,2477,0.0027613412228796844,0.5318805488297014,0.0007,0.659,28.146,2026-01-06T11:48:09.071166
1000,10000,0.05,0.05,rl,4,2548,1236,660,8,2487,0.0031397174254317113,0.5339805825242718,0.0008,0.66,27.836,2026-01-06T11:48:34.808454
1000,10000,0.05,0.1,rl,0,2476,1167,643,16,2422,0.006462035541195477,0.5509854327335048,0.0016,0.643,27.762,2026-01-06T11:49:00.200028
1000,10000,0.05,0.1,rl,1,2568,1191,647,3,2519,0.0011682242990654205,0.5432409739714525,0.0003,0.647,28.594,2026-01-06T11:49:25.059834
1000,10000,0.05,0.1,rl,2,2624,1273,683,4,2555,0.001524390243902439,0.5365278868813825,0.0004,0.683,29.956,2026-01-06T11:49:52.625296
1000,10000,0.05,0.1,rl,3,2537,1231,661,8,2479,0.0031533307055577452,0.536961819658814,0.0008,0.661,28.514,2026-01-06T11:50:16.991826
1000,10000,0.05,0.1,rl,4,2554,1267,676,8,2482,0.0031323414252153485,0.5335438042620363,0.0008,0.676,28.906,2026-01-06T11:50:44.178240
1000,10000,0.05,0.2,rl,0,2603,1269,645,1,2542,0.000384172109104879,0.508274231678487,0.0001,0.645,28.472,2026-01-06T11:51:10.746939
1000,10000,0.05,0.2,rl,1,2666,1237,681,1,2610,0.00037509377344336085,0.5505254648342764,0.0001,0.681,28.194,2026-01-06T11:51:36.085402
1000,10000,0.05,0.2,rl,2,2662,1313,700,4,2597,0.0015026296018031556,0.5331302361005331,0.0004,0.7,28.518,2026-01-06T11:52:02.103221
1000,10000,0.05,0.2,rl,3,2568,1217,641,6,2520,0.002336448598130841,0.5267050123253904,0.0006,0.641,28.338,2026-01-06T11:52:29.057452
1000,10000,0.05,0.2,rl,4,2569,1216,643,3,2510,0.0011677695601401323,0.5287828947368421,0.0003,0.643,27.924,2026-01-06T11:52:53.946779
1000,10000,0.05,0.3,rl,0,2636,1313,686,6,2570,0.002276176024279211,0.5224676313785225,0.0006,0.686,28.234,2026-01-06T11:53:22.166068
1000,10000,0.05,0.3,rl,1,2601,1278,675,5,2535,0.0019223375624759708,0.528169014084507,0.0005,0.675,28.502,2026-01-06T11:53:48.342055
1000,10000,0.05,0.3,rl,2,2550,1218,647,8,2483,0.003137254901960784,0.5311986863711001,0.0008,0.647,28.174,2026-01-06T11:54:12.451704
1000,10000,0.05,0.3,rl,3,2562,1225,661,9,2498,0.00351288056206089,0.5395918367346939,0.0009,0.661,27.99,2026-01-06T11:54:35.761609
1000,10000,0.05,0.3,rl,4,2538,1268,663,7,2481,0.0027580772261623326,0.5228706624605678,0.0007,0.663,29.086,2026-01-06T11:54:59.275114
1000,10000,0.05,0.5,rl,0,2609,1276,676,6,2548,0.0022997316979685703,0.5297805642633229,0.0006,0.676,28.72,2026-01-06T11:55:22.837924
1000,10000,0.05,0.5,rl,1,2590,1249,658,5,2533,0.0019305019305019305,0.5268214571657326,0.0005,0.658,27.942,2026-01-06T11:55:45.897342
1000,10000,0.05,0.5,rl,2,2467,1208,645,13,2414,0.00526955816781516,0.5339403973509934,0.0013,0.645,28.452,2026-01-06T11:56:11.194014
1000,10000,0.05,0.5,rl,3,2629,1313,694,4,2574,0.0015214910612400153,0.5285605483625285,0.0004,0.694,28.26,2026-01-06T11:56:37.109455
1000,10000,0.05,0.5,rl,4,2640,1336,687,5,2573,0.001893939393939394,0.5142215568862275,0.0005,0.687,28.39,2026-01-06T11:57:01.536033
